# Blender 5.0.1
# www.blender.org
o Cube
v -10.000000 -9.999999 10.000001
v -10.000000 10.000001 9.999999
v -10.000000 -10.000001 -9.999999
v -10.000000 9.999999 -10.000001
v 10.000000 -9.999999 10.000001
v 10.000000 10.000001 9.999999
v 10.000000 -10.000001 -9.999999
v 10.000000 9.999999 -10.000001
v -2.814839 -9.981068 10.000001
v -2.814839 -2.522537 10.000000
v 2.814839 -9.981068 10.000001
v 2.814839 -2.522537 10.000000
v -2.814839 -9.981067 22.809559
v -2.814839 -2.522536 22.809559
v 2.814839 -9.981067 22.809559
v 2.814839 -2.522536 22.809559
v -2.814839 -9.871451 31.271778
v -2.814839 0.994478 31.271778
v 2.814839 -9.871451 31.271778
v 2.814839 0.994478 31.271778
v -2.814839 -9.871450 32.298435
v -2.814839 0.994479 32.298435
v 2.814839 -9.871450 32.298435
v -2.814839 -8.590863 32.298435
v -2.814839 2.275065 32.298435
v 2.814839 2.275065 32.298435
v -2.814839 -8.590863 34.957962
v -2.814839 2.275066 34.957962
v 2.814839 -8.590863 34.957962
v -2.814839 -7.513375 34.957962
v -2.814839 3.352553 34.957962
v 2.814839 3.352553 34.957962
v -7.780104 -7.513375 37.748749
v -7.780104 7.476924 37.748749
v 7.780104 -7.513375 37.748749
v 7.780104 7.476924 37.748749
v -7.780104 -7.513374 55.017052
v -7.780104 7.476925 55.017052
v 7.780104 -7.513374 55.017052
v 7.780104 7.476925 55.017052
v 5.513122 7.944783 40.264587
v -5.513122 7.944783 40.264587
v 5.513122 7.944784 52.501217
v -5.513122 7.944784 52.501217
v 5.513122 9.007138 40.264587
v -5.513122 9.007138 40.264587
v 5.513122 9.007139 52.501217
v -5.513122 9.007139 52.501217
v 4.717769 9.018023 41.147251
v -4.717769 9.018023 41.147251
v 4.717769 9.018023 51.618557
v -4.717769 9.018023 51.618557
v 4.717769 7.990141 41.147251
v -4.717769 7.990141 41.147251
v 4.717769 7.990142 51.618557
v -4.717769 7.990142 51.618557
v -8.446079 10.000001 8.446078
v -8.446079 9.999999 -8.446080
v 8.446079 9.999999 -8.446080
v 8.446079 10.000001 8.446078
v -8.446079 11.636014 8.446078
v -8.446079 11.636012 -8.446080
v 8.446079 11.636012 -8.446080
v 8.446079 11.636014 8.446078
v -7.331651 11.420148 7.331650
v -7.331651 11.420146 -7.331652
v 7.331651 11.420146 -7.331652
v 7.331651 11.420148 7.331650
v -7.331651 10.033717 7.331650
v -7.331651 10.033715 -7.331652
v 7.331651 10.033715 -7.331652
v 7.331651 10.033717 7.331650
v -10.000000 0.000001 10.000000
v -10.000000 -10.000000 0.000001
v -10.000000 -0.000001 -10.000000
v -10.000000 10.000000 -0.000001
v 0.000000 -10.000001 -9.999999
v 10.000000 -0.000001 -10.000000
v 0.000000 9.999999 -10.000001
v 10.000000 -10.000000 0.000001
v 10.000000 0.000001 10.000000
v 10.000000 10.000000 -0.000001
v -6.407419 -9.990533 10.000001
v -6.407419 3.738732 10.000000
v -2.814839 -6.251802 10.000000
v 0.000000 -9.999999 10.000001
v 9.223040 9.999999 -9.223041
v 9.223040 10.000001 9.223039
v 8.446079 10.000000 -0.000001
v 6.407419 -9.990533 10.000001
v 0.000000 -9.981068 10.000001
v 0.000000 10.000001 9.999999
v 6.407419 3.738732 10.000000
v 0.000000 -2.522537 10.000000
v 2.814839 -6.251802 10.000000
v 2.814839 -9.981068 16.404779
v -2.814839 -9.981068 16.404779
v 0.000000 -9.981067 22.809559
v -2.814839 -2.522537 16.404779
v -2.814839 -6.251801 22.809559
v 2.814839 -2.522537 16.404779
v 0.000000 -2.522536 22.809559
v 2.814839 -6.251801 22.809559
v 8.446079 10.818006 -8.446080
v 8.446079 10.818007 8.446078
v 8.446079 11.636013 -0.000001
v -9.223040 10.000001 9.223039
v -9.223040 9.999999 -9.223041
v -8.446079 10.000000 -0.000001
v 0.000000 10.000001 8.446078
v 0.000000 9.999999 -8.446080
v 7.888865 11.528081 7.888865
v 0.000000 11.636014 8.446078
v -7.888865 11.528081 7.888865
v 0.000000 11.420148 7.331650
v -8.446079 10.818007 8.446078
v -8.446079 10.818006 -8.446080
v -8.446079 11.636013 -0.000001
v 0.000000 11.636012 -8.446080
v 7.331651 10.726931 -7.331652
v 7.331651 11.420147 -0.000001
v 7.331651 10.726933 7.331650
v 7.331651 10.033716 -0.000001
v -7.888865 11.528079 -7.888866
v 7.888865 11.528079 -7.888866
v 0.000000 11.420146 -7.331652
v -7.331651 11.420147 -0.000001
v 0.000000 10.033715 -7.331652
v 0.000000 10.033717 7.331650
v -7.331651 10.033716 -0.000001
v -7.331651 10.726933 7.331650
v -7.331651 10.726931 -7.331652
v 0.000000 10.726931 -7.331652
v 0.000000 10.726933 7.331650
v -7.331651 10.726932 -0.000001
v 0.000000 10.033716 -0.000001
v -7.888865 11.528080 -0.000001
v 7.888865 11.528080 -0.000001
v 0.000000 11.528079 -7.888866
v 7.331651 10.726932 -0.000001
v 0.000000 10.818006 -8.446080
v 0.000000 10.818007 8.446078
v -8.446079 10.818007 -0.000001
v 0.000000 11.528081 7.888865
v 0.000000 9.999999 -9.223041
v 0.000000 10.000001 9.223039
v -9.223040 10.000000 -0.000001
v 8.446079 10.818007 -0.000001
v 2.814839 -6.251802 16.404779
v 0.000000 -2.522537 16.404779
v -2.814839 -6.251802 16.404779
v 0.000000 -9.981068 16.404779
v 6.407419 -3.125901 10.000000
v 0.000000 3.738732 10.000000
v 0.000000 -9.990533 10.000001
v 9.223040 10.000000 -0.000001
v 0.000000 -10.000000 0.000001
v -6.407419 -3.125901 10.000000
v 10.000000 0.000000 0.000000
v 0.000000 -0.000001 -10.000000
v -10.000000 0.000000 0.000000
v -10.000000 5.000001 10.000000
v -10.000000 -10.000000 -4.999999
v -10.000000 4.999999 -10.000000
v -10.000000 10.000000 -5.000001
v 5.000000 -10.000001 -9.999999
v 10.000000 4.999999 -10.000000
v 5.000000 9.999999 -10.000001
v 10.000000 -10.000000 -4.999999
v 10.000000 5.000001 10.000000
v 10.000000 10.000000 -5.000001
v -4.611129 -9.985801 10.000001
v -4.611129 0.608097 10.000000
v -2.814839 -4.387170 10.000000
v 5.000000 -9.999999 10.000001
v 8.834559 9.999999 -8.834560
v 8.834559 10.000001 8.834558
v 8.446079 10.000000 4.223039
v 4.611129 -9.985801 10.000001
v 1.407419 -9.981068 10.000001
v 5.000000 10.000001 9.999999
v 4.611129 0.608097 10.000000
v 1.407419 -2.522537 10.000000
v 2.814839 -4.387170 10.000000
v 2.814839 -9.981067 19.607170
v -2.814839 -9.981067 19.607170
v 1.407419 -9.981067 22.809559
v -2.814839 -2.522537 19.607170
v -2.814839 -4.387169 22.809559
v 2.814839 -2.522537 19.607170
v 1.407419 -2.522536 22.809559
v 2.814839 -4.387169 22.809559
v 8.446079 11.636013 4.223039
v -8.834559 10.000001 8.834558
v -8.834559 9.999999 -8.834560
v -8.446079 10.000000 -4.223041
v 4.223040 10.000001 8.446078
v 4.223040 9.999999 -8.446080
v 4.223040 11.636014 8.446078
v 3.665826 11.420148 7.331650
v -8.446079 11.636013 -4.223041
v 4.223040 11.636012 -8.446080
v 7.331651 11.420147 3.665825
v 7.331651 10.033716 3.665825
v 3.665826 11.420146 -7.331652
v -7.331651 11.420147 -3.665827
v 3.665826 10.033715 -7.331652
v 3.665826 10.033717 7.331650
v -7.331651 10.033716 -3.665826
v -10.000000 -4.999999 10.000000
v -10.000000 -10.000000 5.000001
v -10.000000 -5.000001 -10.000000
v -10.000000 10.000000 4.999999
v -5.000000 -10.000001 -9.999999
v 10.000000 -5.000001 -10.000000
v -5.000000 9.999999 -10.000001
v 10.000000 -10.000000 5.000001
v 10.000000 -4.999999 10.000000
v 10.000000 10.000000 4.999999
v -8.203710 -9.995266 10.000001
v -8.203710 6.869367 9.999999
v -2.814839 -8.116435 10.000001
v -5.000000 -9.999999 10.000001
v 9.611520 9.999999 -9.611521
v 9.611520 10.000001 9.611519
v 8.446079 10.000000 -4.223041
v 8.203710 -9.995266 10.000001
v -1.407419 -9.981068 10.000001
v -5.000000 10.000001 9.999999
v 8.203710 6.869367 9.999999
v -1.407419 -2.522537 10.000000
v 2.814839 -8.116435 10.000001
v 2.814839 -9.981068 13.202391
v -2.814839 -9.981068 13.202391
v -1.407419 -9.981067 22.809559
v -2.814839 -2.522537 13.202390
v -2.814839 -8.116434 22.809559
v 2.814839 -2.522537 13.202390
v -1.407419 -2.522536 22.809559
v 2.814839 -8.116434 22.809559
v 8.446079 11.636013 -4.223041
v -9.611520 10.000001 9.611519
v -9.611520 9.999999 -9.611521
v -8.446079 10.000000 4.223039
v -4.223040 10.000001 8.446078
v -4.223040 9.999999 -8.446080
v -4.223040 11.636014 8.446078
v -3.665826 11.420148 7.331650
v -8.446079 11.636013 4.223039
v -4.223040 11.636012 -8.446080
v 7.331651 11.420147 -3.665827
v 7.331651 10.033716 -3.665826
v -3.665826 11.420146 -7.331652
v -7.331651 11.420147 3.665825
v -3.665826 10.033715 -7.331652
v -3.665826 10.033717 7.331650
v -7.331651 10.033716 3.665825
v -3.665826 10.726931 -7.331652
v 3.665826 10.726931 -7.331652
v 3.665826 10.726933 7.331650
v -3.665826 10.726933 7.331650
v -7.331651 10.726932 3.665825
v -7.331651 10.726932 -3.665826
v -3.665826 10.033716 -0.000001
v 3.665826 10.033716 -0.000001
v 0.000000 10.033716 -3.665826
v 0.000000 10.033716 3.665825
v -7.888865 11.528080 3.944432
v -7.888865 11.528080 -3.944434
v 7.888865 11.528080 -3.944434
v 7.888865 11.528080 3.944432
v -3.944433 11.528079 -7.888866
v 3.944433 11.528079 -7.888866
v 7.331651 10.726932 -3.665826
v 7.331651 10.726932 3.665825
v -4.223040 10.818006 -8.446080
v 4.223040 10.818006 -8.446080
v 4.223040 10.818007 8.446078
v -4.223040 10.818007 8.446078
v -8.446079 10.818007 4.223039
v -8.446079 10.818007 -4.223041
v 3.944433 11.528081 7.888865
v -3.944433 11.528081 7.888865
v -4.611520 9.999999 -9.223041
v 4.611520 9.999999 -9.223041
v 4.611520 10.000001 9.223039
v -4.611520 10.000001 9.223039
v -9.223040 10.000000 4.611519
v -9.223040 10.000000 -4.611521
v 8.446079 10.818007 -4.223041
v 8.446079 10.818007 4.223039
v 2.814839 -6.251802 19.607170
v 2.814839 -6.251802 13.202390
v 2.814839 -4.387169 16.404779
v 2.814839 -8.116435 16.404779
v 0.000000 -2.522537 19.607170
v 0.000000 -2.522537 13.202390
v -1.407419 -2.522537 16.404779
v 1.407419 -2.522537 16.404779
v -2.814839 -6.251802 19.607170
v -2.814839 -6.251802 13.202390
v -2.814839 -8.116435 16.404779
v -2.814839 -4.387169 16.404779
v 0.000000 -9.981067 19.607170
v 0.000000 -9.981068 13.202391
v 1.407419 -9.981068 16.404779
v -1.407419 -9.981068 16.404779
v 4.611129 -4.688851 10.000000
v 8.203710 -1.562950 10.000000
v 6.407419 0.306415 10.000000
v 6.407419 -6.558217 10.000001
v 0.000000 0.608097 10.000000
v 0.000000 6.869367 9.999999
v -3.203710 3.738732 10.000000
v 3.203710 3.738732 10.000000
v 9.223040 10.000000 -4.611521
v 9.223040 10.000000 4.611519
v 5.000000 -10.000000 0.000001
v -5.000000 -10.000000 0.000001
v 0.000000 -10.000000 -4.999999
v 0.000000 -10.000000 5.000001
v -4.611129 -4.688851 10.000000
v -8.203710 -1.562950 10.000000
v -6.407419 -6.558217 10.000001
v -6.407419 0.306415 10.000000
v 10.000000 5.000000 -0.000000
v 10.000000 -5.000000 0.000000
v 10.000000 -0.000000 -5.000000
v 10.000000 0.000000 5.000000
v 0.000000 4.999999 -10.000000
v 0.000000 -5.000001 -10.000000
v -5.000000 -0.000001 -10.000000
v 5.000000 -0.000001 -10.000000
v -10.000000 5.000000 -0.000000
v -10.000000 -5.000000 0.000000
v -10.000000 0.000000 5.000000
v -10.000000 -0.000000 -5.000000
v -10.000000 -5.000000 -5.000000
v -10.000000 -5.000000 5.000000
v -10.000000 5.000000 5.000000
v 5.000000 -5.000001 -10.000000
v -5.000000 -5.000001 -10.000000
v -5.000000 4.999999 -10.000000
v 10.000000 -5.000000 5.000000
v 10.000000 -5.000000 -5.000000
v 10.000000 5.000000 -5.000000
v -8.203710 2.653208 10.000000
v -8.203710 -5.779108 10.000000
v -4.611129 -7.337326 10.000001
v -5.000000 -10.000000 5.000001
v -5.000000 -10.000000 -4.999999
v 5.000000 -10.000000 -4.999999
v 4.101855 6.869367 9.999999
v -4.101855 6.869367 9.999999
v -2.305564 0.608097 10.000000
v 8.203710 -5.779108 10.000000
v 8.203710 2.653208 10.000000
v 4.611129 -2.040377 10.000000
v -1.407419 -9.981068 13.202391
v 1.407419 -9.981068 13.202391
v 1.407419 -9.981067 19.607170
v -2.814839 -4.387170 13.202390
v -2.814839 -8.116435 13.202391
v -2.814839 -8.116434 19.607170
v 1.407419 -2.522537 13.202390
v -1.407419 -2.522537 13.202390
v -1.407419 -2.522537 19.607170
v 2.814839 -8.116435 13.202391
v 2.814839 -4.387170 13.202390
v 2.814839 -4.387169 19.607170
v 3.665826 10.033716 3.665825
v 3.665826 10.033716 -3.665826
v -3.665826 10.033716 -3.665826
v -3.665826 10.033716 3.665825
v 2.814839 -8.116434 19.607170
v 1.407419 -2.522537 19.607170
v -2.814839 -4.387169 19.607170
v -1.407419 -9.981067 19.607170
v 4.611129 -7.337326 10.000001
v 2.305564 0.608097 10.000000
v 5.000000 -10.000000 5.000001
v -4.611129 -2.040377 10.000000
v 10.000000 5.000000 5.000000
v 5.000000 4.999999 -10.000000
v -10.000000 5.000000 -5.000000
v -10.000000 7.500001 9.999999
v -10.000000 -10.000001 -7.499999
v -10.000000 7.499999 -10.000001
v -10.000000 9.999999 -7.500001
v 7.500000 -10.000001 -9.999999
v 10.000000 7.499999 -10.000001
v 7.500000 9.999999 -10.000001
v 10.000000 -10.000001 -7.499999
v 10.000000 7.500001 9.999999
v 10.000000 9.999999 -7.500001
v -3.712984 -9.983434 10.000001
v -3.712984 -0.957220 10.000000
v -2.814839 -3.454854 10.000000
v 7.500000 -9.999999 10.000001
v 8.446079 10.000001 6.334558
v 3.712984 -9.983434 10.000001
v 2.111129 -9.981068 10.000001
v 7.500000 10.000001 9.999999
v 3.712984 -0.957220 10.000000
v 2.111129 -2.522537 10.000000
v 2.814839 -3.454854 10.000000
v 2.814839 -9.981067 21.208364
v -2.814839 -9.981067 21.208364
v 2.111129 -9.981067 22.809559
v -2.814839 -2.522536 21.208364
v -2.814839 -3.454853 22.809559
v 2.814839 -2.522536 21.208364
v 2.111129 -2.522536 22.809559
v 2.814839 -3.454853 22.809559
v 8.446079 11.636014 6.334558
v -8.446079 9.999999 -6.334560
v 6.334559 10.000001 8.446078
v 6.334559 9.999999 -8.446080
v 6.334559 11.636014 8.446078
v 5.498738 11.420148 7.331650
v -8.446079 11.636012 -6.334560
v 6.334559 11.636012 -8.446080
v 7.331651 11.420147 5.498737
v 7.331651 10.033716 5.498737
v 5.498738 11.420146 -7.331652
v -7.331651 11.420147 -5.498739
v 5.498738 10.033715 -7.331652
v 5.498738 10.033717 7.331650
v -7.331651 10.033716 -5.498739
v -10.000000 -2.499999 10.000000
v -10.000000 -10.000000 2.500001
v -10.000000 -2.500001 -10.000000
v -10.000000 10.000000 2.499999
v -2.500000 -10.000001 -9.999999
v 10.000000 -2.500001 -10.000000
v -2.500000 9.999999 -10.000001
v 10.000000 -10.000000 2.500001
v 10.000000 -2.499999 10.000000
v 10.000000 10.000000 2.499999
v -7.305564 -9.992900 10.000001
v -7.305564 5.304049 10.000000
v -2.814839 -7.184119 10.000001
v -2.500000 -9.999999 10.000001
v 8.446079 10.000000 -2.111521
v 7.305564 -9.992900 10.000001
v -0.703710 -9.981068 10.000001
v -2.500000 10.000001 9.999999
v 7.305564 5.304049 10.000000
v -0.703710 -2.522537 10.000000
v 2.814839 -7.184119 10.000001
v 2.814839 -9.981068 14.803586
v -2.814839 -9.981068 14.803586
v -0.703710 -9.981067 22.809559
v -2.814839 -2.522537 14.803585
v -2.814839 -7.184118 22.809559
v 2.814839 -2.522537 14.803585
v -0.703710 -2.522536 22.809559
v 2.814839 -7.184118 22.809559
v 8.446079 11.636013 -2.111521
v -8.446079 10.000000 2.111519
v -2.111520 10.000001 8.446078
v -2.111520 9.999999 -8.446080
v -2.111520 11.636014 8.446078
v -1.832913 11.420148 7.331650
v -8.446079 11.636013 2.111519
v -2.111520 11.636012 -8.446080
v 7.331651 11.420147 -1.832914
v 7.331651 10.033716 -1.832914
v -1.832913 11.420146 -7.331652
v -7.331651 11.420147 1.832912
v -1.832913 10.033715 -7.331652
v -1.832913 10.033717 7.331650
v -7.331651 10.033716 1.832912
v -5.498738 10.726931 -7.331652
v 1.832913 10.726931 -7.331652
v 5.498738 10.726933 7.331650
v -1.832913 10.726933 7.331650
v -7.331651 10.726932 5.498737
v -7.331651 10.726932 -1.832914
v -5.498738 10.033716 -0.000001
v 1.832913 10.033716 -0.000001
v 0.000000 10.033716 -5.498739
v 0.000000 10.033716 1.832912
v -7.888865 11.528080 5.916648
v -7.888865 11.528080 -1.972217
v 7.888865 11.528080 -5.916650
v 7.888865 11.528080 1.972216
v -5.916649 11.528079 -7.888866
v 1.972216 11.528079 -7.888866
v 7.331651 10.726932 -5.498739
v 7.331651 10.726932 1.832912
v -6.334559 10.818006 -8.446080
v 2.111520 10.818006 -8.446080
v 6.334559 10.818007 8.446078
v -2.111520 10.818007 8.446078
v -8.446079 10.818007 6.334558
v -8.446079 10.818007 -2.111521
v 5.916649 11.528081 7.888865
v -1.972216 11.528081 7.888865
v -6.917280 9.999999 -9.223041
v 2.305760 9.999999 -9.223041
v 6.917280 10.000001 9.223039
v -2.305760 10.000001 9.223039
v -9.223040 10.000001 6.917279
v -9.223040 10.000000 -2.305761
v 8.446079 10.818006 -6.334560
v 8.446079 10.818007 2.111519
v 2.814839 -6.251802 21.208364
v 2.814839 -6.251802 14.803585
v 2.814839 -3.454853 16.404779
v 2.814839 -7.184118 16.404779
v 0.000000 -2.522536 21.208364
v 0.000000 -2.522537 14.803585
v -2.111129 -2.522537 16.404779
v 0.703710 -2.522537 16.404779
v -2.814839 -6.251802 21.208364
v -2.814839 -6.251802 14.803585
v -2.814839 -9.048751 16.404779
v -2.814839 -5.319486 16.404779
v 0.000000 -9.981067 21.208364
v 0.000000 -9.981068 14.803586
v 2.111129 -9.981068 16.404779
v -0.703710 -9.981068 16.404779
v 3.712984 -5.470327 10.000000
v 7.305564 -2.344425 10.000000
v 6.407419 2.022573 10.000000
v 6.407419 -4.842059 10.000000
v 0.000000 -0.957220 10.000000
v 0.000000 5.304049 10.000000
v -4.805564 3.738732 10.000000
v 1.601855 3.738732 10.000000
v -1.601855 -9.990533 10.000001
v 9.223040 9.999999 -6.917281
v 9.223040 10.000000 2.305759
v 7.500000 -10.000000 0.000001
v -2.500000 -10.000000 0.000001
v 0.000000 -10.000001 -7.499999
v 0.000000 -10.000000 2.500001
v -3.712984 -5.470327 10.000000
v -7.305564 -2.344425 10.000000
v -6.407419 -8.274375 10.000001
v -6.407419 -1.409743 10.000000
v 10.000000 7.500000 -0.000001
v 10.000000 -2.500000 0.000000
v 10.000000 -0.000001 -7.500000
v 10.000000 0.000000 2.500000
v 0.000000 7.499999 -10.000001
v 0.000000 -2.500001 -10.000000
v -7.500000 -0.000001 -10.000000
v 2.500000 -0.000001 -10.000000
v -10.000000 7.500000 -0.000001
v -10.000000 -2.500000 0.000000
v -10.000000 0.000001 7.500000
v -10.000000 -0.000000 -2.500000
v -10.000000 2.500001 10.000000
v -10.000000 -10.000000 -2.499999
v -10.000000 2.499999 -10.000000
v -10.000000 10.000000 -2.500001
v 2.500000 -10.000001 -9.999999
v 10.000000 2.499999 -10.000000
v 2.500000 9.999999 -10.000001
v 10.000000 -10.000000 -2.499999
v 10.000000 2.500001 10.000000
v 10.000000 10.000000 -2.500001
v -5.509274 -9.988167 10.000001
v -5.509274 2.173414 10.000000
v -2.814839 -5.319486 10.000000
v 2.500000 -9.999999 10.000001
v 8.446079 10.000000 2.111519
v 5.509274 -9.988167 10.000001
v 0.703710 -9.981068 10.000001
v 2.500000 10.000001 9.999999
v 5.509274 2.173414 10.000000
v 0.703710 -2.522537 10.000000
v 2.814839 -5.319486 10.000000
v 2.814839 -9.981068 18.005974
v -2.814839 -9.981068 18.005974
v 0.703710 -9.981067 22.809559
v -2.814839 -2.522537 18.005974
v -2.814839 -5.319485 22.809559
v 2.814839 -2.522537 18.005974
v 0.703710 -2.522536 22.809559
v 2.814839 -5.319485 22.809559
v 8.446079 11.636013 2.111519
v -8.446079 10.000000 -2.111521
v 2.111520 10.000001 8.446078
v 2.111520 9.999999 -8.446080
v 2.111520 11.636014 8.446078
v 1.832913 11.420148 7.331650
v -8.446079 11.636013 -2.111521
v 2.111520 11.636012 -8.446080
v 7.331651 11.420147 1.832912
v 7.331651 10.033716 1.832912
v 1.832913 11.420146 -7.331652
v -7.331651 11.420147 -1.832914
v 1.832913 10.033715 -7.331652
v 1.832913 10.033717 7.331650
v -7.331651 10.033716 -1.832914
v -10.000000 -7.499999 10.000001
v -10.000000 -9.999999 7.500001
v -10.000000 -7.500001 -9.999999
v -10.000000 10.000001 7.499999
v -7.500000 -10.000001 -9.999999
v 10.000000 -7.500001 -9.999999
v -7.500000 9.999999 -10.000001
v 10.000000 -9.999999 7.500001
v 10.000000 -7.499999 10.000001
v 10.000000 10.000001 7.499999
v -9.101854 -9.997632 10.000001
v -9.101854 8.434684 9.999999
v -2.814839 -9.048751 10.000001
v -7.500000 -9.999999 10.000001
v 8.446079 9.999999 -6.334560
v 9.101854 -9.997632 10.000001
v -2.111129 -9.981068 10.000001
v -7.500000 10.000001 9.999999
v 9.101854 8.434684 9.999999
v -2.111129 -2.522537 10.000000
v 2.814839 -9.048751 10.000001
v 2.814839 -9.981068 11.601195
v -2.814839 -9.981068 11.601195
v -2.111129 -9.981067 22.809559
v -2.814839 -2.522537 11.601194
v -2.814839 -9.048750 22.809559
v 2.814839 -2.522537 11.601194
v -2.111129 -2.522536 22.809559
v 2.814839 -9.048750 22.809559
v 8.446079 11.636012 -6.334560
v -8.446079 10.000001 6.334558
v -6.334559 10.000001 8.446078
v -6.334559 9.999999 -8.446080
v -6.334559 11.636014 8.446078
v -5.498738 11.420148 7.331650
v -8.446079 11.636014 6.334558
v -6.334559 11.636012 -8.446080
v 7.331651 11.420147 -5.498739
v 7.331651 10.033716 -5.498739
v -5.498738 11.420146 -7.331652
v -7.331651 11.420147 5.498737
v -5.498738 10.033715 -7.331652
v -5.498738 10.033717 7.331650
v -7.331651 10.033716 5.498737
v -1.832913 10.726931 -7.331652
v 5.498738 10.726931 -7.331652
v 1.832913 10.726933 7.331650
v -5.498738 10.726933 7.331650
v -7.331651 10.726932 1.832912
v -7.331651 10.726932 -5.498739
v -1.832913 10.033716 -0.000001
v 5.498738 10.033716 -0.000001
v 0.000000 10.033716 -1.832914
v 0.000000 10.033716 5.498737
v -7.888865 11.528080 1.972216
v -7.888865 11.528080 -5.916650
v 7.888865 11.528080 -1.972217
v 7.888865 11.528080 5.916648
v -1.972216 11.528079 -7.888866
v 5.916649 11.528079 -7.888866
v 7.331651 10.726932 -1.832914
v 7.331651 10.726932 5.498737
v -2.111520 10.818006 -8.446080
v 6.334559 10.818006 -8.446080
v 2.111520 10.818007 8.446078
v -6.334559 10.818007 8.446078
v -8.446079 10.818007 2.111519
v -8.446079 10.818006 -6.334560
v 1.972216 11.528081 7.888865
v -5.916649 11.528081 7.888865
v -2.305760 9.999999 -9.223041
v 6.917280 9.999999 -9.223041
v 2.305760 10.000001 9.223039
v -6.917280 10.000001 9.223039
v -9.223040 10.000000 2.305759
v -9.223040 9.999999 -6.917281
v 8.446079 10.818007 -2.111521
v 8.446079 10.818007 6.334558
v 2.814839 -6.251802 18.005974
v 2.814839 -6.251802 11.601194
v 2.814839 -5.319486 16.404779
v 2.814839 -9.048751 16.404779
v 0.000000 -2.522537 18.005974
v 0.000000 -2.522537 11.601194
v -0.703710 -2.522537 16.404779
v 2.111129 -2.522537 16.404779
v -2.814839 -6.251802 18.005974
v -2.814839 -6.251802 11.601194
v -2.814839 -7.184118 16.404779
v -2.814839 -3.454853 16.404779
v 0.000000 -9.981068 18.005974
v 0.000000 -9.981068 11.601195
v 0.703710 -9.981068 16.404779
v -2.111129 -9.981068 16.404779
v 5.509274 -3.907376 10.000000
v 9.101854 -0.781475 10.000000
v 6.407419 -1.409743 10.000000
v 6.407419 -8.274375 10.000001
v 0.000000 2.173414 10.000000
v 0.000000 8.434684 9.999999
v -1.601855 3.738732 10.000000
v 4.805564 3.738732 10.000000
v 1.601855 -9.990533 10.000001
v 9.223040 10.000000 -2.305761
v 9.223040 10.000001 6.917279
v 2.500000 -10.000000 0.000001
v -7.500000 -10.000000 0.000001
v 0.000000 -10.000000 -2.499999
v 0.000000 -9.999999 7.500001
v -5.509274 -3.907376 10.000000
v -9.101854 -0.781475 10.000000
v -6.407419 -4.842059 10.000000
v -6.407419 2.022573 10.000000
v 10.000000 2.500000 -0.000000
v 10.000000 -7.500000 0.000001
v 10.000000 -0.000000 -2.500000
v 10.000000 0.000001 7.500000
v 0.000000 2.499999 -10.000000
v 0.000000 -7.500001 -9.999999
v -2.500000 -0.000001 -10.000000
v 7.500000 -0.000001 -10.000000
v -10.000000 2.500000 -0.000000
v -10.000000 -7.500000 0.000001
v -10.000000 0.000000 2.500000
v -10.000000 -0.000001 -7.500000
v -10.000000 -2.500000 -5.000000
v -10.000000 -7.500000 -5.000000
v -10.000000 -5.000000 -2.500000
v -10.000000 -5.000000 -7.500000
v -10.000000 -2.500000 5.000000
v -10.000000 -7.500000 5.000000
v -10.000000 -5.000000 7.500000
v -10.000000 -5.000000 2.500000
v -10.000000 7.500000 5.000000
v -10.000000 2.500000 5.000000
v -10.000000 5.000000 7.500000
v -10.000000 5.000000 2.500000
v 5.000000 -2.500001 -10.000000
v 5.000000 -7.500001 -9.999999
v 2.500000 -5.000001 -10.000000
v 7.500000 -5.000001 -10.000000
v -5.000000 -2.500001 -10.000000
v -5.000000 -7.500001 -9.999999
v -7.500000 -5.000001 -10.000000
v -2.500000 -5.000001 -10.000000
v -5.000000 7.499999 -10.000001
v -5.000000 2.499999 -10.000000
v -7.500000 4.999999 -10.000000
v -2.500000 4.999999 -10.000000
v 10.000000 -2.500000 5.000000
v 10.000000 -7.500000 5.000000
v 10.000000 -5.000000 2.500000
v 10.000000 -5.000000 7.500000
v 10.000000 -2.500000 -5.000000
v 10.000000 -7.500000 -5.000000
v 10.000000 -5.000000 -7.500000
v 10.000000 -5.000000 -2.500000
v 10.000000 7.500000 -5.000000
v 10.000000 2.500000 -5.000000
v 10.000000 5.000000 -7.500000
v 10.000000 5.000000 -2.500000
v -7.305564 1.479812 10.000000
v -9.101854 3.826604 10.000000
v -8.203710 0.545129 10.000000
v -8.203710 4.761288 10.000000
v -7.305564 -6.168663 10.000000
v -9.101854 -5.389554 10.000000
v -8.203710 -7.887187 10.000001
v -8.203710 -3.671029 10.000000
v -3.712984 -7.726881 10.000001
v -5.509274 -6.947772 10.000001
v -4.611129 -8.661563 10.000001
v -4.611129 -6.013089 10.000000
v -2.500000 -10.000000 5.000001
v -7.500000 -10.000000 5.000001
v -5.000000 -10.000000 2.500001
v -5.000000 -9.999999 7.500001
v -2.500000 -10.000000 -4.999999
v -7.500000 -10.000000 -4.999999
v -5.000000 -10.000001 -7.499999
v -5.000000 -10.000000 -2.499999
v 7.500000 -10.000000 -4.999999
v 2.500000 -10.000000 -4.999999
v 5.000000 -10.000001 -7.499999
v 5.000000 -10.000000 -2.499999
v 9.805759 10.000001 7.305759
v 9.417280 10.000001 7.111519
v 9.417280 9.999999 -7.111521
v 9.805759 9.999999 -7.305761
v 8.640320 9.999999 -6.528800
v 9.028799 9.999999 -6.723041
v 3.652782 5.304049 10.000000
v 4.550927 8.434684 9.999999
v 2.050927 6.869367 9.999999
v 6.152782 6.869367 9.999999
v -3.652782 5.304049 10.000000
v -4.550927 8.434684 9.999999
v -6.152782 6.869367 9.999999
v -2.050927 6.869367 9.999999
v -1.856492 -0.957220 10.000000
v -2.754637 2.173414 10.000000
v -3.458347 0.608097 10.000000
v -1.152782 0.608097 10.000000
v 7.305564 -6.168663 10.000000
v 9.101854 -5.389554 10.000000
v 8.203710 -3.671029 10.000000
v 8.203710 -7.887187 10.000001
v 7.305564 1.479812 10.000000
v 9.101854 3.826604 10.000000
v 8.203710 4.761288 10.000000
v 8.203710 0.545129 10.000000
v 3.712984 -3.213774 10.000000
v 5.509274 -0.866981 10.000000
v 4.611129 -0.716140 10.000000
v 4.611129 -3.364614 10.000000
v -1.407419 -9.981068 14.803586
v -1.407419 -9.981068 11.601195
v -0.703710 -9.981068 13.202391
v -2.111129 -9.981068 13.202391
v 1.407419 -9.981068 14.803586
v 1.407419 -9.981068 11.601195
v 2.111129 -9.981068 13.202391
v 0.703710 -9.981068 13.202391
v 1.407419 -9.981067 21.208364
v 1.407419 -9.981068 18.005974
v 2.111129 -9.981067 19.607170
v 0.703710 -9.981067 19.607170
v -2.814839 -4.387170 14.803585
v -2.814839 -4.387170 11.601194
v -2.814839 -5.319486 13.202390
v -2.814839 -3.454854 13.202390
v -2.814839 -8.116435 14.803586
v -2.814839 -8.116435 11.601195
v -2.814839 -9.048751 13.202391
v -2.814839 -7.184119 13.202391
v -2.814839 -8.116434 21.208364
v -2.814839 -8.116435 18.005974
v -2.814839 -9.048750 19.607170
v -2.814839 -7.184118 19.607170
v 1.407419 -2.522537 14.803585
v 1.407419 -2.522537 11.601194
v 0.703710 -2.522537 13.202390
v 2.111129 -2.522537 13.202390
v -1.407419 -2.522537 14.803585
v -1.407419 -2.522537 11.601194
v -2.111129 -2.522537 13.202390
v -0.703710 -2.522537 13.202390
v -1.407419 -2.522536 21.208364
v -1.407419 -2.522537 18.005974
v -2.111129 -2.522537 19.607170
v -0.703710 -2.522537 19.607170
v 2.814839 -8.116435 14.803586
v 2.814839 -8.116435 11.601195
v 2.814839 -7.184119 13.202391
v 2.814839 -9.048751 13.202391
v 2.814839 -4.387170 14.803585
v 2.814839 -4.387170 11.601194
v 2.814839 -3.454854 13.202390
v 2.814839 -5.319486 13.202390
v 2.814839 -4.387169 21.208364
v 2.814839 -4.387169 18.005974
v 2.814839 -3.454853 19.607170
v 2.814839 -5.319486 19.607170
v -9.805759 9.999999 -7.305761
v -9.417280 9.999999 -7.111521
v -9.417280 10.000001 7.111519
v -9.805759 10.000001 7.305759
v -8.640320 10.000001 6.528799
v -9.028799 10.000001 6.723039
v -7.305760 10.000001 9.805758
v -7.111520 10.000001 9.417279
v 7.111520 10.000001 9.417279
v 7.305760 10.000001 9.805758
v 6.528800 10.000001 8.640319
v 6.723040 10.000001 9.028798
v 7.305760 9.999999 -9.805760
v 7.111520 9.999999 -9.417281
v -7.111520 9.999999 -9.417281
v -7.305760 9.999999 -9.805760
v -6.528800 9.999999 -8.640321
v -6.723040 9.999999 -9.028800
v 1.832913 10.033716 3.665825
v 5.498738 10.033716 3.665825
v 3.665826 10.033716 1.832912
v 3.665826 10.033716 5.498737
v 1.832913 10.033716 -3.665826
v 5.498738 10.033716 -3.665826
v 3.665826 10.033716 -5.498739
v 3.665826 10.033716 -1.832914
v -5.498738 10.033716 -3.665826
v -1.832913 10.033716 -3.665826
v -3.665826 10.033716 -5.498739
v -3.665826 10.033716 -1.832914
v -5.498738 10.033716 3.665825
v -1.832913 10.033716 3.665825
v -3.665826 10.033716 1.832912
v -3.665826 10.033716 5.498737
v 6.723040 9.999999 -9.028800
v 6.528800 9.999999 -8.640321
v -6.723040 10.000001 9.028798
v -6.528800 10.000001 8.640319
v -9.028799 9.999999 -6.723041
v -8.640320 9.999999 -6.528800
v 2.814839 -8.116434 21.208364
v 2.814839 -8.116435 18.005974
v 2.814839 -7.184118 19.607170
v 2.814839 -9.048750 19.607170
v 1.407419 -2.522536 21.208364
v 1.407419 -2.522537 18.005974
v 0.703710 -2.522537 19.607170
v 2.111129 -2.522537 19.607170
v -2.814839 -4.387169 21.208364
v -2.814839 -4.387169 18.005974
v -2.814839 -5.319486 19.607170
v -2.814839 -3.454853 19.607170
v -1.407419 -9.981067 21.208364
v -1.407419 -9.981068 18.005974
v -0.703710 -9.981067 19.607170
v -2.111129 -9.981067 19.607170
v 3.712984 -7.726881 10.000001
v 5.509274 -6.947772 10.000001
v 4.611129 -6.013089 10.000000
v 4.611129 -8.661563 10.000001
v 1.856492 -0.957220 10.000000
v 2.754637 2.173414 10.000000
v 1.152782 0.608097 10.000000
v 3.458347 0.608097 10.000000
v 9.028799 10.000001 6.723039
v 8.640320 10.000001 6.528799
v 7.500000 -10.000000 5.000001
v 2.500000 -10.000000 5.000001
v 5.000000 -10.000000 2.500001
v 5.000000 -9.999999 7.500001
v -3.712984 -3.213774 10.000000
v -5.509274 -0.866981 10.000000
v -4.611129 -3.364614 10.000000
v -4.611129 -0.716140 10.000000
v 10.000000 7.500000 5.000000
v 10.000000 2.500000 5.000000
v 10.000000 5.000000 2.500000
v 10.000000 5.000000 7.500000
v 5.000000 7.499999 -10.000001
v 5.000000 2.499999 -10.000000
v 2.500000 4.999999 -10.000000
v 7.500000 4.999999 -10.000000
v -10.000000 7.500000 -5.000000
v -10.000000 2.500000 -5.000000
v -10.000000 5.000000 -2.500000
v -10.000000 5.000000 -7.500000
v -10.000000 2.500000 -7.500000
v -10.000000 2.500000 -2.500000
v -10.000000 7.500000 -2.500000
v 7.500000 2.499999 -10.000000
v 2.500000 2.499999 -10.000000
v 2.500000 7.499999 -10.000001
v 10.000000 2.500000 7.500000
v 10.000000 2.500000 2.500000
v 10.000000 7.500000 2.500000
v -5.509274 0.653217 10.000000
v -5.509274 -2.387179 10.000000
v -3.712984 -4.342050 10.000000
v 2.500000 -9.999999 7.500001
v 2.500000 -10.000000 2.500001
v 7.500000 -10.000000 2.500001
v 4.131956 2.173414 10.000000
v 1.377319 2.173414 10.000000
v 0.928246 -0.957220 10.000000
v 5.509274 -8.467969 10.000001
v 5.509274 -5.427574 10.000000
v 3.712984 -6.598604 10.000001
v -2.111129 -9.981068 18.005974
v -0.703710 -9.981068 18.005974
v -0.703710 -9.981067 21.208364
v -2.814839 -3.454853 18.005974
v -2.814839 -5.319486 18.005974
v -2.814839 -5.319486 21.208364
v 2.111129 -2.522537 18.005974
v 0.703710 -2.522537 18.005974
v 0.703710 -2.522536 21.208364
v 2.814839 -9.048751 18.005974
v 2.814839 -7.184118 18.005974
v 2.814839 -7.184118 21.208364
v -1.832913 10.033716 5.498737
v -1.832913 10.033716 1.832912
v -5.498738 10.033716 1.832912
v -1.832913 10.033716 -1.832914
v -1.832913 10.033716 -5.498739
v -5.498738 10.033716 -5.498739
v 5.498738 10.033716 -1.832914
v 5.498738 10.033716 -5.498739
v 1.832913 10.033716 -5.498739
v 5.498738 10.033716 5.498737
v 5.498738 10.033716 1.832912
v 1.832913 10.033716 1.832912
v 2.814839 -5.319486 18.005974
v 2.814839 -3.454853 18.005974
v 2.814839 -3.454853 21.208364
v 2.814839 -5.319486 11.601194
v 2.814839 -3.454854 11.601194
v 2.814839 -3.454853 14.803585
v 2.814839 -9.048751 11.601195
v 2.814839 -7.184119 11.601195
v 2.814839 -7.184119 14.803586
v -0.703710 -2.522537 18.005974
v -2.111129 -2.522537 18.005974
v -2.111129 -2.522536 21.208364
v -0.703710 -2.522537 11.601194
v -2.111129 -2.522537 11.601194
v -2.111129 -2.522537 14.803585
v 2.111129 -2.522537 11.601194
v 0.703710 -2.522537 11.601194
v 0.703710 -2.522537 14.803585
v -2.814839 -7.184118 18.005974
v -2.814839 -9.048751 18.005974
v -2.814839 -9.048750 21.208364
v -2.814839 -7.184119 11.601195
v -2.814839 -9.048751 11.601195
v -2.814839 -9.048751 14.803586
v -2.814839 -3.454854 11.601194
v -2.814839 -5.319486 11.601194
v -2.814839 -5.319486 14.803585
v 0.703710 -9.981068 18.005974
v 2.111129 -9.981068 18.005974
v 2.111129 -9.981067 21.208364
v 0.703710 -9.981068 11.601195
v 2.111129 -9.981068 11.601195
v 2.111129 -9.981068 14.803586
v -2.111129 -9.981068 11.601195
v -0.703710 -9.981068 11.601195
v -0.703710 -9.981068 14.803586
v 5.509274 -2.387179 10.000000
v 5.509274 0.653217 10.000000
v 3.712984 -2.085497 10.000000
v 9.101854 1.522565 10.000000
v 9.101854 6.130644 10.000000
v 7.305564 3.391930 10.000000
v 9.101854 -7.693593 10.000001
v 9.101854 -3.085514 10.000000
v 7.305564 -4.256544 10.000000
v -1.377319 2.173414 10.000000
v -4.131956 2.173414 10.000000
v -2.784738 -0.957220 10.000000
v -2.275464 8.434684 9.999999
v -6.826391 8.434684 9.999999
v -5.479174 5.304049 10.000000
v 6.826391 8.434684 9.999999
v 2.275464 8.434684 9.999999
v 1.826391 5.304049 10.000000
v 2.500000 -10.000000 -2.499999
v 2.500000 -10.000001 -7.499999
v 7.500000 -10.000001 -7.499999
v -7.500000 -10.000000 -2.499999
v -7.500000 -10.000001 -7.499999
v -2.500000 -10.000001 -7.499999
v -7.500000 -9.999999 7.500001
v -7.500000 -10.000000 2.500001
v -2.500000 -10.000000 2.500001
v -5.509274 -5.427574 10.000000
v -5.509274 -8.467969 10.000001
v -3.712984 -8.855157 10.000001
v -9.101854 -3.085514 10.000000
v -9.101854 -7.693593 10.000001
v -7.305564 -8.080781 10.000001
v -9.101854 6.130644 10.000000
v -9.101854 1.522565 10.000000
v -7.305564 -0.432307 10.000000
v 10.000000 2.500000 -2.500000
v 10.000000 2.500000 -7.500000
v 10.000000 7.500000 -7.500000
v 10.000000 -7.500000 -2.500000
v 10.000000 -7.500000 -7.500000
v 10.000000 -2.500000 -7.500000
v 10.000000 -7.500000 7.500000
v 10.000000 -7.500000 2.500000
v 10.000000 -2.500000 2.500000
v -2.500000 2.499999 -10.000000
v -7.500000 2.499999 -10.000000
v -7.500000 7.499999 -10.000001
v -2.500000 -7.500001 -9.999999
v -7.500000 -7.500001 -9.999999
v -7.500000 -2.500001 -10.000000
v 7.500000 -7.500001 -9.999999
v 2.500000 -7.500001 -9.999999
v 2.500000 -2.500001 -10.000000
v -10.000000 2.500000 2.500000
v -10.000000 2.500000 7.500000
v -10.000000 7.500000 7.500000
v -10.000000 -7.500000 2.500000
v -10.000000 -7.500000 7.500000
v -10.000000 -2.500000 7.500000
v -10.000000 -7.500000 -7.500000
v -10.000000 -7.500000 -2.500000
v -10.000000 -2.500000 -2.500000
v -10.000000 -2.500000 -7.500000
v -10.000000 -2.500000 2.500000
v -10.000000 7.500000 2.500000
v 7.500000 -2.500001 -10.000000
v -2.500000 -2.500001 -10.000000
v -2.500000 7.499999 -10.000001
v 10.000000 -2.500000 7.500000
v 10.000000 -2.500000 -2.500000
v 10.000000 7.500000 -2.500000
v -7.305564 3.391930 10.000000
v -7.305564 -4.256544 10.000000
v -3.712984 -6.598604 10.000001
v -2.500000 -9.999999 7.500001
v -2.500000 -10.000000 -2.499999
v 7.500000 -10.000000 -2.499999
v 5.479174 5.304049 10.000000
v -1.826391 5.304049 10.000000
v -0.928246 -0.957220 10.000000
v 7.305564 -8.080781 10.000001
v 7.305564 -0.432307 10.000000
v 3.712984 -4.342050 10.000000
v -2.111129 -9.981068 14.803586
v 0.703710 -9.981068 14.803586
v 0.703710 -9.981067 21.208364
v -2.814839 -3.454853 14.803585
v -2.814839 -7.184119 14.803586
v -2.814839 -7.184118 21.208364
v 2.111129 -2.522537 14.803585
v -0.703710 -2.522537 14.803585
v -0.703710 -2.522536 21.208364
v 2.814839 -9.048751 14.803586
v 2.814839 -5.319486 14.803585
v 2.814839 -5.319486 21.208364
v 1.832913 10.033716 5.498737
v 1.832913 10.033716 -1.832914
v -5.498738 10.033716 -1.832914
v -5.498738 10.033716 5.498737
v 2.814839 -9.048750 21.208364
v 2.111129 -2.522536 21.208364
v -2.814839 -3.454853 21.208364
v -2.111129 -9.981067 21.208364
v 3.712984 -8.855157 10.000001
v 2.784738 -0.957220 10.000000
v 7.500000 -9.999999 7.500001
v -3.712984 -2.085497 10.000000
v 10.000000 7.500000 7.500000
v 7.500000 7.499999 -10.000001
v -10.000000 7.500000 -7.500000
v -10.000000 8.750001 9.999999
v -10.000000 -10.000001 -8.749999
v -10.000000 8.749999 -10.000001
v -10.000000 9.999999 -8.750001
v 8.750000 -10.000001 -9.999999
v 10.000000 8.749999 -10.000001
v 8.750000 9.999999 -10.000001
v 10.000000 -10.000001 -8.749999
v 10.000000 8.750001 9.999999
v 10.000000 9.999999 -8.750001
v -3.263911 -1.739879 10.000000
v 8.750000 -9.999999 10.000001
v 8.446079 10.000001 7.390318
v 8.750000 10.000001 9.999999
v 3.263911 -1.739879 10.000000
v 2.814839 -9.981067 22.008961
v -2.814839 -9.981067 22.008961
v -2.814839 -2.522536 22.008961
v 2.814839 -2.522536 22.008961
v 8.446079 11.636014 7.390318
v -8.446079 9.999999 -7.390320
v 7.390319 10.000001 8.446078
v 7.390319 9.999999 -8.446080
v 7.390319 11.636014 8.446078
v 6.415195 11.420148 7.331650
v -8.446079 11.636012 -7.390320
v 7.390319 11.636012 -8.446080
v 7.331651 11.420148 6.415194
v 7.331651 10.033717 6.415194
v 6.415195 11.420146 -7.331652
v -7.331651 11.420146 -6.415195
v 6.415195 10.033715 -7.331652
v 6.415195 10.033717 7.331650
v -7.331651 10.033715 -6.415195
v -10.000000 -1.249999 10.000000
v -10.000000 -10.000000 1.250001
v -10.000000 -1.250001 -10.000000
v -10.000000 10.000000 1.249999
v -1.250000 -10.000001 -9.999999
v 10.000000 -1.250001 -10.000000
v -1.250000 9.999999 -10.000001
v 10.000000 -10.000000 1.250001
v 10.000000 -1.249999 10.000000
v 10.000000 10.000000 1.249999
v -6.856492 4.521391 10.000000
v -1.250000 -9.999999 10.000001
v 8.446079 10.000000 -1.055761
v -1.250000 10.000001 9.999999
v 6.856492 4.521391 10.000000
v 2.814839 -9.981068 15.604183
v -2.814839 -9.981068 15.604183
v -2.814839 -2.522537 15.604182
v 2.814839 -2.522537 15.604182
v 8.446079 11.636013 -1.055761
v -8.446079 10.000000 1.055759
v -1.055760 10.000001 8.446078
v -1.055760 9.999999 -8.446080
v -1.055760 11.636014 8.446078
v -0.916456 11.420148 7.331650
v -8.446079 11.636013 1.055759
v -1.055760 11.636012 -8.446080
v 7.331651 11.420147 -0.916457
v 7.331651 10.033716 -0.916457
v -0.916456 11.420146 -7.331652
v -7.331651 11.420147 0.916456
v -0.916456 10.033715 -7.331652
v -0.916456 10.033717 7.331650
v -7.331651 10.033716 0.916456
v -6.415195 10.726931 -7.331652
v 0.916456 10.726931 -7.331652
v 6.415195 10.726933 7.331650
v -0.916456 10.726933 7.331650
v -7.331651 10.726933 6.415194
v -7.331651 10.726932 -0.916457
v -6.415195 10.033716 -0.000001
v 0.916456 10.033716 -0.000001
v 0.000000 10.033715 -6.415195
v 0.000000 10.033716 0.916456
v -7.888865 11.528081 6.902756
v -7.888865 11.528080 -0.986109
v 7.888865 11.528079 -6.902758
v 7.888865 11.528080 0.986107
v -6.902757 11.528079 -7.888866
v 0.986108 11.528079 -7.888866
v 7.331651 10.726931 -6.415195
v 7.331651 10.726932 0.916456
v -7.390319 10.818006 -8.446080
v 1.055760 10.818006 -8.446080
v 7.390319 10.818007 8.446078
v -1.055760 10.818007 8.446078
v -8.446079 10.818007 7.390318
v -8.446079 10.818007 -1.055761
v 6.902757 11.528081 7.888865
v -0.986108 11.528081 7.888865
v -8.070160 9.999999 -9.223041
v 1.152880 9.999999 -9.223041
v 8.070160 10.000001 9.223039
v -1.152880 10.000001 9.223039
v -9.223040 10.000001 8.070159
v -9.223040 10.000000 -1.152881
v 8.446079 10.818006 -7.390320
v 8.446079 10.818007 1.055759
v 2.814839 -6.251802 22.008961
v 2.814839 -6.251802 15.604182
v 0.000000 -2.522536 22.008961
v 0.000000 -2.522537 15.604182
v -2.814839 -6.251802 22.008961
v -2.814839 -6.251802 15.604182
v 0.000000 -9.981067 22.008961
v 0.000000 -9.981068 15.604183
v 3.263911 -5.861065 10.000000
v 6.856492 -2.735163 10.000000
v 6.407419 2.880653 10.000000
v 6.407419 -3.983980 10.000000
v 0.000000 -1.739879 10.000000
v 0.000000 4.521391 10.000000
v -5.606492 3.738732 10.000000
v 0.800927 3.738732 10.000000
v -0.800927 -9.990533 10.000001
v 9.223040 9.999999 -8.070161
v 9.223040 10.000000 1.152879
v 8.750000 -10.000000 0.000001
v -1.250000 -10.000000 0.000001
v 0.000000 -10.000001 -8.749999
v 0.000000 -10.000000 1.250001
v -3.263911 -5.861065 10.000000
v -6.856492 -2.735163 10.000000
v -6.407419 -9.132454 10.000001
v -6.407419 -2.267822 10.000000
v 10.000000 8.750000 -0.000001
v 10.000000 -1.250000 0.000000
v 10.000000 -0.000001 -8.750000
v 10.000000 0.000000 1.250000
v 0.000000 8.749999 -10.000001
v 0.000000 -1.250001 -10.000000
v -8.750000 -0.000001 -10.000000
v 1.250000 -0.000001 -10.000000
v -10.000000 8.750000 -0.000001
v -10.000000 -1.250000 0.000000
v -10.000000 0.000001 8.750000
v -10.000000 -0.000000 -1.250000
v -10.000000 3.750001 10.000000
v -10.000000 -10.000000 -3.749999
v -10.000000 3.749999 -10.000000
v -10.000000 10.000000 -3.750001
v 3.750000 -10.000001 -9.999999
v 10.000000 3.749999 -10.000000
v 3.750000 9.999999 -10.000001
v 10.000000 -10.000000 -3.749999
v 10.000000 3.750001 10.000000
v 10.000000 10.000000 -3.750001
v -5.060202 1.390756 10.000000
v 3.750000 -9.999999 10.000001
v 8.446079 10.000000 3.167279
v 3.750000 10.000001 9.999999
v 5.060202 1.390756 10.000000
v 2.814839 -9.981068 18.806572
v -2.814839 -9.981068 18.806572
v -2.814839 -2.522537 18.806572
v 2.814839 -2.522537 18.806572
v 8.446079 11.636013 3.167279
v -8.446079 10.000000 -3.167280
v 3.167280 10.000001 8.446078
v 3.167280 9.999999 -8.446080
v 3.167280 11.636014 8.446078
v 2.749369 11.420148 7.331650
v -8.446079 11.636013 -3.167281
v 3.167280 11.636012 -8.446080
v 7.331651 11.420147 2.749368
v 7.331651 10.033716 2.749368
v 2.749369 11.420146 -7.331652
v -7.331651 11.420147 -2.749370
v 2.749369 10.033715 -7.331652
v 2.749369 10.033717 7.331650
v -7.331651 10.033716 -2.749370
v -10.000000 -6.249999 10.000000
v -10.000000 -10.000000 6.250001
v -10.000000 -6.250001 -10.000000
v -10.000000 10.000000 6.249999
v -6.250000 -10.000001 -9.999999
v 10.000000 -6.250001 -10.000000
v -6.250000 9.999999 -10.000001
v 10.000000 -10.000000 6.250001
v 10.000000 -6.249999 10.000000
v 10.000000 10.000000 6.249999
v -8.652782 7.652025 9.999999
v -6.250000 -9.999999 10.000001
v 8.446079 10.000000 -5.278800
v -6.250000 10.000001 9.999999
v 8.652782 7.652025 9.999999
v 2.814839 -9.981068 12.401793
v -2.814839 -9.981068 12.401793
v -2.814839 -2.522537 12.401793
v 2.814839 -2.522537 12.401793
v 8.446079 11.636013 -5.278800
v -8.446079 10.000000 5.278799
v -5.278800 10.000001 8.446078
v -5.278800 9.999999 -8.446080
v -5.278800 11.636014 8.446078
v -4.582282 11.420148 7.331650
v -8.446079 11.636013 5.278799
v -5.278800 11.636012 -8.446080
v 7.331651 11.420147 -4.582283
v 7.331651 10.033716 -4.582283
v -4.582282 11.420146 -7.331652
v -7.331651 11.420147 4.582281
v -4.582282 10.033715 -7.331652
v -4.582282 10.033717 7.331650
v -7.331651 10.033716 4.582281
v -2.749369 10.726931 -7.331652
v 4.582282 10.726931 -7.331652
v 2.749369 10.726933 7.331650
v -4.582282 10.726933 7.331650
v -7.331651 10.726932 2.749368
v -7.331651 10.726932 -4.582283
v -2.749369 10.033716 -0.000001
v 4.582282 10.033716 -0.000001
v 0.000000 10.033716 -2.749370
v 0.000000 10.033716 4.582281
v -7.888865 11.528080 2.958323
v -7.888865 11.528080 -4.930542
v 7.888865 11.528080 -2.958325
v 7.888865 11.528080 4.930540
v -2.958324 11.528079 -7.888866
v 4.930541 11.528079 -7.888866
v 7.331651 10.726932 -2.749370
v 7.331651 10.726932 4.582281
v -3.167280 10.818006 -8.446080
v 5.278800 10.818006 -8.446080
v 3.167280 10.818007 8.446078
v -5.278800 10.818007 8.446078
v -8.446079 10.818007 3.167279
v -8.446079 10.818007 -5.278800
v 2.958324 11.528081 7.888865
v -4.930541 11.528081 7.888865
v -3.458640 9.999999 -9.223041
v 5.764400 9.999999 -9.223041
v 3.458640 10.000001 9.223039
v -5.764400 10.000001 9.223039
v -9.223040 10.000000 3.458639
v -9.223040 10.000000 -5.764400
v 8.446079 10.818007 -3.167280
v 8.446079 10.818007 5.278799
v 2.814839 -6.251802 18.806572
v 2.814839 -6.251802 12.401793
v 0.000000 -2.522537 18.806572
v 0.000000 -2.522537 12.401793
v -2.814839 -6.251802 18.806572
v -2.814839 -6.251802 12.401793
v 0.000000 -9.981068 18.806572
v 0.000000 -9.981068 12.401793
v 5.060202 -4.298114 10.000000
v 8.652782 -1.172212 10.000000
v 6.407419 -0.551664 10.000000
v 6.407419 -7.416296 10.000001
v 0.000000 1.390756 10.000000
v 0.000000 7.652025 9.999999
v -2.402782 3.738732 10.000000
v 4.004637 3.738732 10.000000
v 9.223040 10.000000 -3.458641
v 9.223040 10.000000 5.764399
v 3.750000 -10.000000 0.000001
v -6.250000 -10.000000 0.000001
v 0.000000 -10.000000 -3.749999
v 0.000000 -10.000000 6.250001
v -5.060202 -4.298114 10.000000
v -8.652782 -1.172212 10.000000
v -6.407419 -5.700138 10.000000
v -6.407419 1.164494 10.000000
v 10.000000 3.750000 -0.000000
v 10.000000 -6.250000 0.000000
v 10.000000 -0.000000 -3.750000
v 10.000000 0.000000 6.250000
v 0.000000 3.749999 -10.000000
v 0.000000 -6.250001 -10.000000
v -3.750000 -0.000001 -10.000000
v 6.250000 -0.000001 -10.000000
v -10.000000 3.750000 -0.000000
v -10.000000 -6.250000 0.000000
v -10.000000 0.000000 3.750000
v -10.000000 -0.000000 -6.250000
v -10.000000 -1.250000 -5.000000
v -10.000000 -6.250000 -5.000000
v -10.000000 -5.000000 -1.250000
v -10.000000 -5.000000 -6.250000
v -10.000000 -1.250000 5.000000
v -10.000000 -6.250000 5.000000
v -10.000000 -5.000000 8.750000
v -10.000000 -5.000000 3.750000
v -10.000000 8.750000 5.000000
v -10.000000 3.750000 5.000000
v -10.000000 5.000000 8.750000
v -10.000000 5.000000 3.750000
v 5.000000 -1.250001 -10.000000
v 5.000000 -6.250001 -10.000000
v 1.250000 -5.000001 -10.000000
v 6.250000 -5.000001 -10.000000
v -5.000000 -1.250001 -10.000000
v -5.000000 -6.250001 -10.000000
v -8.750000 -5.000001 -10.000000
v -3.750000 -5.000001 -10.000000
v -5.000000 8.749999 -10.000001
v -5.000000 3.749999 -10.000000
v -8.750000 4.999999 -10.000000
v -3.750000 4.999999 -10.000000
v 10.000000 -1.250000 5.000000
v 10.000000 -6.250000 5.000000
v 10.000000 -5.000000 1.250000
v 10.000000 -5.000000 6.250000
v 10.000000 -1.250000 -5.000000
v 10.000000 -6.250000 -5.000000
v 10.000000 -5.000000 -8.750000
v 10.000000 -5.000000 -3.750000
v 10.000000 8.750000 -5.000000
v 10.000000 3.750000 -5.000000
v 10.000000 5.000000 -8.750000
v 10.000000 5.000000 -3.750000
v -6.856492 0.893114 10.000000
v -8.652782 3.239906 10.000000
v -8.203710 -0.508910 10.000000
v -8.203710 3.707248 10.000000
v -8.203710 -8.941226 10.000001
v -8.203710 -4.725069 10.000000
v -4.611129 -9.323682 10.000001
v -4.611129 -6.675207 10.000001
v -1.250000 -10.000000 5.000001
v -6.250000 -10.000000 5.000001
v -5.000000 -10.000000 1.250001
v -5.000000 -10.000000 6.250001
v -1.250000 -10.000000 -4.999999
v -6.250000 -10.000000 -4.999999
v -5.000000 -10.000001 -8.749999
v -5.000000 -10.000000 -3.749999
v 8.750000 -10.000000 -4.999999
v 3.750000 -10.000000 -4.999999
v 5.000000 -10.000001 -8.749999
v 5.000000 -10.000000 -3.749999
v 9.708639 10.000001 8.458639
v 9.514400 10.000001 8.361519
v 9.514400 9.999999 -8.361521
v 9.708639 9.999999 -8.458641
v 8.737440 9.999999 -7.681681
v 8.931679 9.999999 -7.778800
v 3.428246 4.521391 10.000000
v 4.326391 7.652025 9.999999
v 1.025464 6.869367 9.999999
v 5.127318 6.869367 9.999999
v -3.428246 4.521391 10.000000
v -4.326391 7.652025 9.999999
v -7.178246 6.869367 9.999999
v -3.076391 6.869367 9.999999
v -1.631956 -1.739879 10.000000
v -2.530101 1.390756 10.000000
v -4.034738 0.608097 10.000000
v -1.729173 0.608097 10.000000
v 8.203710 -2.616990 10.000000
v 8.203710 -6.833148 10.000001
v 6.856492 0.893114 10.000000
v 8.652782 3.239906 10.000000
v 8.203710 5.815327 10.000000
v 8.203710 1.599168 10.000000
v 3.263911 -3.800472 10.000000
v 5.060202 -1.453679 10.000000
v 4.611129 -0.054021 10.000000
v 4.611129 -2.702496 10.000000
v -1.407419 -9.981068 15.604183
v -1.407419 -9.981068 12.401793
v 1.407419 -9.981068 15.604183
v 1.407419 -9.981068 12.401793
v 1.407419 -9.981067 22.008961
v 1.407419 -9.981068 18.806572
v -2.814839 -4.387170 15.604182
v -2.814839 -4.387170 12.401793
v -2.814839 -8.116435 15.604183
v -2.814839 -8.116435 12.401793
v -2.814839 -8.116434 22.008961
v -2.814839 -8.116435 18.806572
v 1.407419 -2.522537 15.604182
v 1.407419 -2.522537 12.401793
v -1.407419 -2.522537 15.604182
v -1.407419 -2.522537 12.401793
v -1.407419 -2.522536 22.008961
v -1.407419 -2.522537 18.806572
v 2.814839 -8.116435 15.604183
v 2.814839 -8.116435 12.401793
v 2.814839 -4.387170 15.604182
v 2.814839 -4.387170 12.401793
v 2.814839 -4.387169 22.008961
v 2.814839 -4.387169 18.806572
v -9.708639 9.999999 -8.458641
v -9.514400 9.999999 -8.361521
v -9.514400 10.000001 8.361519
v -9.708639 10.000001 8.458639
v -8.737440 10.000001 7.681679
v -8.931679 10.000001 7.778799
v -8.458640 10.000001 9.708638
v -8.361520 10.000001 9.514400
v 8.361520 10.000001 9.514400
v 8.458640 10.000001 9.708638
v 7.681680 10.000001 8.737439
v 7.778800 10.000001 8.931678
v 8.458640 9.999999 -9.708640
v 8.361520 9.999999 -9.514401
v -8.361520 9.999999 -9.514401
v -8.458640 9.999999 -9.708640
v -7.681680 9.999999 -8.737441
v -7.778800 9.999999 -8.931680
v 0.916456 10.033716 3.665825
v 4.582282 10.033716 3.665825
v 3.665826 10.033716 0.916456
v 3.665826 10.033716 4.582281
v 0.916456 10.033716 -3.665826
v 4.582282 10.033716 -3.665826
v 3.665826 10.033715 -6.415195
v 3.665826 10.033716 -2.749370
v -6.415195 10.033716 -3.665826
v -2.749369 10.033716 -3.665826
v -3.665826 10.033715 -6.415195
v -3.665826 10.033716 -2.749370
v -6.415195 10.033716 3.665825
v -2.749369 10.033716 3.665825
v -3.665826 10.033716 0.916456
v -3.665826 10.033716 4.582281
v 7.778800 9.999999 -8.931680
v 7.681680 9.999999 -8.737441
v -7.778800 10.000001 8.931678
v -7.681680 10.000001 8.737439
v -8.931679 9.999999 -7.778800
v -8.737440 9.999999 -7.681681
v 2.814839 -8.116434 22.008961
v 2.814839 -8.116435 18.806572
v 1.407419 -2.522536 22.008961
v 1.407419 -2.522537 18.806572
v -2.814839 -4.387169 22.008961
v -2.814839 -4.387169 18.806572
v -1.407419 -9.981067 22.008961
v -1.407419 -9.981068 18.806572
v 4.611129 -5.350970 10.000000
v 4.611129 -7.999444 10.000001
v 1.631956 -1.739879 10.000000
v 2.530101 1.390756 10.000000
v 0.576391 0.608097 10.000000
v 2.881956 0.608097 10.000000
v 8.931679 10.000001 7.778799
v 8.737440 10.000001 7.681679
v 8.750000 -10.000000 5.000001
v 3.750000 -10.000000 5.000001
v 5.000000 -10.000000 1.250001
v 5.000000 -10.000000 6.250001
v -3.263911 -3.800472 10.000000
v -5.060202 -1.453679 10.000000
v -4.611129 -4.026733 10.000000
v -4.611129 -1.378259 10.000000
v 10.000000 8.750000 5.000000
v 10.000000 3.750000 5.000000
v 10.000000 5.000000 1.250000
v 10.000000 5.000000 6.250000
v 5.000000 8.749999 -10.000001
v 5.000000 3.749999 -10.000000
v 1.250000 4.999999 -10.000000
v 6.250000 4.999999 -10.000000
v -10.000000 8.750000 -5.000000
v -10.000000 3.750000 -5.000000
v -10.000000 5.000000 -1.250000
v -10.000000 5.000000 -6.250000
v -10.000000 6.250001 10.000000
v -10.000000 -10.000000 -6.249999
v -10.000000 6.249999 -10.000000
v -10.000000 10.000000 -6.250001
v 6.250000 -10.000001 -9.999999
v 10.000000 6.249999 -10.000000
v 6.250000 9.999999 -10.000001
v 10.000000 -10.000000 -6.249999
v 10.000000 6.250001 10.000000
v 10.000000 10.000000 -6.250001
v -4.162056 -0.174561 10.000000
v 6.250000 -9.999999 10.000001
v 8.446079 10.000000 5.278799
v 6.250000 10.000001 9.999999
v 4.162056 -0.174561 10.000000
v 2.814839 -9.981067 20.407768
v -2.814839 -9.981067 20.407768
v -2.814839 -2.522537 20.407768
v 2.814839 -2.522537 20.407768
v 8.446079 11.636013 5.278799
v -8.446079 10.000000 -5.278800
v 5.278800 10.000001 8.446078
v 5.278800 9.999999 -8.446080
v 5.278800 11.636014 8.446078
v 4.582282 11.420148 7.331650
v -8.446079 11.636013 -5.278800
v 5.278800 11.636012 -8.446080
v 7.331651 11.420147 4.582281
v 7.331651 10.033716 4.582281
v 4.582282 11.420146 -7.331652
v -7.331651 11.420147 -4.582283
v 4.582282 10.033715 -7.331652
v 4.582282 10.033717 7.331650
v -7.331651 10.033716 -4.582283
v -10.000000 -3.749999 10.000000
v -10.000000 -10.000000 3.750001
v -10.000000 -3.750001 -10.000000
v -10.000000 10.000000 3.749999
v -3.750000 -10.000001 -9.999999
v 10.000000 -3.750001 -10.000000
v -3.750000 9.999999 -10.000001
v 10.000000 -10.000000 3.750001
v 10.000000 -3.749999 10.000000
v 10.000000 10.000000 3.749999
v -7.754637 6.086708 10.000000
v -3.750000 -9.999999 10.000001
v 8.446079 10.000000 -3.167280
v -3.750000 10.000001 9.999999
v 7.754637 6.086708 10.000000
v 2.814839 -9.981068 14.002988
v -2.814839 -9.981068 14.002988
v -2.814839 -2.522537 14.002987
v 2.814839 -2.522537 14.002987
v 8.446079 11.636013 -3.167281
v -8.446079 10.000000 3.167279
v -3.167280 10.000001 8.446078
v -3.167280 9.999999 -8.446080
v -3.167280 11.636014 8.446078
v -2.749369 11.420148 7.331650
v -8.446079 11.636013 3.167279
v -3.167280 11.636012 -8.446080
v 7.331651 11.420147 -2.749370
v 7.331651 10.033716 -2.749370
v -2.749369 11.420146 -7.331652
v -7.331651 11.420147 2.749368
v -2.749369 10.033715 -7.331652
v -2.749369 10.033717 7.331650
v -7.331651 10.033716 2.749368
v -4.582282 10.726931 -7.331652
v 2.749369 10.726931 -7.331652
v 4.582282 10.726933 7.331650
v -2.749369 10.726933 7.331650
v -7.331651 10.726932 4.582281
v -7.331651 10.726932 -2.749370
v -4.582282 10.033716 -0.000001
v 2.749369 10.033716 -0.000001
v 0.000000 10.033716 -4.582283
v 0.000000 10.033716 2.749368
v -7.888865 11.528080 4.930540
v -7.888865 11.528080 -2.958325
v 7.888865 11.528080 -4.930542
v 7.888865 11.528080 2.958323
v -4.930541 11.528079 -7.888866
v 2.958324 11.528079 -7.888866
v 7.331651 10.726932 -4.582283
v 7.331651 10.726932 2.749368
v -5.278800 10.818006 -8.446080
v 3.167280 10.818006 -8.446080
v 5.278800 10.818007 8.446078
v -3.167280 10.818007 8.446078
v -8.446079 10.818007 5.278799
v -8.446079 10.818007 -3.167280
v 4.930541 11.528081 7.888865
v -2.958324 11.528081 7.888865
v -5.764400 9.999999 -9.223041
v 3.458640 9.999999 -9.223041
v 5.764400 10.000001 9.223039
v -3.458640 10.000001 9.223039
v -9.223040 10.000000 5.764399
v -9.223040 10.000000 -3.458641
v 8.446079 10.818007 -5.278800
v 8.446079 10.818007 3.167279
v 2.814839 -6.251802 20.407768
v 2.814839 -6.251802 14.002987
v 0.000000 -2.522537 20.407768
v 0.000000 -2.522537 14.002987
v -2.814839 -6.251802 20.407768
v -2.814839 -6.251802 14.002987
v 0.000000 -9.981067 20.407768
v 0.000000 -9.981068 14.002988
v 4.162056 -5.079589 10.000000
v 7.754637 -1.953688 10.000000
v 6.407419 1.164494 10.000000
v 6.407419 -5.700138 10.000000
v 0.000000 -0.174561 10.000000
v 0.000000 6.086708 10.000000
v -4.004637 3.738732 10.000000
v 2.402782 3.738732 10.000000
v 9.223040 10.000000 -5.764400
v 9.223040 10.000000 3.458639
v 6.250000 -10.000000 0.000001
v -3.750000 -10.000000 0.000001
v 0.000000 -10.000000 -6.249999
v 0.000000 -10.000000 3.750001
v -4.162056 -5.079589 10.000000
v -7.754637 -1.953688 10.000000
v -6.407419 -7.416296 10.000001
v -6.407419 -0.551664 10.000000
v 10.000000 6.250000 -0.000000
v 10.000000 -3.750000 0.000000
v 10.000000 -0.000000 -6.250000
v 10.000000 0.000000 3.750000
v 0.000000 6.249999 -10.000000
v 0.000000 -3.750001 -10.000000
v -6.250000 -0.000001 -10.000000
v 3.750000 -0.000001 -10.000000
v -10.000000 6.250000 -0.000000
v -10.000000 -3.750000 0.000000
v -10.000000 0.000000 6.250000
v -10.000000 -0.000000 -3.750000
v -10.000000 1.250001 10.000000
v -10.000000 -10.000000 -1.249999
v -10.000000 1.249999 -10.000000
v -10.000000 10.000000 -1.250001
v 1.250000 -10.000001 -9.999999
v 10.000000 1.249999 -10.000000
v 1.250000 9.999999 -10.000001
v 10.000000 -10.000000 -1.249999
v 10.000000 1.250001 10.000000
v 10.000000 10.000000 -1.250001
v -5.958346 2.956073 10.000000
v 1.250000 -9.999999 10.000001
v 8.446079 10.000000 1.055759
v 1.250000 10.000001 9.999999
v 5.958346 2.956073 10.000000
v 2.814839 -9.981068 17.205376
v -2.814839 -9.981068 17.205376
v -2.814839 -2.522537 17.205376
v 2.814839 -2.522537 17.205376
v 8.446079 11.636013 1.055759
v -8.446079 10.000000 -1.055761
v 1.055760 10.000001 8.446078
v 1.055760 9.999999 -8.446080
v 1.055760 11.636014 8.446078
v 0.916456 11.420148 7.331650
v -8.446079 11.636013 -1.055761
v 1.055760 11.636012 -8.446080
v 7.331651 11.420147 0.916456
v 7.331651 10.033716 0.916456
v 0.916456 11.420146 -7.331652
v -7.331651 11.420147 -0.916457
v 0.916456 10.033715 -7.331652
v 0.916456 10.033717 7.331650
v -7.331651 10.033716 -0.916457
v -10.000000 -8.749999 10.000001
v -10.000000 -9.999999 8.750001
v -10.000000 -8.750001 -9.999999
v -10.000000 10.000001 8.749999
v -8.750000 -10.000001 -9.999999
v 10.000000 -8.750001 -9.999999
v -8.750000 9.999999 -10.000001
v 10.000000 -9.999999 8.750001
v 10.000000 -8.749999 10.000001
v 10.000000 10.000001 8.749999
v -9.550927 9.217342 9.999999
v -8.750000 -9.999999 10.000001
v 8.446079 9.999999 -7.390320
v -8.750000 10.000001 9.999999
v 9.550927 9.217342 9.999999
v 2.814839 -9.981068 10.800598
v -2.814839 -9.981068 10.800598
v -2.814839 -2.522537 10.800597
v 2.814839 -2.522537 10.800597
v 8.446079 11.636012 -7.390320
v -8.446079 10.000001 7.390318
v -7.390319 10.000001 8.446078
v -7.390319 9.999999 -8.446080
v -7.390319 11.636014 8.446078
v -6.415195 11.420148 7.331650
v -8.446079 11.636014 7.390318
v -7.390319 11.636012 -8.446080
v 7.331651 11.420146 -6.415195
v 7.331651 10.033715 -6.415195
v -6.415195 11.420146 -7.331652
v -7.331651 11.420148 6.415194
v -6.415195 10.033715 -7.331652
v -6.415195 10.033717 7.331650
v -7.331651 10.033717 6.415194
v -0.916456 10.726931 -7.331652
v 6.415195 10.726931 -7.331652
v 0.916456 10.726933 7.331650
v -6.415195 10.726933 7.331650
v -7.331651 10.726932 0.916456
v -7.331651 10.726931 -6.415195
v -0.916456 10.033716 -0.000001
v 6.415195 10.033716 -0.000001
v 0.000000 10.033716 -0.916457
v 0.000000 10.033717 6.415194
v -7.888865 11.528080 0.986107
v -7.888865 11.528079 -6.902758
v 7.888865 11.528080 -0.986109
v 7.888865 11.528081 6.902756
v -0.986108 11.528079 -7.888866
v 6.902757 11.528079 -7.888866
v 7.331651 10.726932 -0.916457
v 7.331651 10.726933 6.415194
v -1.055760 10.818006 -8.446080
v 7.390319 10.818006 -8.446080
v 1.055760 10.818007 8.446078
v -7.390319 10.818007 8.446078
v -8.446079 10.818007 1.055759
v -8.446079 10.818006 -7.390320
v 0.986108 11.528081 7.888865
v -6.902757 11.528081 7.888865
v -1.152880 9.999999 -9.223041
v 8.070160 9.999999 -9.223041
v 1.152880 10.000001 9.223039
v -8.070160 10.000001 9.223039
v -9.223040 10.000000 1.152879
v -9.223040 9.999999 -8.070161
v 8.446079 10.818007 -1.055761
v 8.446079 10.818007 7.390318
v 2.814839 -6.251802 17.205376
v 2.814839 -6.251802 10.800597
v 0.000000 -2.522537 17.205376
v 0.000000 -2.522537 10.800597
v -2.814839 -6.251802 17.205376
v -2.814839 -6.251802 10.800597
v 0.000000 -9.981068 17.205376
v 0.000000 -9.981068 10.800598
v 5.958346 -3.516639 10.000000
v 9.550927 -0.390737 10.000000
v 6.407419 -2.267822 10.000000
v 6.407419 -9.132454 10.000001
v 0.000000 2.956073 10.000000
v 0.000000 9.217342 9.999999
v -0.800927 3.738732 10.000000
v 5.606492 3.738732 10.000000
v 0.800927 -9.990533 10.000001
v 9.223040 10.000000 -1.152881
v 9.223040 10.000001 8.070159
v 1.250000 -10.000000 0.000001
v -8.750000 -10.000000 0.000001
v 0.000000 -10.000000 -1.249999
v 0.000000 -9.999999 8.750001
v -5.958346 -3.516639 10.000000
v -9.550927 -0.390737 10.000000
v -6.407419 -3.983980 10.000000
v -6.407419 2.880653 10.000000
v 10.000000 1.250000 -0.000000
v 10.000000 -8.750000 0.000001
v 10.000000 -0.000000 -1.250000
v 10.000000 0.000001 8.750000
v 0.000000 1.249999 -10.000000
v 0.000000 -8.750001 -9.999999
v -1.250000 -0.000001 -10.000000
v 8.750000 -0.000001 -10.000000
v -10.000000 1.250000 -0.000000
v -10.000000 -8.750000 0.000001
v -10.000000 0.000000 1.250000
v -10.000000 -0.000001 -8.750000
v -10.000000 -3.750000 -5.000000
v -10.000000 -8.750000 -5.000000
v -10.000000 -5.000000 -3.750000
v -10.000000 -5.000000 -8.750000
v -10.000000 -3.750000 5.000000
v -10.000000 -8.750000 5.000000
v -10.000000 -5.000000 6.250000
v -10.000000 -5.000000 1.250000
v -10.000000 6.250000 5.000000
v -10.000000 1.250000 5.000000
v -10.000000 5.000000 6.250000
v -10.000000 5.000000 1.250000
v 5.000000 -3.750001 -10.000000
v 5.000000 -8.750001 -9.999999
v 3.750000 -5.000001 -10.000000
v 8.750000 -5.000001 -10.000000
v -5.000000 -3.750001 -10.000000
v -5.000000 -8.750001 -9.999999
v -6.250000 -5.000001 -10.000000
v -1.250000 -5.000001 -10.000000
v -5.000000 6.249999 -10.000000
v -5.000000 1.249999 -10.000000
v -6.250000 4.999999 -10.000000
v -1.250000 4.999999 -10.000000
v 10.000000 -3.750000 5.000000
v 10.000000 -8.750000 5.000000
v 10.000000 -5.000000 3.750000
v 10.000000 -5.000000 8.750000
v 10.000000 -3.750000 -5.000000
v 10.000000 -8.750000 -5.000000
v 10.000000 -5.000000 -6.250000
v 10.000000 -5.000000 -1.250000
v 10.000000 6.250000 -5.000000
v 10.000000 1.250000 -5.000000
v 10.000000 5.000000 -6.250000
v 10.000000 5.000000 -1.250000
v -7.754637 2.066510 10.000000
v -9.550927 4.413303 10.000000
v -8.203710 1.599169 10.000000
v -8.203710 5.815327 10.000000
v -8.203710 -6.833148 10.000001
v -8.203710 -2.616990 10.000000
v -4.611129 -7.999444 10.000001
v -4.611129 -5.350970 10.000000
v -3.750000 -10.000000 5.000001
v -8.750000 -10.000000 5.000001
v -5.000000 -10.000000 3.750001
v -5.000000 -9.999999 8.750001
v -3.750000 -10.000000 -4.999999
v -8.750000 -10.000000 -4.999999
v -5.000000 -10.000000 -6.249999
v -5.000000 -10.000000 -1.249999
v 6.250000 -10.000000 -4.999999
v 1.250000 -10.000000 -4.999999
v 5.000000 -10.000000 -6.249999
v 5.000000 -10.000000 -1.249999
v 9.902880 10.000000 6.152879
v 9.320160 10.000000 5.861519
v 9.320160 10.000000 -5.861521
v 9.902880 10.000000 -6.152881
v 8.543200 10.000000 -5.375920
v 9.125919 10.000000 -5.667281
v 3.877318 6.086708 10.000000
v 4.775464 9.217342 9.999999
v 3.076391 6.869367 9.999999
v 7.178246 6.869367 9.999999
v -3.877318 6.086708 10.000000
v -4.775464 9.217342 9.999999
v -5.127318 6.869367 9.999999
v -1.025464 6.869367 9.999999
v -2.081028 -0.174561 10.000000
v -2.979173 2.956073 10.000000
v -2.881956 0.608097 10.000000
v -0.576391 0.608097 10.000000
v 8.203710 -4.725069 10.000000
v 8.203710 -8.941226 10.000001
v 7.754637 2.066510 10.000000
v 9.550927 4.413303 10.000000
v 8.203710 3.707248 10.000000
v 8.203710 -0.508911 10.000000
v 4.162056 -2.627075 10.000000
v 5.958346 -0.280283 10.000000
v 4.611129 -1.378259 10.000000
v 4.611129 -4.026733 10.000000
v -1.407419 -9.981068 14.002988
v -1.407419 -9.981068 10.800598
v 1.407419 -9.981068 14.002988
v 1.407419 -9.981068 10.800598
v 1.407419 -9.981067 20.407768
v 1.407419 -9.981068 17.205376
v -2.814839 -4.387170 14.002987
v -2.814839 -4.387170 10.800597
v -2.814839 -8.116435 14.002988
v -2.814839 -8.116435 10.800598
v -2.814839 -8.116434 20.407768
v -2.814839 -8.116435 17.205376
v 1.407419 -2.522537 14.002987
v 1.407419 -2.522537 10.800597
v -1.407419 -2.522537 14.002987
v -1.407419 -2.522537 10.800597
v -1.407419 -2.522537 20.407768
v -1.407419 -2.522537 17.205376
v 2.814839 -8.116435 14.002988
v 2.814839 -8.116435 10.800598
v 2.814839 -4.387170 14.002987
v 2.814839 -4.387170 10.800597
v 2.814839 -4.387169 20.407768
v 2.814839 -4.387169 17.205376
v -9.902880 10.000000 -6.152881
v -9.320160 10.000000 -5.861521
v -9.320160 10.000000 5.861519
v -9.902880 10.000000 6.152879
v -8.543200 10.000000 5.375918
v -9.125919 10.000000 5.667279
v -6.152880 10.000001 9.902879
v -5.861520 10.000001 9.320159
v 5.861520 10.000001 9.320159
v 6.152880 10.000001 9.902879
v 5.375919 10.000001 8.543199
v 5.667280 10.000001 9.125918
v 6.152880 9.999999 -9.902881
v 5.861520 9.999999 -9.320161
v -5.861520 9.999999 -9.320161
v -6.152880 9.999999 -9.902881
v -5.375919 9.999999 -8.543200
v -5.667280 9.999999 -9.125920
v 2.749369 10.033716 3.665825
v 6.415195 10.033716 3.665825
v 3.665826 10.033716 2.749368
v 3.665826 10.033717 6.415194
v 2.749369 10.033716 -3.665826
v 6.415195 10.033716 -3.665826
v 3.665826 10.033716 -4.582283
v 3.665826 10.033716 -0.916457
v -4.582282 10.033716 -3.665826
v -0.916456 10.033716 -3.665826
v -3.665826 10.033716 -4.582283
v -3.665826 10.033716 -0.916457
v -4.582282 10.033716 3.665825
v -0.916456 10.033716 3.665825
v -3.665826 10.033716 2.749368
v -3.665826 10.033717 6.415194
v 5.667280 9.999999 -9.125920
v 5.375919 9.999999 -8.543200
v -5.667280 10.000001 9.125918
v -5.375919 10.000001 8.543199
v -9.125919 10.000000 -5.667281
v -8.543200 10.000000 -5.375920
v 2.814839 -8.116434 20.407768
v 2.814839 -8.116435 17.205376
v 1.407419 -2.522537 20.407768
v 1.407419 -2.522537 17.205376
v -2.814839 -4.387169 20.407768
v -2.814839 -4.387169 17.205376
v -1.407419 -9.981067 20.407768
v -1.407419 -9.981068 17.205376
v 4.611129 -6.675207 10.000001
v 4.611129 -9.323682 10.000001
v 2.081028 -0.174561 10.000000
v 2.979173 2.956073 10.000000
v 1.729173 0.608097 10.000000
v 4.034738 0.608097 10.000000
v 9.125919 10.000000 5.667279
v 8.543200 10.000000 5.375918
v 6.250000 -10.000000 5.000001
v 1.250000 -10.000000 5.000001
v 5.000000 -10.000000 3.750001
v 5.000000 -9.999999 8.750001
v -4.162056 -2.627075 10.000000
v -5.958346 -0.280283 10.000000
v -4.611129 -2.702496 10.000000
v -4.611129 -0.054021 10.000000
v 10.000000 6.250000 5.000000
v 10.000000 1.250000 5.000000
v 10.000000 5.000000 3.750000
v 10.000000 5.000000 8.750000
v 5.000000 6.249999 -10.000000
v 5.000000 1.249999 -10.000000
v 3.750000 4.999999 -10.000000
v 8.750000 4.999999 -10.000000
v -10.000000 6.250000 -5.000000
v -10.000000 1.250000 -5.000000
v -10.000000 5.000000 -3.750000
v -10.000000 5.000000 -8.750000
v -10.000000 3.750000 -7.500000
v -10.000000 1.249999 -7.500000
v -10.000000 2.500000 -6.250000
v -10.000000 2.499999 -8.750000
v -10.000000 3.750000 -2.500000
v -10.000000 1.250000 -2.500000
v -10.000000 2.500000 -1.250000
v -10.000000 2.500000 -3.750000
v -10.000000 8.750000 -2.500001
v -10.000000 6.250000 -2.500000
v -10.000000 7.500000 -1.250001
v -10.000000 7.500000 -3.750000
v 7.500000 3.749999 -10.000000
v 7.500000 1.249999 -10.000000
v 6.250000 2.499999 -10.000000
v 8.750000 2.499999 -10.000000
v 2.500000 3.749999 -10.000000
v 2.500000 1.249999 -10.000000
v 1.250000 2.499999 -10.000000
v 3.750000 2.499999 -10.000000
v 2.500000 8.749999 -10.000001
v 2.500000 6.249999 -10.000000
v 1.250000 7.499999 -10.000001
v 3.750000 7.499999 -10.000001
v 10.000000 3.750000 7.500000
v 10.000000 1.250001 7.500000
v 10.000000 2.500000 6.250000
v 10.000000 2.500001 8.750000
v 10.000000 3.750000 2.500000
v 10.000000 1.250000 2.500000
v 10.000000 2.500000 1.250000
v 10.000000 2.500000 3.750000
v 10.000000 8.750000 2.499999
v 10.000000 6.250000 2.500000
v 10.000000 7.500000 1.249999
v 10.000000 7.500000 3.750000
v -5.060202 -0.031462 10.000000
v -5.958346 1.337895 10.000000
v -5.509274 -0.106882 10.000000
v -5.509274 1.413316 10.000000
v -5.060202 -2.875897 10.000000
v -5.958346 -1.898461 10.000000
v -5.509274 -3.147278 10.000000
v -5.509274 -1.627080 10.000000
v -3.263911 -4.830768 10.000000
v -4.162056 -3.853332 10.000000
v -3.712984 -4.906188 10.000000
v -3.712984 -3.777912 10.000000
v 3.750000 -9.999999 7.500001
v 1.250000 -9.999999 7.500001
v 2.500000 -10.000000 6.250001
v 2.500000 -9.999999 8.750001
v 3.750000 -10.000000 2.500001
v 1.250000 -10.000000 2.500001
v 2.500000 -10.000000 1.250001
v 2.500000 -10.000000 3.750001
v 8.750000 -10.000000 2.500001
v 6.250000 -10.000000 2.500001
v 7.500000 -10.000000 1.250001
v 7.500000 -10.000000 3.750001
v 3.795151 1.390756 10.000000
v 4.468760 2.956073 10.000000
v 3.443296 2.173414 10.000000
v 4.820615 2.173414 10.000000
v 1.265050 1.390756 10.000000
v 1.489587 2.956073 10.000000
v 0.688659 2.173414 10.000000
v 2.065978 2.173414 10.000000
v 0.815978 -1.739879 10.000000
v 1.040514 -0.174561 10.000000
v 5.509274 -7.707870 10.000001
v 5.509274 -9.228068 10.000001
v 5.060202 -5.720331 10.000000
v 5.958346 -5.134817 10.000000
v 5.509274 -4.667475 10.000000
v 5.509274 -6.187673 10.000000
v 3.263911 -6.891361 10.000001
v 4.162056 -6.305846 10.000000
v 3.712984 -6.034465 10.000000
v 3.712984 -7.162742 10.000001
v -2.111129 -9.981068 18.806572
v -2.111129 -9.981068 17.205376
v -0.703710 -9.981068 18.806572
v -0.703710 -9.981068 17.205376
v -0.703710 -9.981067 22.008961
v -0.703710 -9.981067 20.407768
v -2.814839 -3.454853 18.806572
v -2.814839 -3.454853 17.205376
v -2.814839 -5.319486 18.806572
v -2.814839 -5.319486 17.205376
v -2.814839 -5.319486 22.008961
v -2.814839 -5.319486 20.407768
v 2.111129 -2.522537 18.806572
v 2.111129 -2.522537 17.205376
v 0.703710 -2.522537 18.806572
v 0.703710 -2.522537 17.205376
v 0.703710 -2.522536 22.008961
v 0.703710 -2.522537 20.407768
v 2.814839 -9.048751 18.806572
v 2.814839 -9.048751 17.205376
v 2.814839 -7.184118 18.806572
v 2.814839 -7.184118 17.205376
v 2.814839 -7.184118 22.008961
v 2.814839 -7.184118 20.407768
v -2.749369 10.033716 5.498737
v -0.916456 10.033716 5.498737
v -1.832913 10.033716 4.582281
v -1.832913 10.033717 6.415194
v -2.749369 10.033716 1.832912
v -0.916456 10.033716 1.832912
v -1.832913 10.033716 0.916456
v -1.832913 10.033716 2.749368
v -6.415195 10.033716 1.832912
v -4.582282 10.033716 1.832912
v -5.498738 10.033716 0.916456
v -5.498738 10.033716 2.749368
v -2.749369 10.033716 -1.832914
v -0.916456 10.033716 -1.832914
v -1.832913 10.033716 -2.749370
v -1.832913 10.033716 -0.916457
v -2.749369 10.033716 -5.498739
v -0.916456 10.033716 -5.498739
v -1.832913 10.033715 -6.415195
v -1.832913 10.033716 -4.582283
v -6.415195 10.033716 -5.498739
v -4.582282 10.033716 -5.498739
v -5.498738 10.033715 -6.415195
v -5.498738 10.033716 -4.582283
v 4.582282 10.033716 -1.832914
v 6.415195 10.033716 -1.832914
v 5.498738 10.033716 -2.749370
v 5.498738 10.033716 -0.916457
v 4.582282 10.033716 -5.498739
v 6.415195 10.033716 -5.498739
v 5.498738 10.033715 -6.415195
v 5.498738 10.033716 -4.582283
v 0.916456 10.033716 -5.498739
v 2.749369 10.033716 -5.498739
v 1.832913 10.033715 -6.415195
v 1.832913 10.033716 -4.582283
v 4.582282 10.033716 5.498737
v 6.415195 10.033716 5.498737
v 5.498738 10.033716 4.582281
v 5.498738 10.033717 6.415194
v 4.582282 10.033716 1.832912
v 6.415195 10.033716 1.832912
v 5.498738 10.033716 0.916456
v 5.498738 10.033716 2.749368
v 0.916456 10.033716 1.832912
v 2.749369 10.033716 1.832912
v 1.832913 10.033716 0.916456
v 1.832913 10.033716 2.749368
v 2.814839 -5.319486 18.806572
v 2.814839 -5.319486 17.205376
v 2.814839 -3.454853 18.806572
v 2.814839 -3.454853 17.205376
v 2.814839 -3.454853 22.008961
v 2.814839 -3.454853 20.407768
v 2.814839 -5.319486 12.401793
v 2.814839 -5.319486 10.800597
v 2.814839 -3.454854 12.401793
v 2.814839 -3.454854 10.800597
v 2.814839 -3.454853 15.604182
v 2.814839 -3.454854 14.002987
v 2.814839 -9.048751 12.401793
v 2.814839 -9.048751 10.800598
v 2.814839 -7.184119 12.401793
v 2.814839 -7.184119 10.800598
v 2.814839 -7.184119 15.604183
v 2.814839 -7.184119 14.002988
v -0.703710 -2.522537 18.806572
v -0.703710 -2.522537 17.205376
v -2.111129 -2.522537 18.806572
v -2.111129 -2.522537 17.205376
v -2.111129 -2.522536 22.008961
v -2.111129 -2.522537 20.407768
v -0.703710 -2.522537 12.401793
v -0.703710 -2.522537 10.800597
v -2.111129 -2.522537 12.401793
v -2.111129 -2.522537 10.800597
v -2.111129 -2.522537 15.604182
v -2.111129 -2.522537 14.002987
v 2.111129 -2.522537 12.401793
v 2.111129 -2.522537 10.800597
v 0.703710 -2.522537 12.401793
v 0.703710 -2.522537 10.800597
v 0.703710 -2.522537 15.604182
v 0.703710 -2.522537 14.002987
v -2.814839 -7.184118 18.806572
v -2.814839 -7.184118 17.205376
v -2.814839 -9.048751 18.806572
v -2.814839 -9.048751 17.205376
v -2.814839 -9.048750 22.008961
v -2.814839 -9.048750 20.407768
v -2.814839 -7.184119 12.401793
v -2.814839 -7.184119 10.800598
v -2.814839 -9.048751 12.401793
v -2.814839 -9.048751 10.800598
v -2.814839 -9.048751 15.604183
v -2.814839 -9.048751 14.002988
v -2.814839 -3.454854 12.401793
v -2.814839 -3.454854 10.800597
v -2.814839 -5.319486 12.401793
v -2.814839 -5.319486 10.800597
v -2.814839 -5.319486 15.604182
v -2.814839 -5.319486 14.002987
v 0.703710 -9.981068 18.806572
v 0.703710 -9.981068 17.205376
v 2.111129 -9.981068 18.806572
v 2.111129 -9.981068 17.205376
v 2.111129 -9.981067 22.008961
v 2.111129 -9.981067 20.407768
v 0.703710 -9.981068 12.401793
v 0.703710 -9.981068 10.800598
v 2.111129 -9.981068 12.401793
v 2.111129 -9.981068 10.800598
v 2.111129 -9.981068 15.604183
v 2.111129 -9.981068 14.002988
v -2.111129 -9.981068 12.401793
v -2.111129 -9.981068 10.800598
v -0.703710 -9.981068 12.401793
v -0.703710 -9.981068 10.800598
v -0.703710 -9.981068 15.604183
v -0.703710 -9.981068 14.002988
v 5.060202 -2.875897 10.000000
v 5.958346 -1.898461 10.000000
v 5.509274 -1.627080 10.000000
v 5.509274 -3.147278 10.000000
v 5.060202 -0.031462 10.000000
v 5.958346 1.337895 10.000000
v 5.509274 1.413316 10.000000
v 5.509274 -0.106882 10.000000
v 3.263911 -2.770175 10.000000
v 4.162056 -1.400818 10.000000
v 3.712984 -1.521358 10.000000
v 3.712984 -2.649635 10.000000
v 8.652782 1.033847 10.000000
v 9.550927 2.011283 10.000000
v 9.101854 2.674585 10.000000
v 9.101854 0.370545 10.000000
v 8.652782 5.445966 10.000000
v 9.550927 6.815323 9.999999
v 9.101854 7.282664 9.999999
v 9.101854 4.978624 10.000000
v 6.856492 2.707252 10.000000
v 7.754637 4.076609 10.000000
v 7.305564 4.347990 10.000000
v 7.305564 2.435871 10.000000
v 9.101854 -6.541574 10.000001
v 9.101854 -8.845613 10.000001
v 8.652782 -3.378272 10.000000
v 9.550927 -2.792757 10.000000
v 9.101854 -1.933495 10.000000
v 9.101854 -4.237534 10.000000
v 6.856492 -4.549302 10.000000
v 7.754637 -3.963787 10.000000
v 7.305564 -3.300485 10.000000
v 7.305564 -5.212604 10.000000
v -1.265050 1.390756 10.000000
v -1.489587 2.956073 10.000000
v -2.065978 2.173414 10.000000
v -0.688659 2.173414 10.000000
v -3.795151 1.390756 10.000000
v -4.468760 2.956073 10.000000
v -4.820615 2.173414 10.000000
v -3.443296 2.173414 10.000000
v -2.447934 -1.739879 10.000000
v -3.121542 -0.174561 10.000000
v -2.163196 7.652025 9.999999
v -2.387732 9.217342 9.999999
v -3.413195 8.434684 9.999999
v -1.137732 8.434684 9.999999
v -6.489587 7.652025 9.999999
v -7.163196 9.217342 9.999999
v -7.964123 8.434684 9.999999
v -5.688659 8.434684 9.999999
v -5.142369 4.521391 10.000000
v -5.815978 6.086708 10.000000
v -6.392369 5.304049 10.000000
v -4.565978 5.304049 10.000000
v 6.489587 7.652025 9.999999
v 7.163196 9.217342 9.999999
v 5.688659 8.434684 9.999999
v 7.964123 8.434684 9.999999
v 2.163196 7.652025 9.999999
v 2.387732 9.217342 9.999999
v 1.137732 8.434684 9.999999
v 3.413195 8.434684 9.999999
v 1.714123 4.521391 10.000000
v 1.938659 6.086708 10.000000
v 0.913196 5.304049 10.000000
v 2.739587 5.304049 10.000000
v 3.750000 -10.000000 -2.499999
v 1.250000 -10.000000 -2.499999
v 2.500000 -10.000000 -3.749999
v 2.500000 -10.000000 -1.249999
v 3.750000 -10.000001 -7.499999
v 1.250000 -10.000001 -7.499999
v 2.500000 -10.000001 -8.749999
v 2.500000 -10.000000 -6.249999
v 8.750000 -10.000001 -7.499999
v 6.250000 -10.000001 -7.499999
v 7.500000 -10.000001 -8.749999
v 7.500000 -10.000000 -6.249999
v -6.250000 -10.000000 -2.499999
v -8.750000 -10.000000 -2.499999
v -7.500000 -10.000000 -3.749999
v -7.500000 -10.000000 -1.249999
v -6.250000 -10.000001 -7.499999
v -8.750000 -10.000001 -7.499999
v -7.500000 -10.000001 -8.749999
v -7.500000 -10.000000 -6.249999
v -1.250000 -10.000001 -7.499999
v -3.750000 -10.000001 -7.499999
v -2.500000 -10.000001 -8.749999
v -2.500000 -10.000000 -6.249999
v -6.250000 -9.999999 7.500001
v -8.750000 -9.999999 7.500001
v -7.500000 -10.000000 6.250001
v -7.500000 -9.999999 8.750001
v -6.250000 -10.000000 2.500001
v -8.750000 -10.000000 2.500001
v -7.500000 -10.000000 1.250001
v -7.500000 -10.000000 3.750001
v -1.250000 -10.000000 2.500001
v -3.750000 -10.000000 2.500001
v -2.500000 -10.000000 1.250001
v -2.500000 -10.000000 3.750001
v -5.060202 -5.720331 10.000000
v -5.958346 -5.134817 10.000000
v -5.509274 -6.187673 10.000000
v -5.509274 -4.667475 10.000000
v -5.509274 -9.228068 10.000001
v -5.509274 -7.707870 10.000001
v -3.712984 -9.419295 10.000001
v -3.712984 -8.291018 10.000001
v -8.652782 -3.378272 10.000000
v -9.550927 -2.792757 10.000000
v -9.101854 -4.237534 10.000000
v -9.101854 -1.933494 10.000000
v -9.101854 -8.845613 10.000001
v -9.101854 -6.541574 10.000001
v -7.305564 -9.036840 10.000001
v -7.305564 -7.124722 10.000001
v -8.652782 5.445966 10.000000
v -9.550927 6.815323 9.999999
v -9.101854 4.978624 10.000000
v -9.101854 7.282664 9.999999
v -8.652782 1.033847 10.000000
v -9.550927 2.011283 10.000000
v -9.101854 0.370545 10.000000
v -9.101854 2.674585 10.000000
v -6.856492 -0.921025 10.000000
v -7.754637 0.056411 10.000000
v -7.305564 -1.388366 10.000000
v -7.305564 0.523752 10.000000
v 10.000000 3.750000 -2.500000
v 10.000000 1.250000 -2.500000
v 10.000000 2.500000 -3.750000
v 10.000000 2.500000 -1.250000
v 10.000000 3.750000 -7.500000
v 10.000000 1.249999 -7.500000
v 10.000000 2.499999 -8.750000
v 10.000000 2.500000 -6.250000
v 10.000000 8.749999 -7.500000
v 10.000000 6.250000 -7.500000
v 10.000000 7.500000 -8.750001
v 10.000000 7.500000 -6.250000
v 10.000000 -6.250000 -2.500000
v 10.000000 -8.750000 -2.499999
v 10.000000 -7.500000 -3.750000
v 10.000000 -7.500000 -1.249999
v 10.000000 -6.250000 -7.500000
v 10.000000 -8.750001 -7.500000
v 10.000000 -7.500000 -8.749999
v 10.000000 -7.500000 -6.250000
v 10.000000 -1.250001 -7.500000
v 10.000000 -3.750000 -7.500000
v 10.000000 -2.500001 -8.750000
v 10.000000 -2.500000 -6.250000
v 10.000000 -6.250000 7.500000
v 10.000000 -8.749999 7.500000
v 10.000000 -7.500000 6.250000
v 10.000000 -7.500000 8.750001
v 10.000000 -6.250000 2.500000
v 10.000000 -8.750000 2.500001
v 10.000000 -7.500000 1.250001
v 10.000000 -7.500000 3.750000
v 10.000000 -1.250000 2.500000
v 10.000000 -3.750000 2.500000
v 10.000000 -2.500000 1.250000
v 10.000000 -2.500000 3.750000
v -2.500000 3.749999 -10.000000
v -2.500000 1.249999 -10.000000
v -3.750000 2.499999 -10.000000
v -1.250000 2.499999 -10.000000
v -7.500000 3.749999 -10.000000
v -7.500000 1.249999 -10.000000
v -8.750000 2.499999 -10.000000
v -6.250000 2.499999 -10.000000
v -7.500000 8.749999 -10.000001
v -7.500000 6.249999 -10.000000
v -8.750000 7.499999 -10.000001
v -6.250000 7.499999 -10.000001
v -2.500000 -6.250001 -10.000000
v -2.500000 -8.750001 -9.999999
v -3.750000 -7.500001 -9.999999
v -1.250000 -7.500001 -9.999999
v -7.500000 -6.250001 -10.000000
v -7.500000 -8.750001 -9.999999
v -8.750000 -7.500001 -9.999999
v -6.250000 -7.500001 -9.999999
v -7.500000 -1.250001 -10.000000
v -7.500000 -3.750001 -10.000000
v -8.750000 -2.500001 -10.000000
v -6.250000 -2.500001 -10.000000
v 7.500000 -6.250001 -10.000000
v 7.500000 -8.750001 -9.999999
v 6.250000 -7.500001 -9.999999
v 8.750000 -7.500001 -9.999999
v 2.500000 -6.250001 -10.000000
v 2.500000 -8.750001 -9.999999
v 1.250000 -7.500001 -9.999999
v 3.750000 -7.500001 -9.999999
v 2.500000 -1.250001 -10.000000
v 2.500000 -3.750001 -10.000000
v 1.250000 -2.500001 -10.000000
v 3.750000 -2.500001 -10.000000
v -10.000000 3.750000 2.500000
v -10.000000 1.250000 2.500000
v -10.000000 2.500000 3.750000
v -10.000000 2.500000 1.250000
v -10.000000 3.750000 7.500000
v -10.000000 1.250001 7.500000
v -10.000000 2.500001 8.750000
v -10.000000 2.500000 6.250000
v -10.000000 8.750001 7.500000
v -10.000000 6.250000 7.500000
v -10.000000 7.500000 8.749999
v -10.000000 7.500000 6.250000
v -10.000000 -6.250000 2.500000
v -10.000000 -8.750000 2.500001
v -10.000000 -7.500000 3.750000
v -10.000000 -7.500000 1.250001
v -10.000000 -6.250000 7.500000
v -10.000000 -8.749999 7.500000
v -10.000000 -7.500000 8.750001
v -10.000000 -7.500000 6.250000
v -10.000000 -1.249999 7.500000
v -10.000000 -3.750000 7.500000
v -10.000000 -2.499999 8.750000
v -10.000000 -2.500000 6.250000
v -10.000000 -6.250000 -7.500000
v -10.000000 -8.750001 -7.500000
v -10.000000 -7.500000 -6.250000
v -10.000000 -7.500000 -8.749999
v -10.000000 -6.250000 -2.500000
v -10.000000 -8.750000 -2.499999
v -10.000000 -7.500000 -1.249999
v -10.000000 -7.500000 -3.750000
v -10.000000 -1.250000 -2.500000
v -10.000000 -3.750000 -2.500000
v -10.000000 -2.500000 -1.250000
v -10.000000 -2.500000 -3.750000
v -10.000000 -1.250001 -7.500000
v -10.000000 -3.750000 -7.500000
v -10.000000 -2.500000 -6.250000
v -10.000000 -2.500001 -8.750000
v -10.000000 -1.250000 2.500000
v -10.000000 -3.750000 2.500000
v -10.000000 -2.500000 3.750000
v -10.000000 -2.500000 1.250000
v -10.000000 8.750000 2.499999
v -10.000000 6.250000 2.500000
v -10.000000 7.500000 3.750000
v -10.000000 7.500000 1.249999
v 7.500000 -1.250001 -10.000000
v 7.500000 -3.750001 -10.000000
v 6.250000 -2.500001 -10.000000
v 8.750000 -2.500001 -10.000000
v -2.500000 -1.250001 -10.000000
v -2.500000 -3.750001 -10.000000
v -3.750000 -2.500001 -10.000000
v -1.250000 -2.500001 -10.000000
v -2.500000 8.749999 -10.000001
v -2.500000 6.249999 -10.000000
v -3.750000 7.499999 -10.000001
v -1.250000 7.499999 -10.000001
v 10.000000 -1.249999 7.500000
v 10.000000 -3.750000 7.500000
v 10.000000 -2.500000 6.250000
v 10.000000 -2.499999 8.750000
v 10.000000 -1.250000 -2.500000
v 10.000000 -3.750000 -2.500000
v 10.000000 -2.500000 -3.750000
v 10.000000 -2.500000 -1.250000
v 10.000000 8.750000 -2.500001
v 10.000000 6.250000 -2.500000
v 10.000000 7.500000 -3.750000
v 10.000000 7.500000 -1.250001
v -6.856492 2.707252 10.000000
v -7.754637 4.076609 10.000000
v -7.305564 2.435871 10.000000
v -7.305564 4.347990 10.000000
v -6.856492 -4.549302 10.000000
v -7.754637 -3.963787 10.000000
v -7.305564 -5.212604 10.000000
v -7.305564 -3.300485 10.000000
v -3.263911 -6.891361 10.000001
v -4.162056 -6.305846 10.000000
v -3.712984 -7.162742 10.000001
v -3.712984 -6.034465 10.000000
v -1.250000 -9.999999 7.500001
v -3.750000 -9.999999 7.500001
v -2.500000 -10.000000 6.250001
v -2.500000 -9.999999 8.750001
v -1.250000 -10.000000 -2.499999
v -3.750000 -10.000000 -2.499999
v -2.500000 -10.000000 -3.749999
v -2.500000 -10.000000 -1.249999
v 8.750000 -10.000000 -2.499999
v 6.250000 -10.000000 -2.499999
v 7.500000 -10.000000 -3.749999
v 7.500000 -10.000000 -1.249999
v 5.142369 4.521391 10.000000
v 5.815978 6.086708 10.000000
v 4.565978 5.304049 10.000000
v 6.392369 5.304049 10.000000
v -1.714123 4.521391 10.000000
v -1.938659 6.086708 10.000000
v -2.739587 5.304049 10.000000
v -0.913196 5.304049 10.000000
v -0.815978 -1.739879 10.000000
v -1.040514 -0.174561 10.000000
v 7.305564 -7.124722 10.000001
v 7.305564 -9.036840 10.000001
v 6.856492 -0.921025 10.000000
v 7.754637 0.056411 10.000000
v 7.305564 0.523752 10.000000
v 7.305564 -1.388366 10.000000
v 3.263911 -4.830768 10.000000
v 4.162056 -3.853332 10.000000
v 3.712984 -3.777912 10.000000
v 3.712984 -4.906188 10.000000
v -2.111129 -9.981068 15.604183
v -2.111129 -9.981068 14.002988
v 0.703710 -9.981068 15.604183
v 0.703710 -9.981068 14.002988
v 0.703710 -9.981067 22.008961
v 0.703710 -9.981067 20.407768
v -2.814839 -3.454853 15.604182
v -2.814839 -3.454854 14.002987
v -2.814839 -7.184119 15.604183
v -2.814839 -7.184119 14.002988
v -2.814839 -7.184118 22.008961
v -2.814839 -7.184118 20.407768
v 2.111129 -2.522537 15.604182
v 2.111129 -2.522537 14.002987
v -0.703710 -2.522537 15.604182
v -0.703710 -2.522537 14.002987
v -0.703710 -2.522536 22.008961
v -0.703710 -2.522537 20.407768
v 2.814839 -9.048751 15.604183
v 2.814839 -9.048751 14.002988
v 2.814839 -5.319486 15.604182
v 2.814839 -5.319486 14.002987
v 2.814839 -5.319486 22.008961
v 2.814839 -5.319486 20.407768
v 0.916456 10.033716 5.498737
v 2.749369 10.033716 5.498737
v 1.832913 10.033716 4.582281
v 1.832913 10.033717 6.415194
v 0.916456 10.033716 -1.832914
v 2.749369 10.033716 -1.832914
v 1.832913 10.033716 -2.749370
v 1.832913 10.033716 -0.916457
v -6.415195 10.033716 -1.832914
v -4.582282 10.033716 -1.832914
v -5.498738 10.033716 -2.749370
v -5.498738 10.033716 -0.916457
v -6.415195 10.033716 5.498737
v -4.582282 10.033716 5.498737
v -5.498738 10.033716 4.582281
v -5.498738 10.033717 6.415194
v 2.814839 -9.048750 22.008961
v 2.814839 -9.048750 20.407768
v 2.111129 -2.522536 22.008961
v 2.111129 -2.522537 20.407768
v -2.814839 -3.454853 22.008961
v -2.814839 -3.454853 20.407768
v -2.111129 -9.981067 22.008961
v -2.111129 -9.981067 20.407768
v 3.712984 -8.291018 10.000001
v 3.712984 -9.419295 10.000001
v 2.447934 -1.739879 10.000000
v 3.121542 -0.174561 10.000000
v 8.750000 -9.999999 7.500001
v 6.250000 -9.999999 7.500001
v 7.500000 -10.000000 6.250001
v 7.500000 -9.999999 8.750001
v -3.263911 -2.770175 10.000000
v -4.162056 -1.400818 10.000000
v -3.712984 -2.649635 10.000000
v -3.712984 -1.521358 10.000000
v 10.000000 8.750001 7.500000
v 10.000000 6.250000 7.500000
v 10.000000 7.500000 6.250000
v 10.000000 7.500000 8.749999
v 7.500000 8.749999 -10.000001
v 7.500000 6.249999 -10.000000
v 6.250000 7.499999 -10.000001
v 8.750000 7.499999 -10.000001
v -10.000000 8.749999 -7.500000
v -10.000000 6.250000 -7.500000
v -10.000000 7.500000 -6.250000
v -10.000000 7.500000 -8.750001
v -10.000000 6.250000 -8.750000
v -10.000000 6.250000 -6.250000
v -10.000000 8.750000 -6.250000
v 8.750000 6.249999 -10.000000
v 6.250000 6.249999 -10.000000
v 6.250000 8.749999 -10.000001
v 10.000000 6.250000 8.750000
v 10.000000 6.250000 6.250000
v 10.000000 8.750000 6.250000
v -4.162056 -0.787690 10.000000
v -4.162056 -2.013947 10.000000
v 6.250000 -9.999999 8.750001
v 6.250000 -10.000000 6.250001
v 8.750000 -10.000000 6.250001
v -4.582282 10.033717 6.415194
v -4.582282 10.033716 4.582281
v -6.415195 10.033716 4.582281
v -4.582282 10.033716 -0.916457
v -4.582282 10.033716 -2.749370
v -6.415195 10.033716 -2.749370
v 2.749369 10.033716 -0.916457
v 2.749369 10.033716 -2.749370
v 0.916456 10.033716 -2.749370
v 2.749369 10.033717 6.415194
v 2.749369 10.033716 4.582281
v 0.916456 10.033716 4.582281
v 4.162056 -4.466461 10.000000
v 4.162056 -3.240204 10.000000
v 7.754637 -0.948638 10.000000
v 7.754637 1.061460 10.000000
v 6.856492 -0.013956 10.000000
v -0.969330 6.086708 10.000000
v -2.907989 6.086708 10.000000
v -2.571184 4.521391 10.000000
v 6.785308 6.086708 10.000000
v 4.846648 6.086708 10.000000
v 4.285307 4.521391 10.000000
v 6.250000 -10.000000 -1.249999
v 6.250000 -10.000000 -3.749999
v 8.750000 -10.000000 -3.749999
v -3.750000 -10.000000 -1.249999
v -3.750000 -10.000000 -3.749999
v -1.250000 -10.000000 -3.749999
v -3.750000 -9.999999 8.750001
v -3.750000 -10.000000 6.250001
v -1.250000 -10.000000 6.250001
v -4.162056 -5.692718 10.000000
v -7.754637 -2.958737 10.000000
v -7.754637 5.081658 10.000000
v -7.754637 3.071559 10.000000
v -6.856492 1.800183 10.000000
v 10.000000 6.250000 -1.250000
v 10.000000 6.250000 -3.750000
v 10.000000 8.750000 -3.750001
v 10.000000 -3.750000 -1.250000
v 10.000000 -3.750000 -3.750000
v 10.000000 -1.250000 -3.750000
v 10.000000 -3.749999 8.750000
v 10.000000 -3.750000 6.250000
v 10.000000 -1.250000 6.250000
v -1.250000 6.249999 -10.000000
v -3.750000 6.249999 -10.000000
v -3.750000 8.749999 -10.000001
v -1.250000 -3.750001 -10.000000
v -3.750000 -3.750001 -10.000000
v -3.750000 -1.250001 -10.000000
v 8.750000 -3.750001 -10.000000
v 6.250000 -3.750001 -10.000000
v 6.250000 -1.250001 -10.000000
v -10.000000 6.250000 1.250000
v -10.000000 6.250000 3.750000
v -10.000000 8.750000 3.749999
v -10.000000 -3.750000 1.250000
v -10.000000 -3.750000 3.750000
v -10.000000 -1.250000 3.750000
v -10.000000 -3.750001 -8.750000
v -10.000000 -3.750000 -6.250000
v -10.000000 -1.250000 -6.250000
v -10.000000 -3.750000 -3.750000
v -10.000000 -3.750000 -1.250000
v -10.000000 -1.250000 -1.250000
v -10.000000 -8.750000 -3.749999
v -10.000000 -8.750000 -1.249999
v -10.000000 -6.250000 -1.250000
v -10.000000 -8.750001 -8.749999
v -10.000000 -8.750000 -6.250000
v -10.000000 -6.250000 -6.250000
v -10.000000 -3.750000 6.250000
v -10.000000 -3.749999 8.750000
v -10.000000 -1.249999 8.750000
v -10.000000 -8.750000 6.250000
v -10.000000 -8.749999 8.750001
v -10.000000 -6.250000 8.750000
v -10.000000 -8.750000 1.250001
v -10.000000 -8.750000 3.750001
v -10.000000 -6.250000 3.750000
v -10.000000 6.250000 6.250000
v -10.000000 6.250000 8.750000
v -10.000000 8.750001 8.749999
v -10.000000 1.250000 6.250000
v -10.000000 1.250001 8.750000
v -10.000000 3.750001 8.750000
v -10.000000 1.250000 1.250000
v -10.000000 1.250000 3.750000
v -10.000000 3.750000 3.750000
v 3.750000 -3.750001 -10.000000
v 1.250000 -3.750001 -10.000000
v 1.250000 -1.250001 -10.000000
v 3.750000 -8.750001 -9.999999
v 1.250000 -8.750001 -9.999999
v 1.250000 -6.250001 -10.000000
v 8.750000 -8.750001 -9.999999
v 6.250000 -8.750001 -9.999999
v 6.250000 -6.250001 -10.000000
v -6.250000 -3.750001 -10.000000
v -8.750000 -3.750001 -10.000000
v -8.750000 -1.250001 -10.000000
v -6.250000 -8.750001 -9.999999
v -8.750000 -8.750001 -9.999999
v -8.750000 -6.250001 -10.000000
v -1.250000 -8.750001 -9.999999
v -3.750000 -8.750001 -9.999999
v -3.750000 -6.250001 -10.000000
v -6.250000 6.249999 -10.000000
v -8.750000 6.249999 -10.000000
v -8.750000 8.749999 -10.000001
v -6.250000 1.249999 -10.000000
v -8.750000 1.249999 -10.000000
v -8.750000 3.749999 -10.000000
v -1.250000 1.249999 -10.000000
v -3.750000 1.249999 -10.000000
v -3.750000 3.749999 -10.000000
v 10.000000 -3.750000 3.750000
v 10.000000 -3.750000 1.250000
v 10.000000 -1.250000 1.250000
v 10.000000 -8.750000 3.750001
v 10.000000 -8.750000 1.250001
v 10.000000 -6.250000 1.250000
v 10.000000 -8.749999 8.750001
v 10.000000 -8.750000 6.250000
v 10.000000 -6.250000 6.250000
v 10.000000 -3.750000 -6.250000
v 10.000000 -3.750001 -8.750000
v 10.000000 -1.250001 -8.750000
v 10.000000 -8.750000 -6.250000
v 10.000000 -8.750001 -8.749999
v 10.000000 -6.250000 -8.750000
v 10.000000 -8.750000 -1.249999
v 10.000000 -8.750000 -3.749999
v 10.000000 -6.250000 -3.750000
v 10.000000 6.250000 -6.250000
v 10.000000 6.250000 -8.750000
v 10.000000 8.749999 -8.750001
v 10.000000 1.250000 -6.250000
v 10.000000 1.249999 -8.750000
v 10.000000 3.749999 -8.750000
v 10.000000 1.250000 -1.250000
v 10.000000 1.250000 -3.750000
v 10.000000 3.750000 -3.750000
v -7.754637 1.061460 10.000000
v -7.754637 -0.948638 10.000000
v -6.856492 -1.828094 10.000000
v -9.550927 3.212293 10.000000
v -9.550927 0.810273 10.000000
v -8.652782 -0.069183 10.000000
v -9.550927 8.016333 9.999999
v -9.550927 5.614313 10.000000
v -8.652782 4.342936 10.000000
v -9.550927 -1.591747 10.000000
v -5.958346 -4.325727 10.000000
v -3.750000 -10.000000 3.750001
v -3.750000 -10.000000 1.250001
v -1.250000 -10.000000 1.250001
v -8.750000 -10.000000 3.750001
v -8.750000 -10.000000 1.250001
v -6.250000 -10.000000 1.250001
v -8.750000 -9.999999 8.750001
v -8.750000 -10.000000 6.250001
v -6.250000 -10.000000 6.250001
v -3.750000 -10.000000 -6.249999
v -3.750000 -10.000001 -8.749999
v -1.250000 -10.000001 -8.749999
v -8.750000 -10.000000 -6.249999
v -8.750000 -10.000001 -8.749999
v -6.250000 -10.000001 -8.749999
v -8.750000 -10.000000 -1.249999
v -8.750000 -10.000000 -3.749999
v -6.250000 -10.000000 -3.749999
v 6.250000 -10.000000 -6.249999
v 6.250000 -10.000001 -8.749999
v 8.750000 -10.000001 -8.749999
v 1.250000 -10.000000 -6.249999
v 1.250000 -10.000001 -8.749999
v 3.750000 -10.000001 -8.749999
v 1.250000 -10.000000 -1.249999
v 1.250000 -10.000000 -3.749999
v 3.750000 -10.000000 -3.749999
v 2.907989 6.086708 10.000000
v 0.969330 6.086708 10.000000
v 0.857062 4.521391 10.000000
v 3.581598 9.217342 9.999999
v 1.193866 9.217342 9.999999
v 1.081598 7.652025 9.999999
v 8.357061 9.217342 9.999999
v 5.969330 9.217342 9.999999
v 5.407989 7.652025 9.999999
v -4.846648 6.086708 10.000000
v -6.785308 6.086708 10.000000
v -5.999431 4.521391 10.000000
v -5.969330 9.217342 9.999999
v -8.357061 9.217342 9.999999
v -7.571184 7.652025 9.999999
v -1.193866 9.217342 9.999999
v -3.581598 9.217342 9.999999
v -3.244793 7.652025 9.999999
v -3.723967 2.956073 10.000000
v -5.213553 2.956073 10.000000
v -4.427676 1.390756 10.000000
v -0.744793 2.956073 10.000000
v -2.234380 2.956073 10.000000
v -1.897576 1.390756 10.000000
v 7.754637 -2.958737 10.000000
v 6.856492 -3.642233 10.000000
v 9.550927 -1.591747 10.000000
v 8.652782 -2.275242 10.000000
v 7.754637 3.071559 10.000000
v 7.754637 5.081658 10.000000
v 6.856492 3.614321 10.000000
v 9.550927 5.614313 10.000000
v 9.550927 8.016333 9.999999
v 8.652782 6.548996 9.999999
v 9.550927 0.810273 10.000000
v 9.550927 3.212293 10.000000
v 8.652782 2.136877 10.000000
v 4.162056 -2.013947 10.000000
v 4.162056 -0.787690 10.000000
v 5.958346 0.528806 10.000000
v 5.958346 2.146984 10.000000
v 5.060202 0.679647 10.000000
v 5.958346 -2.707550 10.000000
v 5.958346 -1.089372 10.000000
v 5.060202 -2.164788 10.000000
v 2.749369 10.033716 2.749368
v 2.749369 10.033716 0.916456
v 0.916456 10.033716 0.916456
v 6.415195 10.033716 2.749368
v 6.415195 10.033716 0.916456
v 4.582282 10.033716 0.916456
v 6.415195 10.033717 6.415194
v 6.415195 10.033716 4.582281
v 4.582282 10.033716 4.582281
v 2.749369 10.033716 -4.582283
v 2.749369 10.033715 -6.415195
v 0.916456 10.033715 -6.415195
v 6.415195 10.033716 -4.582283
v 6.415195 10.033715 -6.415195
v 4.582282 10.033715 -6.415195
v 6.415195 10.033716 -0.916457
v 6.415195 10.033716 -2.749370
v 4.582282 10.033716 -2.749370
v -4.582282 10.033716 -4.582283
v -4.582282 10.033715 -6.415195
v -6.415195 10.033715 -6.415195
v -0.916456 10.033716 -4.582283
v -0.916456 10.033715 -6.415195
v -2.749369 10.033715 -6.415195
v -0.916456 10.033716 -0.916457
v -0.916456 10.033716 -2.749370
v -2.749369 10.033716 -2.749370
v -4.582282 10.033716 2.749368
v -4.582282 10.033716 0.916456
v -6.415195 10.033716 0.916456
v -0.916456 10.033716 2.749368
v -0.916456 10.033716 0.916456
v -2.749369 10.033716 0.916456
v -0.916456 10.033717 6.415194
v -0.916456 10.033716 4.582281
v -2.749369 10.033716 4.582281
v 4.162056 -5.692718 10.000000
v 5.958346 -4.325727 10.000000
v 5.060202 -5.009223 10.000000
v 2.234380 2.956073 10.000000
v 0.744793 2.956073 10.000000
v 0.632525 1.390756 10.000000
v 5.213553 2.956073 10.000000
v 3.723967 2.956073 10.000000
v 3.162626 1.390756 10.000000
v 6.250000 -10.000000 3.750001
v 6.250000 -10.000000 1.250001
v 8.750000 -10.000000 1.250001
v 1.250000 -10.000000 3.750001
v 1.250000 -10.000000 1.250001
v 3.750000 -10.000000 1.250001
v 1.250000 -9.999999 8.750001
v 1.250000 -10.000000 6.250001
v 3.750000 -10.000000 6.250001
v -4.162056 -3.240204 10.000000
v -4.162056 -4.466461 10.000000
v -5.958346 -1.089372 10.000000
v -5.958346 -2.707550 10.000000
v -5.060202 -3.587005 10.000000
v -5.958346 2.146984 10.000000
v -5.958346 0.528806 10.000000
v -5.060202 -0.742570 10.000000
v 10.000000 6.250000 3.750000
v 10.000000 6.250000 1.250000
v 10.000000 8.750000 1.249999
v 10.000000 1.250000 3.750000
v 10.000000 1.250000 1.250000
v 10.000000 3.750000 1.250000
v 10.000000 1.250001 8.750000
v 10.000000 1.250000 6.250000
v 10.000000 3.750000 6.250000
v 3.750000 6.249999 -10.000000
v 1.250000 6.249999 -10.000000
v 1.250000 8.749999 -10.000001
v 3.750000 1.249999 -10.000000
v 1.250000 1.249999 -10.000000
v 1.250000 3.749999 -10.000000
v 8.750000 1.249999 -10.000000
v 6.250000 1.249999 -10.000000
v 6.250000 3.749999 -10.000000
v -10.000000 6.250000 -3.750000
v -10.000000 6.250000 -1.250000
v -10.000000 8.750000 -1.250001
v -10.000000 1.250000 -3.750000
v -10.000000 1.250000 -1.250000
v -10.000000 3.750000 -1.250000
v -10.000000 1.249999 -8.750000
v -10.000000 1.250000 -6.250000
v -10.000000 3.750000 -6.250000
v -10.000000 3.749999 -8.750000
v -10.000000 3.750000 -3.750000
v -10.000000 8.750000 -3.750001
v 8.750000 3.749999 -10.000000
v 3.750000 3.749999 -10.000000
v 3.750000 8.749999 -10.000001
v 10.000000 3.750001 8.750000
v 10.000000 3.750000 3.750000
v 10.000000 8.750000 3.749999
v -5.060202 0.679647 10.000000
v -5.060202 -2.164788 10.000000
v 3.750000 -9.999999 8.750001
v 3.750000 -10.000000 3.750001
v 8.750000 -10.000000 3.750001
v 4.427676 1.390756 10.000000
v 1.897576 1.390756 10.000000
v -2.749369 10.033717 6.415194
v -2.749369 10.033716 2.749368
v -6.415195 10.033716 2.749368
v -2.749369 10.033716 -0.916457
v -2.749369 10.033716 -4.582283
v -6.415195 10.033716 -4.582283
v 4.582282 10.033716 -0.916457
v 4.582282 10.033716 -4.582283
v 0.916456 10.033716 -4.582283
v 4.582282 10.033717 6.415194
v 4.582282 10.033716 2.749368
v 0.916456 10.033716 2.749368
v 5.060202 -3.587005 10.000000
v 5.060202 -0.742570 10.000000
v 8.652782 -0.069183 10.000000
v 8.652782 4.342936 10.000000
v 6.856492 1.800183 10.000000
v -0.632525 1.390756 10.000000
v -3.162626 1.390756 10.000000
v -1.081598 7.652025 9.999999
v -5.407989 7.652025 9.999999
v -4.285307 4.521391 10.000000
v 7.571184 7.652025 9.999999
v 3.244793 7.652025 9.999999
v 2.571184 4.521391 10.000000
v 3.750000 -10.000000 -1.249999
v 3.750000 -10.000000 -6.249999
v 8.750000 -10.000000 -6.249999
v -6.250000 -10.000000 -1.249999
v -6.250000 -10.000000 -6.249999
v -1.250000 -10.000000 -6.249999
v -6.250000 -9.999999 8.750001
v -6.250000 -10.000000 3.750001
v -1.250000 -10.000000 3.750001
v -5.060202 -5.009223 10.000000
v -8.652782 -2.275242 10.000000
v -8.652782 6.548996 9.999999
v -8.652782 2.136877 10.000000
v -6.856492 -0.013956 10.000000
v 10.000000 3.750000 -1.250000
v 10.000000 3.750000 -6.250000
v 10.000000 8.750000 -6.250000
v 10.000000 -6.250000 -1.250000
v 10.000000 -6.250000 -6.250000
v 10.000000 -1.250000 -6.250000
v 10.000000 -6.250000 8.750000
v 10.000000 -6.250000 3.750000
v 10.000000 -1.250000 3.750000
v -1.250000 3.749999 -10.000000
v -6.250000 3.749999 -10.000000
v -6.250000 8.749999 -10.000001
v -1.250000 -6.250001 -10.000000
v -6.250000 -6.250001 -10.000000
v -6.250000 -1.250001 -10.000000
v 8.750000 -6.250001 -10.000000
v 3.750000 -6.250001 -10.000000
v 3.750000 -1.250001 -10.000000
v -10.000000 3.750000 1.250000
v -10.000000 3.750000 6.250000
v -10.000000 8.750000 6.250000
v -10.000000 -6.250000 1.250000
v -10.000000 -6.250000 6.250000
v -10.000000 -1.250000 6.250000
v -10.000000 -6.250000 -8.750000
v -10.000000 -6.250000 -3.750000
v -10.000000 -1.250000 -3.750000
v -10.000000 -1.250001 -8.750000
v -10.000000 -1.250000 1.250000
v -10.000000 8.750000 1.249999
v 8.750000 -1.250001 -10.000000
v -1.250000 -1.250001 -10.000000
v -1.250000 8.749999 -10.000001
v 10.000000 -1.249999 8.750000
v 10.000000 -1.250000 -1.250000
v 10.000000 8.750000 -1.250001
v -6.856492 3.614321 10.000000
v -6.856492 -3.642233 10.000000
v -1.250000 -9.999999 8.750001
v -1.250000 -10.000000 -1.249999
v 8.750000 -10.000000 -1.249999
v 5.999431 4.521391 10.000000
v -0.857062 4.521391 10.000000
v 6.856492 -1.828094 10.000000
v 0.916456 10.033717 6.415194
v 0.916456 10.033716 -0.916457
v -6.415195 10.033716 -0.916457
v -6.415195 10.033717 6.415194
v 8.750000 -9.999999 8.750001
v 10.000000 8.750001 8.749999
v 8.750000 8.749999 -10.000001
v -10.000000 8.749999 -8.750001
v -10.000000 9.375001 9.999999
v -10.000000 -10.000001 -9.374999
v -10.000000 9.374999 -10.000001
v -10.000000 9.999999 -9.375001
v 9.375000 -10.000001 -9.999999
v 10.000000 9.374999 -10.000001
v 9.375000 9.999999 -10.000001
v 10.000000 -10.000001 -9.374999
v 10.000000 9.375001 9.999999
v 10.000000 9.999999 -9.375001
v 9.375000 -9.999999 10.000001
v 8.446079 10.000001 7.918199
v 9.375000 10.000001 9.999999
v 8.446079 11.636014 7.918199
v -8.446079 9.999999 -7.918200
v 7.918200 10.000001 8.446078
v 7.918200 9.999999 -8.446080
v 7.918200 11.636014 8.446078
v -8.446079 11.636012 -7.918200
v 7.918200 11.636012 -8.446080
v -10.000000 -0.624999 10.000000
v -10.000000 -10.000000 0.625001
v -10.000000 -0.625001 -10.000000
v -10.000000 10.000000 0.624999
v -0.625000 -10.000001 -9.999999
v 10.000000 -0.625001 -10.000000
v -0.625000 9.999999 -10.000001
v 10.000000 -10.000000 0.625001
v 10.000000 -0.624999 10.000000
v 10.000000 10.000000 0.624999
v -0.625000 -9.999999 10.000001
v 8.446079 10.000000 -0.527881
v -0.625000 10.000001 9.999999
v 8.446079 11.636013 -0.527881
v -8.446079 10.000000 0.527879
v -0.527880 10.000001 8.446078
v -0.527880 9.999999 -8.446080
v -0.527880 11.636014 8.446078
v -8.446079 11.636013 0.527879
v -0.527880 11.636012 -8.446080
v -7.918200 10.818006 -8.446080
v 0.527880 10.818006 -8.446080
v 7.918200 10.818007 8.446078
v -0.527880 10.818007 8.446078
v -8.446079 10.818007 7.918199
v -8.446079 10.818007 -0.527881
v -8.646600 9.999999 -9.223041
v 0.576440 9.999999 -9.223041
v 8.646600 10.000001 9.223039
v -0.576440 10.000001 9.223039
v -9.223040 10.000001 8.646599
v -9.223040 10.000000 -0.576441
v 8.446079 10.818006 -7.918200
v 8.446079 10.818007 0.527879
v 9.223040 9.999999 -8.646601
v 9.223040 10.000000 0.576439
v 9.375000 -10.000000 0.000001
v -0.625000 -10.000000 0.000001
v 0.000000 -10.000001 -9.374999
v 0.000000 -10.000000 0.625001
v 10.000000 9.375000 -0.000001
v 10.000000 -0.625000 0.000000
v 10.000000 -0.000001 -9.375000
v 10.000000 0.000000 0.625000
v 0.000000 9.374999 -10.000001
v 0.000000 -0.625001 -10.000000
v -9.375000 -0.000001 -10.000000
v 0.625000 -0.000001 -10.000000
v -10.000000 9.375000 -0.000001
v -10.000000 -0.625000 0.000000
v -10.000000 0.000001 9.375000
v -10.000000 -0.000000 -0.625000
v -10.000000 4.375001 10.000000
v -10.000000 -10.000000 -4.374999
v -10.000000 4.374999 -10.000000
v -10.000000 10.000000 -4.375001
v 4.375000 -10.000001 -9.999999
v 10.000000 4.374999 -10.000000
v 4.375000 9.999999 -10.000001
v 10.000000 -10.000000 -4.374999
v 10.000000 4.375001 10.000000
v 10.000000 10.000000 -4.375001
v 4.375000 -9.999999 10.000001
v 8.446079 10.000000 3.695159
v 4.375000 10.000001 9.999999
v 8.446079 11.636013 3.695159
v -8.446079 10.000000 -3.695160
v 3.695160 10.000001 8.446078
v 3.695160 9.999999 -8.446080
v 3.695160 11.636014 8.446078
v -8.446079 11.636013 -3.695161
v 3.695160 11.636012 -8.446080
v -10.000000 -5.624999 10.000000
v -10.000000 -10.000000 5.625001
v -10.000000 -5.625001 -10.000000
v -10.000000 10.000000 5.624999
v -5.625000 -10.000001 -9.999999
v 10.000000 -5.625001 -10.000000
v -5.625000 9.999999 -10.000001
v 10.000000 -10.000000 5.625001
v 10.000000 -5.624999 10.000000
v 10.000000 10.000000 5.624999
v -5.625000 -9.999999 10.000001
v 8.446079 10.000000 -4.750920
v -5.625000 10.000001 9.999999
v 8.446079 11.636013 -4.750920
v -8.446079 10.000000 4.750918
v -4.750919 10.000001 8.446078
v -4.750919 9.999999 -8.446080
v -4.750919 11.636014 8.446078
v -8.446079 11.636013 4.750918
v -4.750919 11.636012 -8.446080
v -3.695160 10.818006 -8.446080
v 4.750919 10.818006 -8.446080
v 3.695160 10.818007 8.446078
v -4.750919 10.818007 8.446078
v -8.446079 10.818007 3.695159
v -8.446079 10.818007 -4.750920
v -4.035080 9.999999 -9.223041
v 5.187960 9.999999 -9.223041
v 4.035080 10.000001 9.223039
v -5.187960 10.000001 9.223039
v -9.223040 10.000000 4.035079
v -9.223040 10.000000 -5.187961
v 8.446079 10.818007 -3.695160
v 8.446079 10.818007 4.750918
v 9.223040 10.000000 -4.035081
v 9.223040 10.000000 5.187959
v 4.375000 -10.000000 0.000001
v -5.625000 -10.000000 0.000001
v 0.000000 -10.000000 -4.374999
v 0.000000 -10.000000 5.625001
v 10.000000 4.375000 -0.000000
v 10.000000 -5.625000 0.000000
v 10.000000 -0.000000 -4.375000
v 10.000000 0.000000 5.625000
v 0.000000 4.374999 -10.000000
v 0.000000 -5.625001 -10.000000
v -4.375000 -0.000001 -10.000000
v 5.625000 -0.000001 -10.000000
v -10.000000 4.375000 -0.000000
v -10.000000 -5.625000 0.000000
v -10.000000 0.000000 4.375000
v -10.000000 -0.000000 -5.625000
v -10.000000 -0.625000 -5.000000
v -10.000000 -5.625000 -5.000000
v -10.000000 -5.000000 -0.625000
v -10.000000 -5.000000 -5.625000
v -10.000000 -0.625000 5.000000
v -10.000000 -5.625000 5.000000
v -10.000000 -5.000000 9.375000
v -10.000000 -5.000000 4.375000
v -10.000000 9.375000 5.000000
v -10.000000 4.375000 5.000000
v -10.000000 5.000000 9.375000
v -10.000000 5.000000 4.375000
v 5.000000 -0.625001 -10.000000
v 5.000000 -5.625001 -10.000000
v 0.625000 -5.000001 -10.000000
v 5.625000 -5.000001 -10.000000
v -5.000000 -0.625001 -10.000000
v -5.000000 -5.625001 -10.000000
v -9.375000 -5.000001 -10.000000
v -4.375000 -5.000001 -10.000000
v -5.000000 9.374999 -10.000001
v -5.000000 4.374999 -10.000000
v -9.375000 4.999999 -10.000000
v -4.375000 4.999999 -10.000000
v 10.000000 -0.625000 5.000000
v 10.000000 -5.625000 5.000000
v 10.000000 -5.000000 0.625000
v 10.000000 -5.000000 5.625000
v 10.000000 -0.625000 -5.000000
v 10.000000 -5.625000 -5.000000
v 10.000000 -5.000000 -9.375000
v 10.000000 -5.000000 -4.375000
v 10.000000 9.375000 -5.000000
v 10.000000 4.375000 -5.000000
v 10.000000 5.000000 -9.375000
v 10.000000 5.000000 -4.375000
v -8.203710 -1.035930 10.000000
v -8.203710 3.180228 10.000000
v -8.203710 -9.468246 10.000001
v -8.203710 -5.252089 10.000000
v -0.625000 -10.000000 5.000001
v -5.625000 -10.000000 5.000001
v -5.000000 -10.000000 0.625001
v -5.000000 -10.000000 5.625001
v -0.625000 -10.000000 -4.999999
v -5.625000 -10.000000 -4.999999
v -5.000000 -10.000001 -9.374999
v -5.000000 -10.000000 -4.374999
v 9.375000 -10.000000 -4.999999
v 4.375000 -10.000000 -4.999999
v 5.000000 -10.000001 -9.374999
v 5.000000 -10.000000 -4.374999
v 9.660080 10.000001 9.035079
v 9.562960 10.000001 8.986519
v 9.562960 9.999999 -8.986521
v 9.660080 9.999999 -9.035081
v 8.785999 9.999999 -8.258121
v 8.883120 9.999999 -8.306681
v 0.512732 6.869367 9.999999
v 4.614587 6.869367 9.999999
v -7.690978 6.869367 9.999999
v -3.589123 6.869367 9.999999
v 8.203710 -2.089970 10.000000
v 8.203710 -6.306128 10.000000
v 8.203710 6.342347 9.999999
v 8.203710 2.126188 10.000000
v -9.660080 9.999999 -9.035081
v -9.562960 9.999999 -8.986521
v -9.562960 10.000001 8.986519
v -9.660080 10.000001 9.035079
v -8.785999 10.000001 8.258119
v -8.883120 10.000001 8.306679
v -9.035080 10.000001 9.660079
v -8.986520 10.000001 9.562959
v 8.986520 10.000001 9.562959
v 9.035080 10.000001 9.660079
v 8.258120 10.000001 8.785998
v 8.306680 10.000001 8.883119
v 9.035080 9.999999 -9.660081
v 8.986520 9.999999 -9.562961
v -8.986520 9.999999 -9.562961
v -9.035080 9.999999 -9.660081
v -8.258120 9.999999 -8.786000
v -8.306680 9.999999 -8.883121
v 8.306680 9.999999 -8.883121
v 8.258120 9.999999 -8.786000
v -8.306680 10.000001 8.883119
v -8.258120 10.000001 8.785998
v -8.883120 9.999999 -8.306681
v -8.785999 9.999999 -8.258121
v 8.883120 10.000001 8.306679
v 8.785999 10.000001 8.258119
v 9.375000 -10.000000 5.000001
v 4.375000 -10.000000 5.000001
v 5.000000 -10.000000 0.625001
v 5.000000 -10.000000 5.625001
v 10.000000 9.375000 5.000000
v 10.000000 4.375000 5.000000
v 10.000000 5.000000 0.625000
v 10.000000 5.000000 5.625000
v 5.000000 9.374999 -10.000001
v 5.000000 4.374999 -10.000000
v 0.625000 4.999999 -10.000000
v 5.625000 4.999999 -10.000000
v -10.000000 9.375000 -5.000000
v -10.000000 4.375000 -5.000000
v -10.000000 5.000000 -0.625000
v -10.000000 5.000000 -5.625000
v -10.000000 6.875001 9.999999
v -10.000000 -10.000001 -6.874999
v -10.000000 6.874999 -10.000001
v -10.000000 9.999999 -6.875001
v 6.875000 -10.000001 -9.999999
v 10.000000 6.874999 -10.000001
v 6.875000 9.999999 -10.000001
v 10.000000 -10.000001 -6.874999
v 10.000000 6.875001 9.999999
v 10.000000 9.999999 -6.875001
v 6.875000 -9.999999 10.000001
v 8.446079 10.000000 5.806679
v 6.875000 10.000001 9.999999
v 8.446079 11.636013 5.806679
v -8.446079 10.000000 -5.806681
v 5.806680 10.000001 8.446078
v 5.806680 9.999999 -8.446080
v 5.806680 11.636014 8.446078
v -8.446079 11.636013 -5.806681
v 5.806680 11.636012 -8.446080
v -10.000000 -3.124999 10.000000
v -10.000000 -10.000000 3.125001
v -10.000000 -3.125001 -10.000000
v -10.000000 10.000000 3.124999
v -3.125000 -10.000001 -9.999999
v 10.000000 -3.125001 -10.000000
v -3.125000 9.999999 -10.000001
v 10.000000 -10.000000 3.125001
v 10.000000 -3.124999 10.000000
v 10.000000 10.000000 3.124999
v -3.125000 -9.999999 10.000001
v 8.446079 10.000000 -2.639400
v -3.125000 10.000001 9.999999
v 8.446079 11.636013 -2.639401
v -8.446079 10.000000 2.639399
v -2.639400 10.000001 8.446078
v -2.639400 9.999999 -8.446080
v -2.639400 11.636014 8.446078
v -8.446079 11.636013 2.639399
v -2.639400 11.636012 -8.446080
v -5.806680 10.818006 -8.446080
v 2.639400 10.818006 -8.446080
v 5.806680 10.818007 8.446078
v -2.639400 10.818007 8.446078
v -8.446079 10.818007 5.806679
v -8.446079 10.818007 -2.639400
v -6.340839 9.999999 -9.223041
v 2.882200 9.999999 -9.223041
v 6.340839 10.000001 9.223039
v -2.882200 10.000001 9.223039
v -9.223040 10.000001 6.340838
v -9.223040 10.000000 -2.882200
v 8.446079 10.818007 -5.806681
v 8.446079 10.818007 2.639399
v 9.223040 9.999999 -6.340840
v 9.223040 10.000000 2.882199
v 6.875000 -10.000000 0.000001
v -3.125000 -10.000000 0.000001
v 0.000000 -10.000001 -6.874999
v 0.000000 -10.000000 3.125001
v 10.000000 6.875000 -0.000001
v 10.000000 -3.125000 0.000000
v 10.000000 -0.000001 -6.875000
v 10.000000 0.000000 3.125000
v 0.000000 6.874999 -10.000001
v 0.000000 -3.125001 -10.000000
v -6.875000 -0.000001 -10.000000
v 3.125000 -0.000001 -10.000000
v -10.000000 6.875000 -0.000001
v -10.000000 -3.125000 0.000000
v -10.000000 0.000001 6.875000
v -10.000000 -0.000000 -3.125000
v -10.000000 1.875001 10.000000
v -10.000000 -10.000000 -1.874999
v -10.000000 1.874999 -10.000000
v -10.000000 10.000000 -1.875001
v 1.875000 -10.000001 -9.999999
v 10.000000 1.874999 -10.000000
v 1.875000 9.999999 -10.000001
v 10.000000 -10.000000 -1.874999
v 10.000000 1.875001 10.000000
v 10.000000 10.000000 -1.875001
v 1.875000 -9.999999 10.000001
v 8.446079 10.000000 1.583639
v 1.875000 10.000001 9.999999
v 8.446079 11.636013 1.583639
v -8.446079 10.000000 -1.583641
v 1.583640 10.000001 8.446078
v 1.583640 9.999999 -8.446080
v 1.583640 11.636014 8.446078
v -8.446079 11.636013 -1.583641
v 1.583640 11.636012 -8.446080
v -10.000000 -8.124999 10.000001
v -10.000000 -9.999999 8.125001
v -10.000000 -8.125001 -9.999999
v -10.000000 10.000001 8.124999
v -8.125000 -10.000001 -9.999999
v 10.000000 -8.125001 -9.999999
v -8.125000 9.999999 -10.000001
v 10.000000 -9.999999 8.125001
v 10.000000 -8.124999 10.000001
v 10.000000 10.000001 8.124999
v -8.125000 -9.999999 10.000001
v 8.446079 9.999999 -6.862440
v -8.125000 10.000001 9.999999
v 8.446079 11.636012 -6.862440
v -8.446079 10.000001 6.862438
v -6.862439 10.000001 8.446078
v -6.862439 9.999999 -8.446080
v -6.862439 11.636014 8.446078
v -8.446079 11.636014 6.862438
v -6.862439 11.636012 -8.446080
v -1.583640 10.818006 -8.446080
v 6.862439 10.818006 -8.446080
v 1.583640 10.818007 8.446078
v -6.862439 10.818007 8.446078
v -8.446079 10.818007 1.583639
v -8.446079 10.818006 -6.862440
v -1.729320 9.999999 -9.223041
v 7.493720 9.999999 -9.223041
v 1.729320 10.000001 9.223039
v -7.493720 10.000001 9.223039
v -9.223040 10.000000 1.729319
v -9.223040 9.999999 -7.493721
v 8.446079 10.818007 -1.583641
v 8.446079 10.818007 6.862438
v 9.223040 10.000000 -1.729321
v 9.223040 10.000001 7.493719
v 1.875000 -10.000000 0.000001
v -8.125000 -10.000000 0.000001
v 0.000000 -10.000000 -1.874999
v 0.000000 -9.999999 8.125001
v 10.000000 1.875000 -0.000000
v 10.000000 -8.125000 0.000001
v 10.000000 -0.000000 -1.875000
v 10.000000 0.000001 8.125000
v 0.000000 1.874999 -10.000000
v 0.000000 -8.125001 -9.999999
v -1.875000 -0.000001 -10.000000
v 8.125000 -0.000001 -10.000000
v -10.000000 1.875000 -0.000000
v -10.000000 -8.125000 0.000001
v -10.000000 0.000000 1.875000
v -10.000000 -0.000001 -8.125000
v -10.000000 -3.125000 -5.000000
v -10.000000 -8.125000 -5.000000
v -10.000000 -5.000000 -3.125000
v -10.000000 -5.000000 -8.125000
v -10.000000 -3.125000 5.000000
v -10.000000 -8.125000 5.000000
v -10.000000 -5.000000 6.875000
v -10.000000 -5.000000 1.875000
v -10.000000 6.875000 5.000000
v -10.000000 1.875000 5.000000
v -10.000000 5.000000 6.875000
v -10.000000 5.000000 1.875000
v 5.000000 -3.125001 -10.000000
v 5.000000 -8.125001 -9.999999
v 3.125000 -5.000001 -10.000000
v 8.125000 -5.000001 -10.000000
v -5.000000 -3.125001 -10.000000
v -5.000000 -8.125001 -9.999999
v -6.875000 -5.000001 -10.000000
v -1.875000 -5.000001 -10.000000
v -5.000000 6.874999 -10.000001
v -5.000000 1.874999 -10.000000
v -6.875000 4.999999 -10.000000
v -1.875000 4.999999 -10.000000
v 10.000000 -3.125000 5.000000
v 10.000000 -8.125000 5.000000
v 10.000000 -5.000000 3.125000
v 10.000000 -5.000000 8.125000
v 10.000000 -3.125000 -5.000000
v 10.000000 -8.125000 -5.000000
v 10.000000 -5.000000 -6.875000
v 10.000000 -5.000000 -1.875000
v 10.000000 6.875000 -5.000000
v 10.000000 1.875000 -5.000000
v 10.000000 5.000000 -6.875000
v 10.000000 5.000000 -1.875000
v -8.203710 1.072149 10.000000
v -8.203710 5.288307 10.000000
v -8.203710 -7.360168 10.000001
v -8.203710 -3.144009 10.000000
v -3.125000 -10.000000 5.000001
v -8.125000 -10.000000 5.000001
v -5.000000 -10.000000 3.125001
v -5.000000 -9.999999 8.125001
v -3.125000 -10.000000 -4.999999
v -8.125000 -10.000000 -4.999999
v -5.000000 -10.000001 -6.874999
v -5.000000 -10.000000 -1.874999
v 6.875000 -10.000000 -4.999999
v 1.875000 -10.000000 -4.999999
v 5.000000 -10.000001 -6.874999
v 5.000000 -10.000000 -1.874999
v 9.854320 10.000001 6.729319
v 9.368720 10.000001 6.486519
v 9.368720 9.999999 -6.486521
v 9.854320 9.999999 -6.729321
v 8.591760 10.000000 -5.952360
v 9.077359 10.000000 -6.195161
v 2.563659 6.869367 9.999999
v 6.665514 6.869367 9.999999
v -5.640050 6.869367 9.999999
v -1.538196 6.869367 9.999999
v 8.203710 -4.198049 10.000000
v 8.203710 -8.414207 10.000001
v 8.203710 4.234268 10.000000
v 8.203710 0.018109 10.000000
v -9.854320 9.999999 -6.729321
v -9.368720 9.999999 -6.486521
v -9.368720 10.000001 6.486519
v -9.854320 10.000001 6.729319
v -8.591760 10.000000 5.952358
v -9.077359 10.000000 6.195159
v -6.729320 10.000001 9.854319
v -6.486520 10.000001 9.368719
v 6.486520 10.000001 9.368719
v 6.729320 10.000001 9.854319
v 5.952359 10.000001 8.591759
v 6.195160 10.000001 9.077358
v 6.729320 9.999999 -9.854321
v 6.486520 9.999999 -9.368721
v -6.486520 9.999999 -9.368721
v -6.729320 9.999999 -9.854321
v -5.952359 9.999999 -8.591761
v -6.195160 9.999999 -9.077360
v 6.195160 9.999999 -9.077360
v 5.952359 9.999999 -8.591761
v -6.195160 10.000001 9.077358
v -5.952359 10.000001 8.591759
v -9.077359 10.000000 -6.195161
v -8.591760 10.000000 -5.952360
v 9.077359 10.000000 6.195159
v 8.591760 10.000000 5.952358
v 6.875000 -10.000000 5.000001
v 1.875000 -10.000000 5.000001
v 5.000000 -10.000000 3.125001
v 5.000000 -9.999999 8.125001
v 10.000000 6.875000 5.000000
v 10.000000 1.875000 5.000000
v 10.000000 5.000000 3.125000
v 10.000000 5.000000 8.125000
v 5.000000 6.874999 -10.000001
v 5.000000 1.874999 -10.000000
v 3.125000 4.999999 -10.000000
v 8.125000 4.999999 -10.000000
v -10.000000 6.875000 -5.000000
v -10.000000 1.875000 -5.000000
v -10.000000 5.000000 -3.125000
v -10.000000 5.000000 -8.125000
v -10.000000 4.375000 -7.500000
v -10.000000 1.874999 -7.500000
v -10.000000 2.500000 -5.625000
v -10.000000 2.499999 -8.125000
v -10.000000 4.375000 -2.500000
v -10.000000 1.875000 -2.500000
v -10.000000 2.500000 -0.625000
v -10.000000 2.500000 -3.125000
v -10.000000 9.375000 -2.500001
v -10.000000 6.875000 -2.500000
v -10.000000 7.500000 -0.625001
v -10.000000 7.500000 -3.125000
v 7.500000 4.374999 -10.000000
v 7.500000 1.874999 -10.000000
v 5.625000 2.499999 -10.000000
v 8.125000 2.499999 -10.000000
v 2.500000 4.374999 -10.000000
v 2.500000 1.874999 -10.000000
v 0.625000 2.499999 -10.000000
v 3.125000 2.499999 -10.000000
v 2.500000 9.374999 -10.000001
v 2.500000 6.874999 -10.000001
v 0.625000 7.499999 -10.000001
v 3.125000 7.499999 -10.000001
v 10.000000 4.375000 7.500000
v 10.000000 1.875001 7.500000
v 10.000000 2.500000 5.625000
v 10.000000 2.500001 8.125000
v 10.000000 4.375000 2.500000
v 10.000000 1.875000 2.500000
v 10.000000 2.500000 0.625000
v 10.000000 2.500000 3.125000
v 10.000000 9.375000 2.499999
v 10.000000 6.875000 2.500000
v 10.000000 7.500000 0.624999
v 10.000000 7.500000 3.125000
v 4.375000 -9.999999 7.500001
v 1.875000 -9.999999 7.500001
v 2.500000 -10.000000 5.625001
v 2.500000 -9.999999 8.125001
v 4.375000 -10.000000 2.500001
v 1.875000 -10.000000 2.500001
v 2.500000 -10.000000 0.625001
v 2.500000 -10.000000 3.125001
v 9.375000 -10.000000 2.500001
v 6.875000 -10.000000 2.500001
v 7.500000 -10.000000 0.625001
v 7.500000 -10.000000 3.125001
v 9.101854 3.250594 10.000000
v 9.101854 0.946555 10.000000
v 9.101854 7.858674 9.999999
v 9.101854 5.554634 10.000000
v 9.101854 -5.965564 10.000000
v 9.101854 -8.269603 10.000001
v 9.101854 -1.357485 10.000000
v 9.101854 -3.661524 10.000000
v -3.982061 8.434684 9.999999
v -1.706598 8.434684 9.999999
v -8.532989 8.434684 9.999999
v -6.257525 8.434684 9.999999
v 5.119793 8.434684 9.999999
v 7.395257 8.434684 9.999999
v 0.568866 8.434684 9.999999
v 2.844329 8.434684 9.999999
v 4.375000 -10.000000 -2.499999
v 1.875000 -10.000000 -2.499999
v 2.500000 -10.000000 -4.374999
v 2.500000 -10.000000 -1.874999
v 4.375000 -10.000001 -7.499999
v 1.875000 -10.000001 -7.499999
v 2.500000 -10.000001 -9.374999
v 2.500000 -10.000001 -6.874999
v 9.375000 -10.000001 -7.499999
v 6.875000 -10.000001 -7.499999
v 7.500000 -10.000001 -9.374999
v 7.500000 -10.000001 -6.874999
v -5.625000 -10.000000 -2.499999
v -8.125000 -10.000000 -2.499999
v -7.500000 -10.000000 -4.374999
v -7.500000 -10.000000 -1.874999
v -5.625000 -10.000001 -7.499999
v -8.125000 -10.000001 -7.499999
v -7.500000 -10.000001 -9.374999
v -7.500000 -10.000001 -6.874999
v -0.625000 -10.000001 -7.499999
v -3.125000 -10.000001 -7.499999
v -2.500000 -10.000001 -9.374999
v -2.500000 -10.000001 -6.874999
v -5.625000 -9.999999 7.500001
v -8.125000 -9.999999 7.500001
v -7.500000 -10.000000 5.625001
v -7.500000 -9.999999 8.125001
v -5.625000 -10.000000 2.500001
v -8.125000 -10.000000 2.500001
v -7.500000 -10.000000 0.625001
v -7.500000 -10.000000 3.125001
v -0.625000 -10.000000 2.500001
v -3.125000 -10.000000 2.500001
v -2.500000 -10.000000 0.625001
v -2.500000 -10.000000 3.125001
v -9.101854 -4.813543 10.000000
v -9.101854 -2.509504 10.000000
v -9.101854 -9.421622 10.000001
v -9.101854 -7.117583 10.000001
v -9.101854 4.402615 10.000000
v -9.101854 6.706655 9.999999
v -9.101854 -0.205465 10.000000
v -9.101854 2.098575 10.000000
v 10.000000 4.375000 -2.500000
v 10.000000 1.875000 -2.500000
v 10.000000 2.500000 -4.375000
v 10.000000 2.500000 -1.875000
v 10.000000 4.375000 -7.500000
v 10.000000 1.874999 -7.500000
v 10.000000 2.499999 -9.375000
v 10.000000 2.500000 -6.875000
v 10.000000 9.374999 -7.500000
v 10.000000 6.875000 -7.500000
v 10.000000 7.500000 -9.375001
v 10.000000 7.500000 -6.875000
v 10.000000 -5.625000 -2.500000
v 10.000000 -8.125000 -2.499999
v 10.000000 -7.500000 -4.375000
v 10.000000 -7.500000 -1.874999
v 10.000000 -5.625000 -7.500000
v 10.000000 -8.125001 -7.500000
v 10.000000 -7.500000 -9.374999
v 10.000000 -7.500000 -6.875000
v 10.000000 -0.625001 -7.500000
v 10.000000 -3.125000 -7.500000
v 10.000000 -2.500001 -9.375000
v 10.000000 -2.500000 -6.875000
v 10.000000 -5.625000 7.500000
v 10.000000 -8.124999 7.500000
v 10.000000 -7.500000 5.625000
v 10.000000 -7.500000 8.125001
v 10.000000 -5.625000 2.500000
v 10.000000 -8.125000 2.500001
v 10.000000 -7.500000 0.625001
v 10.000000 -7.500000 3.125000
v 10.000000 -0.625000 2.500000
v 10.000000 -3.125000 2.500000
v 10.000000 -2.500000 0.625000
v 10.000000 -2.500000 3.125000
v -2.500000 4.374999 -10.000000
v -2.500000 1.874999 -10.000000
v -4.375000 2.499999 -10.000000
v -1.875000 2.499999 -10.000000
v -7.500000 4.374999 -10.000000
v -7.500000 1.874999 -10.000000
v -9.375000 2.499999 -10.000000
v -6.875000 2.499999 -10.000000
v -7.500000 9.374999 -10.000001
v -7.500000 6.874999 -10.000001
v -9.375000 7.499999 -10.000001
v -6.875000 7.499999 -10.000001
v -2.500000 -5.625001 -10.000000
v -2.500000 -8.125001 -9.999999
v -4.375000 -7.500001 -9.999999
v -1.875000 -7.500001 -9.999999
v -7.500000 -5.625001 -10.000000
v -7.500000 -8.125001 -9.999999
v -9.375000 -7.500001 -9.999999
v -6.875000 -7.500001 -9.999999
v -7.500000 -0.625001 -10.000000
v -7.500000 -3.125001 -10.000000
v -9.375000 -2.500001 -10.000000
v -6.875000 -2.500001 -10.000000
v 7.500000 -5.625001 -10.000000
v 7.500000 -8.125001 -9.999999
v 5.625000 -7.500001 -9.999999
v 8.125000 -7.500001 -9.999999
v 2.500000 -5.625001 -10.000000
v 2.500000 -8.125001 -9.999999
v 0.625000 -7.500001 -9.999999
v 3.125000 -7.500001 -9.999999
v 2.500000 -0.625001 -10.000000
v 2.500000 -3.125001 -10.000000
v 0.625000 -2.500001 -10.000000
v 3.125000 -2.500001 -10.000000
v -10.000000 4.375000 2.500000
v -10.000000 1.875000 2.500000
v -10.000000 2.500000 4.375000
v -10.000000 2.500000 1.875000
v -10.000000 4.375000 7.500000
v -10.000000 1.875001 7.500000
v -10.000000 2.500001 9.375000
v -10.000000 2.500000 6.875000
v -10.000000 9.375001 7.500000
v -10.000000 6.875000 7.500000
v -10.000000 7.500000 9.374999
v -10.000000 7.500000 6.875000
v -10.000000 -5.625000 2.500000
v -10.000000 -8.125000 2.500001
v -10.000000 -7.500000 4.375000
v -10.000000 -7.500000 1.875001
v -10.000000 -5.625000 7.500000
v -10.000000 -8.124999 7.500000
v -10.000000 -7.500000 9.375001
v -10.000000 -7.500000 6.875000
v -10.000000 -0.624999 7.500000
v -10.000000 -3.125000 7.500000
v -10.000000 -2.499999 9.375000
v -10.000000 -2.500000 6.875000
v -10.000000 -5.625000 -7.500000
v -10.000000 -8.125001 -7.500000
v -10.000000 -7.500000 -5.625000
v -10.000000 -7.500000 -8.124999
v -10.000000 -5.625000 -2.500000
v -10.000000 -8.125000 -2.499999
v -10.000000 -7.500000 -0.624999
v -10.000000 -7.500000 -3.125000
v -10.000000 -0.625000 -2.500000
v -10.000000 -3.125000 -2.500000
v -10.000000 -2.500000 -0.625000
v -10.000000 -2.500000 -3.125000
v -10.000000 -0.625001 -7.500000
v -10.000000 -3.125000 -7.500000
v -10.000000 -2.500000 -5.625000
v -10.000000 -2.500001 -8.125000
v -10.000000 -0.625000 2.500000
v -10.000000 -3.125000 2.500000
v -10.000000 -2.500000 4.375000
v -10.000000 -2.500000 1.875000
v -10.000000 9.375000 2.499999
v -10.000000 6.875000 2.500000
v -10.000000 7.500000 4.375000
v -10.000000 7.500000 1.874999
v 7.500000 -0.625001 -10.000000
v 7.500000 -3.125001 -10.000000
v 5.625000 -2.500001 -10.000000
v 8.125000 -2.500001 -10.000000
v -2.500000 -0.625001 -10.000000
v -2.500000 -3.125001 -10.000000
v -4.375000 -2.500001 -10.000000
v -1.875000 -2.500001 -10.000000
v -2.500000 9.374999 -10.000001
v -2.500000 6.874999 -10.000001
v -4.375000 7.499999 -10.000001
v -1.875000 7.499999 -10.000001
v 10.000000 -0.624999 7.500000
v 10.000000 -3.125000 7.500000
v 10.000000 -2.500000 5.625000
v 10.000000 -2.499999 8.125000
v 10.000000 -0.625000 -2.500000
v 10.000000 -3.125000 -2.500000
v 10.000000 -2.500000 -4.375000
v 10.000000 -2.500000 -1.875000
v 10.000000 9.375000 -2.500001
v 10.000000 6.875000 -2.500000
v 10.000000 7.500000 -4.375000
v 10.000000 7.500000 -1.875001
v -0.625000 -9.999999 7.500001
v -3.125000 -9.999999 7.500001
v -2.500000 -10.000000 5.625001
v -2.500000 -9.999999 8.125001
v -0.625000 -10.000000 -2.499999
v -3.125000 -10.000000 -2.499999
v -2.500000 -10.000000 -4.374999
v -2.500000 -10.000000 -1.874999
v 9.375000 -10.000000 -2.499999
v 6.875000 -10.000000 -2.499999
v 7.500000 -10.000000 -4.374999
v 7.500000 -10.000000 -1.874999
v 9.375000 -9.999999 7.500001
v 6.875000 -9.999999 7.500001
v 7.500000 -10.000000 5.625001
v 7.500000 -9.999999 8.125001
v 10.000000 9.375001 7.500000
v 10.000000 6.875000 7.500000
v 10.000000 7.500000 5.625000
v 10.000000 7.500000 8.124999
v 7.500000 9.374999 -10.000001
v 7.500000 6.874999 -10.000001
v 5.625000 7.499999 -10.000001
v 8.125000 7.499999 -10.000001
v -10.000000 9.374999 -7.500000
v -10.000000 6.875000 -7.500000
v -10.000000 7.500000 -5.625000
v -10.000000 7.500000 -8.125001
v -10.000000 8.125001 9.999999
v -10.000000 -10.000001 -8.124999
v -10.000000 8.124999 -10.000001
v -10.000000 9.999999 -8.125001
v 8.125000 -10.000001 -9.999999
v 10.000000 8.124999 -10.000001
v 8.125000 9.999999 -10.000001
v 10.000000 -10.000001 -8.124999
v 10.000000 8.125001 9.999999
v 10.000000 9.999999 -8.125001
v 8.125000 -9.999999 10.000001
v 8.446079 10.000001 6.862438
v 8.125000 10.000001 9.999999
v 8.446079 11.636014 6.862438
v -8.446079 9.999999 -6.862440
v 6.862439 10.000001 8.446078
v 6.862439 9.999999 -8.446080
v 6.862439 11.636014 8.446078
v -8.446079 11.636012 -6.862440
v 6.862439 11.636012 -8.446080
v -10.000000 -1.874999 10.000000
v -10.000000 -10.000000 1.875001
v -10.000000 -1.875001 -10.000000
v -10.000000 10.000000 1.874999
v -1.875000 -10.000001 -9.999999
v 10.000000 -1.875001 -10.000000
v -1.875000 9.999999 -10.000001
v 10.000000 -10.000000 1.875001
v 10.000000 -1.874999 10.000000
v 10.000000 10.000000 1.874999
v -1.875000 -9.999999 10.000001
v 8.446079 10.000000 -1.583641
v -1.875000 10.000001 9.999999
v 8.446079 11.636013 -1.583641
v -8.446079 10.000000 1.583639
v -1.583640 10.000001 8.446078
v -1.583640 9.999999 -8.446080
v -1.583640 11.636014 8.446078
v -8.446079 11.636013 1.583639
v -1.583640 11.636012 -8.446080
v -6.862439 10.818006 -8.446080
v 1.583640 10.818006 -8.446080
v 6.862439 10.818007 8.446078
v -1.583640 10.818007 8.446078
v -8.446079 10.818007 6.862438
v -8.446079 10.818007 -1.583641
v -7.493720 9.999999 -9.223041
v 1.729320 9.999999 -9.223041
v 7.493720 10.000001 9.223039
v -1.729320 10.000001 9.223039
v -9.223040 10.000001 7.493719
v -9.223040 10.000000 -1.729321
v 8.446079 10.818006 -6.862440
v 8.446079 10.818007 1.583639
v 9.223040 9.999999 -7.493721
v 9.223040 10.000000 1.729319
v 8.125000 -10.000000 0.000001
v -1.875000 -10.000000 0.000001
v 0.000000 -10.000001 -8.124999
v 0.000000 -10.000000 1.875001
v 10.000000 8.125000 -0.000001
v 10.000000 -1.875000 0.000000
v 10.000000 -0.000001 -8.125000
v 10.000000 0.000000 1.875000
v 0.000000 8.124999 -10.000001
v 0.000000 -1.875001 -10.000000
v -8.125000 -0.000001 -10.000000
v 1.875000 -0.000001 -10.000000
v -10.000000 8.125000 -0.000001
v -10.000000 -1.875000 0.000000
v -10.000000 0.000001 8.125000
v -10.000000 -0.000000 -1.875000
v -10.000000 3.125001 10.000000
v -10.000000 -10.000000 -3.124999
v -10.000000 3.124999 -10.000000
v -10.000000 10.000000 -3.125001
v 3.125000 -10.000001 -9.999999
v 10.000000 3.124999 -10.000000
v 3.125000 9.999999 -10.000001
v 10.000000 -10.000000 -3.124999
v 10.000000 3.125001 10.000000
v 10.000000 10.000000 -3.125001
v 3.125000 -9.999999 10.000001
v 8.446079 10.000000 2.639399
v 3.125000 10.000001 9.999999
v 8.446079 11.636013 2.639399
v -8.446079 10.000000 -2.639400
v 2.639400 10.000001 8.446078
v 2.639400 9.999999 -8.446080
v 2.639400 11.636014 8.446078
v -8.446079 11.636013 -2.639401
v 2.639400 11.636012 -8.446080
v -10.000000 -6.874999 10.000001
v -10.000000 -9.999999 6.875001
v -10.000000 -6.875001 -9.999999
v -10.000000 10.000001 6.874999
v -6.875000 -10.000001 -9.999999
v 10.000000 -6.875001 -9.999999
v -6.875000 9.999999 -10.000001
v 10.000000 -9.999999 6.875001
v 10.000000 -6.874999 10.000001
v 10.000000 10.000001 6.874999
v -6.875000 -9.999999 10.000001
v 8.446079 10.000000 -5.806681
v -6.875000 10.000001 9.999999
v 8.446079 11.636013 -5.806681
v -8.446079 10.000000 5.806679
v -5.806680 10.000001 8.446078
v -5.806680 9.999999 -8.446080
v -5.806680 11.636014 8.446078
v -8.446079 11.636013 5.806679
v -5.806680 11.636012 -8.446080
v -2.639400 10.818006 -8.446080
v 5.806680 10.818006 -8.446080
v 2.639400 10.818007 8.446078
v -5.806680 10.818007 8.446078
v -8.446079 10.818007 2.639399
v -8.446079 10.818007 -5.806681
v -2.882200 9.999999 -9.223041
v 6.340839 9.999999 -9.223041
v 2.882200 10.000001 9.223039
v -6.340839 10.000001 9.223039
v -9.223040 10.000000 2.882199
v -9.223040 9.999999 -6.340840
v 8.446079 10.818007 -2.639400
v 8.446079 10.818007 5.806679
v 9.223040 10.000000 -2.882200
v 9.223040 10.000001 6.340838
v 3.125000 -10.000000 0.000001
v -6.875000 -10.000000 0.000001
v 0.000000 -10.000000 -3.124999
v 0.000000 -9.999999 6.875001
v 10.000000 3.125000 -0.000000
v 10.000000 -6.875000 0.000001
v 10.000000 -0.000000 -3.125000
v 10.000000 0.000001 6.875000
v 0.000000 3.124999 -10.000000
v 0.000000 -6.875001 -9.999999
v -3.125000 -0.000001 -10.000000
v 6.875000 -0.000001 -10.000000
v -10.000000 3.125000 -0.000000
v -10.000000 -6.875000 0.000001
v -10.000000 0.000000 3.125000
v -10.000000 -0.000001 -6.875000
v -10.000000 -1.875000 -5.000000
v -10.000000 -6.875000 -5.000000
v -10.000000 -5.000000 -1.875000
v -10.000000 -5.000000 -6.875000
v -10.000000 -1.875000 5.000000
v -10.000000 -6.875000 5.000000
v -10.000000 -5.000000 8.125000
v -10.000000 -5.000000 3.125000
v -10.000000 8.125000 5.000000
v -10.000000 3.125000 5.000000
v -10.000000 5.000000 8.125000
v -10.000000 5.000000 3.125000
v 5.000000 -1.875001 -10.000000
v 5.000000 -6.875001 -9.999999
v 1.875000 -5.000001 -10.000000
v 6.875000 -5.000001 -10.000000
v -5.000000 -1.875001 -10.000000
v -5.000000 -6.875001 -9.999999
v -8.125000 -5.000001 -10.000000
v -3.125000 -5.000001 -10.000000
v -5.000000 8.124999 -10.000001
v -5.000000 3.124999 -10.000000
v -8.125000 4.999999 -10.000000
v -3.125000 4.999999 -10.000000
v 10.000000 -1.875000 5.000000
v 10.000000 -6.875000 5.000000
v 10.000000 -5.000000 1.875000
v 10.000000 -5.000000 6.875000
v 10.000000 -1.875000 -5.000000
v 10.000000 -6.875000 -5.000000
v 10.000000 -5.000000 -8.125000
v 10.000000 -5.000000 -3.125000
v 10.000000 8.125000 -5.000000
v 10.000000 3.125000 -5.000000
v 10.000000 5.000000 -8.125000
v 10.000000 5.000000 -3.125000
v -8.203710 0.018109 10.000000
v -8.203710 4.234268 10.000000
v -8.203710 -8.414207 10.000001
v -8.203710 -4.198049 10.000000
v -1.875000 -10.000000 5.000001
v -6.875000 -10.000000 5.000001
v -5.000000 -10.000000 1.875001
v -5.000000 -9.999999 6.875001
v -1.875000 -10.000000 -4.999999
v -6.875000 -10.000000 -4.999999
v -5.000000 -10.000001 -8.124999
v -5.000000 -10.000000 -3.124999
v 8.125000 -10.000000 -4.999999
v 3.125000 -10.000000 -4.999999
v 5.000000 -10.000001 -8.124999
v 5.000000 -10.000000 -3.124999
v 9.757199 10.000001 7.882199
v 9.465840 10.000001 7.736519
v 9.465840 9.999999 -7.736521
v 9.757199 9.999999 -7.882201
v 8.688880 9.999999 -7.105241
v 8.980239 9.999999 -7.250920
v 1.538196 6.869367 9.999999
v 5.640050 6.869367 9.999999
v -6.665514 6.869367 9.999999
v -2.563659 6.869367 9.999999
v 8.203710 -3.144010 10.000000
v 8.203710 -7.360168 10.000001
v 8.203710 5.288307 10.000000
v 8.203710 1.072149 10.000000
v -9.757199 9.999999 -7.882201
v -9.465840 9.999999 -7.736521
v -9.465840 10.000001 7.736519
v -9.757199 10.000001 7.882199
v -8.688880 10.000001 7.105239
v -8.980239 10.000001 7.250918
v -7.882200 10.000001 9.757198
v -7.736520 10.000001 9.465839
v 7.736520 10.000001 9.465839
v 7.882200 10.000001 9.757198
v 7.105240 10.000001 8.688879
v 7.250919 10.000001 8.980238
v 7.882200 9.999999 -9.757200
v 7.736520 9.999999 -9.465841
v -7.736520 9.999999 -9.465841
v -7.882200 9.999999 -9.757200
v -7.105240 9.999999 -8.688881
v -7.250919 9.999999 -8.980240
v 7.250919 9.999999 -8.980240
v 7.105240 9.999999 -8.688881
v -7.250919 10.000001 8.980238
v -7.105240 10.000001 8.688879
v -8.980239 9.999999 -7.250920
v -8.688880 9.999999 -7.105241
v 8.980239 10.000001 7.250918
v 8.688880 10.000001 7.105239
v 8.125000 -10.000000 5.000001
v 3.125000 -10.000000 5.000001
v 5.000000 -10.000000 1.875001
v 5.000000 -9.999999 6.875001
v 10.000000 8.125000 5.000000
v 10.000000 3.125000 5.000000
v 10.000000 5.000000 1.875000
v 10.000000 5.000000 6.875000
v 5.000000 8.124999 -10.000001
v 5.000000 3.124999 -10.000000
v 1.875000 4.999999 -10.000000
v 6.875000 4.999999 -10.000000
v -10.000000 8.125000 -5.000000
v -10.000000 3.125000 -5.000000
v -10.000000 5.000000 -1.875000
v -10.000000 5.000000 -6.875000
v -10.000000 5.625001 10.000000
v -10.000000 -10.000000 -5.624999
v -10.000000 5.624999 -10.000000
v -10.000000 10.000000 -5.625001
v 5.625000 -10.000001 -9.999999
v 10.000000 5.624999 -10.000000
v 5.625000 9.999999 -10.000001
v 10.000000 -10.000000 -5.624999
v 10.000000 5.625001 10.000000
v 10.000000 10.000000 -5.625001
v 5.625000 -9.999999 10.000001
v 8.446079 10.000000 4.750918
v 5.625000 10.000001 9.999999
v 8.446079 11.636013 4.750918
v -8.446079 10.000000 -4.750920
v 4.750919 10.000001 8.446078
v 4.750919 9.999999 -8.446080
v 4.750919 11.636014 8.446078
v -8.446079 11.636013 -4.750920
v 4.750919 11.636012 -8.446080
v -10.000000 -4.374999 10.000000
v -10.000000 -10.000000 4.375001
v -10.000000 -4.375001 -10.000000
v -10.000000 10.000000 4.374999
v -4.375000 -10.000001 -9.999999
v 10.000000 -4.375001 -10.000000
v -4.375000 9.999999 -10.000001
v 10.000000 -10.000000 4.375001
v 10.000000 -4.374999 10.000000
v 10.000000 10.000000 4.374999
v -4.375000 -9.999999 10.000001
v 8.446079 10.000000 -3.695160
v -4.375000 10.000001 9.999999
v 8.446079 11.636013 -3.695161
v -8.446079 10.000000 3.695159
v -3.695160 10.000001 8.446078
v -3.695160 9.999999 -8.446080
v -3.695160 11.636014 8.446078
v -8.446079 11.636013 3.695159
v -3.695160 11.636012 -8.446080
v -4.750919 10.818006 -8.446080
v 3.695160 10.818006 -8.446080
v 4.750919 10.818007 8.446078
v -3.695160 10.818007 8.446078
v -8.446079 10.818007 4.750918
v -8.446079 10.818007 -3.695160
v -5.187960 9.999999 -9.223041
v 4.035080 9.999999 -9.223041
v 5.187960 10.000001 9.223039
v -4.035080 10.000001 9.223039
v -9.223040 10.000000 5.187959
v -9.223040 10.000000 -4.035081
v 8.446079 10.818007 -4.750920
v 8.446079 10.818007 3.695159
v 9.223040 10.000000 -5.187961
v 9.223040 10.000000 4.035079
v 5.625000 -10.000000 0.000001
v -4.375000 -10.000000 0.000001
v 0.000000 -10.000000 -5.624999
v 0.000000 -10.000000 4.375001
v 10.000000 5.625000 -0.000000
v 10.000000 -4.375000 0.000000
v 10.000000 -0.000000 -5.625000
v 10.000000 0.000000 4.375000
v 0.000000 5.624999 -10.000000
v 0.000000 -4.375001 -10.000000
v -5.625000 -0.000001 -10.000000
v 4.375000 -0.000001 -10.000000
v -10.000000 5.625000 -0.000000
v -10.000000 -4.375000 0.000000
v -10.000000 0.000000 5.625000
v -10.000000 -0.000000 -4.375000
v -10.000000 0.625001 10.000000
v -10.000000 -10.000000 -0.624999
v -10.000000 0.624999 -10.000000
v -10.000000 10.000000 -0.625001
v 0.625000 -10.000001 -9.999999
v 10.000000 0.624999 -10.000000
v 0.625000 9.999999 -10.000001
v 10.000000 -10.000000 -0.624999
v 10.000000 0.625001 10.000000
v 10.000000 10.000000 -0.625001
v 0.625000 -9.999999 10.000001
v 8.446079 10.000000 0.527879
v 0.625000 10.000001 9.999999
v 8.446079 11.636013 0.527879
v -8.446079 10.000000 -0.527881
v 0.527880 10.000001 8.446078
v 0.527880 9.999999 -8.446080
v 0.527880 11.636014 8.446078
v -8.446079 11.636013 -0.527881
v 0.527880 11.636012 -8.446080
v -10.000000 -9.374999 10.000001
v -10.000000 -9.999999 9.375001
v -10.000000 -9.375001 -9.999999
v -10.000000 10.000001 9.374999
v -9.375000 -10.000001 -9.999999
v 10.000000 -9.375001 -9.999999
v -9.375000 9.999999 -10.000001
v 10.000000 -9.999999 9.375001
v 10.000000 -9.374999 10.000001
v 10.000000 10.000001 9.374999
v -9.375000 -9.999999 10.000001
v 8.446079 9.999999 -7.918200
v -9.375000 10.000001 9.999999
v 8.446079 11.636012 -7.918200
v -8.446079 10.000001 7.918199
v -7.918200 10.000001 8.446078
v -7.918200 9.999999 -8.446080
v -7.918200 11.636014 8.446078
v -8.446079 11.636014 7.918199
v -7.918200 11.636012 -8.446080
v -0.527880 10.818006 -8.446080
v 7.918200 10.818006 -8.446080
v 0.527880 10.818007 8.446078
v -7.918200 10.818007 8.446078
v -8.446079 10.818007 0.527879
v -8.446079 10.818006 -7.918200
v -0.576440 9.999999 -9.223041
v 8.646600 9.999999 -9.223041
v 0.576440 10.000001 9.223039
v -8.646600 10.000001 9.223039
v -9.223040 10.000000 0.576439
v -9.223040 9.999999 -8.646601
v 8.446079 10.818007 -0.527881
v 8.446079 10.818007 7.918199
v 9.223040 10.000000 -0.576441
v 9.223040 10.000001 8.646599
v 0.625000 -10.000000 0.000001
v -9.375000 -10.000000 0.000001
v 0.000000 -10.000000 -0.624999
v 0.000000 -9.999999 9.375001
v 10.000000 0.625000 -0.000000
v 10.000000 -9.375000 0.000001
v 10.000000 -0.000000 -0.625000
v 10.000000 0.000001 9.375000
v 0.000000 0.624999 -10.000000
v 0.000000 -9.375001 -9.999999
v -0.625000 -0.000001 -10.000000
v 9.375000 -0.000001 -10.000000
v -10.000000 0.625000 -0.000000
v -10.000000 -9.375000 0.000001
v -10.000000 0.000000 0.625000
v -10.000000 -0.000001 -9.375000
v -10.000000 -4.375000 -5.000000
v -10.000000 -9.375000 -5.000000
v -10.000000 -5.000000 -4.375000
v -10.000000 -5.000000 -9.375000
v -10.000000 -4.375000 5.000000
v -10.000000 -9.375000 5.000000
v -10.000000 -5.000000 5.625000
v -10.000000 -5.000000 0.625000
v -10.000000 5.625000 5.000000
v -10.000000 0.625000 5.000000
v -10.000000 5.000000 5.625000
v -10.000000 5.000000 0.625000
v 5.000000 -4.375001 -10.000000
v 5.000000 -9.375001 -9.999999
v 4.375000 -5.000001 -10.000000
v 9.375000 -5.000001 -10.000000
v -5.000000 -4.375001 -10.000000
v -5.000000 -9.375001 -9.999999
v -5.625000 -5.000001 -10.000000
v -0.625000 -5.000001 -10.000000
v -5.000000 5.624999 -10.000000
v -5.000000 0.624999 -10.000000
v -5.625000 4.999999 -10.000000
v -0.625000 4.999999 -10.000000
v 10.000000 -4.375000 5.000000
v 10.000000 -9.375000 5.000000
v 10.000000 -5.000000 4.375000
v 10.000000 -5.000000 9.375000
v 10.000000 -4.375000 -5.000000
v 10.000000 -9.375000 -5.000000
v 10.000000 -5.000000 -5.625000
v 10.000000 -5.000000 -0.625000
v 10.000000 5.625000 -5.000000
v 10.000000 0.625000 -5.000000
v 10.000000 5.000000 -5.625000
v 10.000000 5.000000 -0.625000
v -8.203710 2.126188 10.000000
v -8.203710 6.342347 9.999999
v -8.203710 -6.306128 10.000000
v -8.203710 -2.089970 10.000000
v -4.375000 -10.000000 5.000001
v -9.375000 -10.000000 5.000001
v -5.000000 -10.000000 4.375001
v -5.000000 -9.999999 9.375001
v -4.375000 -10.000000 -4.999999
v -9.375000 -10.000000 -4.999999
v -5.000000 -10.000000 -5.624999
v -5.000000 -10.000000 -0.624999
v 5.625000 -10.000000 -4.999999
v 0.625000 -10.000000 -4.999999
v 5.000000 -10.000000 -5.624999
v 5.000000 -10.000000 -0.624999
v 9.951440 10.000000 5.576439
v 9.271600 10.000000 5.236519
v 9.271600 10.000000 -5.236521
v 9.951440 10.000000 -5.576441
v 8.494639 10.000000 -4.799480
v 9.174479 10.000000 -5.139400
v 3.589123 6.869367 9.999999
v 7.690978 6.869367 9.999999
v -4.614587 6.869367 9.999999
v -0.512732 6.869367 9.999999
v 8.203710 -5.252089 10.000000
v 8.203710 -9.468246 10.000001
v 8.203710 3.180228 10.000000
v 8.203710 -1.035930 10.000000
v -9.951440 10.000000 -5.576441
v -9.271600 10.000000 -5.236521
v -9.271600 10.000000 5.236519
v -9.951440 10.000000 5.576439
v -8.494639 10.000000 4.799479
v -9.174479 10.000000 5.139399
v -5.576440 10.000001 9.951439
v -5.236520 10.000001 9.271599
v 5.236520 10.000001 9.271599
v 5.576440 10.000001 9.951439
v 4.799479 10.000001 8.494638
v 5.139400 10.000001 9.174479
v 5.576440 9.999999 -9.951441
v 5.236520 9.999999 -9.271601
v -5.236520 9.999999 -9.271601
v -5.576440 9.999999 -9.951441
v -4.799479 9.999999 -8.494640
v -5.139400 9.999999 -9.174480
v 5.139400 9.999999 -9.174480
v 4.799479 9.999999 -8.494640
v -5.139400 10.000001 9.174479
v -4.799479 10.000001 8.494638
v -9.174479 10.000000 -5.139400
v -8.494639 10.000000 -4.799480
v 9.174479 10.000000 5.139399
v 8.494639 10.000000 4.799479
v 5.625000 -10.000000 5.000001
v 0.625000 -10.000000 5.000001
v 5.000000 -10.000000 4.375001
v 5.000000 -9.999999 9.375001
v 10.000000 5.625000 5.000000
v 10.000000 0.625000 5.000000
v 10.000000 5.000000 4.375000
v 10.000000 5.000000 9.375000
v 5.000000 5.624999 -10.000000
v 5.000000 0.624999 -10.000000
v 4.375000 4.999999 -10.000000
v 9.375000 4.999999 -10.000000
v -10.000000 5.625000 -5.000000
v -10.000000 0.625000 -5.000000
v -10.000000 5.000000 -4.375000
v -10.000000 5.000000 -9.375000
v -10.000000 3.125000 -7.500000
v -10.000000 0.624999 -7.500000
v -10.000000 2.500000 -6.875000
v -10.000000 2.499999 -9.375000
v -10.000000 3.125000 -2.500000
v -10.000000 0.625000 -2.500000
v -10.000000 2.500000 -1.875000
v -10.000000 2.500000 -4.375000
v -10.000000 8.125000 -2.500001
v -10.000000 5.625000 -2.500000
v -10.000000 7.500000 -1.875001
v -10.000000 7.500000 -4.375000
v 7.500000 3.124999 -10.000000
v 7.500000 0.624999 -10.000000
v 6.875000 2.499999 -10.000000
v 9.375000 2.499999 -10.000000
v 2.500000 3.124999 -10.000000
v 2.500000 0.624999 -10.000000
v 1.875000 2.499999 -10.000000
v 4.375000 2.499999 -10.000000
v 2.500000 8.124999 -10.000001
v 2.500000 5.624999 -10.000000
v 1.875000 7.499999 -10.000001
v 4.375000 7.499999 -10.000001
v 10.000000 3.125000 7.500000
v 10.000000 0.625001 7.500000
v 10.000000 2.500000 6.875000
v 10.000000 2.500001 9.375000
v 10.000000 3.125000 2.500000
v 10.000000 0.625000 2.500000
v 10.000000 2.500000 1.875000
v 10.000000 2.500000 4.375000
v 10.000000 8.125000 2.499999
v 10.000000 5.625000 2.500000
v 10.000000 7.500000 1.874999
v 10.000000 7.500000 4.375000
v 3.125000 -9.999999 7.500001
v 0.625000 -9.999999 7.500001
v 2.500000 -9.999999 6.875001
v 2.500000 -9.999999 9.375001
v 3.125000 -10.000000 2.500001
v 0.625000 -10.000000 2.500001
v 2.500000 -10.000000 1.875001
v 2.500000 -10.000000 4.375001
v 8.125000 -10.000000 2.500001
v 5.625000 -10.000000 2.500001
v 7.500000 -10.000000 1.875001
v 7.500000 -10.000000 4.375001
v 9.101854 2.098575 10.000000
v 9.101854 -0.205465 10.000000
v 9.101854 6.706655 9.999999
v 9.101854 4.402615 10.000000
v 9.101854 -7.117583 10.000001
v 9.101854 -9.421622 10.000001
v 9.101854 -2.509505 10.000000
v 9.101854 -4.813543 10.000000
v -2.844329 8.434684 9.999999
v -0.568866 8.434684 9.999999
v -7.395257 8.434684 9.999999
v -5.119793 8.434684 9.999999
v 6.257525 8.434684 9.999999
v 8.532989 8.434684 9.999999
v 1.706598 8.434684 9.999999
v 3.982061 8.434684 9.999999
v 3.125000 -10.000000 -2.499999
v 0.625000 -10.000000 -2.499999
v 2.500000 -10.000000 -3.124999
v 2.500000 -10.000000 -0.624999
v 3.125000 -10.000001 -7.499999
v 0.625000 -10.000001 -7.499999
v 2.500000 -10.000001 -8.124999
v 2.500000 -10.000000 -5.624999
v 8.125000 -10.000001 -7.499999
v 5.625000 -10.000001 -7.499999
v 7.500000 -10.000001 -8.124999
v 7.500000 -10.000000 -5.624999
v -6.875000 -10.000000 -2.499999
v -9.375000 -10.000000 -2.499999
v -7.500000 -10.000000 -3.124999
v -7.500000 -10.000000 -0.624999
v -6.875000 -10.000001 -7.499999
v -9.375000 -10.000001 -7.499999
v -7.500000 -10.000001 -8.124999
v -7.500000 -10.000000 -5.624999
v -1.875000 -10.000001 -7.499999
v -4.375000 -10.000001 -7.499999
v -2.500000 -10.000001 -8.124999
v -2.500000 -10.000000 -5.624999
v -6.875000 -9.999999 7.500001
v -9.375000 -9.999999 7.500001
v -7.500000 -9.999999 6.875001
v -7.500000 -9.999999 9.375001
v -6.875000 -10.000000 2.500001
v -9.375000 -10.000000 2.500001
v -7.500000 -10.000000 1.875001
v -7.500000 -10.000000 4.375001
v -1.875000 -10.000000 2.500001
v -4.375000 -10.000000 2.500001
v -2.500000 -10.000000 1.875001
v -2.500000 -10.000000 4.375001
v -9.101854 -3.661524 10.000000
v -9.101854 -1.357485 10.000000
v -9.101854 -8.269603 10.000001
v -9.101854 -5.965564 10.000000
v -9.101854 5.554634 10.000000
v -9.101854 7.858674 9.999999
v -9.101854 0.946555 10.000000
v -9.101854 3.250594 10.000000
v 10.000000 3.125000 -2.500000
v 10.000000 0.625000 -2.500000
v 10.000000 2.500000 -3.125000
v 10.000000 2.500000 -0.625000
v 10.000000 3.125000 -7.500000
v 10.000000 0.624999 -7.500000
v 10.000000 2.499999 -8.125000
v 10.000000 2.500000 -5.625000
v 10.000000 8.124999 -7.500000
v 10.000000 5.625000 -7.500000
v 10.000000 7.500000 -8.125001
v 10.000000 7.500000 -5.625000
v 10.000000 -6.875000 -2.500000
v 10.000000 -9.375000 -2.499999
v 10.000000 -7.500000 -3.125000
v 10.000000 -7.500000 -0.624999
v 10.000000 -6.875000 -7.500000
v 10.000000 -9.375001 -7.500000
v 10.000000 -7.500000 -8.124999
v 10.000000 -7.500000 -5.625000
v 10.000000 -1.875001 -7.500000
v 10.000000 -4.375000 -7.500000
v 10.000000 -2.500001 -8.125000
v 10.000000 -2.500000 -5.625000
v 10.000000 -6.875000 7.500000
v 10.000000 -9.374999 7.500000
v 10.000000 -7.500000 6.875000
v 10.000000 -7.500000 9.375001
v 10.000000 -6.875000 2.500000
v 10.000000 -9.375000 2.500001
v 10.000000 -7.500000 1.875001
v 10.000000 -7.500000 4.375000
v 10.000000 -1.875000 2.500000
v 10.000000 -4.375000 2.500000
v 10.000000 -2.500000 1.875000
v 10.000000 -2.500000 4.375000
v -2.500000 3.124999 -10.000000
v -2.500000 0.624999 -10.000000
v -3.125000 2.499999 -10.000000
v -0.625000 2.499999 -10.000000
v -7.500000 3.124999 -10.000000
v -7.500000 0.624999 -10.000000
v -8.125000 2.499999 -10.000000
v -5.625000 2.499999 -10.000000
v -7.500000 8.124999 -10.000001
v -7.500000 5.624999 -10.000000
v -8.125000 7.499999 -10.000001
v -5.625000 7.499999 -10.000001
v -2.500000 -6.875001 -9.999999
v -2.500000 -9.375001 -9.999999
v -3.125000 -7.500001 -9.999999
v -0.625000 -7.500001 -9.999999
v -7.500000 -6.875001 -9.999999
v -7.500000 -9.375001 -9.999999
v -8.125000 -7.500001 -9.999999
v -5.625000 -7.500001 -9.999999
v -7.500000 -1.875001 -10.000000
v -7.500000 -4.375001 -10.000000
v -8.125000 -2.500001 -10.000000
v -5.625000 -2.500001 -10.000000
v 7.500000 -6.875001 -9.999999
v 7.500000 -9.375001 -9.999999
v 6.875000 -7.500001 -9.999999
v 9.375000 -7.500001 -9.999999
v 2.500000 -6.875001 -9.999999
v 2.500000 -9.375001 -9.999999
v 1.875000 -7.500001 -9.999999
v 4.375000 -7.500001 -9.999999
v 2.500000 -1.875001 -10.000000
v 2.500000 -4.375001 -10.000000
v 1.875000 -2.500001 -10.000000
v 4.375000 -2.500001 -10.000000
v -10.000000 3.125000 2.500000
v -10.000000 0.625000 2.500000
v -10.000000 2.500000 3.125000
v -10.000000 2.500000 0.625000
v -10.000000 3.125000 7.500000
v -10.000000 0.625001 7.500000
v -10.000000 2.500001 8.125000
v -10.000000 2.500000 5.625000
v -10.000000 8.125001 7.500000
v -10.000000 5.625000 7.500000
v -10.000000 7.500000 8.124999
v -10.000000 7.500000 5.625000
v -10.000000 -6.875000 2.500000
v -10.000000 -9.375000 2.500001
v -10.000000 -7.500000 3.125000
v -10.000000 -7.500000 0.625001
v -10.000000 -6.875000 7.500000
v -10.000000 -9.374999 7.500000
v -10.000000 -7.500000 8.125001
v -10.000000 -7.500000 5.625000
v -10.000000 -1.874999 7.500000
v -10.000000 -4.375000 7.500000
v -10.000000 -2.499999 8.125000
v -10.000000 -2.500000 5.625000
v -10.000000 -6.875000 -7.500000
v -10.000000 -9.375001 -7.500000
v -10.000000 -7.500000 -6.875000
v -10.000000 -7.500000 -9.374999
v -10.000000 -6.875000 -2.500000
v -10.000000 -9.375000 -2.499999
v -10.000000 -7.500000 -1.874999
v -10.000000 -7.500000 -4.375000
v -10.000000 -1.875000 -2.500000
v -10.000000 -4.375000 -2.500000
v -10.000000 -2.500000 -1.875000
v -10.000000 -2.500000 -4.375000
v -10.000000 -1.875001 -7.500000
v -10.000000 -4.375000 -7.500000
v -10.000000 -2.500000 -6.875000
v -10.000000 -2.500001 -9.375000
v -10.000000 -1.875000 2.500000
v -10.000000 -4.375000 2.500000
v -10.000000 -2.500000 3.125000
v -10.000000 -2.500000 0.625000
v -10.000000 8.125000 2.499999
v -10.000000 5.625000 2.500000
v -10.000000 7.500000 3.125000
v -10.000000 7.500000 0.624999
v 7.500000 -1.875001 -10.000000
v 7.500000 -4.375001 -10.000000
v 6.875000 -2.500001 -10.000000
v 9.375000 -2.500001 -10.000000
v -2.500000 -1.875001 -10.000000
v -2.500000 -4.375001 -10.000000
v -3.125000 -2.500001 -10.000000
v -0.625000 -2.500001 -10.000000
v -2.500000 8.124999 -10.000001
v -2.500000 5.624999 -10.000000
v -3.125000 7.499999 -10.000001
v -0.625000 7.499999 -10.000001
v 10.000000 -1.874999 7.500000
v 10.000000 -4.375000 7.500000
v 10.000000 -2.500000 6.875000
v 10.000000 -2.499999 9.375000
v 10.000000 -1.875000 -2.500000
v 10.000000 -4.375000 -2.500000
v 10.000000 -2.500000 -3.125000
v 10.000000 -2.500000 -0.625000
v 10.000000 8.125000 -2.500001
v 10.000000 5.625000 -2.500000
v 10.000000 7.500000 -3.125000
v 10.000000 7.500000 -0.625001
v -1.875000 -9.999999 7.500001
v -4.375000 -9.999999 7.500001
v -2.500000 -9.999999 6.875001
v -2.500000 -9.999999 9.375001
v -1.875000 -10.000000 -2.499999
v -4.375000 -10.000000 -2.499999
v -2.500000 -10.000000 -3.124999
v -2.500000 -10.000000 -0.624999
v 8.125000 -10.000000 -2.499999
v 5.625000 -10.000000 -2.499999
v 7.500000 -10.000000 -3.124999
v 7.500000 -10.000000 -0.624999
v 8.125000 -9.999999 7.500001
v 5.625000 -9.999999 7.500001
v 7.500000 -9.999999 6.875001
v 7.500000 -9.999999 9.375001
v 10.000000 8.125001 7.500000
v 10.000000 5.625000 7.500000
v 10.000000 7.500000 6.875000
v 10.000000 7.500000 9.374999
v 7.500000 8.124999 -10.000001
v 7.500000 5.624999 -10.000000
v 6.875000 7.499999 -10.000001
v 9.375000 7.499999 -10.000001
v -10.000000 8.124999 -7.500000
v -10.000000 5.625000 -7.500000
v -10.000000 7.500000 -6.875000
v -10.000000 7.500000 -9.375001
v -10.000000 6.875000 -8.750001
v -10.000000 5.625000 -8.750000
v -10.000000 6.250000 -8.125000
v -10.000000 6.250000 -9.375000
v -10.000000 6.875000 -6.250000
v -10.000000 5.625000 -6.250000
v -10.000000 6.250000 -5.625000
v -10.000000 6.250000 -6.875000
v -10.000000 9.375000 -6.250000
v -10.000000 8.125000 -6.250000
v -10.000000 8.750000 -5.625000
v -10.000000 8.749999 -6.875000
v 8.750000 6.874999 -10.000001
v 8.750000 5.624999 -10.000000
v 8.125000 6.249999 -10.000000
v 9.375000 6.249999 -10.000000
v 6.250000 6.874999 -10.000001
v 6.250000 5.624999 -10.000000
v 5.625000 6.249999 -10.000000
v 6.875000 6.249999 -10.000000
v 6.250000 9.374999 -10.000001
v 6.250000 8.124999 -10.000001
v 5.625000 8.749999 -10.000001
v 6.875000 8.749999 -10.000001
v 10.000000 6.875000 8.749999
v 10.000000 5.625000 8.750000
v 10.000000 6.250000 8.125000
v 10.000000 6.250000 9.375000
v 10.000000 6.875000 6.250000
v 10.000000 5.625000 6.250000
v 10.000000 6.250000 5.625000
v 10.000000 6.250000 6.875000
v 10.000000 9.375000 6.250000
v 10.000000 8.125000 6.250000
v 10.000000 8.750000 5.625000
v 10.000000 8.750001 6.875000
v -3.488448 -3.225054 10.000000
v -3.263911 -3.285324 10.000000
v 6.875000 -9.999999 8.750001
v 5.625000 -9.999999 8.750001
v 6.250000 -9.999999 8.125001
v 6.250000 -9.999999 9.375001
v 6.875000 -10.000000 6.250001
v 5.625000 -10.000000 6.250001
v 6.250000 -10.000000 5.625001
v 6.250000 -9.999999 6.875001
v 9.375000 -10.000000 6.250001
v 8.125000 -10.000000 6.250001
v 8.750000 -10.000000 5.625001
v 8.750000 -9.999999 6.875001
v 3.578140 0.216768 10.000000
v 3.641799 -0.174561 10.000000
v 2.481492 0.216768 10.000000
v 2.601285 -0.174561 10.000000
v 3.488448 -4.304340 10.000000
v 3.263911 -4.315620 10.000000
v 7.754637 -0.446114 10.000000
v 7.754637 -1.451163 10.000000
v 7.754637 1.563985 10.000000
v 7.754637 0.558936 10.000000
v -0.520257 -0.174561 10.000000
v -1.384844 0.216768 10.000000
v -1.560771 -0.174561 10.000000
v 6.875000 -10.000000 -1.249999
v 5.625000 -10.000000 -1.249999
v 6.250000 -10.000000 -1.874999
v 6.250000 -10.000000 -0.624999
v 6.875000 -10.000000 -3.749999
v 5.625000 -10.000000 -3.749999
v 6.250000 -10.000000 -4.374999
v 6.250000 -10.000000 -3.124999
v 9.375000 -10.000000 -3.749999
v 8.125000 -10.000000 -3.749999
v 8.750000 -10.000000 -4.374999
v 8.750000 -10.000000 -3.124999
v -3.125000 -10.000000 -1.249999
v -4.375000 -10.000000 -1.249999
v -3.750000 -10.000000 -1.874999
v -3.750000 -10.000000 -0.624999
v -3.125000 -10.000000 -3.749999
v -4.375000 -10.000000 -3.749999
v -3.750000 -10.000000 -4.374999
v -3.750000 -10.000000 -3.124999
v -0.625000 -10.000000 -3.749999
v -1.875000 -10.000000 -3.749999
v -1.250000 -10.000000 -4.374999
v -1.250000 -10.000000 -3.124999
v -3.125000 -9.999999 8.750001
v -4.375000 -9.999999 8.750001
v -3.750000 -9.999999 8.125001
v -3.750000 -9.999999 9.375001
v -3.125000 -10.000000 6.250001
v -4.375000 -10.000000 6.250001
v -3.750000 -10.000000 5.625001
v -3.750000 -9.999999 6.875001
v -0.625000 -10.000000 6.250001
v -1.875000 -10.000000 6.250001
v -1.250000 -10.000000 5.625001
v -1.250000 -9.999999 6.875001
v -4.162056 -6.918975 10.000001
v -7.754637 -3.461262 10.000000
v -7.754637 -2.456213 10.000000
v -7.530101 -4.588195 10.000000
v -7.754637 -4.968836 10.000000
v -6.631956 -5.124720 10.000000
v -6.856492 -5.456371 10.000000
v -7.754637 4.579134 10.000000
v -7.754637 5.584183 10.000000
v -7.754637 2.569035 10.000000
v -7.754637 3.574084 10.000000
v 10.000000 6.875000 -1.250000
v 10.000000 5.625000 -1.250000
v 10.000000 6.250000 -1.875000
v 10.000000 6.250000 -0.625000
v 10.000000 6.875000 -3.750000
v 10.000000 5.625000 -3.750000
v 10.000000 6.250000 -4.375000
v 10.000000 6.250000 -3.125000
v 10.000000 9.375000 -3.750001
v 10.000000 8.125000 -3.750001
v 10.000000 8.750000 -4.375000
v 10.000000 8.750000 -3.125001
v 10.000000 -3.125000 -1.250000
v 10.000000 -4.375000 -1.250000
v 10.000000 -3.750000 -1.875000
v 10.000000 -3.750000 -0.625000
v 10.000000 -3.125000 -3.750000
v 10.000000 -4.375000 -3.750000
v 10.000000 -3.750000 -4.375000
v 10.000000 -3.750000 -3.125000
v 10.000000 -0.625000 -3.750000
v 10.000000 -1.875000 -3.750000
v 10.000000 -1.250000 -4.375000
v 10.000000 -1.250000 -3.125000
v 10.000000 -3.124999 8.750000
v 10.000000 -4.375000 8.750000
v 10.000000 -3.749999 8.125000
v 10.000000 -3.749999 9.375000
v 10.000000 -3.125000 6.250000
v 10.000000 -4.375000 6.250000
v 10.000000 -3.750000 5.625000
v 10.000000 -3.750000 6.875000
v 10.000000 -0.625000 6.250000
v 10.000000 -1.875000 6.250000
v 10.000000 -1.250000 5.625000
v 10.000000 -1.250000 6.875000
v -1.250000 6.874999 -10.000001
v -1.250000 5.624999 -10.000000
v -1.875000 6.249999 -10.000000
v -0.625000 6.249999 -10.000000
v -3.750000 6.874999 -10.000001
v -3.750000 5.624999 -10.000000
v -4.375000 6.249999 -10.000000
v -3.125000 6.249999 -10.000000
v -3.750000 9.374999 -10.000001
v -3.750000 8.124999 -10.000001
v -4.375000 8.749999 -10.000001
v -3.125000 8.749999 -10.000001
v -1.250000 -3.125001 -10.000000
v -1.250000 -4.375001 -10.000000
v -1.875000 -3.750001 -10.000000
v -0.625000 -3.750001 -10.000000
v -3.750000 -3.125001 -10.000000
v -3.750000 -4.375001 -10.000000
v -4.375000 -3.750001 -10.000000
v -3.125000 -3.750001 -10.000000
v -3.750000 -0.625001 -10.000000
v -3.750000 -1.875001 -10.000000
v -4.375000 -1.250001 -10.000000
v -3.125000 -1.250001 -10.000000
v 8.750000 -3.125001 -10.000000
v 8.750000 -4.375001 -10.000000
v 8.125000 -3.750001 -10.000000
v 9.375000 -3.750001 -10.000000
v 6.250000 -3.125001 -10.000000
v 6.250000 -4.375001 -10.000000
v 5.625000 -3.750001 -10.000000
v 6.875000 -3.750001 -10.000000
v 6.250000 -0.625001 -10.000000
v 6.250000 -1.875001 -10.000000
v 5.625000 -1.250001 -10.000000
v 6.875000 -1.250001 -10.000000
v -10.000000 6.875000 1.250000
v -10.000000 5.625000 1.250000
v -10.000000 6.250000 1.875000
v -10.000000 6.250000 0.625000
v -10.000000 6.875000 3.750000
v -10.000000 5.625000 3.750000
v -10.000000 6.250000 4.375000
v -10.000000 6.250000 3.125000
v -10.000000 9.375000 3.749999
v -10.000000 8.125000 3.749999
v -10.000000 8.750000 4.375000
v -10.000000 8.750000 3.124999
v -10.000000 -3.125000 1.250000
v -10.000000 -4.375000 1.250000
v -10.000000 -3.750000 1.875000
v -10.000000 -3.750000 0.625000
v -10.000000 -3.125000 3.750000
v -10.000000 -4.375000 3.750000
v -10.000000 -3.750000 4.375000
v -10.000000 -3.750000 3.125000
v -10.000000 -0.625000 3.750000
v -10.000000 -1.875000 3.750000
v -10.000000 -1.250000 4.375000
v -10.000000 -1.250000 3.125000
v -10.000000 -3.125001 -8.750000
v -10.000000 -4.375000 -8.750000
v -10.000000 -3.750001 -8.125000
v -10.000000 -3.750001 -9.375000
v -10.000000 -3.125000 -6.250000
v -10.000000 -4.375000 -6.250000
v -10.000000 -3.750000 -5.625000
v -10.000000 -3.750000 -6.875000
v -10.000000 -0.625000 -6.250000
v -10.000000 -1.875000 -6.250000
v -10.000000 -1.250000 -5.625000
v -10.000000 -1.250000 -6.875000
v -10.000000 -3.125000 -3.750000
v -10.000000 -4.375000 -3.750000
v -10.000000 -3.750000 -3.125000
v -10.000000 -3.750000 -4.375000
v -10.000000 -3.125000 -1.250000
v -10.000000 -4.375000 -1.250000
v -10.000000 -3.750000 -0.625000
v -10.000000 -3.750000 -1.875000
v -10.000000 -0.625000 -1.250000
v -10.000000 -1.875000 -1.250000
v -10.000000 -1.250000 -0.625000
v -10.000000 -1.250000 -1.875000
v -10.000000 -8.125000 -3.749999
v -10.000000 -9.375000 -3.749999
v -10.000000 -8.750000 -3.124999
v -10.000000 -8.750000 -4.375000
v -10.000000 -8.125000 -1.249999
v -10.000000 -9.375000 -1.249999
v -10.000000 -8.750000 -0.624999
v -10.000000 -8.750000 -1.874999
v -10.000000 -5.625000 -1.250000
v -10.000000 -6.875000 -1.250000
v -10.000000 -6.250000 -0.625000
v -10.000000 -6.250000 -1.875000
v -10.000000 -8.125001 -8.749999
v -10.000000 -9.375001 -8.749999
v -10.000000 -8.750001 -8.124999
v -10.000000 -8.750001 -9.374999
v -10.000000 -8.125000 -6.250000
v -10.000000 -9.375000 -6.250000
v -10.000000 -8.750000 -5.625000
v -10.000000 -8.750001 -6.875000
v -10.000000 -5.625000 -6.250000
v -10.000000 -6.875000 -6.250000
v -10.000000 -6.250000 -5.625000
v -10.000000 -6.250000 -6.875000
v -10.000000 -3.125000 6.250000
v -10.000000 -4.375000 6.250000
v -10.000000 -3.750000 6.875000
v -10.000000 -3.750000 5.625000
v -10.000000 -3.124999 8.750000
v -10.000000 -4.375000 8.750000
v -10.000000 -3.749999 9.375000
v -10.000000 -3.749999 8.125000
v -10.000000 -0.624999 8.750000
v -10.000000 -1.874999 8.750000
v -10.000000 -1.249999 9.375000
v -10.000000 -1.249999 8.125000
v -10.000000 -8.125000 6.250000
v -10.000000 -9.375000 6.250000
v -10.000000 -8.749999 6.875000
v -10.000000 -8.750000 5.625000
v -10.000000 -8.124999 8.750001
v -10.000000 -9.374999 8.750001
v -10.000000 -8.749999 9.375001
v -10.000000 -8.749999 8.125001
v -10.000000 -5.625000 8.750000
v -10.000000 -6.875000 8.750001
v -10.000000 -6.250000 9.375000
v -10.000000 -6.250000 8.125000
v -10.000000 -8.125000 1.250001
v -10.000000 -9.375000 1.250001
v -10.000000 -8.750000 1.875001
v -10.000000 -8.750000 0.625001
v -10.000000 -8.125000 3.750001
v -10.000000 -9.375000 3.750001
v -10.000000 -8.750000 4.375000
v -10.000000 -8.750000 3.125001
v -10.000000 -5.625000 3.750000
v -10.000000 -6.875000 3.750000
v -10.000000 -6.250000 4.375000
v -10.000000 -6.250000 3.125000
v -10.000000 6.875000 6.250000
v -10.000000 5.625000 6.250000
v -10.000000 6.250000 6.875000
v -10.000000 6.250000 5.625000
v -10.000000 6.875000 8.749999
v -10.000000 5.625000 8.750000
v -10.000000 6.250000 9.375000
v -10.000000 6.250000 8.125000
v -10.000000 9.375001 8.749999
v -10.000000 8.125001 8.749999
v -10.000000 8.750001 9.374999
v -10.000000 8.750001 8.124999
v -10.000000 1.875000 6.250000
v -10.000000 0.625000 6.250000
v -10.000000 1.250000 6.875000
v -10.000000 1.250000 5.625000
v -10.000000 1.875001 8.750000
v -10.000000 0.625001 8.750000
v -10.000000 1.250001 9.375000
v -10.000000 1.250001 8.125000
v -10.000000 4.375000 8.750000
v -10.000000 3.125001 8.750000
v -10.000000 3.750001 9.375000
v -10.000000 3.750001 8.125000
v -10.000000 1.875000 1.250000
v -10.000000 0.625000 1.250000
v -10.000000 1.250000 1.875000
v -10.000000 1.250000 0.625000
v -10.000000 1.875000 3.750000
v -10.000000 0.625000 3.750000
v -10.000000 1.250000 4.375000
v -10.000000 1.250000 3.125000
v -10.000000 4.375000 3.750000
v -10.000000 3.125000 3.750000
v -10.000000 3.750000 4.375000
v -10.000000 3.750000 3.125000
v 3.750000 -3.125001 -10.000000
v 3.750000 -4.375001 -10.000000
v 3.125000 -3.750001 -10.000000
v 4.375000 -3.750001 -10.000000
v 1.250000 -3.125001 -10.000000
v 1.250000 -4.375001 -10.000000
v 0.625000 -3.750001 -10.000000
v 1.875000 -3.750001 -10.000000
v 1.250000 -0.625001 -10.000000
v 1.250000 -1.875001 -10.000000
v 0.625000 -1.250001 -10.000000
v 1.875000 -1.250001 -10.000000
v 3.750000 -8.125001 -9.999999
v 3.750000 -9.375001 -9.999999
v 3.125000 -8.750001 -9.999999
v 4.375000 -8.750001 -9.999999
v 1.250000 -8.125001 -9.999999
v 1.250000 -9.375001 -9.999999
v 0.625000 -8.750001 -9.999999
v 1.875000 -8.750001 -9.999999
v 1.250000 -5.625001 -10.000000
v 1.250000 -6.875001 -9.999999
v 0.625000 -6.250001 -10.000000
v 1.875000 -6.250001 -10.000000
v 8.750000 -8.125001 -9.999999
v 8.750000 -9.375001 -9.999999
v 8.125000 -8.750001 -9.999999
v 9.375000 -8.750001 -9.999999
v 6.250000 -8.125001 -9.999999
v 6.250000 -9.375001 -9.999999
v 5.625000 -8.750001 -9.999999
v 6.875000 -8.750001 -9.999999
v 6.250000 -5.625001 -10.000000
v 6.250000 -6.875001 -9.999999
v 5.625000 -6.250001 -10.000000
v 6.875000 -6.250001 -10.000000
v -6.250000 -3.125001 -10.000000
v -6.250000 -4.375001 -10.000000
v -6.875000 -3.750001 -10.000000
v -5.625000 -3.750001 -10.000000
v -8.750000 -3.125001 -10.000000
v -8.750000 -4.375001 -10.000000
v -9.375000 -3.750001 -10.000000
v -8.125000 -3.750001 -10.000000
v -8.750000 -0.625001 -10.000000
v -8.750000 -1.875001 -10.000000
v -9.375000 -1.250001 -10.000000
v -8.125000 -1.250001 -10.000000
v -6.250000 -8.125001 -9.999999
v -6.250000 -9.375001 -9.999999
v -6.875000 -8.750001 -9.999999
v -5.625000 -8.750001 -9.999999
v -8.750000 -8.125001 -9.999999
v -8.750000 -9.375001 -9.999999
v -9.375000 -8.750001 -9.999999
v -8.125000 -8.750001 -9.999999
v -8.750000 -5.625001 -10.000000
v -8.750000 -6.875001 -9.999999
v -9.375000 -6.250001 -10.000000
v -8.125000 -6.250001 -10.000000
v -1.250000 -8.125001 -9.999999
v -1.250000 -9.375001 -9.999999
v -1.875000 -8.750001 -9.999999
v -0.625000 -8.750001 -9.999999
v -3.750000 -8.125001 -9.999999
v -3.750000 -9.375001 -9.999999
v -4.375000 -8.750001 -9.999999
v -3.125000 -8.750001 -9.999999
v -3.750000 -5.625001 -10.000000
v -3.750000 -6.875001 -9.999999
v -4.375000 -6.250001 -10.000000
v -3.125000 -6.250001 -10.000000
v -6.250000 6.874999 -10.000001
v -6.250000 5.624999 -10.000000
v -6.875000 6.249999 -10.000000
v -5.625000 6.249999 -10.000000
v -8.750000 6.874999 -10.000001
v -8.750000 5.624999 -10.000000
v -9.375000 6.249999 -10.000000
v -8.125000 6.249999 -10.000000
v -8.750000 9.374999 -10.000001
v -8.750000 8.124999 -10.000001
v -9.375000 8.749999 -10.000001
v -8.125000 8.749999 -10.000001
v -6.250000 1.874999 -10.000000
v -6.250000 0.624999 -10.000000
v -6.875000 1.249999 -10.000000
v -5.625000 1.249999 -10.000000
v -8.750000 1.874999 -10.000000
v -8.750000 0.624999 -10.000000
v -9.375000 1.249999 -10.000000
v -8.125000 1.249999 -10.000000
v -8.750000 4.374999 -10.000000
v -8.750000 3.124999 -10.000000
v -9.375000 3.749999 -10.000000
v -8.125000 3.749999 -10.000000
v -1.250000 1.874999 -10.000000
v -1.250000 0.624999 -10.000000
v -1.875000 1.249999 -10.000000
v -0.625000 1.249999 -10.000000
v -3.750000 1.874999 -10.000000
v -3.750000 0.624999 -10.000000
v -4.375000 1.249999 -10.000000
v -3.125000 1.249999 -10.000000
v -3.750000 4.374999 -10.000000
v -3.750000 3.124999 -10.000000
v -4.375000 3.749999 -10.000000
v -3.125000 3.749999 -10.000000
v 10.000000 -3.125000 3.750000
v 10.000000 -4.375000 3.750000
v 10.000000 -3.750000 3.125000
v 10.000000 -3.750000 4.375000
v 10.000000 -3.125000 1.250000
v 10.000000 -4.375000 1.250000
v 10.000000 -3.750000 0.625000
v 10.000000 -3.750000 1.875000
v 10.000000 -0.625000 1.250000
v 10.000000 -1.875000 1.250000
v 10.000000 -1.250000 0.625000
v 10.000000 -1.250000 1.875000
v 10.000000 -8.125000 3.750001
v 10.000000 -9.375000 3.750001
v 10.000000 -8.750000 3.125001
v 10.000000 -8.750000 4.375000
v 10.000000 -8.125000 1.250001
v 10.000000 -9.375000 1.250001
v 10.000000 -8.750000 0.625001
v 10.000000 -8.750000 1.875001
v 10.000000 -5.625000 1.250000
v 10.000000 -6.875000 1.250000
v 10.000000 -6.250000 0.625000
v 10.000000 -6.250000 1.875000
v 10.000000 -8.124999 8.750001
v 10.000000 -9.374999 8.750001
v 10.000000 -8.749999 8.125001
v 10.000000 -8.749999 9.375001
v 10.000000 -8.125000 6.250000
v 10.000000 -9.375000 6.250000
v 10.000000 -8.750000 5.625000
v 10.000000 -8.749999 6.875000
v 10.000000 -5.625000 6.250000
v 10.000000 -6.875000 6.250000
v 10.000000 -6.250000 5.625000
v 10.000000 -6.250000 6.875000
v 10.000000 -3.125000 -6.250000
v 10.000000 -4.375000 -6.250000
v 10.000000 -3.750000 -6.875000
v 10.000000 -3.750000 -5.625000
v 10.000000 -3.125001 -8.750000
v 10.000000 -4.375000 -8.750000
v 10.000000 -3.750001 -9.375000
v 10.000000 -3.750001 -8.125000
v 10.000000 -0.625001 -8.750000
v 10.000000 -1.875001 -8.750000
v 10.000000 -1.250001 -9.375000
v 10.000000 -1.250001 -8.125000
v 10.000000 -8.125000 -6.250000
v 10.000000 -9.375000 -6.250000
v 10.000000 -8.750001 -6.875000
v 10.000000 -8.750000 -5.625000
v 10.000000 -8.125001 -8.749999
v 10.000000 -9.375001 -8.749999
v 10.000000 -8.750001 -9.374999
v 10.000000 -8.750001 -8.124999
v 10.000000 -5.625000 -8.750000
v 10.000000 -6.875000 -8.749999
v 10.000000 -6.250000 -9.375000
v 10.000000 -6.250000 -8.125000
v 10.000000 -8.125000 -1.249999
v 10.000000 -9.375000 -1.249999
v 10.000000 -8.750000 -1.874999
v 10.000000 -8.750000 -0.624999
v 10.000000 -8.125000 -3.749999
v 10.000000 -9.375000 -3.749999
v 10.000000 -8.750000 -4.375000
v 10.000000 -8.750000 -3.124999
v 10.000000 -5.625000 -3.750000
v 10.000000 -6.875000 -3.750000
v 10.000000 -6.250000 -4.375000
v 10.000000 -6.250000 -3.125000
v 10.000000 6.875000 -6.250000
v 10.000000 5.625000 -6.250000
v 10.000000 6.250000 -6.875000
v 10.000000 6.250000 -5.625000
v 10.000000 6.875000 -8.750001
v 10.000000 5.625000 -8.750000
v 10.000000 6.250000 -9.375000
v 10.000000 6.250000 -8.125000
v 10.000000 9.374999 -8.750001
v 10.000000 8.124999 -8.750001
v 10.000000 8.749999 -9.375001
v 10.000000 8.749999 -8.125001
v 10.000000 1.875000 -6.250000
v 10.000000 0.625000 -6.250000
v 10.000000 1.250000 -6.875000
v 10.000000 1.250000 -5.625000
v 10.000000 1.874999 -8.750000
v 10.000000 0.624999 -8.750000
v 10.000000 1.249999 -9.375000
v 10.000000 1.249999 -8.125000
v 10.000000 4.375000 -8.750000
v 10.000000 3.124999 -8.750000
v 10.000000 3.749999 -9.375000
v 10.000000 3.749999 -8.125000
v 10.000000 1.875000 -1.250000
v 10.000000 0.625000 -1.250000
v 10.000000 1.250000 -1.875000
v 10.000000 1.250000 -0.625000
v 10.000000 1.875000 -3.750000
v 10.000000 0.625000 -3.750000
v 10.000000 1.250000 -4.375000
v 10.000000 1.250000 -3.125000
v 10.000000 4.375000 -3.750000
v 10.000000 3.125000 -3.750000
v 10.000000 3.750000 -4.375000
v 10.000000 3.750000 -3.125000
v -7.754637 0.558936 10.000000
v -7.754637 1.563985 10.000000
v -7.754637 -1.451163 10.000000
v -7.754637 -0.446114 10.000000
v -9.550927 2.611788 10.000000
v -9.550927 3.812798 10.000000
v -9.550927 0.209768 10.000000
v -9.550927 1.410778 10.000000
v -8.652782 -0.620697 10.000000
v -8.652782 0.482332 10.000000
v -9.550927 7.415828 9.999999
v -9.550927 8.616838 9.999999
v -9.550927 5.013808 10.000000
v -9.550927 6.214818 10.000000
v -8.652782 3.791421 10.000000
v -8.652782 4.894451 10.000000
v -9.550927 -2.192252 10.000000
v -9.550927 -0.991242 10.000000
v -9.775463 -3.271378 10.000000
v -9.326391 -3.515145 10.000000
v -9.550927 -3.993767 10.000000
v -8.428246 -4.051670 10.000000
v -8.652782 -4.481301 10.000000
v -5.733810 -5.661244 10.000000
v -5.958346 -5.943905 10.000000
v -4.835665 -6.197769 10.000000
v -5.060202 -6.431440 10.000001
v -3.125000 -10.000000 3.750001
v -4.375000 -10.000000 3.750001
v -3.750000 -10.000000 3.125001
v -3.750000 -10.000000 4.375001
v -3.125000 -10.000000 1.250001
v -4.375000 -10.000000 1.250001
v -3.750000 -10.000000 0.625001
v -3.750000 -10.000000 1.875001
v -0.625000 -10.000000 1.250001
v -1.875000 -10.000000 1.250001
v -1.250000 -10.000000 0.625001
v -1.250000 -10.000000 1.875001
v -8.125000 -10.000000 3.750001
v -9.375000 -10.000000 3.750001
v -8.750000 -10.000000 3.125001
v -8.750000 -10.000000 4.375001
v -8.125000 -10.000000 1.250001
v -9.375000 -10.000000 1.250001
v -8.750000 -10.000000 0.625001
v -8.750000 -10.000000 1.875001
v -5.625000 -10.000000 1.250001
v -6.875000 -10.000000 1.250001
v -6.250000 -10.000000 0.625001
v -6.250000 -10.000000 1.875001
v -8.125000 -9.999999 8.750001
v -9.375000 -9.999999 8.750001
v -8.750000 -9.999999 8.125001
v -8.750000 -9.999999 9.375001
v -8.125000 -10.000000 6.250001
v -9.375000 -10.000000 6.250001
v -8.750000 -10.000000 5.625001
v -8.750000 -9.999999 6.875001
v -5.625000 -10.000000 6.250001
v -6.875000 -10.000000 6.250001
v -6.250000 -10.000000 5.625001
v -6.250000 -9.999999 6.875001
v -3.125000 -10.000000 -6.249999
v -4.375000 -10.000000 -6.249999
v -3.750000 -10.000001 -6.874999
v -3.750000 -10.000000 -5.624999
v -3.125000 -10.000001 -8.749999
v -4.375000 -10.000001 -8.749999
v -3.750000 -10.000001 -9.374999
v -3.750000 -10.000001 -8.124999
v -0.625000 -10.000001 -8.749999
v -1.875000 -10.000001 -8.749999
v -1.250000 -10.000001 -9.374999
v -1.250000 -10.000001 -8.124999
v -8.125000 -10.000000 -6.249999
v -9.375000 -10.000000 -6.249999
v -8.750000 -10.000001 -6.874999
v -8.750000 -10.000000 -5.624999
v -8.125000 -10.000001 -8.749999
v -9.375000 -10.000001 -8.749999
v -8.750000 -10.000001 -9.374999
v -8.750000 -10.000001 -8.124999
v -5.625000 -10.000001 -8.749999
v -6.875000 -10.000001 -8.749999
v -6.250000 -10.000001 -9.374999
v -6.250000 -10.000001 -8.124999
v -8.125000 -10.000000 -1.249999
v -9.375000 -10.000000 -1.249999
v -8.750000 -10.000000 -1.874999
v -8.750000 -10.000000 -0.624999
v -8.125000 -10.000000 -3.749999
v -9.375000 -10.000000 -3.749999
v -8.750000 -10.000000 -4.374999
v -8.750000 -10.000000 -3.124999
v -5.625000 -10.000000 -3.749999
v -6.875000 -10.000000 -3.749999
v -6.250000 -10.000000 -4.374999
v -6.250000 -10.000000 -3.124999
v 6.875000 -10.000000 -6.249999
v 5.625000 -10.000000 -6.249999
v 6.250000 -10.000001 -6.874999
v 6.250000 -10.000000 -5.624999
v 6.875000 -10.000001 -8.749999
v 5.625000 -10.000001 -8.749999
v 6.250000 -10.000001 -9.374999
v 6.250000 -10.000001 -8.124999
v 9.375000 -10.000001 -8.749999
v 8.125000 -10.000001 -8.749999
v 8.750000 -10.000001 -9.374999
v 8.750000 -10.000001 -8.124999
v 1.875000 -10.000000 -6.249999
v 0.625000 -10.000000 -6.249999
v 1.250000 -10.000001 -6.874999
v 1.250000 -10.000000 -5.624999
v 1.875000 -10.000001 -8.749999
v 0.625000 -10.000001 -8.749999
v 1.250000 -10.000001 -9.374999
v 1.250000 -10.000001 -8.124999
v 4.375000 -10.000001 -8.749999
v 3.125000 -10.000001 -8.749999
v 3.750000 -10.000001 -9.374999
v 3.750000 -10.000001 -8.124999
v 1.875000 -10.000000 -1.249999
v 0.625000 -10.000000 -1.249999
v 1.250000 -10.000000 -1.874999
v 1.250000 -10.000000 -0.624999
v 1.875000 -10.000000 -3.749999
v 0.625000 -10.000000 -3.749999
v 1.250000 -10.000000 -4.374999
v 1.250000 -10.000000 -3.124999
v 4.375000 -10.000000 -3.749999
v 3.125000 -10.000000 -3.749999
v 3.750000 -10.000000 -4.374999
v 3.750000 -10.000000 -3.124999
v 2.984665 9.217342 9.999999
v 4.178531 9.217342 9.999999
v 0.596933 9.217342 9.999999
v 1.790799 9.217342 9.999999
v 0.540799 7.652025 9.999999
v 1.622397 7.652025 9.999999
v 7.760128 9.217342 9.999999
v 8.953995 9.217342 9.999999
v 5.372396 9.217342 9.999999
v 6.566263 9.217342 9.999999
v 4.867190 7.652025 9.999999
v 5.948788 7.652025 9.999999
v -6.566263 9.217342 9.999999
v -5.372396 9.217342 9.999999
v -8.953995 9.217342 9.999999
v -7.760128 9.217342 9.999999
v -8.111983 7.652025 9.999999
v -7.030385 7.652025 9.999999
v -1.790799 9.217342 9.999999
v -0.596933 9.217342 9.999999
v -4.178531 9.217342 9.999999
v -2.984665 9.217342 9.999999
v -3.785592 7.652025 9.999999
v -2.703995 7.652025 9.999999
v -2.481492 0.216768 10.000000
v -2.601285 -0.174561 10.000000
v -3.578140 0.216768 10.000000
v -3.641799 -0.174561 10.000000
v 7.530101 -4.588195 10.000000
v 7.754637 -4.968836 10.000000
v 7.754637 -2.456213 10.000000
v 7.754637 -3.461262 10.000000
v 9.326391 -3.515145 10.000000
v 9.775463 -3.271378 10.000000
v 9.550927 -3.993767 10.000000
v 9.550927 -0.991242 10.000000
v 9.550927 -2.192252 10.000000
v 8.652782 -1.723727 10.000000
v 8.652782 -2.826757 10.000000
v 7.754637 3.574084 10.000000
v 7.754637 2.569035 10.000000
v 7.754637 5.584183 10.000000
v 7.754637 4.579134 10.000000
v 9.550927 6.214818 10.000000
v 9.550927 5.013808 10.000000
v 9.550927 8.616838 9.999999
v 9.550927 7.415828 9.999999
v 8.652782 7.100511 9.999999
v 8.652782 5.997481 10.000000
v 9.550927 1.410778 10.000000
v 9.550927 0.209768 10.000000
v 9.550927 3.812798 10.000000
v 9.550927 2.611788 10.000000
v 8.652782 2.688391 10.000000
v 8.652782 1.585362 10.000000
v 3.488448 -2.145767 10.000000
v 3.263911 -2.255027 10.000000
v 4.162056 -6.918975 10.000001
v 3.263911 -6.376213 10.000001
v 5.733810 -5.661244 10.000000
v 5.958346 -5.943905 10.000000
v 1.384844 0.216768 10.000000
v 1.560771 -0.174561 10.000000
v 0.520257 -0.174561 10.000000
v 6.875000 -10.000000 3.750001
v 5.625000 -10.000000 3.750001
v 6.250000 -10.000000 3.125001
v 6.250000 -10.000000 4.375001
v 6.875000 -10.000000 1.250001
v 5.625000 -10.000000 1.250001
v 6.250000 -10.000000 0.625001
v 6.250000 -10.000000 1.875001
v 9.375000 -10.000000 1.250001
v 8.125000 -10.000000 1.250001
v 8.750000 -10.000000 0.625001
v 8.750000 -10.000000 1.875001
v 1.875000 -10.000000 3.750001
v 0.625000 -10.000000 3.750001
v 1.250000 -10.000000 3.125001
v 1.250000 -10.000000 4.375001
v 1.875000 -10.000000 1.250001
v 0.625000 -10.000000 1.250001
v 1.250000 -10.000000 0.625001
v 1.250000 -10.000000 1.875001
v 4.375000 -10.000000 1.250001
v 3.125000 -10.000000 1.250001
v 3.750000 -10.000000 0.625001
v 3.750000 -10.000000 1.875001
v 1.875000 -9.999999 8.750001
v 0.625000 -9.999999 8.750001
v 1.250000 -9.999999 8.125001
v 1.250000 -9.999999 9.375001
v 1.875000 -10.000000 6.250001
v 0.625000 -10.000000 6.250001
v 1.250000 -10.000000 5.625001
v 1.250000 -9.999999 6.875001
v 4.375000 -10.000000 6.250001
v 3.125000 -10.000000 6.250001
v 3.750000 -10.000000 5.625001
v 3.750000 -9.999999 6.875001
v -3.488448 -5.383627 10.000000
v -3.263911 -5.345917 10.000000
v 10.000000 6.875000 3.750000
v 10.000000 5.625000 3.750000
v 10.000000 6.250000 3.125000
v 10.000000 6.250000 4.375000
v 10.000000 6.875000 1.250000
v 10.000000 5.625000 1.250000
v 10.000000 6.250000 0.625000
v 10.000000 6.250000 1.875000
v 10.000000 9.375000 1.249999
v 10.000000 8.125000 1.249999
v 10.000000 8.750000 0.624999
v 10.000000 8.750000 1.874999
v 10.000000 1.875000 3.750000
v 10.000000 0.625000 3.750000
v 10.000000 1.250000 3.125000
v 10.000000 1.250000 4.375000
v 10.000000 1.875000 1.250000
v 10.000000 0.625000 1.250000
v 10.000000 1.250000 0.625000
v 10.000000 1.250000 1.875000
v 10.000000 4.375000 1.250000
v 10.000000 3.125000 1.250000
v 10.000000 3.750000 0.625000
v 10.000000 3.750000 1.875000
v 10.000000 1.875001 8.750000
v 10.000000 0.625001 8.750000
v 10.000000 1.250001 8.125000
v 10.000000 1.250001 9.375000
v 10.000000 1.875000 6.250000
v 10.000000 0.625000 6.250000
v 10.000000 1.250000 5.625000
v 10.000000 1.250000 6.875000
v 10.000000 4.375000 6.250000
v 10.000000 3.125000 6.250000
v 10.000000 3.750000 5.625000
v 10.000000 3.750000 6.875000
v 3.750000 6.874999 -10.000001
v 3.750000 5.624999 -10.000000
v 3.125000 6.249999 -10.000000
v 4.375000 6.249999 -10.000000
v 1.250000 6.874999 -10.000001
v 1.250000 5.624999 -10.000000
v 0.625000 6.249999 -10.000000
v 1.875000 6.249999 -10.000000
v 1.250000 9.374999 -10.000001
v 1.250000 8.124999 -10.000001
v 0.625000 8.749999 -10.000001
v 1.875000 8.749999 -10.000001
v 3.750000 1.874999 -10.000000
v 3.750000 0.624999 -10.000000
v 3.125000 1.249999 -10.000000
v 4.375000 1.249999 -10.000000
v 1.250000 1.874999 -10.000000
v 1.250000 0.624999 -10.000000
v 0.625000 1.249999 -10.000000
v 1.875000 1.249999 -10.000000
v 1.250000 4.374999 -10.000000
v 1.250000 3.124999 -10.000000
v 0.625000 3.749999 -10.000000
v 1.875000 3.749999 -10.000000
v 8.750000 1.874999 -10.000000
v 8.750000 0.624999 -10.000000
v 8.125000 1.249999 -10.000000
v 9.375000 1.249999 -10.000000
v 6.250000 1.874999 -10.000000
v 6.250000 0.624999 -10.000000
v 5.625000 1.249999 -10.000000
v 6.875000 1.249999 -10.000000
v 6.250000 4.374999 -10.000000
v 6.250000 3.124999 -10.000000
v 5.625000 3.749999 -10.000000
v 6.875000 3.749999 -10.000000
v -10.000000 6.875000 -3.750000
v -10.000000 5.625000 -3.750000
v -10.000000 6.250000 -3.125000
v -10.000000 6.250000 -4.375000
v -10.000000 6.875000 -1.250000
v -10.000000 5.625000 -1.250000
v -10.000000 6.250000 -0.625000
v -10.000000 6.250000 -1.875000
v -10.000000 9.375000 -1.250001
v -10.000000 8.125000 -1.250001
v -10.000000 8.750000 -0.625001
v -10.000000 8.750000 -1.875001
v -10.000000 1.875000 -3.750000
v -10.000000 0.625000 -3.750000
v -10.000000 1.250000 -3.125000
v -10.000000 1.250000 -4.375000
v -10.000000 1.875000 -1.250000
v -10.000000 0.625000 -1.250000
v -10.000000 1.250000 -0.625000
v -10.000000 1.250000 -1.875000
v -10.000000 4.375000 -1.250000
v -10.000000 3.125000 -1.250000
v -10.000000 3.750000 -0.625000
v -10.000000 3.750000 -1.875000
v -10.000000 1.874999 -8.750000
v -10.000000 0.624999 -8.750000
v -10.000000 1.249999 -8.125000
v -10.000000 1.249999 -9.375000
v -10.000000 1.875000 -6.250000
v -10.000000 0.625000 -6.250000
v -10.000000 1.250000 -5.625000
v -10.000000 1.250000 -6.875000
v -10.000000 4.375000 -6.250000
v -10.000000 3.125000 -6.250000
v -10.000000 3.750000 -5.625000
v -10.000000 3.750000 -6.875000
v -10.000000 4.375000 -8.750000
v -10.000000 3.124999 -8.750000
v -10.000000 3.749999 -8.125000
v -10.000000 3.749999 -9.375000
v -10.000000 4.375000 -3.750000
v -10.000000 3.125000 -3.750000
v -10.000000 3.750000 -3.125000
v -10.000000 3.750000 -4.375000
v -10.000000 9.375000 -3.750001
v -10.000000 8.125000 -3.750001
v -10.000000 8.750000 -3.125001
v -10.000000 8.750000 -4.375000
v 8.750000 4.374999 -10.000000
v 8.750000 3.124999 -10.000000
v 8.125000 3.749999 -10.000000
v 9.375000 3.749999 -10.000000
v 3.750000 4.374999 -10.000000
v 3.750000 3.124999 -10.000000
v 3.125000 3.749999 -10.000000
v 4.375000 3.749999 -10.000000
v 3.750000 9.374999 -10.000001
v 3.750000 8.124999 -10.000001
v 3.125000 8.749999 -10.000001
v 4.375000 8.749999 -10.000001
v 10.000000 4.375000 8.750000
v 10.000000 3.125001 8.750000
v 10.000000 3.750001 8.125000
v 10.000000 3.750001 9.375000
v 10.000000 4.375000 3.750000
v 10.000000 3.125000 3.750000
v 10.000000 3.750000 3.125000
v 10.000000 3.750000 4.375000
v 10.000000 9.375000 3.749999
v 10.000000 8.125000 3.749999
v 10.000000 8.750000 3.124999
v 10.000000 8.750000 4.375000
v -3.488448 -4.304340 10.000000
v -3.263911 -4.315620 10.000000
v 4.375000 -9.999999 8.750001
v 3.125000 -9.999999 8.750001
v 3.750000 -9.999999 8.125001
v 3.750000 -9.999999 9.375001
v 4.375000 -10.000000 3.750001
v 3.125000 -10.000000 3.750001
v 3.750000 -10.000000 3.125001
v 3.750000 -10.000000 4.375001
v 9.375000 -10.000000 3.750001
v 8.125000 -10.000000 3.750001
v 8.750000 -10.000000 3.125001
v 8.750000 -10.000000 4.375001
v 4.835665 -6.197769 10.000000
v 5.060202 -6.431440 10.000001
v 3.488448 -3.225054 10.000000
v 3.263911 -3.285324 10.000000
v 8.652782 0.482332 10.000000
v 8.652782 -0.620698 10.000000
v 8.652782 4.894451 10.000000
v 8.652782 3.791421 10.000000
v 8.428246 -4.051670 10.000000
v 8.652782 -4.481301 10.000000
v 6.631956 -5.124720 10.000000
v 6.856492 -5.456371 10.000000
v -1.622397 7.652025 9.999999
v -0.540799 7.652025 9.999999
v -5.948788 7.652025 9.999999
v -4.867190 7.652025 9.999999
v 7.030385 7.652025 9.999999
v 8.111983 7.652025 9.999999
v 2.703995 7.652025 9.999999
v 3.785592 7.652025 9.999999
v 4.375000 -10.000000 -1.249999
v 3.125000 -10.000000 -1.249999
v 3.750000 -10.000000 -1.874999
v 3.750000 -10.000000 -0.624999
v 4.375000 -10.000000 -6.249999
v 3.125000 -10.000000 -6.249999
v 3.750000 -10.000001 -6.874999
v 3.750000 -10.000000 -5.624999
v 9.375000 -10.000000 -6.249999
v 8.125000 -10.000000 -6.249999
v 8.750000 -10.000001 -6.874999
v 8.750000 -10.000000 -5.624999
v -5.625000 -10.000000 -1.249999
v -6.875000 -10.000000 -1.249999
v -6.250000 -10.000000 -1.874999
v -6.250000 -10.000000 -0.624999
v -5.625000 -10.000000 -6.249999
v -6.875000 -10.000000 -6.249999
v -6.250000 -10.000001 -6.874999
v -6.250000 -10.000000 -5.624999
v -0.625000 -10.000000 -6.249999
v -1.875000 -10.000000 -6.249999
v -1.250000 -10.000001 -6.874999
v -1.250000 -10.000000 -5.624999
v -5.625000 -9.999999 8.750001
v -6.875000 -9.999999 8.750001
v -6.250000 -9.999999 8.125001
v -6.250000 -9.999999 9.375001
v -5.625000 -10.000000 3.750001
v -6.875000 -10.000000 3.750001
v -6.250000 -10.000000 3.125001
v -6.250000 -10.000000 4.375001
v -0.625000 -10.000000 3.750001
v -1.875000 -10.000000 3.750001
v -1.250000 -10.000000 3.125001
v -1.250000 -10.000000 4.375001
v -8.652782 -2.826757 10.000000
v -8.652782 -1.723727 10.000000
v -8.652782 5.997481 10.000000
v -8.652782 7.100511 9.999999
v -8.652782 1.585362 10.000000
v -8.652782 2.688391 10.000000
v 10.000000 4.375000 -1.250000
v 10.000000 3.125000 -1.250000
v 10.000000 3.750000 -1.875000
v 10.000000 3.750000 -0.625000
v 10.000000 4.375000 -6.250000
v 10.000000 3.125000 -6.250000
v 10.000000 3.750000 -6.875000
v 10.000000 3.750000 -5.625000
v 10.000000 9.375000 -6.250000
v 10.000000 8.125000 -6.250000
v 10.000000 8.749999 -6.875000
v 10.000000 8.750000 -5.625000
v 10.000000 -5.625000 -1.250000
v 10.000000 -6.875000 -1.250000
v 10.000000 -6.250000 -1.875000
v 10.000000 -6.250000 -0.625000
v 10.000000 -5.625000 -6.250000
v 10.000000 -6.875000 -6.250000
v 10.000000 -6.250000 -6.875000
v 10.000000 -6.250000 -5.625000
v 10.000000 -0.625000 -6.250000
v 10.000000 -1.875000 -6.250000
v 10.000000 -1.250000 -6.875000
v 10.000000 -1.250000 -5.625000
v 10.000000 -5.625000 8.750000
v 10.000000 -6.875000 8.750001
v 10.000000 -6.250000 8.125000
v 10.000000 -6.250000 9.375000
v 10.000000 -5.625000 3.750000
v 10.000000 -6.875000 3.750000
v 10.000000 -6.250000 3.125000
v 10.000000 -6.250000 4.375000
v 10.000000 -0.625000 3.750000
v 10.000000 -1.875000 3.750000
v 10.000000 -1.250000 3.125000
v 10.000000 -1.250000 4.375000
v -1.250000 4.374999 -10.000000
v -1.250000 3.124999 -10.000000
v -1.875000 3.749999 -10.000000
v -0.625000 3.749999 -10.000000
v -6.250000 4.374999 -10.000000
v -6.250000 3.124999 -10.000000
v -6.875000 3.749999 -10.000000
v -5.625000 3.749999 -10.000000
v -6.250000 9.374999 -10.000001
v -6.250000 8.124999 -10.000001
v -6.875000 8.749999 -10.000001
v -5.625000 8.749999 -10.000001
v -1.250000 -5.625001 -10.000000
v -1.250000 -6.875001 -9.999999
v -1.875000 -6.250001 -10.000000
v -0.625000 -6.250001 -10.000000
v -6.250000 -5.625001 -10.000000
v -6.250000 -6.875001 -9.999999
v -6.875000 -6.250001 -10.000000
v -5.625000 -6.250001 -10.000000
v -6.250000 -0.625001 -10.000000
v -6.250000 -1.875001 -10.000000
v -6.875000 -1.250001 -10.000000
v -5.625000 -1.250001 -10.000000
v 8.750000 -5.625001 -10.000000
v 8.750000 -6.875001 -9.999999
v 8.125000 -6.250001 -10.000000
v 9.375000 -6.250001 -10.000000
v 3.750000 -5.625001 -10.000000
v 3.750000 -6.875001 -9.999999
v 3.125000 -6.250001 -10.000000
v 4.375000 -6.250001 -10.000000
v 3.750000 -0.625001 -10.000000
v 3.750000 -1.875001 -10.000000
v 3.125000 -1.250001 -10.000000
v 4.375000 -1.250001 -10.000000
v -10.000000 4.375000 1.250000
v -10.000000 3.125000 1.250000
v -10.000000 3.750000 1.875000
v -10.000000 3.750000 0.625000
v -10.000000 4.375000 6.250000
v -10.000000 3.125000 6.250000
v -10.000000 3.750000 6.875000
v -10.000000 3.750000 5.625000
v -10.000000 9.375000 6.250000
v -10.000000 8.125000 6.250000
v -10.000000 8.750001 6.875000
v -10.000000 8.750000 5.625000
v -10.000000 -5.625000 1.250000
v -10.000000 -6.875000 1.250000
v -10.000000 -6.250000 1.875000
v -10.000000 -6.250000 0.625000
v -10.000000 -5.625000 6.250000
v -10.000000 -6.875000 6.250000
v -10.000000 -6.250000 6.875000
v -10.000000 -6.250000 5.625000
v -10.000000 -0.625000 6.250000
v -10.000000 -1.875000 6.250000
v -10.000000 -1.250000 6.875000
v -10.000000 -1.250000 5.625000
v -10.000000 -5.625000 -8.750000
v -10.000000 -6.875000 -8.749999
v -10.000000 -6.250000 -8.125000
v -10.000000 -6.250000 -9.375000
v -10.000000 -5.625000 -3.750000
v -10.000000 -6.875000 -3.750000
v -10.000000 -6.250000 -3.125000
v -10.000000 -6.250000 -4.375000
v -10.000000 -0.625000 -3.750000
v -10.000000 -1.875000 -3.750000
v -10.000000 -1.250000 -3.125000
v -10.000000 -1.250000 -4.375000
v -10.000000 -0.625001 -8.750000
v -10.000000 -1.875001 -8.750000
v -10.000000 -1.250001 -8.125000
v -10.000000 -1.250001 -9.375000
v -10.000000 -0.625000 1.250000
v -10.000000 -1.875000 1.250000
v -10.000000 -1.250000 1.875000
v -10.000000 -1.250000 0.625000
v -10.000000 9.375000 1.249999
v -10.000000 8.125000 1.249999
v -10.000000 8.750000 1.874999
v -10.000000 8.750000 0.624999
v 8.750000 -0.625001 -10.000000
v 8.750000 -1.875001 -10.000000
v 8.125000 -1.250001 -10.000000
v 9.375000 -1.250001 -10.000000
v -1.250000 -0.625001 -10.000000
v -1.250000 -1.875001 -10.000000
v -1.875000 -1.250001 -10.000000
v -0.625000 -1.250001 -10.000000
v -1.250000 9.374999 -10.000001
v -1.250000 8.124999 -10.000001
v -1.875000 8.749999 -10.000001
v -0.625000 8.749999 -10.000001
v 10.000000 -0.624999 8.750000
v 10.000000 -1.874999 8.750000
v 10.000000 -1.249999 8.125000
v 10.000000 -1.249999 9.375000
v 10.000000 -0.625000 -1.250000
v 10.000000 -1.875000 -1.250000
v 10.000000 -1.250000 -1.875000
v 10.000000 -1.250000 -0.625000
v 10.000000 9.375000 -1.250001
v 10.000000 8.125000 -1.250001
v 10.000000 8.750000 -1.875001
v 10.000000 8.750000 -0.625001
v -3.263911 -6.376213 10.000001
v -0.625000 -9.999999 8.750001
v -1.875000 -9.999999 8.750001
v -1.250000 -9.999999 8.125001
v -1.250000 -9.999999 9.375001
v -0.625000 -10.000000 -1.249999
v -1.875000 -10.000000 -1.249999
v -1.250000 -10.000000 -1.874999
v -1.250000 -10.000000 -0.624999
v 9.375000 -10.000000 -1.249999
v 8.125000 -10.000000 -1.249999
v 8.750000 -10.000000 -1.874999
v 8.750000 -10.000000 -0.624999
v 3.488448 -5.383627 10.000000
v 3.263911 -5.345917 10.000000
v 9.375000 -9.999999 8.750001
v 8.125000 -9.999999 8.750001
v 8.750000 -9.999999 8.125001
v 8.750000 -9.999999 9.375001
v -3.488448 -2.145767 10.000000
v -3.263911 -2.255027 10.000000
v 10.000000 9.375001 8.749999
v 10.000000 8.125001 8.749999
v 10.000000 8.750001 8.124999
v 10.000000 8.750001 9.374999
v 8.750000 9.374999 -10.000001
v 8.750000 8.124999 -10.000001
v 8.125000 8.749999 -10.000001
v 9.375000 8.749999 -10.000001
v -10.000000 9.374999 -8.750001
v -10.000000 8.124999 -8.750001
v -10.000000 8.749999 -8.125001
v -10.000000 8.749999 -9.375001
v -10.000000 8.124999 -9.375001
v -10.000000 8.124999 -8.125001
v -10.000000 9.374999 -8.125001
v 9.375000 8.124999 -10.000001
v 8.125000 8.124999 -10.000001
v 8.125000 9.374999 -10.000001
v 10.000000 8.125001 9.374999
v 10.000000 8.125001 8.124999
v 10.000000 9.375001 8.124999
v 8.125000 -9.999999 9.375001
v 8.125000 -9.999999 8.125001
v 9.375000 -9.999999 8.125001
v 8.125000 -10.000000 -0.624999
v 8.125000 -10.000000 -1.874999
v 9.375000 -10.000000 -1.874999
v -1.875000 -10.000000 -0.624999
v -1.875000 -10.000000 -1.874999
v -0.625000 -10.000000 -1.874999
v -1.875000 -9.999999 9.375001
v -1.875000 -9.999999 8.125001
v -0.625000 -9.999999 8.125001
v 10.000000 8.125000 -0.625001
v 10.000000 8.125000 -1.875001
v 10.000000 9.375000 -1.875001
v 10.000000 -1.875000 -0.625000
v 10.000000 -1.875000 -1.875000
v 10.000000 -0.625000 -1.875000
v 10.000000 -1.874999 9.375000
v 10.000000 -1.874999 8.125000
v 10.000000 -0.624999 8.125000
v -0.625000 8.124999 -10.000001
v -1.875000 8.124999 -10.000001
v -1.875000 9.374999 -10.000001
v -0.625000 -1.875001 -10.000000
v -1.875000 -1.875001 -10.000000
v -1.875000 -0.625001 -10.000000
v 9.375000 -1.875001 -10.000000
v 8.125000 -1.875001 -10.000000
v 8.125000 -0.625001 -10.000000
v -10.000000 8.125000 0.624999
v -10.000000 8.125000 1.874999
v -10.000000 9.375000 1.874999
v -10.000000 -1.875000 0.625000
v -10.000000 -1.875000 1.875000
v -10.000000 -0.625000 1.875000
v -10.000000 -1.875001 -9.375000
v -10.000000 -1.875001 -8.125000
v -10.000000 -0.625001 -8.125000
v -10.000000 -1.875000 -4.375000
v -10.000000 -1.875000 -3.125000
v -10.000000 -0.625000 -3.125000
v -10.000000 -6.875000 -4.375000
v -10.000000 -6.875000 -3.125000
v -10.000000 -5.625000 -3.125000
v -10.000000 -6.875000 -9.374999
v -10.000000 -6.875000 -8.124999
v -10.000000 -5.625000 -8.125000
v -10.000000 -1.875000 5.625000
v -10.000000 -1.875000 6.875000
v -10.000000 -0.624999 6.875000
v -10.000000 -6.875000 5.625000
v -10.000000 -6.875000 6.875000
v -10.000000 -5.625000 6.875000
v -10.000000 -6.875000 0.625001
v -10.000000 -6.875000 1.875000
v -10.000000 -5.625000 1.875000
v -10.000000 8.125000 5.625000
v -10.000000 8.125001 6.875000
v -10.000000 9.375001 6.875000
v -10.000000 3.125000 5.625000
v -10.000000 3.125000 6.875000
v -10.000000 4.375000 6.875000
v -10.000000 3.125000 0.625000
v -10.000000 3.125000 1.875000
v -10.000000 4.375000 1.875000
v 4.375000 -1.875001 -10.000000
v 3.125000 -1.875001 -10.000000
v 3.125000 -0.625001 -10.000000
v 4.375000 -6.875001 -9.999999
v 3.125000 -6.875001 -9.999999
v 3.125000 -5.625001 -10.000000
v 9.375000 -6.875001 -9.999999
v 8.125000 -6.875001 -9.999999
v 8.125000 -5.625001 -10.000000
v -5.625000 -1.875001 -10.000000
v -6.875000 -1.875001 -10.000000
v -6.875000 -0.625001 -10.000000
v -5.625000 -6.875001 -9.999999
v -6.875000 -6.875001 -9.999999
v -6.875000 -5.625001 -10.000000
v -0.625000 -6.875001 -9.999999
v -1.875000 -6.875001 -9.999999
v -1.875000 -5.625001 -10.000000
v -5.625000 8.124999 -10.000001
v -6.875000 8.124999 -10.000001
v -6.875000 9.374999 -10.000001
v -5.625000 3.124999 -10.000000
v -6.875000 3.124999 -10.000000
v -6.875000 4.374999 -10.000000
v -0.625000 3.124999 -10.000000
v -1.875000 3.124999 -10.000000
v -1.875000 4.374999 -10.000000
v 10.000000 -1.875000 4.375000
v 10.000000 -1.875000 3.125000
v 10.000000 -0.625000 3.125000
v 10.000000 -6.875000 4.375000
v 10.000000 -6.875000 3.125000
v 10.000000 -5.625000 3.125000
v 10.000000 -6.875000 9.375001
v 10.000000 -6.875000 8.125001
v 10.000000 -5.625000 8.125000
v 10.000000 -1.875000 -5.625000
v 10.000000 -1.875000 -6.875000
v 10.000000 -0.625001 -6.875000
v 10.000000 -6.875000 -5.625000
v 10.000000 -6.875000 -6.875000
v 10.000000 -5.625000 -6.875000
v 10.000000 -6.875000 -0.624999
v 10.000000 -6.875000 -1.875000
v 10.000000 -5.625000 -1.875000
v 10.000000 8.125000 -5.625000
v 10.000000 8.124999 -6.875000
v 10.000000 9.374999 -6.875000
v 10.000000 3.125000 -5.625000
v 10.000000 3.125000 -6.875000
v 10.000000 4.375000 -6.875000
v 10.000000 3.125000 -0.625000
v 10.000000 3.125000 -1.875000
v 10.000000 4.375000 -1.875000
v -1.875000 -10.000000 4.375001
v -1.875000 -10.000000 3.125001
v -0.625000 -10.000000 3.125001
v -6.875000 -10.000000 4.375001
v -6.875000 -10.000000 3.125001
v -5.625000 -10.000000 3.125001
v -6.875000 -9.999999 9.375001
v -6.875000 -9.999999 8.125001
v -5.625000 -9.999999 8.125001
v -1.875000 -10.000000 -5.624999
v -1.875000 -10.000001 -6.874999
v -0.625000 -10.000001 -6.874999
v -6.875000 -10.000000 -5.624999
v -6.875000 -10.000001 -6.874999
v -5.625000 -10.000001 -6.874999
v -6.875000 -10.000000 -0.624999
v -6.875000 -10.000000 -1.874999
v -5.625000 -10.000000 -1.874999
v 8.125000 -10.000000 -5.624999
v 8.125000 -10.000001 -6.874999
v 9.375000 -10.000001 -6.874999
v 3.125000 -10.000000 -5.624999
v 3.125000 -10.000001 -6.874999
v 4.375000 -10.000001 -6.874999
v 3.125000 -10.000000 -0.624999
v 3.125000 -10.000000 -1.874999
v 4.375000 -10.000000 -1.874999
v 8.125000 -10.000000 4.375001
v 8.125000 -10.000000 3.125001
v 9.375000 -10.000000 3.125001
v 3.125000 -10.000000 4.375001
v 3.125000 -10.000000 3.125001
v 4.375000 -10.000000 3.125001
v 3.125000 -9.999999 9.375001
v 3.125000 -9.999999 8.125001
v 4.375000 -9.999999 8.125001
v 10.000000 8.125000 4.375000
v 10.000000 8.125000 3.124999
v 10.000000 9.375000 3.124999
v 10.000000 3.125000 4.375000
v 10.000000 3.125000 3.125000
v 10.000000 4.375000 3.125000
v 10.000000 3.125001 9.375000
v 10.000000 3.125001 8.125000
v 10.000000 4.375000 8.125000
v 4.375000 8.124999 -10.000001
v 3.125000 8.124999 -10.000001
v 3.125000 9.374999 -10.000001
v 4.375000 3.124999 -10.000000
v 3.125000 3.124999 -10.000000
v 3.125000 4.374999 -10.000000
v 9.375000 3.124999 -10.000000
v 8.125000 3.124999 -10.000000
v 8.125000 4.374999 -10.000000
v -10.000000 8.125000 -4.375000
v -10.000000 8.125000 -3.125001
v -10.000000 9.375000 -3.125001
v -10.000000 3.125000 -4.375000
v -10.000000 3.125000 -3.125000
v -10.000000 4.375000 -3.125000
v -10.000000 3.124999 -9.375000
v -10.000000 3.124999 -8.125000
v -10.000000 4.375000 -8.125000
v -10.000000 3.125000 -6.875000
v -10.000000 3.125000 -5.625000
v -10.000000 4.375000 -5.625000
v -10.000000 0.624999 -6.875000
v -10.000000 0.625000 -5.625000
v -10.000000 1.875000 -5.625000
v -10.000000 0.624999 -9.375000
v -10.000000 0.624999 -8.125000
v -10.000000 1.874999 -8.125000
v -10.000000 3.125000 -1.875000
v -10.000000 3.125000 -0.625000
v -10.000000 4.375000 -0.625000
v -10.000000 0.625000 -1.875000
v -10.000000 0.625000 -0.625000
v -10.000000 1.875000 -0.625000
v -10.000000 0.625000 -4.375000
v -10.000000 0.625000 -3.125000
v -10.000000 1.875000 -3.125000
v -10.000000 8.125000 -1.875001
v -10.000000 8.125000 -0.625001
v -10.000000 9.375000 -0.625001
v -10.000000 5.625000 -1.875000
v -10.000000 5.625000 -0.625000
v -10.000000 6.875000 -0.625001
v -10.000000 5.625000 -4.375000
v -10.000000 5.625000 -3.125000
v -10.000000 6.875000 -3.125000
v 6.875000 3.124999 -10.000000
v 5.625000 3.124999 -10.000000
v 5.625000 4.374999 -10.000000
v 6.875000 0.624999 -10.000000
v 5.625000 0.624999 -10.000000
v 5.625000 1.874999 -10.000000
v 9.375000 0.624999 -10.000000
v 8.125000 0.624999 -10.000000
v 8.125000 1.874999 -10.000000
v 1.875000 3.124999 -10.000000
v 0.625000 3.124999 -10.000000
v 0.625000 4.374999 -10.000000
v 1.875000 0.624999 -10.000000
v 0.625000 0.624999 -10.000000
v 0.625000 1.874999 -10.000000
v 4.375000 0.624999 -10.000000
v 3.125000 0.624999 -10.000000
v 3.125000 1.874999 -10.000000
v 1.875000 8.124999 -10.000001
v 0.625000 8.124999 -10.000001
v 0.625000 9.374999 -10.000001
v 1.875000 5.624999 -10.000000
v 0.625000 5.624999 -10.000000
v 0.625000 6.874999 -10.000001
v 4.375000 5.624999 -10.000000
v 3.125000 5.624999 -10.000000
v 3.125000 6.874999 -10.000001
v 10.000000 3.125000 6.875000
v 10.000000 3.125000 5.625000
v 10.000000 4.375000 5.625000
v 10.000000 0.625001 6.875000
v 10.000000 0.625000 5.625000
v 10.000000 1.875000 5.625000
v 10.000000 0.625001 9.375000
v 10.000000 0.625001 8.125000
v 10.000000 1.875001 8.125000
v 10.000000 3.125000 1.875000
v 10.000000 3.125000 0.625000
v 10.000000 4.375000 0.625000
v 10.000000 0.625000 1.875000
v 10.000000 0.625000 0.625000
v 10.000000 1.875000 0.625000
v 10.000000 0.625000 4.375000
v 10.000000 0.625000 3.125000
v 10.000000 1.875000 3.125000
v 10.000000 8.125000 1.874999
v 10.000000 8.125000 0.624999
v 10.000000 9.375000 0.624999
v 10.000000 5.625000 1.875000
v 10.000000 5.625000 0.625000
v 10.000000 6.875000 0.624999
v 10.000000 5.625000 4.375000
v 10.000000 5.625000 3.125000
v 10.000000 6.875000 3.125000
v 3.125000 -9.999999 6.875001
v 3.125000 -10.000000 5.625001
v 4.375000 -10.000000 5.625001
v 0.625000 -9.999999 6.875001
v 0.625000 -10.000000 5.625001
v 1.875000 -10.000000 5.625001
v 0.625000 -9.999999 9.375001
v 0.625000 -9.999999 8.125001
v 1.875000 -9.999999 8.125001
v 3.125000 -10.000000 1.875001
v 3.125000 -10.000000 0.625001
v 4.375000 -10.000000 0.625001
v 0.625000 -10.000000 1.875001
v 0.625000 -10.000000 0.625001
v 1.875000 -10.000000 0.625001
v 0.625000 -10.000000 4.375001
v 0.625000 -10.000000 3.125001
v 1.875000 -10.000000 3.125001
v 8.125000 -10.000000 1.875001
v 8.125000 -10.000000 0.625001
v 9.375000 -10.000000 0.625001
v 5.625000 -10.000000 1.875001
v 5.625000 -10.000000 0.625001
v 6.875000 -10.000000 0.625001
v 5.625000 -10.000000 4.375001
v 5.625000 -10.000000 3.125001
v 6.875000 -10.000000 3.125001
v 3.125000 -10.000000 -3.124999
v 3.125000 -10.000000 -4.374999
v 4.375000 -10.000000 -4.374999
v 0.625000 -10.000000 -3.124999
v 0.625000 -10.000000 -4.374999
v 1.875000 -10.000000 -4.374999
v 0.625000 -10.000000 -0.624999
v 0.625000 -10.000000 -1.874999
v 1.875000 -10.000000 -1.874999
v 3.125000 -10.000001 -8.124999
v 3.125000 -10.000001 -9.374999
v 4.375000 -10.000001 -9.374999
v 0.625000 -10.000001 -8.124999
v 0.625000 -10.000001 -9.374999
v 1.875000 -10.000001 -9.374999
v 0.625000 -10.000000 -5.624999
v 0.625000 -10.000001 -6.874999
v 1.875000 -10.000001 -6.874999
v 8.125000 -10.000001 -8.124999
v 8.125000 -10.000001 -9.374999
v 9.375000 -10.000001 -9.374999
v 5.625000 -10.000001 -8.124999
v 5.625000 -10.000001 -9.374999
v 6.875000 -10.000001 -9.374999
v 5.625000 -10.000000 -5.624999
v 5.625000 -10.000001 -6.874999
v 6.875000 -10.000001 -6.874999
v -6.875000 -10.000000 -3.124999
v -6.875000 -10.000000 -4.374999
v -5.625000 -10.000000 -4.374999
v -9.375000 -10.000000 -3.124999
v -9.375000 -10.000000 -4.374999
v -8.125000 -10.000000 -4.374999
v -9.375000 -10.000000 -0.624999
v -9.375000 -10.000000 -1.874999
v -8.125000 -10.000000 -1.874999
v -6.875000 -10.000001 -8.124999
v -6.875000 -10.000001 -9.374999
v -5.625000 -10.000001 -9.374999
v -9.375000 -10.000001 -8.124999
v -9.375000 -10.000001 -9.374999
v -8.125000 -10.000001 -9.374999
v -9.375000 -10.000000 -5.624999
v -9.375000 -10.000001 -6.874999
v -8.125000 -10.000001 -6.874999
v -1.875000 -10.000001 -8.124999
v -1.875000 -10.000001 -9.374999
v -0.625000 -10.000001 -9.374999
v -4.375000 -10.000001 -8.124999
v -4.375000 -10.000001 -9.374999
v -3.125000 -10.000001 -9.374999
v -4.375000 -10.000000 -5.624999
v -4.375000 -10.000001 -6.874999
v -3.125000 -10.000001 -6.874999
v -6.875000 -9.999999 6.875001
v -6.875000 -10.000000 5.625001
v -5.625000 -10.000000 5.625001
v -9.375000 -9.999999 6.875001
v -9.375000 -10.000000 5.625001
v -8.125000 -10.000000 5.625001
v -9.375000 -9.999999 9.375001
v -9.375000 -9.999999 8.125001
v -8.125000 -9.999999 8.125001
v -6.875000 -10.000000 1.875001
v -6.875000 -10.000000 0.625001
v -5.625000 -10.000000 0.625001
v -9.375000 -10.000000 1.875001
v -9.375000 -10.000000 0.625001
v -8.125000 -10.000000 0.625001
v -9.375000 -10.000000 4.375001
v -9.375000 -10.000000 3.125001
v -8.125000 -10.000000 3.125001
v -1.875000 -10.000000 1.875001
v -1.875000 -10.000000 0.625001
v -0.625000 -10.000000 0.625001
v -4.375000 -10.000000 1.875001
v -4.375000 -10.000000 0.625001
v -3.125000 -10.000000 0.625001
v -4.375000 -10.000000 4.375001
v -4.375000 -10.000000 3.125001
v -3.125000 -10.000000 3.125001
v 10.000000 3.125000 -3.125000
v 10.000000 3.125000 -4.375000
v 10.000000 4.375000 -4.375000
v 10.000000 0.625000 -3.125000
v 10.000000 0.625000 -4.375000
v 10.000000 1.875000 -4.375000
v 10.000000 0.625000 -0.625000
v 10.000000 0.625000 -1.875000
v 10.000000 1.875000 -1.875000
v 10.000000 3.124999 -8.125000
v 10.000000 3.124999 -9.375000
v 10.000000 4.375000 -9.375000
v 10.000000 0.624999 -8.125000
v 10.000000 0.624999 -9.375000
v 10.000000 1.874999 -9.375000
v 10.000000 0.625000 -5.625000
v 10.000000 0.624999 -6.875000
v 10.000000 1.875000 -6.875000
v 10.000000 8.124999 -8.125001
v 10.000000 8.124999 -9.375001
v 10.000000 9.374999 -9.375001
v 10.000000 5.625000 -8.125000
v 10.000000 5.625000 -9.375000
v 10.000000 6.875000 -9.375001
v 10.000000 5.625000 -5.625000
v 10.000000 5.625000 -6.875000
v 10.000000 6.875000 -6.875000
v 10.000000 -6.875000 -3.125000
v 10.000000 -6.875000 -4.375000
v 10.000000 -5.625000 -4.375000
v 10.000000 -9.375000 -3.124999
v 10.000000 -9.375000 -4.375000
v 10.000000 -8.125000 -4.375000
v 10.000000 -9.375000 -0.624999
v 10.000000 -9.375000 -1.874999
v 10.000000 -8.125000 -1.874999
v 10.000000 -6.875000 -8.124999
v 10.000000 -6.875000 -9.374999
v 10.000000 -5.625000 -9.375000
v 10.000000 -9.375001 -8.124999
v 10.000000 -9.375001 -9.374999
v 10.000000 -8.125001 -9.374999
v 10.000000 -9.375000 -5.625000
v 10.000000 -9.375001 -6.875000
v 10.000000 -8.125001 -6.875000
v 10.000000 -1.875001 -8.125000
v 10.000000 -1.875001 -9.375000
v 10.000000 -0.625001 -9.375000
v 10.000000 -4.375000 -8.125000
v 10.000000 -4.375000 -9.375000
v 10.000000 -3.125001 -9.375000
v 10.000000 -4.375000 -5.625000
v 10.000000 -4.375000 -6.875000
v 10.000000 -3.125000 -6.875000
v 10.000000 -6.875000 6.875000
v 10.000000 -6.875000 5.625000
v 10.000000 -5.625000 5.625000
v 10.000000 -9.374999 6.875000
v 10.000000 -9.375000 5.625000
v 10.000000 -8.125000 5.625000
v 10.000000 -9.374999 9.375001
v 10.000000 -9.374999 8.125001
v 10.000000 -8.124999 8.125001
v 10.000000 -6.875000 1.875000
v 10.000000 -6.875000 0.625001
v 10.000000 -5.625000 0.625000
v 10.000000 -9.375000 1.875001
v 10.000000 -9.375000 0.625001
v 10.000000 -8.125000 0.625001
v 10.000000 -9.375000 4.375000
v 10.000000 -9.375000 3.125001
v 10.000000 -8.125000 3.125001
v 10.000000 -1.875000 1.875000
v 10.000000 -1.875000 0.625000
v 10.000000 -0.625000 0.625000
v 10.000000 -4.375000 1.875000
v 10.000000 -4.375000 0.625000
v 10.000000 -3.125000 0.625000
v 10.000000 -4.375000 4.375000
v 10.000000 -4.375000 3.125000
v 10.000000 -3.125000 3.125000
v -3.125000 3.124999 -10.000000
v -4.375000 3.124999 -10.000000
v -4.375000 4.374999 -10.000000
v -3.125000 0.624999 -10.000000
v -4.375000 0.624999 -10.000000
v -4.375000 1.874999 -10.000000
v -0.625000 0.624999 -10.000000
v -1.875000 0.624999 -10.000000
v -1.875000 1.874999 -10.000000
v -8.125000 3.124999 -10.000000
v -9.375000 3.124999 -10.000000
v -9.375000 4.374999 -10.000000
v -8.125000 0.624999 -10.000000
v -9.375000 0.624999 -10.000000
v -9.375000 1.874999 -10.000000
v -5.625000 0.624999 -10.000000
v -6.875000 0.624999 -10.000000
v -6.875000 1.874999 -10.000000
v -8.125000 8.124999 -10.000001
v -9.375000 8.124999 -10.000001
v -9.375000 9.374999 -10.000001
v -8.125000 5.624999 -10.000000
v -9.375000 5.624999 -10.000000
v -9.375000 6.874999 -10.000001
v -5.625000 5.624999 -10.000000
v -6.875000 5.624999 -10.000000
v -6.875000 6.874999 -10.000001
v -3.125000 -6.875001 -9.999999
v -4.375000 -6.875001 -9.999999
v -4.375000 -5.625001 -10.000000
v -3.125000 -9.375001 -9.999999
v -4.375000 -9.375001 -9.999999
v -4.375000 -8.125001 -9.999999
v -0.625000 -9.375001 -9.999999
v -1.875000 -9.375001 -9.999999
v -1.875000 -8.125001 -9.999999
v -8.125000 -6.875001 -9.999999
v -9.375000 -6.875001 -9.999999
v -9.375000 -5.625001 -10.000000
v -8.125000 -9.375001 -9.999999
v -9.375000 -9.375001 -9.999999
v -9.375000 -8.125001 -9.999999
v -5.625000 -9.375001 -9.999999
v -6.875000 -9.375001 -9.999999
v -6.875000 -8.125001 -9.999999
v -8.125000 -1.875001 -10.000000
v -9.375000 -1.875001 -10.000000
v -9.375000 -0.625001 -10.000000
v -8.125000 -4.375001 -10.000000
v -9.375000 -4.375001 -10.000000
v -9.375000 -3.125001 -10.000000
v -5.625000 -4.375001 -10.000000
v -6.875000 -4.375001 -10.000000
v -6.875000 -3.125001 -10.000000
v 6.875000 -6.875001 -9.999999
v 5.625000 -6.875001 -9.999999
v 5.625000 -5.625001 -10.000000
v 6.875000 -9.375001 -9.999999
v 5.625000 -9.375001 -9.999999
v 5.625000 -8.125001 -9.999999
v 9.375000 -9.375001 -9.999999
v 8.125000 -9.375001 -9.999999
v 8.125000 -8.125001 -9.999999
v 1.875000 -6.875001 -9.999999
v 0.625000 -6.875001 -9.999999
v 0.625000 -5.625001 -10.000000
v 1.875000 -9.375001 -9.999999
v 0.625000 -9.375001 -9.999999
v 0.625000 -8.125001 -9.999999
v 4.375000 -9.375001 -9.999999
v 3.125000 -9.375001 -9.999999
v 3.125000 -8.125001 -9.999999
v 1.875000 -1.875001 -10.000000
v 0.625000 -1.875001 -10.000000
v 0.625000 -0.625001 -10.000000
v 1.875000 -4.375001 -10.000000
v 0.625000 -4.375001 -10.000000
v 0.625000 -3.125001 -10.000000
v 4.375000 -4.375001 -10.000000
v 3.125000 -4.375001 -10.000000
v 3.125000 -3.125001 -10.000000
v -10.000000 3.125000 3.125000
v -10.000000 3.125000 4.375000
v -10.000000 4.375000 4.375000
v -10.000000 0.625000 3.125000
v -10.000000 0.625000 4.375000
v -10.000000 1.875000 4.375000
v -10.000000 0.625000 0.625000
v -10.000000 0.625000 1.875000
v -10.000000 1.875000 1.875000
v -10.000000 3.125001 8.125000
v -10.000000 3.125001 9.375000
v -10.000000 4.375000 9.375000
v -10.000000 0.625001 8.125000
v -10.000000 0.625001 9.375000
v -10.000000 1.875001 9.375000
v -10.000000 0.625000 5.625000
v -10.000000 0.625001 6.875000
v -10.000000 1.875000 6.875000
v -10.000000 8.125001 8.124999
v -10.000000 8.125001 9.374999
v -10.000000 9.375001 9.374999
v -10.000000 5.625000 8.125000
v -10.000000 5.625000 9.375000
v -10.000000 6.875000 9.374999
v -10.000000 5.625000 5.625000
v -10.000000 5.625000 6.875000
v -10.000000 6.875000 6.875000
v -10.000000 -6.875000 3.125000
v -10.000000 -6.875000 4.375000
v -10.000000 -5.625000 4.375000
v -10.000000 -9.375000 3.125001
v -10.000000 -9.375000 4.375000
v -10.000000 -8.125000 4.375000
v -10.000000 -9.375000 0.625001
v -10.000000 -9.375000 1.875001
v -10.000000 -8.125000 1.875001
v -10.000000 -6.875000 8.125001
v -10.000000 -6.875000 9.375001
v -10.000000 -5.625000 9.375000
v -10.000000 -9.374999 8.125001
v -10.000000 -9.374999 9.375001
v -10.000000 -8.124999 9.375001
v -10.000000 -9.375000 5.625000
v -10.000000 -9.374999 6.875000
v -10.000000 -8.124999 6.875000
v -10.000000 -1.874999 8.125000
v -10.000000 -1.874999 9.375000
v -10.000000 -0.624999 9.375000
v -10.000000 -4.375000 8.125000
v -10.000000 -4.375000 9.375000
v -10.000000 -3.124999 9.375000
v -10.000000 -4.375000 5.625000
v -10.000000 -4.375000 6.875000
v -10.000000 -3.125000 6.875000
v -10.000000 -6.875000 -6.875000
v -10.000000 -6.875000 -5.625000
v -10.000000 -5.625000 -5.625000
v -10.000000 -9.375001 -6.875000
v -10.000000 -9.375000 -5.625000
v -10.000000 -8.125000 -5.625000
v -10.000000 -9.375001 -9.374999
v -10.000000 -9.375001 -8.124999
v -10.000000 -8.125001 -8.124999
v -10.000000 -6.875000 -1.875000
v -10.000000 -6.875000 -0.624999
v -10.000000 -5.625000 -0.625000
v -10.000000 -9.375000 -1.874999
v -10.000000 -9.375000 -0.624999
v -10.000000 -8.125000 -0.624999
v -10.000000 -9.375000 -4.375000
v -10.000000 -9.375000 -3.124999
v -10.000000 -8.125000 -3.124999
v -10.000000 -1.875000 -1.875000
v -10.000000 -1.875000 -0.625000
v -10.000000 -0.625000 -0.625000
v -10.000000 -4.375000 -1.875000
v -10.000000 -4.375000 -0.625000
v -10.000000 -3.125000 -0.625000
v -10.000000 -4.375000 -4.375000
v -10.000000 -4.375000 -3.125000
v -10.000000 -3.125000 -3.125000
v -10.000000 -1.875000 -6.875000
v -10.000000 -1.875000 -5.625000
v -10.000000 -0.625000 -5.625000
v -10.000000 -4.375000 -6.875000
v -10.000000 -4.375000 -5.625000
v -10.000000 -3.125000 -5.625000
v -10.000000 -4.375000 -9.375000
v -10.000000 -4.375000 -8.125000
v -10.000000 -3.125001 -8.125000
v -10.000000 -1.875000 3.125000
v -10.000000 -1.875000 4.375000
v -10.000000 -0.625000 4.375000
v -10.000000 -4.375000 3.125000
v -10.000000 -4.375000 4.375000
v -10.000000 -3.125000 4.375000
v -10.000000 -4.375000 0.625000
v -10.000000 -4.375000 1.875000
v -10.000000 -3.125000 1.875000
v -10.000000 8.125000 3.124999
v -10.000000 8.125000 4.375000
v -10.000000 9.375000 4.375000
v -10.000000 5.625000 3.125000
v -10.000000 5.625000 4.375000
v -10.000000 6.875000 4.375000
v -10.000000 5.625000 0.625000
v -10.000000 5.625000 1.875000
v -10.000000 6.875000 1.875000
v 6.875000 -1.875001 -10.000000
v 5.625000 -1.875001 -10.000000
v 5.625000 -0.625001 -10.000000
v 6.875000 -4.375001 -10.000000
v 5.625000 -4.375001 -10.000000
v 5.625000 -3.125001 -10.000000
v 9.375000 -4.375001 -10.000000
v 8.125000 -4.375001 -10.000000
v 8.125000 -3.125001 -10.000000
v -3.125000 -1.875001 -10.000000
v -4.375000 -1.875001 -10.000000
v -4.375000 -0.625001 -10.000000
v -3.125000 -4.375001 -10.000000
v -4.375000 -4.375001 -10.000000
v -4.375000 -3.125001 -10.000000
v -0.625000 -4.375001 -10.000000
v -1.875000 -4.375001 -10.000000
v -1.875000 -3.125001 -10.000000
v -3.125000 8.124999 -10.000001
v -4.375000 8.124999 -10.000001
v -4.375000 9.374999 -10.000001
v -3.125000 5.624999 -10.000000
v -4.375000 5.624999 -10.000000
v -4.375000 6.874999 -10.000001
v -0.625000 5.624999 -10.000000
v -1.875000 5.624999 -10.000000
v -1.875000 6.874999 -10.000001
v 10.000000 -1.875000 6.875000
v 10.000000 -1.875000 5.625000
v 10.000000 -0.625000 5.625000
v 10.000000 -4.375000 6.875000
v 10.000000 -4.375000 5.625000
v 10.000000 -3.125000 5.625000
v 10.000000 -4.375000 9.375000
v 10.000000 -4.375000 8.125000
v 10.000000 -3.124999 8.125000
v 10.000000 -1.875000 -3.125000
v 10.000000 -1.875000 -4.375000
v 10.000000 -0.625000 -4.375000
v 10.000000 -4.375000 -3.125000
v 10.000000 -4.375000 -4.375000
v 10.000000 -3.125000 -4.375000
v 10.000000 -4.375000 -0.625000
v 10.000000 -4.375000 -1.875000
v 10.000000 -3.125000 -1.875000
v 10.000000 8.125000 -3.125001
v 10.000000 8.125000 -4.375000
v 10.000000 9.375000 -4.375000
v 10.000000 5.625000 -3.125000
v 10.000000 5.625000 -4.375000
v 10.000000 6.875000 -4.375000
v 10.000000 5.625000 -0.625000
v 10.000000 5.625000 -1.875000
v 10.000000 6.875000 -1.875000
v -1.875000 -9.999999 6.875001
v -1.875000 -10.000000 5.625001
v -0.625000 -10.000000 5.625001
v -4.375000 -9.999999 6.875001
v -4.375000 -10.000000 5.625001
v -3.125000 -10.000000 5.625001
v -4.375000 -9.999999 9.375001
v -4.375000 -9.999999 8.125001
v -3.125000 -9.999999 8.125001
v -1.875000 -10.000000 -3.124999
v -1.875000 -10.000000 -4.374999
v -0.625000 -10.000000 -4.374999
v -4.375000 -10.000000 -3.124999
v -4.375000 -10.000000 -4.374999
v -3.125000 -10.000000 -4.374999
v -4.375000 -10.000000 -0.624999
v -4.375000 -10.000000 -1.874999
v -3.125000 -10.000000 -1.874999
v 8.125000 -10.000000 -3.124999
v 8.125000 -10.000000 -4.374999
v 9.375000 -10.000000 -4.374999
v 5.625000 -10.000000 -3.124999
v 5.625000 -10.000000 -4.374999
v 6.875000 -10.000000 -4.374999
v 5.625000 -10.000000 -0.624999
v 5.625000 -10.000000 -1.874999
v 6.875000 -10.000000 -1.874999
v 8.125000 -9.999999 6.875001
v 8.125000 -10.000000 5.625001
v 9.375000 -10.000000 5.625001
v 5.625000 -9.999999 6.875001
v 5.625000 -10.000000 5.625001
v 6.875000 -10.000000 5.625001
v 5.625000 -9.999999 9.375001
v 5.625000 -9.999999 8.125001
v 6.875000 -9.999999 8.125001
v 10.000000 8.125001 6.875000
v 10.000000 8.125000 5.625000
v 10.000000 9.375000 5.625000
v 10.000000 5.625000 6.875000
v 10.000000 5.625000 5.625000
v 10.000000 6.875000 5.625000
v 10.000000 5.625000 9.375000
v 10.000000 5.625000 8.125000
v 10.000000 6.875000 8.124999
v 6.875000 8.124999 -10.000001
v 5.625000 8.124999 -10.000001
v 5.625000 9.374999 -10.000001
v 6.875000 5.624999 -10.000000
v 5.625000 5.624999 -10.000000
v 5.625000 6.874999 -10.000001
v 9.375000 5.624999 -10.000000
v 8.125000 5.624999 -10.000000
v 8.125000 6.874999 -10.000001
v -10.000000 8.124999 -6.875000
v -10.000000 8.125000 -5.625000
v -10.000000 9.375000 -5.625000
v -10.000000 5.625000 -6.875000
v -10.000000 5.625000 -5.625000
v -10.000000 6.875000 -5.625000
v -10.000000 5.625000 -9.375000
v -10.000000 5.625000 -8.125000
v -10.000000 6.875000 -8.125001
v -10.000000 6.875000 -9.375001
v -10.000000 6.875000 -6.875000
v -10.000000 9.374999 -6.875000
v 9.375000 6.874999 -10.000001
v 6.875000 6.874999 -10.000001
v 6.875000 9.374999 -10.000001
v 10.000000 6.875000 9.374999
v 10.000000 6.875000 6.875000
v 10.000000 9.375001 6.875000
v 6.875000 -9.999999 9.375001
v 6.875000 -9.999999 6.875001
v 9.375000 -9.999999 6.875001
v 6.875000 -10.000000 -0.624999
v 6.875000 -10.000000 -3.124999
v 9.375000 -10.000000 -3.124999
v -3.125000 -10.000000 -0.624999
v -3.125000 -10.000000 -3.124999
v -0.625000 -10.000000 -3.124999
v -3.125000 -9.999999 9.375001
v -3.125000 -9.999999 6.875001
v -0.625000 -9.999999 6.875001
v 10.000000 6.875000 -0.625001
v 10.000000 6.875000 -3.125000
v 10.000000 9.375000 -3.125001
v 10.000000 -3.125000 -0.625000
v 10.000000 -3.125000 -3.125000
v 10.000000 -0.625000 -3.125000
v 10.000000 -3.124999 9.375000
v 10.000000 -3.125000 6.875000
v 10.000000 -0.624999 6.875000
v -0.625000 6.874999 -10.000001
v -3.125000 6.874999 -10.000001
v -3.125000 9.374999 -10.000001
v -0.625000 -3.125001 -10.000000
v -3.125000 -3.125001 -10.000000
v -3.125000 -0.625001 -10.000000
v 9.375000 -3.125001 -10.000000
v 6.875000 -3.125001 -10.000000
v 6.875000 -0.625001 -10.000000
v -10.000000 6.875000 0.624999
v -10.000000 6.875000 3.125000
v -10.000000 9.375000 3.124999
v -10.000000 -3.125000 0.625000
v -10.000000 -3.125000 3.125000
v -10.000000 -0.625000 3.125000
v -10.000000 -3.125001 -9.375000
v -10.000000 -3.125000 -6.875000
v -10.000000 -0.625001 -6.875000
v -10.000000 -3.125000 -4.375000
v -10.000000 -3.125000 -1.875000
v -10.000000 -0.625000 -1.875000
v -10.000000 -8.125000 -4.375000
v -10.000000 -8.125000 -1.874999
v -10.000000 -5.625000 -1.875000
v -10.000000 -8.125001 -9.374999
v -10.000000 -8.125001 -6.875000
v -10.000000 -5.625000 -6.875000
v -10.000000 -3.125000 5.625000
v -10.000000 -3.124999 8.125000
v -10.000000 -0.624999 8.125000
v -10.000000 -8.125000 5.625000
v -10.000000 -8.124999 8.125001
v -10.000000 -5.625000 8.125000
v -10.000000 -8.125000 0.625001
v -10.000000 -8.125000 3.125001
v -10.000000 -5.625000 3.125000
v -10.000000 6.875000 5.625000
v -10.000000 6.875000 8.124999
v -10.000000 9.375001 8.124999
v -10.000000 1.875000 5.625000
v -10.000000 1.875001 8.125000
v -10.000000 4.375000 8.125000
v -10.000000 1.875000 0.625000
v -10.000000 1.875000 3.125000
v -10.000000 4.375000 3.125000
v 4.375000 -3.125001 -10.000000
v 1.875000 -3.125001 -10.000000
v 1.875000 -0.625001 -10.000000
v 4.375000 -8.125001 -9.999999
v 1.875000 -8.125001 -9.999999
v 1.875000 -5.625001 -10.000000
v 9.375000 -8.125001 -9.999999
v 6.875000 -8.125001 -9.999999
v 6.875000 -5.625001 -10.000000
v -5.625000 -3.125001 -10.000000
v -8.125000 -3.125001 -10.000000
v -8.125000 -0.625001 -10.000000
v -5.625000 -8.125001 -9.999999
v -8.125000 -8.125001 -9.999999
v -8.125000 -5.625001 -10.000000
v -0.625000 -8.125001 -9.999999
v -3.125000 -8.125001 -9.999999
v -3.125000 -5.625001 -10.000000
v -5.625000 6.874999 -10.000001
v -8.125000 6.874999 -10.000001
v -8.125000 9.374999 -10.000001
v -5.625000 1.874999 -10.000000
v -8.125000 1.874999 -10.000000
v -8.125000 4.374999 -10.000000
v -0.625000 1.874999 -10.000000
v -3.125000 1.874999 -10.000000
v -3.125000 4.374999 -10.000000
v 10.000000 -3.125000 4.375000
v 10.000000 -3.125000 1.875000
v 10.000000 -0.625000 1.875000
v 10.000000 -8.125000 4.375000
v 10.000000 -8.125000 1.875001
v 10.000000 -5.625000 1.875000
v 10.000000 -8.124999 9.375001
v 10.000000 -8.124999 6.875000
v 10.000000 -5.625000 6.875000
v 10.000000 -3.125000 -5.625000
v 10.000000 -3.125001 -8.125000
v 10.000000 -0.625001 -8.125000
v 10.000000 -8.125000 -5.625000
v 10.000000 -8.125001 -8.124999
v 10.000000 -5.625000 -8.125000
v 10.000000 -8.125000 -0.624999
v 10.000000 -8.125000 -3.124999
v 10.000000 -5.625000 -3.125000
v 10.000000 6.875000 -5.625000
v 10.000000 6.875000 -8.125001
v 10.000000 9.374999 -8.125001
v 10.000000 1.875000 -5.625000
v 10.000000 1.874999 -8.125000
v 10.000000 4.375000 -8.125000
v 10.000000 1.875000 -0.625000
v 10.000000 1.875000 -3.125000
v 10.000000 4.375000 -3.125000
v -3.125000 -10.000000 4.375001
v -3.125000 -10.000000 1.875001
v -0.625000 -10.000000 1.875001
v -8.125000 -10.000000 4.375001
v -8.125000 -10.000000 1.875001
v -5.625000 -10.000000 1.875001
v -8.125000 -9.999999 9.375001
v -8.125000 -9.999999 6.875001
v -5.625000 -9.999999 6.875001
v -3.125000 -10.000000 -5.624999
v -3.125000 -10.000001 -8.124999
v -0.625000 -10.000001 -8.124999
v -8.125000 -10.000000 -5.624999
v -8.125000 -10.000001 -8.124999
v -5.625000 -10.000001 -8.124999
v -8.125000 -10.000000 -0.624999
v -8.125000 -10.000000 -3.124999
v -5.625000 -10.000000 -3.124999
v 6.875000 -10.000000 -5.624999
v 6.875000 -10.000001 -8.124999
v 9.375000 -10.000001 -8.124999
v 1.875000 -10.000000 -5.624999
v 1.875000 -10.000001 -8.124999
v 4.375000 -10.000001 -8.124999
v 1.875000 -10.000000 -0.624999
v 1.875000 -10.000000 -3.124999
v 4.375000 -10.000000 -3.124999
v 6.875000 -10.000000 4.375001
v 6.875000 -10.000000 1.875001
v 9.375000 -10.000000 1.875001
v 1.875000 -10.000000 4.375001
v 1.875000 -10.000000 1.875001
v 4.375000 -10.000000 1.875001
v 1.875000 -9.999999 9.375001
v 1.875000 -9.999999 6.875001
v 4.375000 -9.999999 6.875001
v 10.000000 6.875000 4.375000
v 10.000000 6.875000 1.875000
v 10.000000 9.375000 1.874999
v 10.000000 1.875000 4.375000
v 10.000000 1.875000 1.875000
v 10.000000 4.375000 1.875000
v 10.000000 1.875001 9.375000
v 10.000000 1.875000 6.875000
v 10.000000 4.375000 6.875000
v 4.375000 6.874999 -10.000001
v 1.875000 6.874999 -10.000001
v 1.875000 9.374999 -10.000001
v 4.375000 1.874999 -10.000000
v 1.875000 1.874999 -10.000000
v 1.875000 4.374999 -10.000000
v 9.375000 1.874999 -10.000000
v 6.875000 1.874999 -10.000000
v 6.875000 4.374999 -10.000000
v -10.000000 6.875000 -4.375000
v -10.000000 6.875000 -1.875000
v -10.000000 9.375000 -1.875001
v -10.000000 1.875000 -4.375000
v -10.000000 1.875000 -1.875000
v -10.000000 4.375000 -1.875000
v -10.000000 1.874999 -9.375000
v -10.000000 1.875000 -6.875000
v -10.000000 4.375000 -6.875000
v -10.000000 4.375000 -9.375000
v -10.000000 4.375000 -4.375000
v -10.000000 9.375000 -4.375000
v 9.375000 4.374999 -10.000000
v 4.375000 4.374999 -10.000000
v 4.375000 9.374999 -10.000001
v 10.000000 4.375000 9.375000
v 10.000000 4.375000 4.375000
v 10.000000 9.375000 4.375000
v 4.375000 -9.999999 9.375001
v 4.375000 -10.000000 4.375001
v 9.375000 -10.000000 4.375001
v 4.375000 -10.000000 -0.624999
v 4.375000 -10.000000 -5.624999
v 9.375000 -10.000000 -5.624999
v -5.625000 -10.000000 -0.624999
v -5.625000 -10.000000 -5.624999
v -0.625000 -10.000000 -5.624999
v -5.625000 -9.999999 9.375001
v -5.625000 -10.000000 4.375001
v -0.625000 -10.000000 4.375001
v 10.000000 4.375000 -0.625000
v 10.000000 4.375000 -5.625000
v 10.000000 9.375000 -5.625000
v 10.000000 -5.625000 -0.625000
v 10.000000 -5.625000 -5.625000
v 10.000000 -0.625000 -5.625000
v 10.000000 -5.625000 9.375000
v 10.000000 -5.625000 4.375000
v 10.000000 -0.625000 4.375000
v -0.625000 4.374999 -10.000000
v -5.625000 4.374999 -10.000000
v -5.625000 9.374999 -10.000001
v -0.625000 -5.625001 -10.000000
v -5.625000 -5.625001 -10.000000
v -5.625000 -0.625001 -10.000000
v 9.375000 -5.625001 -10.000000
v 4.375000 -5.625001 -10.000000
v 4.375000 -0.625001 -10.000000
v -10.000000 4.375000 0.625000
v -10.000000 4.375000 5.625000
v -10.000000 9.375000 5.625000
v -10.000000 -5.625000 0.625000
v -10.000000 -5.625000 5.625000
v -10.000000 -0.625000 5.625000
v -10.000000 -5.625000 -9.375000
v -10.000000 -5.625000 -4.375000
v -10.000000 -0.625000 -4.375000
v -10.000000 -0.625001 -9.375000
v -10.000000 -0.625000 0.625000
v -10.000000 9.375000 0.624999
v 9.375000 -0.625001 -10.000000
v -0.625000 -0.625001 -10.000000
v -0.625000 9.374999 -10.000001
v 10.000000 -0.624999 9.375000
v 10.000000 -0.625000 -0.625000
v 10.000000 9.375000 -0.625001
v -0.625000 -9.999999 9.375001
v -0.625000 -10.000000 -0.624999
v 9.375000 -10.000000 -0.624999
v 9.375000 -9.999999 9.375001
v 10.000000 9.375001 9.374999
v 9.375000 9.374999 -10.000001
v -10.000000 9.374999 -9.375001
v 2.814839 0.994479 32.298435
v 2.814839 -8.590863 32.298435
v 2.814839 -7.513375 34.957962
v 2.814839 2.275066 34.957962
vn 1.0000 -0.0000 -0.0000
vn -0.0000 -0.0000 1.0000
vn -1.0000 -0.0000 -0.0000
vn 0.0003 -0.0001 -1.0000
vn 0.0001 -0.0003 -1.0000
vn -0.0002 0.0003 -1.0000
vn -0.0000 1.0000 -0.0000
vn -0.0000 -1.0000 -0.0000
vn -0.0003 -0.0002 -1.0000
vn -0.0002 -0.0003 -1.0000
vn -0.0004 -0.0003 -1.0000
vn -0.0005 -0.0000 -1.0000
vn -0.0004 0.0002 -1.0000
vn -0.0000 1.0000 -0.0065
vn -0.0000 -0.9234 0.3838
vn -0.7580 0.0780 0.6475
vn -0.0000 -0.0000 -1.0000
vn -0.0000 -0.9831 0.1828
vn -0.0000 -0.5604 0.8282
vn -0.4900 -0.0000 0.8717
vn 0.4900 -0.0000 0.8717
vn 0.2021 -0.9794 -0.0000
vn -0.2021 -0.9794 -0.0000
vn -0.0000 -0.9831 -0.1828
vn 0.0137 -0.9999 -0.0000
vn -0.0000 -0.9999 0.0123
vn -0.0137 -0.9999 -0.0000
vn -0.0000 -0.9999 -0.0123
vn -0.0000 -0.9818 0.1902
vn -0.0000 -0.9818 -0.1902
vn 0.1902 -0.9818 -0.0000
vn -0.1902 -0.9818 -0.0000
vn -0.0000 -0.0005 -1.0000
vn -0.0001 0.0004 -1.0000
vn 0.0003 0.0004 -1.0000
vn 0.0001 0.0004 -1.0000
vn 0.0003 0.0002 -1.0000
vn 0.0005 0.0001 -1.0000
vn -0.0002 -0.0002 -1.0000
vn 0.0003 -0.0000 -1.0000
vn -0.0000 0.0003 -1.0000
vn 0.0002 0.0003 -1.0000
vn 0.0002 -0.0003 -1.0000
vn -0.0003 0.0002 -1.0000
vn -0.0000 -0.0004 -1.0000
vn -0.0004 0.0003 -1.0000
vn -0.0001 -0.0003 -1.0000
vn -0.0000 -0.0003 -1.0000
vn 0.0005 -0.0000 -1.0000
vn 0.0004 0.0003 -1.0000
vn -0.0005 0.0001 -1.0000
vn 0.0005 0.0002 -1.0000
vn -0.0000 0.0004 -1.0000
vn 0.0004 -0.0002 -1.0000
vn 0.0004 0.0002 -1.0000
vn 0.0001 0.0003 -1.0000
vn 0.0003 0.0001 -1.0000
vn -0.0003 0.0001 -1.0000
vn -0.0003 -0.0000 -1.0000
vn -0.0001 0.0003 -1.0000
vn 0.0003 -0.0002 -1.0000
vn -0.0003 0.0004 -1.0000
vn -0.0002 -0.0004 -1.0000
vn -0.0004 -0.0001 -1.0000
vn -0.0004 0.0001 -1.0000
vn 0.0004 -0.0001 -1.0000
vn -0.0004 -0.0002 -1.0000
vn 0.0002 0.0002 -1.0000
vn -0.0002 0.0002 -1.0000
vn 0.0004 0.0001 -1.0000
vn -0.0003 0.0003 -1.0000
vn 0.0005 0.1883 -0.9821
vn -0.1822 0.0473 -0.9821
vn 0.0002 0.1883 -0.9821
vn 0.0003 -0.0003 -1.0000
vn -0.0000 0.0005 -1.0000
vn -0.0003 -0.0001 -1.0000
vn -0.0004 -0.0000 -1.0000
vn 0.0002 -0.0002 -1.0000
vn 0.0003 0.0003 -1.0000
vn 0.0003 -0.0004 -1.0000
vn 0.0722 0.1739 -0.9821
vn -0.7071 -0.0000 0.7071
vn 0.0004 -0.0003 -1.0000
vn -0.0003 -0.0003 -1.0000
vn -0.0003 -0.0004 -1.0000
vn -0.0005 -0.0001 -1.0000
vn 0.0005 -0.0001 -1.0000
vn -0.0005 -0.0002 -1.0000
vn 0.0002 0.0004 -1.0000
vn 0.0002 -0.0005 -1.0000
vn 0.0002 -0.0004 -1.0000
vn 0.0004 -0.0000 -1.0000
vn -0.0001 -0.0004 -1.0000
vn 0.0001 -0.0004 -1.0000
vn 0.0003 0.1883 -0.9821
vn -0.1331 0.1331 -0.9821
vn -0.1883 -0.0000 -0.9821
vn -0.1874 0.0182 -0.9821
vn -0.1330 -0.1333 -0.9821
vn -0.0000 0.1883 -0.9821
vt 0.617188 0.250000
vt 0.625000 0.242188
vt 0.617188 0.242188
vt 0.617188 0.500000
vt 0.625000 0.492188
vt 0.617188 0.492188
vt 0.617188 0.750000
vt 0.625000 0.742188
vt 0.617188 0.742188
vt 0.593750 0.000000
vt 0.601562 0.000000
vt 0.367188 0.750000
vt 0.375000 0.742188
vt 0.367188 0.742188
vt 0.625000 0.750000
vt 0.125000 0.750000
vt 0.375000 0.750000
vt 0.656250 0.750000
vt 0.390625 0.750000
vt 0.406250 0.750000
vt 0.156250 0.750000
vt 0.625000 0.000000
vt 0.718750 0.750000
vt 0.750000 0.750000
vt 0.468750 0.750000
vt 0.500000 0.750000
vt 0.218750 0.750000
vt 0.250000 0.750000
vt 0.531250 0.000000
vt 0.562500 0.000000
vt 0.375000 0.000000
vt 0.610268 0.000000
vt 0.389732 0.000000
vt 0.875000 0.750000
vt 0.389732 0.750000
vt 0.610268 0.750000
vt 0.387395 0.750000
vt 0.612605 0.750000
vt 0.612605 0.000000
vt 0.387395 0.000000
vt 0.625000 0.250000
vt 0.867188 0.750000
vt 0.625000 0.500000
vt 0.859375 0.750000
vt 0.625000 0.734375
vt 0.625000 0.484375
vt 0.625000 0.234375
vt 0.875000 0.734375
vt 0.859375 0.734375
vt 0.625000 0.375000
vt 0.625000 0.359375
vt 0.734375 0.750000
vt 0.625000 0.125000
vt 0.625000 0.109375
vt 0.859375 0.625000
vt 0.875000 0.609375
vt 0.859375 0.609375
vt 0.734375 0.625000
vt 0.750000 0.609375
vt 0.734375 0.609375
vt 0.750000 0.734375
vt 0.734375 0.734375
vt 0.625000 0.117188
vt 0.625000 0.625000
vt 0.625000 0.609375
vt 0.625000 0.617188
vt 0.625000 0.367188
vt 0.742188 0.750000
vt 0.625000 0.304688
vt 0.625000 0.312500
vt 0.679688 0.750000
vt 0.687500 0.750000
vt 0.625000 0.054688
vt 0.625000 0.062500
vt 0.531250 0.750000
vt 0.781250 0.750000
vt 0.500000 0.000000
vt 0.468750 0.000000
vt 0.281250 0.750000
vt 0.515625 0.750000
vt 0.765625 0.750000
vt 0.640625 0.750000
vt 0.187500 0.750000
vt 0.625000 0.554688
vt 0.625000 0.562500
vt 0.367188 0.625000
vt 0.375000 0.617188
vt 0.367188 0.617188
vt 0.242188 0.625000
vt 0.250000 0.617188
vt 0.242188 0.617188
vt 0.242188 0.750000
vt 0.250000 0.742188
vt 0.242188 0.742188
vt 0.484375 0.000000
vt 0.609375 0.000000
vt 0.617188 0.625000
vt 0.617188 0.617188
vt 0.492188 0.625000
vt 0.500000 0.617188
vt 0.492188 0.617188
vt 0.492188 0.750000
vt 0.500000 0.742188
vt 0.492188 0.742188
vt 0.617188 0.375000
vt 0.617188 0.367188
vt 0.492188 0.375000
vt 0.500000 0.367188
vt 0.492188 0.367188
vt 0.492188 0.500000
vt 0.500000 0.492188
vt 0.492188 0.492188
vt 0.617188 0.125000
vt 0.617188 0.117188
vt 0.492188 0.125000
vt 0.500000 0.117188
vt 0.492188 0.117188
vt 0.492188 0.250000
vt 0.500000 0.242188
vt 0.492188 0.242188
vt 0.492188 0.187500
vt 0.500000 0.179688
vt 0.492188 0.179688
vt 0.429688 0.187500
vt 0.437500 0.179688
vt 0.429688 0.179688
vt 0.429688 0.250000
vt 0.437500 0.242188
vt 0.429688 0.242188
vt 0.492188 0.062500
vt 0.500000 0.054688
vt 0.492188 0.054688
vt 0.429688 0.062500
vt 0.437500 0.054688
vt 0.429688 0.054688
vt 0.429688 0.125000
vt 0.437500 0.117188
vt 0.429688 0.117188
vt 0.617188 0.062500
vt 0.617188 0.054688
vt 0.554688 0.062500
vt 0.562500 0.054688
vt 0.554688 0.054688
vt 0.554688 0.125000
vt 0.562500 0.117188
vt 0.554688 0.117188
vt 0.492188 0.437500
vt 0.500000 0.429688
vt 0.492188 0.429688
vt 0.429688 0.437500
vt 0.437500 0.429688
vt 0.429688 0.429688
vt 0.429688 0.500000
vt 0.437500 0.492188
vt 0.429688 0.492188
vt 0.492188 0.312500
vt 0.500000 0.304688
vt 0.492188 0.304688
vt 0.429688 0.312500
vt 0.437500 0.304688
vt 0.429688 0.304688
vt 0.429688 0.375000
vt 0.437500 0.367188
vt 0.429688 0.367188
vt 0.617188 0.312500
vt 0.617188 0.304688
vt 0.554688 0.312500
vt 0.562500 0.304688
vt 0.554688 0.304688
vt 0.554688 0.375000
vt 0.562500 0.367188
vt 0.554688 0.367188
vt 0.492188 0.687500
vt 0.500000 0.679688
vt 0.492188 0.679688
vt 0.429688 0.687500
vt 0.437500 0.679688
vt 0.429688 0.679688
vt 0.429688 0.750000
vt 0.437500 0.742188
vt 0.429688 0.742188
vt 0.492188 0.562500
vt 0.500000 0.554688
vt 0.492188 0.554688
vt 0.429688 0.562500
vt 0.437500 0.554688
vt 0.429688 0.554688
vt 0.429688 0.625000
vt 0.437500 0.617188
vt 0.429688 0.617188
vt 0.617188 0.562500
vt 0.617188 0.554688
vt 0.554688 0.562500
vt 0.562500 0.554688
vt 0.554688 0.554688
vt 0.554688 0.625000
vt 0.562500 0.617188
vt 0.554688 0.617188
vt 0.546875 0.000000
vt 0.554688 0.000000
vt 0.617188 0.000000
vt 0.421875 0.000000
vt 0.437500 0.000000
vt 0.429688 0.000000
vt 0.492188 0.000000
vt 0.242188 0.687500
vt 0.250000 0.679688
vt 0.242188 0.679688
vt 0.179688 0.687500
vt 0.187500 0.679688
vt 0.179688 0.679688
vt 0.179688 0.750000
vt 0.187500 0.742188
vt 0.179688 0.742188
vt 0.242188 0.562500
vt 0.250000 0.554688
vt 0.242188 0.554688
vt 0.179688 0.562500
vt 0.187500 0.554688
vt 0.179688 0.554688
vt 0.179688 0.625000
vt 0.187500 0.617188
vt 0.179688 0.617188
vt 0.367188 0.562500
vt 0.375000 0.554688
vt 0.367188 0.554688
vt 0.304688 0.562500
vt 0.312500 0.554688
vt 0.304688 0.554688
vt 0.304688 0.625000
vt 0.312500 0.617188
vt 0.304688 0.617188
vt 0.625000 0.679688
vt 0.625000 0.687500
vt 0.406250 0.000000
vt 0.437500 0.750000
vt 0.843750 0.750000
vt 0.812500 0.750000
vt 0.703125 0.750000
vt 0.695312 0.750000
vt 0.632812 0.750000
vt 0.828125 0.750000
vt 0.820312 0.750000
vt 0.757812 0.750000
vt 0.460938 0.750000
vt 0.453125 0.750000
vt 0.382812 0.750000
vt 0.562500 0.750000
vt 0.578125 0.750000
vt 0.570312 0.750000
vt 0.507812 0.750000
vt 0.593750 0.750000
vt 0.312500 0.750000
vt 0.343750 0.750000
vt 0.625000 0.179688
vt 0.625000 0.187500
vt 0.804688 0.750000
vt 0.625000 0.429688
vt 0.625000 0.437500
vt 0.796875 0.750000
vt 0.671875 0.750000
vt 0.625000 0.671875
vt 0.625000 0.546875
vt 0.625000 0.421875
vt 0.625000 0.296875
vt 0.625000 0.171875
vt 0.625000 0.046875
vt 0.734375 0.687500
vt 0.750000 0.671875
vt 0.734375 0.671875
vt 0.671875 0.687500
vt 0.687500 0.671875
vt 0.671875 0.671875
vt 0.687500 0.734375
vt 0.671875 0.734375
vt 0.734375 0.562500
vt 0.750000 0.546875
vt 0.734375 0.546875
vt 0.671875 0.562500
vt 0.687500 0.546875
vt 0.671875 0.546875
vt 0.671875 0.625000
vt 0.687500 0.609375
vt 0.671875 0.609375
vt 0.859375 0.562500
vt 0.875000 0.546875
vt 0.859375 0.546875
vt 0.796875 0.562500
vt 0.812500 0.546875
vt 0.796875 0.546875
vt 0.796875 0.625000
vt 0.812500 0.609375
vt 0.796875 0.609375
vt 0.859375 0.687500
vt 0.875000 0.671875
vt 0.859375 0.671875
vt 0.796875 0.687500
vt 0.812500 0.671875
vt 0.796875 0.671875
vt 0.812500 0.734375
vt 0.796875 0.734375
vt 0.367188 0.687500
vt 0.375000 0.679688
vt 0.367188 0.679688
vt 0.304688 0.687500
vt 0.312500 0.679688
vt 0.304688 0.679688
vt 0.304688 0.750000
vt 0.312500 0.742188
vt 0.304688 0.742188
vt 0.539062 0.000000
vt 0.617188 0.687500
vt 0.617188 0.679688
vt 0.554688 0.687500
vt 0.562500 0.679688
vt 0.554688 0.679688
vt 0.554688 0.750000
vt 0.562500 0.742188
vt 0.554688 0.742188
vt 0.617188 0.437500
vt 0.617188 0.429688
vt 0.554688 0.437500
vt 0.562500 0.429688
vt 0.554688 0.429688
vt 0.554688 0.500000
vt 0.562500 0.492188
vt 0.554688 0.492188
vt 0.617188 0.187500
vt 0.617188 0.179688
vt 0.554688 0.187500
vt 0.562500 0.179688
vt 0.554688 0.179688
vt 0.554688 0.250000
vt 0.562500 0.242188
vt 0.554688 0.242188
vt 0.554688 0.218750
vt 0.562500 0.210938
vt 0.554688 0.210938
vt 0.523438 0.218750
vt 0.531250 0.210938
vt 0.523438 0.210938
vt 0.523438 0.250000
vt 0.531250 0.242188
vt 0.523438 0.242188
vt 0.554688 0.156250
vt 0.562500 0.148438
vt 0.554688 0.148438
vt 0.523438 0.156250
vt 0.531250 0.148438
vt 0.523438 0.148438
vt 0.523438 0.187500
vt 0.531250 0.179688
vt 0.523438 0.179688
vt 0.617188 0.156250
vt 0.625000 0.148438
vt 0.617188 0.148438
vt 0.585938 0.156250
vt 0.593750 0.148438
vt 0.585938 0.148438
vt 0.585938 0.187500
vt 0.593750 0.179688
vt 0.585938 0.179688
vt 0.554688 0.468750
vt 0.562500 0.460938
vt 0.554688 0.460938
vt 0.523438 0.468750
vt 0.531250 0.460938
vt 0.523438 0.460938
vt 0.523438 0.500000
vt 0.531250 0.492188
vt 0.523438 0.492188
vt 0.554688 0.406250
vt 0.562500 0.398438
vt 0.554688 0.398438
vt 0.523438 0.406250
vt 0.531250 0.398438
vt 0.523438 0.398438
vt 0.523438 0.437500
vt 0.531250 0.429688
vt 0.523438 0.429688
vt 0.617188 0.406250
vt 0.625000 0.398438
vt 0.617188 0.398438
vt 0.585938 0.406250
vt 0.593750 0.398438
vt 0.585938 0.398438
vt 0.585938 0.437500
vt 0.593750 0.429688
vt 0.585938 0.429688
vt 0.554688 0.718750
vt 0.562500 0.710938
vt 0.554688 0.710938
vt 0.523438 0.718750
vt 0.531250 0.710938
vt 0.523438 0.710938
vt 0.523438 0.750000
vt 0.531250 0.742188
vt 0.523438 0.742188
vt 0.554688 0.656250
vt 0.562500 0.648438
vt 0.554688 0.648438
vt 0.523438 0.656250
vt 0.531250 0.648438
vt 0.523438 0.648438
vt 0.523438 0.687500
vt 0.531250 0.679688
vt 0.523438 0.679688
vt 0.617188 0.656250
vt 0.625000 0.648438
vt 0.617188 0.648438
vt 0.585938 0.656250
vt 0.593750 0.648438
vt 0.585938 0.648438
vt 0.585938 0.687500
vt 0.593750 0.679688
vt 0.585938 0.679688
vt 0.578125 0.000000
vt 0.515625 0.000000
vt 0.507812 0.000000
vt 0.304688 0.718750
vt 0.312500 0.710938
vt 0.304688 0.710938
vt 0.273438 0.718750
vt 0.281250 0.710938
vt 0.273438 0.710938
vt 0.273438 0.750000
vt 0.281250 0.742188
vt 0.273438 0.742188
vt 0.304688 0.656250
vt 0.312500 0.648438
vt 0.304688 0.648438
vt 0.273438 0.656250
vt 0.281250 0.648438
vt 0.273438 0.648438
vt 0.273438 0.687500
vt 0.281250 0.679688
vt 0.273438 0.679688
vt 0.367188 0.656250
vt 0.375000 0.648438
vt 0.367188 0.648438
vt 0.335938 0.656250
vt 0.343750 0.648438
vt 0.335938 0.648438
vt 0.335938 0.687500
vt 0.343750 0.679688
vt 0.335938 0.679688
vt 0.625000 0.656250
vt 0.625000 0.710938
vt 0.625000 0.718750
vt 0.234375 0.750000
vt 0.710938 0.750000
vt 0.421875 0.750000
vt 0.484375 0.750000
vt 0.625000 0.156250
vt 0.625000 0.210938
vt 0.625000 0.218750
vt 0.773438 0.750000
vt 0.835938 0.750000
vt 0.625000 0.406250
vt 0.625000 0.460938
vt 0.625000 0.468750
vt 0.625000 0.640625
vt 0.625000 0.390625
vt 0.625000 0.140625
vt 0.796875 0.718750
vt 0.812500 0.703125
vt 0.796875 0.703125
vt 0.765625 0.718750
vt 0.781250 0.703125
vt 0.765625 0.703125
vt 0.781250 0.734375
vt 0.765625 0.734375
vt 0.796875 0.656250
vt 0.812500 0.640625
vt 0.796875 0.640625
vt 0.765625 0.656250
vt 0.781250 0.640625
vt 0.765625 0.640625
vt 0.765625 0.687500
vt 0.781250 0.671875
vt 0.765625 0.671875
vt 0.859375 0.656250
vt 0.875000 0.640625
vt 0.859375 0.640625
vt 0.828125 0.656250
vt 0.843750 0.640625
vt 0.828125 0.640625
vt 0.828125 0.687500
vt 0.843750 0.671875
vt 0.828125 0.671875
vt 0.625000 0.281250
vt 0.625000 0.265625
vt 0.625000 0.031250
vt 0.625000 0.015625
vt 0.796875 0.593750
vt 0.812500 0.578125
vt 0.796875 0.578125
vt 0.765625 0.593750
vt 0.781250 0.578125
vt 0.765625 0.578125
vt 0.765625 0.625000
vt 0.781250 0.609375
vt 0.765625 0.609375
vt 0.796875 0.531250
vt 0.812500 0.515625
vt 0.796875 0.515625
vt 0.765625 0.531250
vt 0.781250 0.515625
vt 0.765625 0.515625
vt 0.765625 0.562500
vt 0.781250 0.546875
vt 0.765625 0.546875
vt 0.859375 0.531250
vt 0.875000 0.515625
vt 0.859375 0.515625
vt 0.828125 0.531250
vt 0.843750 0.515625
vt 0.828125 0.515625
vt 0.828125 0.562500
vt 0.843750 0.546875
vt 0.828125 0.546875
vt 0.671875 0.593750
vt 0.687500 0.578125
vt 0.671875 0.578125
vt 0.640625 0.593750
vt 0.656250 0.578125
vt 0.640625 0.578125
vt 0.640625 0.625000
vt 0.656250 0.609375
vt 0.640625 0.609375
vt 0.671875 0.531250
vt 0.687500 0.515625
vt 0.671875 0.515625
vt 0.640625 0.531250
vt 0.656250 0.515625
vt 0.640625 0.515625
vt 0.640625 0.562500
vt 0.656250 0.546875
vt 0.640625 0.546875
vt 0.734375 0.531250
vt 0.750000 0.515625
vt 0.734375 0.515625
vt 0.703125 0.531250
vt 0.718750 0.515625
vt 0.703125 0.515625
vt 0.703125 0.562500
vt 0.718750 0.546875
vt 0.703125 0.546875
vt 0.671875 0.718750
vt 0.687500 0.703125
vt 0.671875 0.703125
vt 0.640625 0.718750
vt 0.656250 0.703125
vt 0.640625 0.703125
vt 0.656250 0.734375
vt 0.640625 0.734375
vt 0.671875 0.656250
vt 0.687500 0.640625
vt 0.671875 0.640625
vt 0.640625 0.656250
vt 0.656250 0.640625
vt 0.640625 0.640625
vt 0.640625 0.687500
vt 0.656250 0.671875
vt 0.640625 0.671875
vt 0.734375 0.656250
vt 0.750000 0.640625
vt 0.734375 0.640625
vt 0.703125 0.656250
vt 0.718750 0.640625
vt 0.703125 0.640625
vt 0.703125 0.687500
vt 0.718750 0.671875
vt 0.703125 0.671875
vt 0.625000 0.531250
vt 0.625000 0.515625
vt 0.625000 0.273438
vt 0.648438 0.750000
vt 0.625000 0.023438
vt 0.625000 0.343750
vt 0.625000 0.335938
vt 0.625000 0.093750
vt 0.625000 0.085938
vt 0.625000 0.523438
vt 0.546875 0.750000
vt 0.609375 0.750000
vt 0.539062 0.750000
vt 0.601562 0.750000
vt 0.414062 0.750000
vt 0.476562 0.750000
vt 0.789062 0.750000
vt 0.851562 0.750000
vt 0.664062 0.750000
vt 0.726562 0.750000
vt 0.625000 0.593750
vt 0.625000 0.585938
vt 0.304688 0.593750
vt 0.312500 0.585938
vt 0.304688 0.585938
vt 0.273438 0.593750
vt 0.281250 0.585938
vt 0.273438 0.585938
vt 0.273438 0.625000
vt 0.281250 0.617188
vt 0.273438 0.617188
vt 0.304688 0.531250
vt 0.312500 0.523438
vt 0.304688 0.523438
vt 0.273438 0.531250
vt 0.281250 0.523438
vt 0.273438 0.523438
vt 0.273438 0.562500
vt 0.281250 0.554688
vt 0.273438 0.554688
vt 0.367188 0.531250
vt 0.375000 0.523438
vt 0.367188 0.523438
vt 0.335938 0.531250
vt 0.343750 0.523438
vt 0.335938 0.523438
vt 0.335938 0.562500
vt 0.343750 0.554688
vt 0.335938 0.554688
vt 0.179688 0.593750
vt 0.187500 0.585938
vt 0.179688 0.585938
vt 0.148438 0.593750
vt 0.156250 0.585938
vt 0.148438 0.585938
vt 0.148438 0.625000
vt 0.156250 0.617188
vt 0.148438 0.617188
vt 0.179688 0.531250
vt 0.187500 0.523438
vt 0.179688 0.523438
vt 0.148438 0.531250
vt 0.156250 0.523438
vt 0.148438 0.523438
vt 0.148438 0.562500
vt 0.156250 0.554688
vt 0.148438 0.554688
vt 0.242188 0.531250
vt 0.250000 0.523438
vt 0.242188 0.523438
vt 0.210938 0.531250
vt 0.218750 0.523438
vt 0.210938 0.523438
vt 0.210938 0.562500
vt 0.218750 0.554688
vt 0.210938 0.554688
vt 0.179688 0.718750
vt 0.187500 0.710938
vt 0.179688 0.710938
vt 0.148438 0.718750
vt 0.156250 0.710938
vt 0.148438 0.710938
vt 0.148438 0.750000
vt 0.156250 0.742188
vt 0.148438 0.742188
vt 0.179688 0.656250
vt 0.187500 0.648438
vt 0.179688 0.648438
vt 0.148438 0.656250
vt 0.156250 0.648438
vt 0.148438 0.648438
vt 0.148438 0.687500
vt 0.156250 0.679688
vt 0.148438 0.679688
vt 0.242188 0.656250
vt 0.250000 0.648438
vt 0.242188 0.648438
vt 0.210938 0.656250
vt 0.218750 0.648438
vt 0.210938 0.648438
vt 0.210938 0.687500
vt 0.218750 0.679688
vt 0.210938 0.679688
vt 0.453125 0.000000
vt 0.390625 0.000000
vt 0.460938 0.000000
vt 0.398438 0.000000
vt 0.585938 0.000000
vt 0.523438 0.000000
vt 0.554688 0.593750
vt 0.562500 0.585938
vt 0.554688 0.585938
vt 0.523438 0.593750
vt 0.531250 0.585938
vt 0.523438 0.585938
vt 0.523438 0.625000
vt 0.531250 0.617188
vt 0.523438 0.617188
vt 0.554688 0.531250
vt 0.562500 0.523438
vt 0.554688 0.523438
vt 0.523438 0.531250
vt 0.531250 0.523438
vt 0.523438 0.523438
vt 0.523438 0.562500
vt 0.531250 0.554688
vt 0.523438 0.554688
vt 0.617188 0.531250
vt 0.617188 0.523438
vt 0.585938 0.531250
vt 0.593750 0.523438
vt 0.585938 0.523438
vt 0.585938 0.562500
vt 0.593750 0.554688
vt 0.585938 0.554688
vt 0.429688 0.593750
vt 0.437500 0.585938
vt 0.429688 0.585938
vt 0.398438 0.593750
vt 0.406250 0.585938
vt 0.398438 0.585938
vt 0.398438 0.625000
vt 0.406250 0.617188
vt 0.398438 0.617188
vt 0.429688 0.531250
vt 0.437500 0.523438
vt 0.429688 0.523438
vt 0.398438 0.531250
vt 0.406250 0.523438
vt 0.398438 0.523438
vt 0.398438 0.562500
vt 0.406250 0.554688
vt 0.398438 0.554688
vt 0.492188 0.531250
vt 0.500000 0.523438
vt 0.492188 0.523438
vt 0.460938 0.531250
vt 0.468750 0.523438
vt 0.460938 0.523438
vt 0.460938 0.562500
vt 0.468750 0.554688
vt 0.460938 0.554688
vt 0.429688 0.718750
vt 0.437500 0.710938
vt 0.429688 0.710938
vt 0.398438 0.718750
vt 0.406250 0.710938
vt 0.398438 0.710938
vt 0.398438 0.750000
vt 0.406250 0.742188
vt 0.398438 0.742188
vt 0.429688 0.656250
vt 0.437500 0.648438
vt 0.429688 0.648438
vt 0.398438 0.656250
vt 0.406250 0.648438
vt 0.398438 0.648438
vt 0.398438 0.687500
vt 0.406250 0.679688
vt 0.398438 0.679688
vt 0.492188 0.656250
vt 0.500000 0.648438
vt 0.492188 0.648438
vt 0.460938 0.656250
vt 0.468750 0.648438
vt 0.460938 0.648438
vt 0.460938 0.687500
vt 0.468750 0.679688
vt 0.460938 0.679688
vt 0.554688 0.343750
vt 0.562500 0.335938
vt 0.554688 0.335938
vt 0.523438 0.343750
vt 0.531250 0.335938
vt 0.523438 0.335938
vt 0.523438 0.375000
vt 0.531250 0.367188
vt 0.523438 0.367188
vt 0.554688 0.281250
vt 0.562500 0.273438
vt 0.554688 0.273438
vt 0.523438 0.281250
vt 0.531250 0.273438
vt 0.523438 0.273438
vt 0.523438 0.312500
vt 0.531250 0.304688
vt 0.523438 0.304688
vt 0.617188 0.281250
vt 0.617188 0.273438
vt 0.585938 0.281250
vt 0.593750 0.273438
vt 0.585938 0.273438
vt 0.585938 0.312500
vt 0.593750 0.304688
vt 0.585938 0.304688
vt 0.429688 0.343750
vt 0.437500 0.335938
vt 0.429688 0.335938
vt 0.398438 0.343750
vt 0.406250 0.335938
vt 0.398438 0.335938
vt 0.398438 0.375000
vt 0.406250 0.367188
vt 0.398438 0.367188
vt 0.429688 0.281250
vt 0.437500 0.273438
vt 0.429688 0.273438
vt 0.398438 0.281250
vt 0.406250 0.273438
vt 0.398438 0.273438
vt 0.398438 0.312500
vt 0.406250 0.304688
vt 0.398438 0.304688
vt 0.492188 0.281250
vt 0.500000 0.273438
vt 0.492188 0.273438
vt 0.460938 0.281250
vt 0.468750 0.273438
vt 0.460938 0.273438
vt 0.460938 0.312500
vt 0.468750 0.304688
vt 0.460938 0.304688
vt 0.429688 0.468750
vt 0.437500 0.460938
vt 0.429688 0.460938
vt 0.398438 0.468750
vt 0.406250 0.460938
vt 0.398438 0.460938
vt 0.398438 0.500000
vt 0.406250 0.492188
vt 0.398438 0.492188
vt 0.429688 0.406250
vt 0.437500 0.398438
vt 0.429688 0.398438
vt 0.398438 0.406250
vt 0.406250 0.398438
vt 0.398438 0.398438
vt 0.398438 0.437500
vt 0.406250 0.429688
vt 0.398438 0.429688
vt 0.492188 0.406250
vt 0.500000 0.398438
vt 0.492188 0.398438
vt 0.460938 0.406250
vt 0.468750 0.398438
vt 0.460938 0.398438
vt 0.460938 0.437500
vt 0.468750 0.429688
vt 0.460938 0.429688
vt 0.554688 0.093750
vt 0.562500 0.085938
vt 0.554688 0.085938
vt 0.523438 0.093750
vt 0.531250 0.085938
vt 0.523438 0.085938
vt 0.523438 0.125000
vt 0.531250 0.117188
vt 0.523438 0.117188
vt 0.554688 0.031250
vt 0.562500 0.023438
vt 0.554688 0.023438
vt 0.523438 0.031250
vt 0.531250 0.023438
vt 0.523438 0.023438
vt 0.523438 0.062500
vt 0.531250 0.054688
vt 0.523438 0.054688
vt 0.617188 0.031250
vt 0.617188 0.023438
vt 0.585938 0.031250
vt 0.593750 0.023438
vt 0.585938 0.023438
vt 0.585938 0.062500
vt 0.593750 0.054688
vt 0.585938 0.054688
vt 0.429688 0.093750
vt 0.437500 0.085938
vt 0.429688 0.085938
vt 0.398438 0.093750
vt 0.406250 0.085938
vt 0.398438 0.085938
vt 0.398438 0.125000
vt 0.406250 0.117188
vt 0.398438 0.117188
vt 0.429688 0.031250
vt 0.437500 0.023438
vt 0.429688 0.023438
vt 0.398438 0.031250
vt 0.406250 0.023438
vt 0.398438 0.023438
vt 0.398438 0.062500
vt 0.406250 0.054688
vt 0.398438 0.054688
vt 0.492188 0.031250
vt 0.500000 0.023438
vt 0.492188 0.023438
vt 0.460938 0.031250
vt 0.468750 0.023438
vt 0.460938 0.023438
vt 0.460938 0.062500
vt 0.468750 0.054688
vt 0.460938 0.054688
vt 0.429688 0.218750
vt 0.437500 0.210938
vt 0.429688 0.210938
vt 0.398438 0.218750
vt 0.406250 0.210938
vt 0.398438 0.210938
vt 0.398438 0.250000
vt 0.406250 0.242188
vt 0.398438 0.242188
vt 0.429688 0.156250
vt 0.437500 0.148438
vt 0.429688 0.148438
vt 0.398438 0.156250
vt 0.406250 0.148438
vt 0.398438 0.148438
vt 0.398438 0.187500
vt 0.406250 0.179688
vt 0.398438 0.179688
vt 0.492188 0.156250
vt 0.500000 0.148438
vt 0.492188 0.148438
vt 0.460938 0.156250
vt 0.468750 0.148438
vt 0.460938 0.148438
vt 0.460938 0.187500
vt 0.468750 0.179688
vt 0.460938 0.179688
vt 0.492188 0.218750
vt 0.500000 0.210938
vt 0.492188 0.210938
vt 0.460938 0.218750
vt 0.468750 0.210938
vt 0.460938 0.210938
vt 0.460938 0.250000
vt 0.468750 0.242188
vt 0.460938 0.242188
vt 0.492188 0.093750
vt 0.500000 0.085938
vt 0.492188 0.085938
vt 0.460938 0.093750
vt 0.468750 0.085938
vt 0.460938 0.085938
vt 0.460938 0.125000
vt 0.468750 0.117188
vt 0.460938 0.117188
vt 0.617188 0.093750
vt 0.617188 0.085938
vt 0.585938 0.093750
vt 0.593750 0.085938
vt 0.585938 0.085938
vt 0.585938 0.125000
vt 0.593750 0.117188
vt 0.585938 0.117188
vt 0.492188 0.468750
vt 0.500000 0.460938
vt 0.492188 0.460938
vt 0.460938 0.468750
vt 0.468750 0.460938
vt 0.460938 0.460938
vt 0.460938 0.500000
vt 0.468750 0.492188
vt 0.460938 0.492188
vt 0.492188 0.343750
vt 0.500000 0.335938
vt 0.492188 0.335938
vt 0.460938 0.343750
vt 0.468750 0.335938
vt 0.460938 0.335938
vt 0.460938 0.375000
vt 0.468750 0.367188
vt 0.460938 0.367188
vt 0.617188 0.343750
vt 0.617188 0.335938
vt 0.585938 0.343750
vt 0.593750 0.335938
vt 0.585938 0.335938
vt 0.585938 0.375000
vt 0.593750 0.367188
vt 0.585938 0.367188
vt 0.492188 0.718750
vt 0.500000 0.710938
vt 0.492188 0.710938
vt 0.460938 0.718750
vt 0.468750 0.710938
vt 0.460938 0.710938
vt 0.468750 0.742188
vt 0.460938 0.742188
vt 0.492188 0.593750
vt 0.500000 0.585938
vt 0.492188 0.585938
vt 0.460938 0.593750
vt 0.468750 0.585938
vt 0.460938 0.585938
vt 0.460938 0.625000
vt 0.468750 0.617188
vt 0.460938 0.617188
vt 0.617188 0.593750
vt 0.617188 0.585938
vt 0.585938 0.593750
vt 0.593750 0.585938
vt 0.585938 0.585938
vt 0.585938 0.625000
vt 0.593750 0.617188
vt 0.585938 0.617188
vt 0.242188 0.718750
vt 0.250000 0.710938
vt 0.242188 0.710938
vt 0.210938 0.718750
vt 0.218750 0.710938
vt 0.210938 0.710938
vt 0.210938 0.750000
vt 0.218750 0.742188
vt 0.210938 0.742188
vt 0.242188 0.593750
vt 0.250000 0.585938
vt 0.242188 0.585938
vt 0.210938 0.593750
vt 0.218750 0.585938
vt 0.210938 0.585938
vt 0.210938 0.625000
vt 0.218750 0.617188
vt 0.210938 0.617188
vt 0.367188 0.593750
vt 0.375000 0.585938
vt 0.367188 0.585938
vt 0.335938 0.593750
vt 0.343750 0.585938
vt 0.335938 0.585938
vt 0.335938 0.625000
vt 0.343750 0.617188
vt 0.335938 0.617188
vt 0.625000 0.703125
vt 0.625000 0.578125
vt 0.625000 0.328125
vt 0.625000 0.078125
vt 0.734375 0.718750
vt 0.750000 0.703125
vt 0.734375 0.703125
vt 0.703125 0.718750
vt 0.718750 0.703125
vt 0.703125 0.703125
vt 0.718750 0.734375
vt 0.703125 0.734375
vt 0.734375 0.593750
vt 0.750000 0.578125
vt 0.734375 0.578125
vt 0.703125 0.593750
vt 0.718750 0.578125
vt 0.703125 0.578125
vt 0.703125 0.625000
vt 0.718750 0.609375
vt 0.703125 0.609375
vt 0.859375 0.593750
vt 0.875000 0.578125
vt 0.859375 0.578125
vt 0.828125 0.593750
vt 0.843750 0.578125
vt 0.828125 0.578125
vt 0.828125 0.625000
vt 0.843750 0.609375
vt 0.828125 0.609375
vt 0.625000 0.203125
vt 0.625000 0.453125
vt 0.859375 0.718750
vt 0.875000 0.703125
vt 0.859375 0.703125
vt 0.828125 0.718750
vt 0.843750 0.703125
vt 0.828125 0.703125
vt 0.843750 0.734375
vt 0.828125 0.734375
vt 0.367188 0.718750
vt 0.375000 0.710938
vt 0.367188 0.710938
vt 0.335938 0.718750
vt 0.343750 0.710938
vt 0.335938 0.710938
vt 0.335938 0.750000
vt 0.343750 0.742188
vt 0.335938 0.742188
vt 0.570312 0.000000
vt 0.617188 0.718750
vt 0.617188 0.710938
vt 0.585938 0.718750
vt 0.593750 0.710938
vt 0.585938 0.710938
vt 0.585938 0.750000
vt 0.593750 0.742188
vt 0.585938 0.742188
vt 0.617188 0.468750
vt 0.617188 0.460938
vt 0.585938 0.468750
vt 0.593750 0.460938
vt 0.585938 0.460938
vt 0.585938 0.500000
vt 0.593750 0.492188
vt 0.585938 0.492188
vt 0.617188 0.218750
vt 0.617188 0.210938
vt 0.585938 0.218750
vt 0.593750 0.210938
vt 0.585938 0.210938
vt 0.585938 0.250000
vt 0.593750 0.242188
vt 0.585938 0.242188
vt 0.585938 0.234375
vt 0.593750 0.226562
vt 0.585938 0.226562
vt 0.570312 0.234375
vt 0.578125 0.226562
vt 0.570312 0.226562
vt 0.570312 0.250000
vt 0.578125 0.242188
vt 0.570312 0.242188
vt 0.585938 0.203125
vt 0.593750 0.195312
vt 0.585938 0.195312
vt 0.570312 0.203125
vt 0.578125 0.195312
vt 0.570312 0.195312
vt 0.570312 0.218750
vt 0.578125 0.210938
vt 0.570312 0.210938
vt 0.617188 0.203125
vt 0.625000 0.195312
vt 0.617188 0.195312
vt 0.601562 0.203125
vt 0.609375 0.195312
vt 0.601562 0.195312
vt 0.601562 0.218750
vt 0.609375 0.210938
vt 0.601562 0.210938
vt 0.585938 0.484375
vt 0.593750 0.476562
vt 0.585938 0.476562
vt 0.570312 0.484375
vt 0.578125 0.476562
vt 0.570312 0.476562
vt 0.570312 0.500000
vt 0.578125 0.492188
vt 0.570312 0.492188
vt 0.585938 0.453125
vt 0.593750 0.445312
vt 0.585938 0.445312
vt 0.570312 0.453125
vt 0.578125 0.445312
vt 0.570312 0.445312
vt 0.570312 0.468750
vt 0.578125 0.460938
vt 0.570312 0.460938
vt 0.617188 0.453125
vt 0.625000 0.445312
vt 0.617188 0.445312
vt 0.601562 0.453125
vt 0.609375 0.445312
vt 0.601562 0.445312
vt 0.601562 0.468750
vt 0.609375 0.460938
vt 0.601562 0.460938
vt 0.585938 0.734375
vt 0.593750 0.726562
vt 0.585938 0.726562
vt 0.570312 0.734375
vt 0.578125 0.726562
vt 0.570312 0.726562
vt 0.578125 0.742188
vt 0.570312 0.742188
vt 0.585938 0.703125
vt 0.593750 0.695312
vt 0.585938 0.695312
vt 0.570312 0.703125
vt 0.578125 0.695312
vt 0.570312 0.695312
vt 0.570312 0.718750
vt 0.578125 0.710938
vt 0.570312 0.710938
vt 0.617188 0.703125
vt 0.625000 0.695312
vt 0.617188 0.695312
vt 0.601562 0.703125
vt 0.609375 0.695312
vt 0.601562 0.695312
vt 0.601562 0.718750
vt 0.609375 0.710938
vt 0.601562 0.710938
vt 0.335938 0.734375
vt 0.343750 0.726562
vt 0.335938 0.726562
vt 0.320312 0.734375
vt 0.328125 0.726562
vt 0.320312 0.726562
vt 0.320312 0.750000
vt 0.328125 0.742188
vt 0.320312 0.742188
vt 0.335938 0.703125
vt 0.343750 0.695312
vt 0.335938 0.695312
vt 0.320312 0.703125
vt 0.328125 0.695312
vt 0.320312 0.695312
vt 0.320312 0.718750
vt 0.328125 0.710938
vt 0.320312 0.710938
vt 0.367188 0.703125
vt 0.375000 0.695312
vt 0.367188 0.695312
vt 0.351562 0.703125
vt 0.359375 0.695312
vt 0.351562 0.695312
vt 0.351562 0.718750
vt 0.359375 0.710938
vt 0.351562 0.710938
vt 0.843750 0.718750
vt 0.812500 0.718750
vt 0.843750 0.687500
vt 0.812500 0.687500
vt 0.875000 0.687500
vt 0.843750 0.593750
vt 0.812500 0.593750
vt 0.812500 0.625000
vt 0.843750 0.562500
vt 0.812500 0.562500
vt 0.875000 0.562500
vt 0.718750 0.593750
vt 0.687500 0.593750
vt 0.687500 0.625000
vt 0.718750 0.562500
vt 0.687500 0.562500
vt 0.750000 0.562500
vt 0.718750 0.718750
vt 0.687500 0.718750
vt 0.718750 0.687500
vt 0.687500 0.687500
vt 0.750000 0.687500
vt 0.625000 0.070312
vt 0.625000 0.570312
vt 0.625000 0.320312
vt 0.625000 0.257812
vt 0.625000 0.007812
vt 0.625000 0.507812
vt 0.335938 0.609375
vt 0.343750 0.601562
vt 0.335938 0.601562
vt 0.320312 0.609375
vt 0.328125 0.601562
vt 0.320312 0.601562
vt 0.320312 0.625000
vt 0.328125 0.617188
vt 0.320312 0.617188
vt 0.335938 0.578125
vt 0.343750 0.570312
vt 0.335938 0.570312
vt 0.320312 0.578125
vt 0.328125 0.570312
vt 0.320312 0.570312
vt 0.320312 0.593750
vt 0.328125 0.585938
vt 0.320312 0.585938
vt 0.367188 0.578125
vt 0.375000 0.570312
vt 0.367188 0.570312
vt 0.351562 0.578125
vt 0.359375 0.570312
vt 0.351562 0.570312
vt 0.351562 0.593750
vt 0.359375 0.585938
vt 0.351562 0.585938
vt 0.210938 0.609375
vt 0.218750 0.601562
vt 0.210938 0.601562
vt 0.195312 0.609375
vt 0.203125 0.601562
vt 0.195312 0.601562
vt 0.195312 0.625000
vt 0.203125 0.617188
vt 0.195312 0.617188
vt 0.210938 0.578125
vt 0.218750 0.570312
vt 0.210938 0.570312
vt 0.195312 0.578125
vt 0.203125 0.570312
vt 0.195312 0.570312
vt 0.195312 0.593750
vt 0.203125 0.585938
vt 0.195312 0.585938
vt 0.242188 0.578125
vt 0.250000 0.570312
vt 0.242188 0.570312
vt 0.226562 0.578125
vt 0.234375 0.570312
vt 0.226562 0.570312
vt 0.226562 0.593750
vt 0.234375 0.585938
vt 0.226562 0.585938
vt 0.210938 0.734375
vt 0.218750 0.726562
vt 0.210938 0.726562
vt 0.195312 0.734375
vt 0.203125 0.726562
vt 0.195312 0.726562
vt 0.195312 0.750000
vt 0.203125 0.742188
vt 0.195312 0.742188
vt 0.210938 0.703125
vt 0.218750 0.695312
vt 0.210938 0.695312
vt 0.195312 0.703125
vt 0.203125 0.695312
vt 0.195312 0.695312
vt 0.195312 0.718750
vt 0.203125 0.710938
vt 0.195312 0.710938
vt 0.242188 0.703125
vt 0.250000 0.695312
vt 0.242188 0.695312
vt 0.226562 0.703125
vt 0.234375 0.695312
vt 0.226562 0.695312
vt 0.226562 0.718750
vt 0.234375 0.710938
vt 0.226562 0.710938
vt 0.476562 0.000000
vt 0.445312 0.000000
vt 0.585938 0.609375
vt 0.593750 0.601562
vt 0.585938 0.601562
vt 0.570312 0.609375
vt 0.578125 0.601562
vt 0.570312 0.601562
vt 0.570312 0.625000
vt 0.578125 0.617188
vt 0.570312 0.617188
vt 0.585938 0.578125
vt 0.593750 0.570312
vt 0.585938 0.570312
vt 0.570312 0.578125
vt 0.578125 0.570312
vt 0.570312 0.570312
vt 0.570312 0.593750
vt 0.578125 0.585938
vt 0.570312 0.585938
vt 0.617188 0.578125
vt 0.617188 0.570312
vt 0.601562 0.578125
vt 0.609375 0.570312
vt 0.601562 0.570312
vt 0.601562 0.593750
vt 0.609375 0.585938
vt 0.601562 0.585938
vt 0.460938 0.609375
vt 0.468750 0.601562
vt 0.460938 0.601562
vt 0.445312 0.609375
vt 0.453125 0.601562
vt 0.445312 0.601562
vt 0.445312 0.625000
vt 0.453125 0.617188
vt 0.445312 0.617188
vt 0.460938 0.578125
vt 0.468750 0.570312
vt 0.460938 0.570312
vt 0.445312 0.578125
vt 0.453125 0.570312
vt 0.445312 0.570312
vt 0.445312 0.593750
vt 0.453125 0.585938
vt 0.445312 0.585938
vt 0.492188 0.578125
vt 0.500000 0.570312
vt 0.492188 0.570312
vt 0.476562 0.578125
vt 0.484375 0.570312
vt 0.476562 0.570312
vt 0.476562 0.593750
vt 0.484375 0.585938
vt 0.476562 0.585938
vt 0.460938 0.734375
vt 0.468750 0.726562
vt 0.460938 0.726562
vt 0.445312 0.734375
vt 0.453125 0.726562
vt 0.445312 0.726562
vt 0.445312 0.750000
vt 0.453125 0.742188
vt 0.445312 0.742188
vt 0.460938 0.703125
vt 0.468750 0.695312
vt 0.460938 0.695312
vt 0.445312 0.703125
vt 0.453125 0.695312
vt 0.445312 0.695312
vt 0.445312 0.718750
vt 0.453125 0.710938
vt 0.445312 0.710938
vt 0.492188 0.703125
vt 0.500000 0.695312
vt 0.492188 0.695312
vt 0.476562 0.703125
vt 0.484375 0.695312
vt 0.476562 0.695312
vt 0.476562 0.718750
vt 0.484375 0.710938
vt 0.476562 0.710938
vt 0.585938 0.359375
vt 0.593750 0.351562
vt 0.585938 0.351562
vt 0.570312 0.359375
vt 0.578125 0.351562
vt 0.570312 0.351562
vt 0.570312 0.375000
vt 0.578125 0.367188
vt 0.570312 0.367188
vt 0.585938 0.328125
vt 0.593750 0.320312
vt 0.585938 0.320312
vt 0.570312 0.328125
vt 0.578125 0.320312
vt 0.570312 0.320312
vt 0.570312 0.343750
vt 0.578125 0.335938
vt 0.570312 0.335938
vt 0.617188 0.328125
vt 0.617188 0.320312
vt 0.601562 0.328125
vt 0.609375 0.320312
vt 0.601562 0.320312
vt 0.601562 0.343750
vt 0.609375 0.335938
vt 0.601562 0.335938
vt 0.460938 0.359375
vt 0.468750 0.351562
vt 0.460938 0.351562
vt 0.445312 0.359375
vt 0.453125 0.351562
vt 0.445312 0.351562
vt 0.445312 0.375000
vt 0.453125 0.367188
vt 0.445312 0.367188
vt 0.460938 0.328125
vt 0.468750 0.320312
vt 0.460938 0.320312
vt 0.445312 0.328125
vt 0.453125 0.320312
vt 0.445312 0.320312
vt 0.445312 0.343750
vt 0.453125 0.335938
vt 0.445312 0.335938
vt 0.492188 0.328125
vt 0.500000 0.320312
vt 0.492188 0.320312
vt 0.476562 0.328125
vt 0.484375 0.320312
vt 0.476562 0.320312
vt 0.476562 0.343750
vt 0.484375 0.335938
vt 0.476562 0.335938
vt 0.460938 0.484375
vt 0.468750 0.476562
vt 0.460938 0.476562
vt 0.445312 0.484375
vt 0.453125 0.476562
vt 0.445312 0.476562
vt 0.445312 0.500000
vt 0.453125 0.492188
vt 0.445312 0.492188
vt 0.460938 0.453125
vt 0.468750 0.445312
vt 0.460938 0.445312
vt 0.445312 0.453125
vt 0.453125 0.445312
vt 0.445312 0.445312
vt 0.445312 0.468750
vt 0.453125 0.460938
vt 0.445312 0.460938
vt 0.492188 0.453125
vt 0.500000 0.445312
vt 0.492188 0.445312
vt 0.476562 0.453125
vt 0.484375 0.445312
vt 0.476562 0.445312
vt 0.476562 0.468750
vt 0.484375 0.460938
vt 0.476562 0.460938
vt 0.585938 0.109375
vt 0.593750 0.101562
vt 0.585938 0.101562
vt 0.570312 0.109375
vt 0.578125 0.101562
vt 0.570312 0.101562
vt 0.570312 0.125000
vt 0.578125 0.117188
vt 0.570312 0.117188
vt 0.585938 0.078125
vt 0.593750 0.070312
vt 0.585938 0.070312
vt 0.570312 0.078125
vt 0.578125 0.070312
vt 0.570312 0.070312
vt 0.570312 0.093750
vt 0.578125 0.085938
vt 0.570312 0.085938
vt 0.617188 0.078125
vt 0.617188 0.070312
vt 0.601562 0.078125
vt 0.609375 0.070312
vt 0.601562 0.070312
vt 0.601562 0.093750
vt 0.609375 0.085938
vt 0.601562 0.085938
vt 0.460938 0.109375
vt 0.468750 0.101562
vt 0.460938 0.101562
vt 0.445312 0.109375
vt 0.453125 0.101562
vt 0.445312 0.101562
vt 0.445312 0.125000
vt 0.453125 0.117188
vt 0.445312 0.117188
vt 0.460938 0.078125
vt 0.468750 0.070312
vt 0.460938 0.070312
vt 0.445312 0.078125
vt 0.453125 0.070312
vt 0.445312 0.070312
vt 0.445312 0.093750
vt 0.453125 0.085938
vt 0.445312 0.085938
vt 0.492188 0.078125
vt 0.500000 0.070312
vt 0.492188 0.070312
vt 0.476562 0.078125
vt 0.484375 0.070312
vt 0.476562 0.070312
vt 0.476562 0.093750
vt 0.484375 0.085938
vt 0.476562 0.085938
vt 0.460938 0.234375
vt 0.468750 0.226562
vt 0.460938 0.226562
vt 0.445312 0.234375
vt 0.453125 0.226562
vt 0.445312 0.226562
vt 0.445312 0.250000
vt 0.453125 0.242188
vt 0.445312 0.242188
vt 0.460938 0.203125
vt 0.468750 0.195312
vt 0.460938 0.195312
vt 0.445312 0.203125
vt 0.453125 0.195312
vt 0.445312 0.195312
vt 0.445312 0.218750
vt 0.453125 0.210938
vt 0.445312 0.210938
vt 0.492188 0.203125
vt 0.500000 0.195312
vt 0.492188 0.195312
vt 0.476562 0.203125
vt 0.484375 0.195312
vt 0.476562 0.195312
vt 0.476562 0.218750
vt 0.484375 0.210938
vt 0.476562 0.210938
vt 0.460938 0.171875
vt 0.468750 0.164062
vt 0.460938 0.164062
vt 0.445312 0.171875
vt 0.453125 0.164062
vt 0.445312 0.164062
vt 0.445312 0.187500
vt 0.453125 0.179688
vt 0.445312 0.179688
vt 0.460938 0.140625
vt 0.468750 0.132812
vt 0.460938 0.132812
vt 0.445312 0.140625
vt 0.453125 0.132812
vt 0.445312 0.132812
vt 0.445312 0.156250
vt 0.453125 0.148438
vt 0.445312 0.148438
vt 0.492188 0.140625
vt 0.500000 0.132812
vt 0.492188 0.132812
vt 0.476562 0.140625
vt 0.484375 0.132812
vt 0.476562 0.132812
vt 0.476562 0.156250
vt 0.484375 0.148438
vt 0.476562 0.148438
vt 0.398438 0.171875
vt 0.406250 0.164062
vt 0.398438 0.164062
vt 0.382812 0.171875
vt 0.390625 0.164062
vt 0.382812 0.164062
vt 0.382812 0.187500
vt 0.390625 0.179688
vt 0.382812 0.179688
vt 0.398438 0.140625
vt 0.406250 0.132812
vt 0.398438 0.132812
vt 0.382812 0.140625
vt 0.390625 0.132812
vt 0.382812 0.132812
vt 0.382812 0.156250
vt 0.390625 0.148438
vt 0.382812 0.148438
vt 0.429688 0.140625
vt 0.437500 0.132812
vt 0.429688 0.132812
vt 0.414062 0.140625
vt 0.421875 0.132812
vt 0.414062 0.132812
vt 0.414062 0.156250
vt 0.421875 0.148438
vt 0.414062 0.148438
vt 0.398438 0.234375
vt 0.406250 0.226562
vt 0.398438 0.226562
vt 0.382812 0.234375
vt 0.390625 0.226562
vt 0.382812 0.226562
vt 0.382812 0.250000
vt 0.390625 0.242188
vt 0.382812 0.242188
vt 0.398438 0.203125
vt 0.406250 0.195312
vt 0.398438 0.195312
vt 0.382812 0.203125
vt 0.390625 0.195312
vt 0.382812 0.195312
vt 0.382812 0.218750
vt 0.390625 0.210938
vt 0.382812 0.210938
vt 0.429688 0.203125
vt 0.437500 0.195312
vt 0.429688 0.195312
vt 0.414062 0.203125
vt 0.421875 0.195312
vt 0.414062 0.195312
vt 0.414062 0.218750
vt 0.421875 0.210938
vt 0.414062 0.210938
vt 0.460938 0.046875
vt 0.468750 0.039062
vt 0.460938 0.039062
vt 0.445312 0.046875
vt 0.453125 0.039062
vt 0.445312 0.039062
vt 0.445312 0.062500
vt 0.453125 0.054688
vt 0.445312 0.054688
vt 0.460938 0.015625
vt 0.468750 0.007812
vt 0.460938 0.007812
vt 0.445312 0.015625
vt 0.453125 0.007812
vt 0.445312 0.007812
vt 0.445312 0.031250
vt 0.453125 0.023438
vt 0.445312 0.023438
vt 0.492188 0.015625
vt 0.500000 0.007812
vt 0.492188 0.007812
vt 0.476562 0.015625
vt 0.484375 0.007812
vt 0.476562 0.007812
vt 0.476562 0.031250
vt 0.484375 0.023438
vt 0.476562 0.023438
vt 0.398438 0.046875
vt 0.406250 0.039062
vt 0.398438 0.039062
vt 0.382812 0.046875
vt 0.390625 0.039062
vt 0.382812 0.039062
vt 0.382812 0.062500
vt 0.390625 0.054688
vt 0.382812 0.054688
vt 0.398438 0.015625
vt 0.406250 0.007812
vt 0.398438 0.007812
vt 0.382812 0.015625
vt 0.390625 0.007812
vt 0.382812 0.007812
vt 0.382812 0.031250
vt 0.390625 0.023438
vt 0.382812 0.023438
vt 0.429688 0.015625
vt 0.437500 0.007812
vt 0.429688 0.007812
vt 0.414062 0.015625
vt 0.421875 0.007812
vt 0.414062 0.007812
vt 0.414062 0.031250
vt 0.421875 0.023438
vt 0.414062 0.023438
vt 0.398438 0.109375
vt 0.406250 0.101562
vt 0.398438 0.101562
vt 0.382812 0.109375
vt 0.390625 0.101562
vt 0.382812 0.101562
vt 0.382812 0.125000
vt 0.390625 0.117188
vt 0.382812 0.117188
vt 0.398438 0.078125
vt 0.406250 0.070312
vt 0.398438 0.070312
vt 0.382812 0.078125
vt 0.390625 0.070312
vt 0.382812 0.070312
vt 0.382812 0.093750
vt 0.390625 0.085938
vt 0.382812 0.085938
vt 0.429688 0.078125
vt 0.437500 0.070312
vt 0.429688 0.070312
vt 0.414062 0.078125
vt 0.421875 0.070312
vt 0.414062 0.070312
vt 0.414062 0.093750
vt 0.421875 0.085938
vt 0.414062 0.085938
vt 0.585938 0.046875
vt 0.593750 0.039062
vt 0.585938 0.039062
vt 0.570312 0.046875
vt 0.578125 0.039062
vt 0.570312 0.039062
vt 0.570312 0.062500
vt 0.578125 0.054688
vt 0.570312 0.054688
vt 0.585938 0.015625
vt 0.593750 0.007812
vt 0.585938 0.007812
vt 0.570312 0.015625
vt 0.578125 0.007812
vt 0.570312 0.007812
vt 0.570312 0.031250
vt 0.578125 0.023438
vt 0.570312 0.023438
vt 0.617188 0.015625
vt 0.617188 0.007812
vt 0.601562 0.015625
vt 0.609375 0.007812
vt 0.601562 0.007812
vt 0.601562 0.031250
vt 0.609375 0.023438
vt 0.601562 0.023438
vt 0.523438 0.046875
vt 0.531250 0.039062
vt 0.523438 0.039062
vt 0.507812 0.046875
vt 0.515625 0.039062
vt 0.507812 0.039062
vt 0.507812 0.062500
vt 0.515625 0.054688
vt 0.507812 0.054688
vt 0.523438 0.015625
vt 0.531250 0.007812
vt 0.523438 0.007812
vt 0.507812 0.015625
vt 0.515625 0.007812
vt 0.507812 0.007812
vt 0.507812 0.031250
vt 0.515625 0.023438
vt 0.507812 0.023438
vt 0.554688 0.015625
vt 0.562500 0.007812
vt 0.554688 0.007812
vt 0.539062 0.015625
vt 0.546875 0.007812
vt 0.539062 0.007812
vt 0.539062 0.031250
vt 0.546875 0.023438
vt 0.539062 0.023438
vt 0.523438 0.109375
vt 0.531250 0.101562
vt 0.523438 0.101562
vt 0.507812 0.109375
vt 0.515625 0.101562
vt 0.507812 0.101562
vt 0.507812 0.125000
vt 0.515625 0.117188
vt 0.507812 0.117188
vt 0.523438 0.078125
vt 0.531250 0.070312
vt 0.523438 0.070312
vt 0.507812 0.078125
vt 0.515625 0.070312
vt 0.507812 0.070312
vt 0.507812 0.093750
vt 0.515625 0.085938
vt 0.507812 0.085938
vt 0.554688 0.078125
vt 0.562500 0.070312
vt 0.554688 0.070312
vt 0.539062 0.078125
vt 0.546875 0.070312
vt 0.539062 0.070312
vt 0.539062 0.093750
vt 0.546875 0.085938
vt 0.539062 0.085938
vt 0.460938 0.421875
vt 0.468750 0.414062
vt 0.460938 0.414062
vt 0.445312 0.421875
vt 0.453125 0.414062
vt 0.445312 0.414062
vt 0.445312 0.437500
vt 0.453125 0.429688
vt 0.445312 0.429688
vt 0.460938 0.390625
vt 0.468750 0.382812
vt 0.460938 0.382812
vt 0.445312 0.390625
vt 0.453125 0.382812
vt 0.445312 0.382812
vt 0.445312 0.406250
vt 0.453125 0.398438
vt 0.445312 0.398438
vt 0.492188 0.390625
vt 0.500000 0.382812
vt 0.492188 0.382812
vt 0.476562 0.390625
vt 0.484375 0.382812
vt 0.476562 0.382812
vt 0.476562 0.406250
vt 0.484375 0.398438
vt 0.476562 0.398438
vt 0.398438 0.421875
vt 0.406250 0.414062
vt 0.398438 0.414062
vt 0.382812 0.421875
vt 0.390625 0.414062
vt 0.382812 0.414062
vt 0.382812 0.437500
vt 0.390625 0.429688
vt 0.382812 0.429688
vt 0.398438 0.390625
vt 0.406250 0.382812
vt 0.398438 0.382812
vt 0.382812 0.390625
vt 0.390625 0.382812
vt 0.382812 0.382812
vt 0.382812 0.406250
vt 0.390625 0.398438
vt 0.382812 0.398438
vt 0.429688 0.390625
vt 0.437500 0.382812
vt 0.429688 0.382812
vt 0.414062 0.390625
vt 0.421875 0.382812
vt 0.414062 0.382812
vt 0.414062 0.406250
vt 0.421875 0.398438
vt 0.414062 0.398438
vt 0.398438 0.484375
vt 0.406250 0.476562
vt 0.398438 0.476562
vt 0.382812 0.484375
vt 0.390625 0.476562
vt 0.382812 0.476562
vt 0.382812 0.500000
vt 0.390625 0.492188
vt 0.382812 0.492188
vt 0.398438 0.453125
vt 0.406250 0.445312
vt 0.398438 0.445312
vt 0.382812 0.453125
vt 0.390625 0.445312
vt 0.382812 0.445312
vt 0.382812 0.468750
vt 0.390625 0.460938
vt 0.382812 0.460938
vt 0.429688 0.453125
vt 0.437500 0.445312
vt 0.429688 0.445312
vt 0.414062 0.453125
vt 0.421875 0.445312
vt 0.414062 0.445312
vt 0.414062 0.468750
vt 0.421875 0.460938
vt 0.414062 0.460938
vt 0.460938 0.296875
vt 0.468750 0.289062
vt 0.460938 0.289062
vt 0.445312 0.296875
vt 0.453125 0.289062
vt 0.445312 0.289062
vt 0.445312 0.312500
vt 0.453125 0.304688
vt 0.445312 0.304688
vt 0.460938 0.265625
vt 0.468750 0.257812
vt 0.460938 0.257812
vt 0.445312 0.265625
vt 0.453125 0.257812
vt 0.445312 0.257812
vt 0.445312 0.281250
vt 0.453125 0.273438
vt 0.445312 0.273438
vt 0.492188 0.265625
vt 0.500000 0.257812
vt 0.492188 0.257812
vt 0.476562 0.265625
vt 0.484375 0.257812
vt 0.476562 0.257812
vt 0.476562 0.281250
vt 0.484375 0.273438
vt 0.476562 0.273438
vt 0.398438 0.296875
vt 0.406250 0.289062
vt 0.398438 0.289062
vt 0.382812 0.296875
vt 0.390625 0.289062
vt 0.382812 0.289062
vt 0.382812 0.312500
vt 0.390625 0.304688
vt 0.382812 0.304688
vt 0.398438 0.265625
vt 0.406250 0.257812
vt 0.398438 0.257812
vt 0.382812 0.265625
vt 0.390625 0.257812
vt 0.382812 0.257812
vt 0.382812 0.281250
vt 0.390625 0.273438
vt 0.382812 0.273438
vt 0.429688 0.265625
vt 0.437500 0.257812
vt 0.429688 0.257812
vt 0.414062 0.265625
vt 0.421875 0.257812
vt 0.414062 0.257812
vt 0.414062 0.281250
vt 0.421875 0.273438
vt 0.414062 0.273438
vt 0.398438 0.359375
vt 0.406250 0.351562
vt 0.398438 0.351562
vt 0.382812 0.359375
vt 0.390625 0.351562
vt 0.382812 0.351562
vt 0.382812 0.375000
vt 0.390625 0.367188
vt 0.382812 0.367188
vt 0.398438 0.328125
vt 0.406250 0.320312
vt 0.398438 0.320312
vt 0.382812 0.328125
vt 0.390625 0.320312
vt 0.382812 0.320312
vt 0.382812 0.343750
vt 0.390625 0.335938
vt 0.382812 0.335938
vt 0.429688 0.328125
vt 0.437500 0.320312
vt 0.429688 0.320312
vt 0.414062 0.328125
vt 0.421875 0.320312
vt 0.414062 0.320312
vt 0.414062 0.343750
vt 0.421875 0.335938
vt 0.414062 0.335938
vt 0.585938 0.296875
vt 0.593750 0.289062
vt 0.585938 0.289062
vt 0.570312 0.296875
vt 0.578125 0.289062
vt 0.570312 0.289062
vt 0.570312 0.312500
vt 0.578125 0.304688
vt 0.570312 0.304688
vt 0.585938 0.265625
vt 0.593750 0.257812
vt 0.585938 0.257812
vt 0.570312 0.265625
vt 0.578125 0.257812
vt 0.570312 0.257812
vt 0.570312 0.281250
vt 0.578125 0.273438
vt 0.570312 0.273438
vt 0.617188 0.265625
vt 0.617188 0.257812
vt 0.601562 0.265625
vt 0.609375 0.257812
vt 0.601562 0.257812
vt 0.601562 0.281250
vt 0.609375 0.273438
vt 0.601562 0.273438
vt 0.523438 0.296875
vt 0.531250 0.289062
vt 0.523438 0.289062
vt 0.507812 0.296875
vt 0.515625 0.289062
vt 0.507812 0.289062
vt 0.507812 0.312500
vt 0.515625 0.304688
vt 0.507812 0.304688
vt 0.523438 0.265625
vt 0.531250 0.257812
vt 0.523438 0.257812
vt 0.507812 0.265625
vt 0.515625 0.257812
vt 0.507812 0.257812
vt 0.507812 0.281250
vt 0.515625 0.273438
vt 0.507812 0.273438
vt 0.554688 0.265625
vt 0.562500 0.257812
vt 0.554688 0.257812
vt 0.539062 0.265625
vt 0.546875 0.257812
vt 0.539062 0.257812
vt 0.539062 0.281250
vt 0.546875 0.273438
vt 0.539062 0.273438
vt 0.523438 0.359375
vt 0.531250 0.351562
vt 0.523438 0.351562
vt 0.507812 0.359375
vt 0.515625 0.351562
vt 0.507812 0.351562
vt 0.507812 0.375000
vt 0.515625 0.367188
vt 0.507812 0.367188
vt 0.523438 0.328125
vt 0.531250 0.320312
vt 0.523438 0.320312
vt 0.507812 0.328125
vt 0.515625 0.320312
vt 0.507812 0.320312
vt 0.507812 0.343750
vt 0.515625 0.335938
vt 0.507812 0.335938
vt 0.554688 0.328125
vt 0.562500 0.320312
vt 0.554688 0.320312
vt 0.539062 0.328125
vt 0.546875 0.320312
vt 0.539062 0.320312
vt 0.539062 0.343750
vt 0.546875 0.335938
vt 0.539062 0.335938
vt 0.460938 0.671875
vt 0.468750 0.664062
vt 0.460938 0.664062
vt 0.445312 0.671875
vt 0.453125 0.664062
vt 0.445312 0.664062
vt 0.445312 0.687500
vt 0.453125 0.679688
vt 0.445312 0.679688
vt 0.460938 0.640625
vt 0.468750 0.632812
vt 0.460938 0.632812
vt 0.445312 0.640625
vt 0.453125 0.632812
vt 0.445312 0.632812
vt 0.445312 0.656250
vt 0.453125 0.648438
vt 0.445312 0.648438
vt 0.492188 0.640625
vt 0.500000 0.632812
vt 0.492188 0.632812
vt 0.476562 0.640625
vt 0.484375 0.632812
vt 0.476562 0.632812
vt 0.476562 0.656250
vt 0.484375 0.648438
vt 0.476562 0.648438
vt 0.398438 0.671875
vt 0.406250 0.664062
vt 0.398438 0.664062
vt 0.382812 0.671875
vt 0.390625 0.664062
vt 0.382812 0.664062
vt 0.382812 0.687500
vt 0.390625 0.679688
vt 0.382812 0.679688
vt 0.398438 0.640625
vt 0.406250 0.632812
vt 0.398438 0.632812
vt 0.382812 0.640625
vt 0.390625 0.632812
vt 0.382812 0.632812
vt 0.382812 0.656250
vt 0.390625 0.648438
vt 0.382812 0.648438
vt 0.429688 0.640625
vt 0.437500 0.632812
vt 0.429688 0.632812
vt 0.414062 0.640625
vt 0.421875 0.632812
vt 0.414062 0.632812
vt 0.414062 0.656250
vt 0.421875 0.648438
vt 0.414062 0.648438
vt 0.398438 0.734375
vt 0.406250 0.726562
vt 0.398438 0.726562
vt 0.382812 0.734375
vt 0.390625 0.726562
vt 0.382812 0.726562
vt 0.390625 0.742188
vt 0.382812 0.742188
vt 0.398438 0.703125
vt 0.406250 0.695312
vt 0.398438 0.695312
vt 0.382812 0.703125
vt 0.390625 0.695312
vt 0.382812 0.695312
vt 0.382812 0.718750
vt 0.390625 0.710938
vt 0.382812 0.710938
vt 0.429688 0.703125
vt 0.437500 0.695312
vt 0.429688 0.695312
vt 0.414062 0.703125
vt 0.421875 0.695312
vt 0.414062 0.695312
vt 0.414062 0.718750
vt 0.421875 0.710938
vt 0.414062 0.710938
vt 0.460938 0.546875
vt 0.468750 0.539062
vt 0.460938 0.539062
vt 0.445312 0.546875
vt 0.453125 0.539062
vt 0.445312 0.539062
vt 0.445312 0.562500
vt 0.453125 0.554688
vt 0.445312 0.554688
vt 0.460938 0.515625
vt 0.468750 0.507812
vt 0.460938 0.507812
vt 0.445312 0.515625
vt 0.453125 0.507812
vt 0.445312 0.507812
vt 0.445312 0.531250
vt 0.453125 0.523438
vt 0.445312 0.523438
vt 0.492188 0.515625
vt 0.500000 0.507812
vt 0.492188 0.507812
vt 0.476562 0.515625
vt 0.484375 0.507812
vt 0.476562 0.507812
vt 0.476562 0.531250
vt 0.484375 0.523438
vt 0.476562 0.523438
vt 0.398438 0.546875
vt 0.406250 0.539062
vt 0.398438 0.539062
vt 0.382812 0.546875
vt 0.390625 0.539062
vt 0.382812 0.539062
vt 0.382812 0.562500
vt 0.390625 0.554688
vt 0.382812 0.554688
vt 0.398438 0.515625
vt 0.406250 0.507812
vt 0.398438 0.507812
vt 0.382812 0.515625
vt 0.390625 0.507812
vt 0.382812 0.507812
vt 0.382812 0.531250
vt 0.390625 0.523438
vt 0.382812 0.523438
vt 0.429688 0.515625
vt 0.437500 0.507812
vt 0.429688 0.507812
vt 0.414062 0.515625
vt 0.421875 0.507812
vt 0.414062 0.507812
vt 0.414062 0.531250
vt 0.421875 0.523438
vt 0.414062 0.523438
vt 0.398438 0.609375
vt 0.406250 0.601562
vt 0.398438 0.601562
vt 0.382812 0.609375
vt 0.390625 0.601562
vt 0.382812 0.601562
vt 0.382812 0.625000
vt 0.390625 0.617188
vt 0.382812 0.617188
vt 0.398438 0.578125
vt 0.406250 0.570312
vt 0.398438 0.570312
vt 0.382812 0.578125
vt 0.390625 0.570312
vt 0.382812 0.570312
vt 0.382812 0.593750
vt 0.390625 0.585938
vt 0.382812 0.585938
vt 0.429688 0.578125
vt 0.437500 0.570312
vt 0.429688 0.570312
vt 0.414062 0.578125
vt 0.421875 0.570312
vt 0.414062 0.570312
vt 0.414062 0.593750
vt 0.421875 0.585938
vt 0.414062 0.585938
vt 0.585938 0.546875
vt 0.593750 0.539062
vt 0.585938 0.539062
vt 0.570312 0.546875
vt 0.578125 0.539062
vt 0.570312 0.539062
vt 0.570312 0.562500
vt 0.578125 0.554688
vt 0.570312 0.554688
vt 0.585938 0.515625
vt 0.593750 0.507812
vt 0.585938 0.507812
vt 0.570312 0.515625
vt 0.578125 0.507812
vt 0.570312 0.507812
vt 0.570312 0.531250
vt 0.578125 0.523438
vt 0.570312 0.523438
vt 0.617188 0.515625
vt 0.617188 0.507812
vt 0.601562 0.515625
vt 0.609375 0.507812
vt 0.601562 0.507812
vt 0.601562 0.531250
vt 0.609375 0.523438
vt 0.601562 0.523438
vt 0.523438 0.546875
vt 0.531250 0.539062
vt 0.523438 0.539062
vt 0.507812 0.546875
vt 0.515625 0.539062
vt 0.507812 0.539062
vt 0.507812 0.562500
vt 0.515625 0.554688
vt 0.507812 0.554688
vt 0.523438 0.515625
vt 0.531250 0.507812
vt 0.523438 0.507812
vt 0.507812 0.515625
vt 0.515625 0.507812
vt 0.507812 0.507812
vt 0.507812 0.531250
vt 0.515625 0.523438
vt 0.507812 0.523438
vt 0.554688 0.515625
vt 0.562500 0.507812
vt 0.554688 0.507812
vt 0.539062 0.515625
vt 0.546875 0.507812
vt 0.539062 0.507812
vt 0.539062 0.531250
vt 0.546875 0.523438
vt 0.539062 0.523438
vt 0.523438 0.609375
vt 0.531250 0.601562
vt 0.523438 0.601562
vt 0.507812 0.609375
vt 0.515625 0.601562
vt 0.507812 0.601562
vt 0.507812 0.625000
vt 0.515625 0.617188
vt 0.507812 0.617188
vt 0.523438 0.578125
vt 0.531250 0.570312
vt 0.523438 0.570312
vt 0.507812 0.578125
vt 0.515625 0.570312
vt 0.507812 0.570312
vt 0.507812 0.593750
vt 0.515625 0.585938
vt 0.507812 0.585938
vt 0.554688 0.578125
vt 0.562500 0.570312
vt 0.554688 0.570312
vt 0.539062 0.578125
vt 0.546875 0.570312
vt 0.539062 0.570312
vt 0.539062 0.593750
vt 0.546875 0.585938
vt 0.539062 0.585938
vt 0.414062 0.000000
vt 0.382812 0.000000
vt 0.210938 0.671875
vt 0.218750 0.664062
vt 0.210938 0.664062
vt 0.195312 0.671875
vt 0.203125 0.664062
vt 0.195312 0.664062
vt 0.195312 0.687500
vt 0.203125 0.679688
vt 0.195312 0.679688
vt 0.210938 0.640625
vt 0.218750 0.632812
vt 0.210938 0.632812
vt 0.195312 0.640625
vt 0.203125 0.632812
vt 0.195312 0.632812
vt 0.195312 0.656250
vt 0.203125 0.648438
vt 0.195312 0.648438
vt 0.242188 0.640625
vt 0.250000 0.632812
vt 0.242188 0.632812
vt 0.226562 0.640625
vt 0.234375 0.632812
vt 0.226562 0.632812
vt 0.226562 0.656250
vt 0.234375 0.648438
vt 0.226562 0.648438
vt 0.148438 0.671875
vt 0.156250 0.664062
vt 0.148438 0.664062
vt 0.132812 0.671875
vt 0.140625 0.664062
vt 0.132812 0.664062
vt 0.132812 0.687500
vt 0.140625 0.679688
vt 0.132812 0.679688
vt 0.148438 0.640625
vt 0.156250 0.632812
vt 0.148438 0.632812
vt 0.132812 0.640625
vt 0.140625 0.632812
vt 0.132812 0.632812
vt 0.132812 0.656250
vt 0.140625 0.648438
vt 0.132812 0.648438
vt 0.179688 0.640625
vt 0.187500 0.632812
vt 0.179688 0.632812
vt 0.164062 0.640625
vt 0.171875 0.632812
vt 0.164062 0.632812
vt 0.164062 0.656250
vt 0.171875 0.648438
vt 0.164062 0.648438
vt 0.148438 0.734375
vt 0.156250 0.726562
vt 0.148438 0.726562
vt 0.132812 0.734375
vt 0.140625 0.726562
vt 0.132812 0.726562
vt 0.132812 0.750000
vt 0.140625 0.742188
vt 0.132812 0.742188
vt 0.148438 0.703125
vt 0.156250 0.695312
vt 0.148438 0.695312
vt 0.132812 0.703125
vt 0.140625 0.695312
vt 0.132812 0.695312
vt 0.132812 0.718750
vt 0.140625 0.710938
vt 0.132812 0.710938
vt 0.179688 0.703125
vt 0.187500 0.695312
vt 0.179688 0.695312
vt 0.164062 0.703125
vt 0.171875 0.695312
vt 0.164062 0.695312
vt 0.164062 0.718750
vt 0.171875 0.710938
vt 0.164062 0.710938
vt 0.210938 0.546875
vt 0.218750 0.539062
vt 0.210938 0.539062
vt 0.195312 0.546875
vt 0.203125 0.539062
vt 0.195312 0.539062
vt 0.195312 0.562500
vt 0.203125 0.554688
vt 0.195312 0.554688
vt 0.210938 0.515625
vt 0.218750 0.507812
vt 0.210938 0.507812
vt 0.195312 0.515625
vt 0.203125 0.507812
vt 0.195312 0.507812
vt 0.195312 0.531250
vt 0.203125 0.523438
vt 0.195312 0.523438
vt 0.242188 0.515625
vt 0.250000 0.507812
vt 0.242188 0.507812
vt 0.226562 0.515625
vt 0.234375 0.507812
vt 0.226562 0.507812
vt 0.226562 0.531250
vt 0.234375 0.523438
vt 0.226562 0.523438
vt 0.148438 0.546875
vt 0.156250 0.539062
vt 0.148438 0.539062
vt 0.132812 0.546875
vt 0.140625 0.539062
vt 0.132812 0.539062
vt 0.132812 0.562500
vt 0.140625 0.554688
vt 0.132812 0.554688
vt 0.148438 0.515625
vt 0.156250 0.507812
vt 0.148438 0.507812
vt 0.132812 0.515625
vt 0.140625 0.507812
vt 0.132812 0.507812
vt 0.132812 0.531250
vt 0.140625 0.523438
vt 0.132812 0.523438
vt 0.179688 0.515625
vt 0.187500 0.507812
vt 0.179688 0.507812
vt 0.164062 0.515625
vt 0.171875 0.507812
vt 0.164062 0.507812
vt 0.164062 0.531250
vt 0.171875 0.523438
vt 0.164062 0.523438
vt 0.148438 0.609375
vt 0.156250 0.601562
vt 0.148438 0.601562
vt 0.132812 0.609375
vt 0.140625 0.601562
vt 0.132812 0.601562
vt 0.132812 0.625000
vt 0.140625 0.617188
vt 0.132812 0.617188
vt 0.148438 0.578125
vt 0.156250 0.570312
vt 0.148438 0.570312
vt 0.132812 0.578125
vt 0.140625 0.570312
vt 0.132812 0.570312
vt 0.132812 0.593750
vt 0.140625 0.585938
vt 0.132812 0.585938
vt 0.179688 0.578125
vt 0.187500 0.570312
vt 0.179688 0.570312
vt 0.164062 0.578125
vt 0.171875 0.570312
vt 0.164062 0.570312
vt 0.164062 0.593750
vt 0.171875 0.585938
vt 0.164062 0.585938
vt 0.335938 0.546875
vt 0.343750 0.539062
vt 0.335938 0.539062
vt 0.320312 0.546875
vt 0.328125 0.539062
vt 0.320312 0.539062
vt 0.320312 0.562500
vt 0.328125 0.554688
vt 0.320312 0.554688
vt 0.335938 0.515625
vt 0.343750 0.507812
vt 0.335938 0.507812
vt 0.320312 0.515625
vt 0.328125 0.507812
vt 0.320312 0.507812
vt 0.320312 0.531250
vt 0.328125 0.523438
vt 0.320312 0.523438
vt 0.367188 0.515625
vt 0.375000 0.507812
vt 0.367188 0.507812
vt 0.351562 0.515625
vt 0.359375 0.507812
vt 0.351562 0.507812
vt 0.351562 0.531250
vt 0.359375 0.523438
vt 0.351562 0.523438
vt 0.273438 0.546875
vt 0.281250 0.539062
vt 0.273438 0.539062
vt 0.257812 0.546875
vt 0.265625 0.539062
vt 0.257812 0.539062
vt 0.257812 0.562500
vt 0.265625 0.554688
vt 0.257812 0.554688
vt 0.273438 0.515625
vt 0.281250 0.507812
vt 0.273438 0.507812
vt 0.257812 0.515625
vt 0.265625 0.507812
vt 0.257812 0.507812
vt 0.257812 0.531250
vt 0.265625 0.523438
vt 0.257812 0.523438
vt 0.304688 0.515625
vt 0.312500 0.507812
vt 0.304688 0.507812
vt 0.289062 0.515625
vt 0.296875 0.507812
vt 0.289062 0.507812
vt 0.289062 0.531250
vt 0.296875 0.523438
vt 0.289062 0.523438
vt 0.273438 0.609375
vt 0.281250 0.601562
vt 0.273438 0.601562
vt 0.257812 0.609375
vt 0.265625 0.601562
vt 0.257812 0.601562
vt 0.257812 0.625000
vt 0.265625 0.617188
vt 0.257812 0.617188
vt 0.273438 0.578125
vt 0.281250 0.570312
vt 0.273438 0.570312
vt 0.257812 0.578125
vt 0.265625 0.570312
vt 0.257812 0.570312
vt 0.257812 0.593750
vt 0.265625 0.585938
vt 0.257812 0.585938
vt 0.304688 0.578125
vt 0.312500 0.570312
vt 0.304688 0.570312
vt 0.289062 0.578125
vt 0.296875 0.570312
vt 0.289062 0.570312
vt 0.289062 0.593750
vt 0.296875 0.585938
vt 0.289062 0.585938
vt 0.625000 0.632812
vt 0.625000 0.132812
vt 0.625000 0.382812
vt 0.718750 0.656250
vt 0.687500 0.656250
vt 0.718750 0.625000
vt 0.750000 0.625000
vt 0.656250 0.656250
vt 0.656250 0.625000
vt 0.656250 0.718750
vt 0.656250 0.687500
vt 0.718750 0.531250
vt 0.687500 0.531250
vt 0.718750 0.500000
vt 0.703125 0.500000
vt 0.687500 0.500000
vt 0.750000 0.500000
vt 0.734375 0.500000
vt 0.656250 0.531250
vt 0.656250 0.500000
vt 0.640625 0.500000
vt 0.671875 0.500000
vt 0.656250 0.593750
vt 0.656250 0.562500
vt 0.843750 0.531250
vt 0.812500 0.531250
vt 0.843750 0.500000
vt 0.828125 0.500000
vt 0.812500 0.500000
vt 0.875000 0.500000
vt 0.859375 0.500000
vt 0.781250 0.531250
vt 0.750000 0.531250
vt 0.781250 0.500000
vt 0.765625 0.500000
vt 0.796875 0.500000
vt 0.781250 0.593750
vt 0.750000 0.593750
vt 0.781250 0.562500
vt 0.843750 0.656250
vt 0.812500 0.656250
vt 0.843750 0.625000
vt 0.875000 0.625000
vt 0.781250 0.656250
vt 0.750000 0.656250
vt 0.781250 0.625000
vt 0.781250 0.718750
vt 0.750000 0.718750
vt 0.781250 0.687500
vt 0.335938 0.671875
vt 0.343750 0.664062
vt 0.335938 0.664062
vt 0.320312 0.671875
vt 0.328125 0.664062
vt 0.320312 0.664062
vt 0.320312 0.687500
vt 0.328125 0.679688
vt 0.320312 0.679688
vt 0.335938 0.640625
vt 0.343750 0.632812
vt 0.335938 0.632812
vt 0.320312 0.640625
vt 0.328125 0.632812
vt 0.320312 0.632812
vt 0.320312 0.656250
vt 0.328125 0.648438
vt 0.320312 0.648438
vt 0.367188 0.640625
vt 0.375000 0.632812
vt 0.367188 0.632812
vt 0.351562 0.640625
vt 0.359375 0.632812
vt 0.351562 0.632812
vt 0.351562 0.656250
vt 0.359375 0.648438
vt 0.351562 0.648438
vt 0.273438 0.671875
vt 0.281250 0.664062
vt 0.273438 0.664062
vt 0.257812 0.671875
vt 0.265625 0.664062
vt 0.257812 0.664062
vt 0.257812 0.687500
vt 0.265625 0.679688
vt 0.257812 0.679688
vt 0.273438 0.640625
vt 0.281250 0.632812
vt 0.273438 0.632812
vt 0.257812 0.640625
vt 0.265625 0.632812
vt 0.257812 0.632812
vt 0.257812 0.656250
vt 0.265625 0.648438
vt 0.257812 0.648438
vt 0.304688 0.640625
vt 0.312500 0.632812
vt 0.304688 0.632812
vt 0.289062 0.640625
vt 0.296875 0.632812
vt 0.289062 0.632812
vt 0.289062 0.656250
vt 0.296875 0.648438
vt 0.289062 0.648438
vt 0.273438 0.734375
vt 0.281250 0.726562
vt 0.273438 0.726562
vt 0.257812 0.734375
vt 0.265625 0.726562
vt 0.257812 0.726562
vt 0.257812 0.750000
vt 0.265625 0.742188
vt 0.257812 0.742188
vt 0.273438 0.703125
vt 0.281250 0.695312
vt 0.273438 0.695312
vt 0.257812 0.703125
vt 0.265625 0.695312
vt 0.257812 0.695312
vt 0.257812 0.718750
vt 0.265625 0.710938
vt 0.257812 0.710938
vt 0.304688 0.703125
vt 0.312500 0.695312
vt 0.304688 0.695312
vt 0.289062 0.703125
vt 0.296875 0.695312
vt 0.289062 0.695312
vt 0.289062 0.718750
vt 0.296875 0.710938
vt 0.289062 0.710938
vt 0.585938 0.671875
vt 0.593750 0.664062
vt 0.585938 0.664062
vt 0.570312 0.671875
vt 0.578125 0.664062
vt 0.570312 0.664062
vt 0.570312 0.687500
vt 0.578125 0.679688
vt 0.570312 0.679688
vt 0.585938 0.640625
vt 0.593750 0.632812
vt 0.585938 0.632812
vt 0.570312 0.640625
vt 0.578125 0.632812
vt 0.570312 0.632812
vt 0.570312 0.656250
vt 0.578125 0.648438
vt 0.570312 0.648438
vt 0.617188 0.640625
vt 0.617188 0.632812
vt 0.601562 0.640625
vt 0.609375 0.632812
vt 0.601562 0.632812
vt 0.601562 0.656250
vt 0.609375 0.648438
vt 0.601562 0.648438
vt 0.523438 0.671875
vt 0.531250 0.664062
vt 0.523438 0.664062
vt 0.507812 0.671875
vt 0.515625 0.664062
vt 0.507812 0.664062
vt 0.507812 0.687500
vt 0.515625 0.679688
vt 0.507812 0.679688
vt 0.523438 0.640625
vt 0.531250 0.632812
vt 0.523438 0.632812
vt 0.507812 0.640625
vt 0.515625 0.632812
vt 0.507812 0.632812
vt 0.507812 0.656250
vt 0.515625 0.648438
vt 0.507812 0.648438
vt 0.554688 0.640625
vt 0.562500 0.632812
vt 0.554688 0.632812
vt 0.539062 0.640625
vt 0.546875 0.632812
vt 0.539062 0.632812
vt 0.539062 0.656250
vt 0.546875 0.648438
vt 0.539062 0.648438
vt 0.523438 0.734375
vt 0.531250 0.726562
vt 0.523438 0.726562
vt 0.507812 0.734375
vt 0.515625 0.726562
vt 0.507812 0.726562
vt 0.515625 0.742188
vt 0.507812 0.742188
vt 0.523438 0.703125
vt 0.531250 0.695312
vt 0.523438 0.695312
vt 0.507812 0.703125
vt 0.515625 0.695312
vt 0.507812 0.695312
vt 0.507812 0.718750
vt 0.515625 0.710938
vt 0.507812 0.710938
vt 0.554688 0.703125
vt 0.562500 0.695312
vt 0.554688 0.695312
vt 0.539062 0.703125
vt 0.546875 0.695312
vt 0.539062 0.695312
vt 0.539062 0.718750
vt 0.546875 0.710938
vt 0.539062 0.710938
vt 0.585938 0.421875
vt 0.593750 0.414062
vt 0.585938 0.414062
vt 0.570312 0.421875
vt 0.578125 0.414062
vt 0.570312 0.414062
vt 0.570312 0.437500
vt 0.578125 0.429688
vt 0.570312 0.429688
vt 0.585938 0.390625
vt 0.593750 0.382812
vt 0.585938 0.382812
vt 0.570312 0.390625
vt 0.578125 0.382812
vt 0.570312 0.382812
vt 0.570312 0.406250
vt 0.578125 0.398438
vt 0.570312 0.398438
vt 0.617188 0.390625
vt 0.617188 0.382812
vt 0.601562 0.390625
vt 0.609375 0.382812
vt 0.601562 0.382812
vt 0.601562 0.406250
vt 0.609375 0.398438
vt 0.601562 0.398438
vt 0.523438 0.421875
vt 0.531250 0.414062
vt 0.523438 0.414062
vt 0.507812 0.421875
vt 0.515625 0.414062
vt 0.507812 0.414062
vt 0.507812 0.437500
vt 0.515625 0.429688
vt 0.507812 0.429688
vt 0.523438 0.390625
vt 0.531250 0.382812
vt 0.523438 0.382812
vt 0.507812 0.390625
vt 0.515625 0.382812
vt 0.507812 0.382812
vt 0.507812 0.406250
vt 0.515625 0.398438
vt 0.507812 0.398438
vt 0.554688 0.390625
vt 0.562500 0.382812
vt 0.554688 0.382812
vt 0.539062 0.390625
vt 0.546875 0.382812
vt 0.539062 0.382812
vt 0.539062 0.406250
vt 0.546875 0.398438
vt 0.539062 0.398438
vt 0.523438 0.484375
vt 0.531250 0.476562
vt 0.523438 0.476562
vt 0.507812 0.484375
vt 0.515625 0.476562
vt 0.507812 0.476562
vt 0.507812 0.500000
vt 0.515625 0.492188
vt 0.507812 0.492188
vt 0.523438 0.453125
vt 0.531250 0.445312
vt 0.523438 0.445312
vt 0.507812 0.453125
vt 0.515625 0.445312
vt 0.507812 0.445312
vt 0.507812 0.468750
vt 0.515625 0.460938
vt 0.507812 0.460938
vt 0.554688 0.453125
vt 0.562500 0.445312
vt 0.554688 0.445312
vt 0.539062 0.453125
vt 0.546875 0.445312
vt 0.539062 0.445312
vt 0.539062 0.468750
vt 0.546875 0.460938
vt 0.539062 0.460938
vt 0.585938 0.171875
vt 0.593750 0.164062
vt 0.585938 0.164062
vt 0.570312 0.171875
vt 0.578125 0.164062
vt 0.570312 0.164062
vt 0.570312 0.187500
vt 0.578125 0.179688
vt 0.570312 0.179688
vt 0.585938 0.140625
vt 0.593750 0.132812
vt 0.585938 0.132812
vt 0.570312 0.140625
vt 0.578125 0.132812
vt 0.570312 0.132812
vt 0.570312 0.156250
vt 0.578125 0.148438
vt 0.570312 0.148438
vt 0.617188 0.140625
vt 0.617188 0.132812
vt 0.601562 0.140625
vt 0.609375 0.132812
vt 0.601562 0.132812
vt 0.601562 0.156250
vt 0.609375 0.148438
vt 0.601562 0.148438
vt 0.523438 0.171875
vt 0.531250 0.164062
vt 0.523438 0.164062
vt 0.507812 0.171875
vt 0.515625 0.164062
vt 0.507812 0.164062
vt 0.507812 0.187500
vt 0.515625 0.179688
vt 0.507812 0.179688
vt 0.523438 0.140625
vt 0.531250 0.132812
vt 0.523438 0.132812
vt 0.507812 0.140625
vt 0.515625 0.132812
vt 0.507812 0.132812
vt 0.507812 0.156250
vt 0.515625 0.148438
vt 0.507812 0.148438
vt 0.554688 0.140625
vt 0.562500 0.132812
vt 0.554688 0.132812
vt 0.539062 0.140625
vt 0.546875 0.132812
vt 0.539062 0.132812
vt 0.539062 0.156250
vt 0.546875 0.148438
vt 0.539062 0.148438
vt 0.523438 0.234375
vt 0.531250 0.226562
vt 0.523438 0.226562
vt 0.507812 0.234375
vt 0.515625 0.226562
vt 0.507812 0.226562
vt 0.507812 0.250000
vt 0.515625 0.242188
vt 0.507812 0.242188
vt 0.523438 0.203125
vt 0.531250 0.195312
vt 0.523438 0.195312
vt 0.507812 0.203125
vt 0.515625 0.195312
vt 0.507812 0.195312
vt 0.507812 0.218750
vt 0.515625 0.210938
vt 0.507812 0.210938
vt 0.554688 0.203125
vt 0.562500 0.195312
vt 0.554688 0.195312
vt 0.539062 0.203125
vt 0.546875 0.195312
vt 0.539062 0.195312
vt 0.539062 0.218750
vt 0.546875 0.210938
vt 0.539062 0.210938
vt 0.554688 0.234375
vt 0.562500 0.226562
vt 0.554688 0.226562
vt 0.539062 0.234375
vt 0.546875 0.226562
vt 0.539062 0.226562
vt 0.539062 0.250000
vt 0.546875 0.242188
vt 0.539062 0.242188
vt 0.554688 0.171875
vt 0.562500 0.164062
vt 0.554688 0.164062
vt 0.539062 0.171875
vt 0.546875 0.164062
vt 0.539062 0.164062
vt 0.539062 0.187500
vt 0.546875 0.179688
vt 0.539062 0.179688
vt 0.617188 0.171875
vt 0.625000 0.164062
vt 0.617188 0.164062
vt 0.601562 0.171875
vt 0.609375 0.164062
vt 0.601562 0.164062
vt 0.601562 0.187500
vt 0.609375 0.179688
vt 0.601562 0.179688
vt 0.554688 0.484375
vt 0.562500 0.476562
vt 0.554688 0.476562
vt 0.539062 0.484375
vt 0.546875 0.476562
vt 0.539062 0.476562
vt 0.539062 0.500000
vt 0.546875 0.492188
vt 0.539062 0.492188
vt 0.554688 0.421875
vt 0.562500 0.414062
vt 0.554688 0.414062
vt 0.539062 0.421875
vt 0.546875 0.414062
vt 0.539062 0.414062
vt 0.539062 0.437500
vt 0.546875 0.429688
vt 0.539062 0.429688
vt 0.617188 0.421875
vt 0.625000 0.414062
vt 0.617188 0.414062
vt 0.601562 0.421875
vt 0.609375 0.414062
vt 0.601562 0.414062
vt 0.601562 0.437500
vt 0.609375 0.429688
vt 0.601562 0.429688
vt 0.554688 0.734375
vt 0.562500 0.726562
vt 0.554688 0.726562
vt 0.539062 0.734375
vt 0.546875 0.726562
vt 0.539062 0.726562
vt 0.546875 0.742188
vt 0.539062 0.742188
vt 0.554688 0.671875
vt 0.562500 0.664062
vt 0.554688 0.664062
vt 0.539062 0.671875
vt 0.546875 0.664062
vt 0.539062 0.664062
vt 0.539062 0.687500
vt 0.546875 0.679688
vt 0.539062 0.679688
vt 0.617188 0.671875
vt 0.625000 0.664062
vt 0.617188 0.664062
vt 0.601562 0.671875
vt 0.609375 0.664062
vt 0.601562 0.664062
vt 0.601562 0.687500
vt 0.609375 0.679688
vt 0.601562 0.679688
vt 0.304688 0.734375
vt 0.312500 0.726562
vt 0.304688 0.726562
vt 0.289062 0.734375
vt 0.296875 0.726562
vt 0.289062 0.726562
vt 0.289062 0.750000
vt 0.296875 0.742188
vt 0.289062 0.742188
vt 0.304688 0.671875
vt 0.312500 0.664062
vt 0.304688 0.664062
vt 0.289062 0.671875
vt 0.296875 0.664062
vt 0.289062 0.664062
vt 0.289062 0.687500
vt 0.296875 0.679688
vt 0.289062 0.679688
vt 0.367188 0.671875
vt 0.375000 0.664062
vt 0.367188 0.664062
vt 0.351562 0.671875
vt 0.359375 0.664062
vt 0.351562 0.664062
vt 0.351562 0.687500
vt 0.359375 0.679688
vt 0.351562 0.679688
vt 0.625000 0.726562
vt 0.625000 0.226562
vt 0.625000 0.476562
vt 0.875000 0.656250
vt 0.875000 0.531250
vt 0.625000 0.289062
vt 0.625000 0.039062
vt 0.625000 0.351562
vt 0.625000 0.101562
vt 0.625000 0.539062
vt 0.625000 0.601562
vt 0.304688 0.609375
vt 0.312500 0.601562
vt 0.304688 0.601562
vt 0.289062 0.609375
vt 0.296875 0.601562
vt 0.289062 0.601562
vt 0.289062 0.625000
vt 0.296875 0.617188
vt 0.289062 0.617188
vt 0.304688 0.546875
vt 0.312500 0.539062
vt 0.304688 0.539062
vt 0.289062 0.546875
vt 0.296875 0.539062
vt 0.289062 0.539062
vt 0.289062 0.562500
vt 0.296875 0.554688
vt 0.289062 0.554688
vt 0.367188 0.546875
vt 0.375000 0.539062
vt 0.367188 0.539062
vt 0.351562 0.546875
vt 0.359375 0.539062
vt 0.351562 0.539062
vt 0.351562 0.562500
vt 0.359375 0.554688
vt 0.351562 0.554688
vt 0.179688 0.609375
vt 0.187500 0.601562
vt 0.179688 0.601562
vt 0.164062 0.609375
vt 0.171875 0.601562
vt 0.164062 0.601562
vt 0.164062 0.625000
vt 0.171875 0.617188
vt 0.164062 0.617188
vt 0.179688 0.546875
vt 0.187500 0.539062
vt 0.179688 0.539062
vt 0.164062 0.546875
vt 0.171875 0.539062
vt 0.164062 0.539062
vt 0.164062 0.562500
vt 0.171875 0.554688
vt 0.164062 0.554688
vt 0.242188 0.546875
vt 0.250000 0.539062
vt 0.242188 0.539062
vt 0.226562 0.546875
vt 0.234375 0.539062
vt 0.226562 0.539062
vt 0.226562 0.562500
vt 0.234375 0.554688
vt 0.226562 0.554688
vt 0.179688 0.734375
vt 0.187500 0.726562
vt 0.179688 0.726562
vt 0.164062 0.734375
vt 0.171875 0.726562
vt 0.164062 0.726562
vt 0.164062 0.750000
vt 0.171875 0.742188
vt 0.164062 0.742188
vt 0.179688 0.671875
vt 0.187500 0.664062
vt 0.179688 0.664062
vt 0.164062 0.671875
vt 0.171875 0.664062
vt 0.164062 0.664062
vt 0.164062 0.687500
vt 0.171875 0.679688
vt 0.164062 0.679688
vt 0.242188 0.671875
vt 0.250000 0.664062
vt 0.242188 0.664062
vt 0.226562 0.671875
vt 0.234375 0.664062
vt 0.226562 0.664062
vt 0.226562 0.687500
vt 0.234375 0.679688
vt 0.226562 0.679688
vt 0.554688 0.609375
vt 0.562500 0.601562
vt 0.554688 0.601562
vt 0.539062 0.609375
vt 0.546875 0.601562
vt 0.539062 0.601562
vt 0.539062 0.625000
vt 0.546875 0.617188
vt 0.539062 0.617188
vt 0.554688 0.546875
vt 0.562500 0.539062
vt 0.554688 0.539062
vt 0.539062 0.546875
vt 0.546875 0.539062
vt 0.539062 0.539062
vt 0.539062 0.562500
vt 0.546875 0.554688
vt 0.539062 0.554688
vt 0.617188 0.546875
vt 0.617188 0.539062
vt 0.601562 0.546875
vt 0.609375 0.539062
vt 0.601562 0.539062
vt 0.601562 0.562500
vt 0.609375 0.554688
vt 0.601562 0.554688
vt 0.429688 0.609375
vt 0.437500 0.601562
vt 0.429688 0.601562
vt 0.414062 0.609375
vt 0.421875 0.601562
vt 0.414062 0.601562
vt 0.414062 0.625000
vt 0.421875 0.617188
vt 0.414062 0.617188
vt 0.429688 0.546875
vt 0.437500 0.539062
vt 0.429688 0.539062
vt 0.414062 0.546875
vt 0.421875 0.539062
vt 0.414062 0.539062
vt 0.414062 0.562500
vt 0.421875 0.554688
vt 0.414062 0.554688
vt 0.492188 0.546875
vt 0.500000 0.539062
vt 0.492188 0.539062
vt 0.476562 0.546875
vt 0.484375 0.539062
vt 0.476562 0.539062
vt 0.476562 0.562500
vt 0.484375 0.554688
vt 0.476562 0.554688
vt 0.429688 0.734375
vt 0.437500 0.726562
vt 0.429688 0.726562
vt 0.414062 0.734375
vt 0.421875 0.726562
vt 0.414062 0.726562
vt 0.421875 0.742188
vt 0.414062 0.742188
vt 0.429688 0.671875
vt 0.437500 0.664062
vt 0.429688 0.664062
vt 0.414062 0.671875
vt 0.421875 0.664062
vt 0.414062 0.664062
vt 0.414062 0.687500
vt 0.421875 0.679688
vt 0.414062 0.679688
vt 0.492188 0.671875
vt 0.500000 0.664062
vt 0.492188 0.664062
vt 0.476562 0.671875
vt 0.484375 0.664062
vt 0.476562 0.664062
vt 0.476562 0.687500
vt 0.484375 0.679688
vt 0.476562 0.679688
vt 0.554688 0.359375
vt 0.562500 0.351562
vt 0.554688 0.351562
vt 0.539062 0.359375
vt 0.546875 0.351562
vt 0.539062 0.351562
vt 0.539062 0.375000
vt 0.546875 0.367188
vt 0.539062 0.367188
vt 0.554688 0.296875
vt 0.562500 0.289062
vt 0.554688 0.289062
vt 0.539062 0.296875
vt 0.546875 0.289062
vt 0.539062 0.289062
vt 0.539062 0.312500
vt 0.546875 0.304688
vt 0.539062 0.304688
vt 0.617188 0.296875
vt 0.617188 0.289062
vt 0.601562 0.296875
vt 0.609375 0.289062
vt 0.601562 0.289062
vt 0.601562 0.312500
vt 0.609375 0.304688
vt 0.601562 0.304688
vt 0.429688 0.359375
vt 0.437500 0.351562
vt 0.429688 0.351562
vt 0.414062 0.359375
vt 0.421875 0.351562
vt 0.414062 0.351562
vt 0.414062 0.375000
vt 0.421875 0.367188
vt 0.414062 0.367188
vt 0.429688 0.296875
vt 0.437500 0.289062
vt 0.429688 0.289062
vt 0.414062 0.296875
vt 0.421875 0.289062
vt 0.414062 0.289062
vt 0.414062 0.312500
vt 0.421875 0.304688
vt 0.414062 0.304688
vt 0.492188 0.296875
vt 0.500000 0.289062
vt 0.492188 0.289062
vt 0.476562 0.296875
vt 0.484375 0.289062
vt 0.476562 0.289062
vt 0.476562 0.312500
vt 0.484375 0.304688
vt 0.476562 0.304688
vt 0.429688 0.484375
vt 0.437500 0.476562
vt 0.429688 0.476562
vt 0.414062 0.484375
vt 0.421875 0.476562
vt 0.414062 0.476562
vt 0.414062 0.500000
vt 0.421875 0.492188
vt 0.414062 0.492188
vt 0.429688 0.421875
vt 0.437500 0.414062
vt 0.429688 0.414062
vt 0.414062 0.421875
vt 0.421875 0.414062
vt 0.414062 0.414062
vt 0.414062 0.437500
vt 0.421875 0.429688
vt 0.414062 0.429688
vt 0.492188 0.421875
vt 0.500000 0.414062
vt 0.492188 0.414062
vt 0.476562 0.421875
vt 0.484375 0.414062
vt 0.476562 0.414062
vt 0.476562 0.437500
vt 0.484375 0.429688
vt 0.476562 0.429688
vt 0.554688 0.109375
vt 0.562500 0.101562
vt 0.554688 0.101562
vt 0.539062 0.109375
vt 0.546875 0.101562
vt 0.539062 0.101562
vt 0.539062 0.125000
vt 0.546875 0.117188
vt 0.539062 0.117188
vt 0.554688 0.046875
vt 0.562500 0.039062
vt 0.554688 0.039062
vt 0.539062 0.046875
vt 0.546875 0.039062
vt 0.539062 0.039062
vt 0.539062 0.062500
vt 0.546875 0.054688
vt 0.539062 0.054688
vt 0.617188 0.046875
vt 0.617188 0.039062
vt 0.601562 0.046875
vt 0.609375 0.039062
vt 0.601562 0.039062
vt 0.601562 0.062500
vt 0.609375 0.054688
vt 0.601562 0.054688
vt 0.429688 0.109375
vt 0.437500 0.101562
vt 0.429688 0.101562
vt 0.414062 0.109375
vt 0.421875 0.101562
vt 0.414062 0.101562
vt 0.414062 0.125000
vt 0.421875 0.117188
vt 0.414062 0.117188
vt 0.429688 0.046875
vt 0.437500 0.039062
vt 0.429688 0.039062
vt 0.414062 0.046875
vt 0.421875 0.039062
vt 0.414062 0.039062
vt 0.414062 0.062500
vt 0.421875 0.054688
vt 0.414062 0.054688
vt 0.492188 0.046875
vt 0.500000 0.039062
vt 0.492188 0.039062
vt 0.476562 0.046875
vt 0.484375 0.039062
vt 0.476562 0.039062
vt 0.476562 0.062500
vt 0.484375 0.054688
vt 0.476562 0.054688
vt 0.429688 0.234375
vt 0.437500 0.226562
vt 0.429688 0.226562
vt 0.414062 0.234375
vt 0.421875 0.226562
vt 0.414062 0.226562
vt 0.414062 0.250000
vt 0.421875 0.242188
vt 0.414062 0.242188
vt 0.429688 0.171875
vt 0.437500 0.164062
vt 0.429688 0.164062
vt 0.414062 0.171875
vt 0.421875 0.164062
vt 0.414062 0.164062
vt 0.414062 0.187500
vt 0.421875 0.179688
vt 0.414062 0.179688
vt 0.492188 0.171875
vt 0.500000 0.164062
vt 0.492188 0.164062
vt 0.476562 0.171875
vt 0.484375 0.164062
vt 0.476562 0.164062
vt 0.476562 0.187500
vt 0.484375 0.179688
vt 0.476562 0.179688
vt 0.492188 0.234375
vt 0.500000 0.226562
vt 0.492188 0.226562
vt 0.476562 0.234375
vt 0.484375 0.226562
vt 0.476562 0.226562
vt 0.476562 0.250000
vt 0.484375 0.242188
vt 0.476562 0.242188
vt 0.492188 0.109375
vt 0.500000 0.101562
vt 0.492188 0.101562
vt 0.476562 0.109375
vt 0.484375 0.101562
vt 0.476562 0.101562
vt 0.476562 0.125000
vt 0.484375 0.117188
vt 0.476562 0.117188
vt 0.617188 0.109375
vt 0.617188 0.101562
vt 0.601562 0.109375
vt 0.609375 0.101562
vt 0.601562 0.101562
vt 0.601562 0.125000
vt 0.609375 0.117188
vt 0.601562 0.117188
vt 0.492188 0.484375
vt 0.500000 0.476562
vt 0.492188 0.476562
vt 0.476562 0.484375
vt 0.484375 0.476562
vt 0.476562 0.476562
vt 0.476562 0.500000
vt 0.484375 0.492188
vt 0.476562 0.492188
vt 0.492188 0.359375
vt 0.500000 0.351562
vt 0.492188 0.351562
vt 0.476562 0.359375
vt 0.484375 0.351562
vt 0.476562 0.351562
vt 0.476562 0.375000
vt 0.484375 0.367188
vt 0.476562 0.367188
vt 0.617188 0.359375
vt 0.617188 0.351562
vt 0.601562 0.359375
vt 0.609375 0.351562
vt 0.601562 0.351562
vt 0.601562 0.375000
vt 0.609375 0.367188
vt 0.601562 0.367188
vt 0.492188 0.734375
vt 0.500000 0.726562
vt 0.492188 0.726562
vt 0.476562 0.734375
vt 0.484375 0.726562
vt 0.476562 0.726562
vt 0.484375 0.742188
vt 0.476562 0.742188
vt 0.492188 0.609375
vt 0.500000 0.601562
vt 0.492188 0.601562
vt 0.476562 0.609375
vt 0.484375 0.601562
vt 0.476562 0.601562
vt 0.476562 0.625000
vt 0.484375 0.617188
vt 0.476562 0.617188
vt 0.617188 0.609375
vt 0.617188 0.601562
vt 0.601562 0.609375
vt 0.609375 0.601562
vt 0.601562 0.601562
vt 0.601562 0.625000
vt 0.609375 0.617188
vt 0.601562 0.617188
vt 0.242188 0.734375
vt 0.250000 0.726562
vt 0.242188 0.726562
vt 0.226562 0.734375
vt 0.234375 0.726562
vt 0.226562 0.726562
vt 0.226562 0.750000
vt 0.234375 0.742188
vt 0.226562 0.742188
vt 0.242188 0.609375
vt 0.250000 0.601562
vt 0.242188 0.601562
vt 0.226562 0.609375
vt 0.234375 0.601562
vt 0.226562 0.601562
vt 0.226562 0.625000
vt 0.234375 0.617188
vt 0.226562 0.617188
vt 0.367188 0.609375
vt 0.375000 0.601562
vt 0.367188 0.601562
vt 0.351562 0.609375
vt 0.359375 0.601562
vt 0.351562 0.601562
vt 0.351562 0.625000
vt 0.359375 0.617188
vt 0.351562 0.617188
vt 0.875000 0.593750
vt 0.875000 0.718750
vt 0.367188 0.734375
vt 0.375000 0.726562
vt 0.367188 0.726562
vt 0.351562 0.734375
vt 0.359375 0.726562
vt 0.351562 0.726562
vt 0.351562 0.750000
vt 0.359375 0.742188
vt 0.351562 0.742188
vt 0.617188 0.734375
vt 0.617188 0.726562
vt 0.601562 0.734375
vt 0.609375 0.726562
vt 0.601562 0.726562
vt 0.609375 0.742188
vt 0.601562 0.742188
vt 0.617188 0.484375
vt 0.617188 0.476562
vt 0.601562 0.484375
vt 0.609375 0.476562
vt 0.601562 0.476562
vt 0.601562 0.500000
vt 0.609375 0.492188
vt 0.601562 0.492188
vt 0.617188 0.234375
vt 0.617188 0.226562
vt 0.601562 0.234375
vt 0.609375 0.226562
vt 0.601562 0.226562
vt 0.601562 0.250000
vt 0.609375 0.242188
vt 0.601562 0.242188
vt 0.609375 0.234375
vt 0.593750 0.234375
vt 0.593750 0.250000
vt 0.609375 0.218750
vt 0.593750 0.218750
vt 0.609375 0.484375
vt 0.593750 0.484375
vt 0.593750 0.500000
vt 0.609375 0.468750
vt 0.593750 0.468750
vt 0.609375 0.734375
vt 0.593750 0.734375
vt 0.609375 0.718750
vt 0.593750 0.718750
vt 0.359375 0.734375
vt 0.343750 0.734375
vt 0.359375 0.718750
vt 0.343750 0.718750
vt 0.375000 0.718750
vt 0.359375 0.609375
vt 0.343750 0.609375
vt 0.343750 0.625000
vt 0.359375 0.593750
vt 0.343750 0.593750
vt 0.375000 0.593750
vt 0.234375 0.609375
vt 0.218750 0.609375
vt 0.218750 0.625000
vt 0.234375 0.593750
vt 0.218750 0.593750
vt 0.250000 0.593750
vt 0.234375 0.734375
vt 0.218750 0.734375
vt 0.234375 0.718750
vt 0.218750 0.718750
vt 0.250000 0.718750
vt 0.609375 0.609375
vt 0.593750 0.609375
vt 0.593750 0.625000
vt 0.609375 0.593750
vt 0.593750 0.593750
vt 0.484375 0.609375
vt 0.468750 0.609375
vt 0.468750 0.625000
vt 0.484375 0.593750
vt 0.468750 0.593750
vt 0.500000 0.593750
vt 0.484375 0.734375
vt 0.468750 0.734375
vt 0.484375 0.718750
vt 0.468750 0.718750
vt 0.500000 0.718750
vt 0.609375 0.359375
vt 0.593750 0.359375
vt 0.593750 0.375000
vt 0.609375 0.343750
vt 0.593750 0.343750
vt 0.484375 0.359375
vt 0.468750 0.359375
vt 0.468750 0.375000
vt 0.484375 0.343750
vt 0.468750 0.343750
vt 0.500000 0.343750
vt 0.484375 0.484375
vt 0.468750 0.484375
vt 0.468750 0.500000
vt 0.484375 0.468750
vt 0.468750 0.468750
vt 0.500000 0.468750
vt 0.609375 0.109375
vt 0.593750 0.109375
vt 0.593750 0.125000
vt 0.609375 0.093750
vt 0.593750 0.093750
vt 0.484375 0.109375
vt 0.468750 0.109375
vt 0.468750 0.125000
vt 0.484375 0.093750
vt 0.468750 0.093750
vt 0.500000 0.093750
vt 0.484375 0.234375
vt 0.468750 0.234375
vt 0.468750 0.250000
vt 0.484375 0.218750
vt 0.468750 0.218750
vt 0.500000 0.218750
vt 0.484375 0.171875
vt 0.468750 0.171875
vt 0.468750 0.187500
vt 0.484375 0.156250
vt 0.468750 0.156250
vt 0.500000 0.156250
vt 0.421875 0.171875
vt 0.406250 0.171875
vt 0.406250 0.187500
vt 0.421875 0.156250
vt 0.406250 0.156250
vt 0.437500 0.156250
vt 0.421875 0.234375
vt 0.406250 0.234375
vt 0.406250 0.250000
vt 0.421875 0.218750
vt 0.406250 0.218750
vt 0.437500 0.218750
vt 0.484375 0.046875
vt 0.468750 0.046875
vt 0.468750 0.062500
vt 0.484375 0.031250
vt 0.468750 0.031250
vt 0.500000 0.031250
vt 0.421875 0.046875
vt 0.406250 0.046875
vt 0.406250 0.062500
vt 0.421875 0.031250
vt 0.406250 0.031250
vt 0.437500 0.031250
vt 0.421875 0.109375
vt 0.406250 0.109375
vt 0.406250 0.125000
vt 0.421875 0.093750
vt 0.406250 0.093750
vt 0.437500 0.093750
vt 0.609375 0.046875
vt 0.593750 0.046875
vt 0.593750 0.062500
vt 0.609375 0.031250
vt 0.593750 0.031250
vt 0.546875 0.046875
vt 0.531250 0.046875
vt 0.531250 0.062500
vt 0.546875 0.031250
vt 0.531250 0.031250
vt 0.562500 0.031250
vt 0.546875 0.109375
vt 0.531250 0.109375
vt 0.531250 0.125000
vt 0.546875 0.093750
vt 0.531250 0.093750
vt 0.562500 0.093750
vt 0.484375 0.421875
vt 0.468750 0.421875
vt 0.468750 0.437500
vt 0.484375 0.406250
vt 0.468750 0.406250
vt 0.500000 0.406250
vt 0.421875 0.421875
vt 0.406250 0.421875
vt 0.406250 0.437500
vt 0.421875 0.406250
vt 0.406250 0.406250
vt 0.437500 0.406250
vt 0.421875 0.484375
vt 0.406250 0.484375
vt 0.406250 0.500000
vt 0.421875 0.468750
vt 0.406250 0.468750
vt 0.437500 0.468750
vt 0.484375 0.296875
vt 0.468750 0.296875
vt 0.468750 0.312500
vt 0.484375 0.281250
vt 0.468750 0.281250
vt 0.500000 0.281250
vt 0.421875 0.296875
vt 0.406250 0.296875
vt 0.406250 0.312500
vt 0.421875 0.281250
vt 0.406250 0.281250
vt 0.437500 0.281250
vt 0.421875 0.359375
vt 0.406250 0.359375
vt 0.406250 0.375000
vt 0.421875 0.343750
vt 0.406250 0.343750
vt 0.437500 0.343750
vt 0.609375 0.296875
vt 0.593750 0.296875
vt 0.593750 0.312500
vt 0.609375 0.281250
vt 0.593750 0.281250
vt 0.546875 0.296875
vt 0.531250 0.296875
vt 0.531250 0.312500
vt 0.546875 0.281250
vt 0.531250 0.281250
vt 0.562500 0.281250
vt 0.546875 0.359375
vt 0.531250 0.359375
vt 0.531250 0.375000
vt 0.546875 0.343750
vt 0.531250 0.343750
vt 0.562500 0.343750
vt 0.484375 0.671875
vt 0.468750 0.671875
vt 0.468750 0.687500
vt 0.484375 0.656250
vt 0.468750 0.656250
vt 0.500000 0.656250
vt 0.421875 0.671875
vt 0.406250 0.671875
vt 0.406250 0.687500
vt 0.421875 0.656250
vt 0.406250 0.656250
vt 0.437500 0.656250
vt 0.421875 0.734375
vt 0.406250 0.734375
vt 0.421875 0.718750
vt 0.406250 0.718750
vt 0.437500 0.718750
vt 0.484375 0.546875
vt 0.468750 0.546875
vt 0.468750 0.562500
vt 0.484375 0.531250
vt 0.468750 0.531250
vt 0.500000 0.531250
vt 0.421875 0.546875
vt 0.406250 0.546875
vt 0.406250 0.562500
vt 0.421875 0.531250
vt 0.406250 0.531250
vt 0.437500 0.531250
vt 0.421875 0.609375
vt 0.406250 0.609375
vt 0.406250 0.625000
vt 0.421875 0.593750
vt 0.406250 0.593750
vt 0.437500 0.593750
vt 0.609375 0.546875
vt 0.593750 0.546875
vt 0.593750 0.562500
vt 0.609375 0.531250
vt 0.593750 0.531250
vt 0.546875 0.546875
vt 0.531250 0.546875
vt 0.531250 0.562500
vt 0.546875 0.531250
vt 0.531250 0.531250
vt 0.562500 0.531250
vt 0.546875 0.609375
vt 0.531250 0.609375
vt 0.531250 0.625000
vt 0.546875 0.593750
vt 0.531250 0.593750
vt 0.562500 0.593750
vt 0.234375 0.671875
vt 0.218750 0.671875
vt 0.218750 0.687500
vt 0.234375 0.656250
vt 0.218750 0.656250
vt 0.250000 0.656250
vt 0.171875 0.671875
vt 0.156250 0.671875
vt 0.156250 0.687500
vt 0.171875 0.656250
vt 0.156250 0.656250
vt 0.187500 0.656250
vt 0.171875 0.734375
vt 0.156250 0.734375
vt 0.171875 0.718750
vt 0.156250 0.718750
vt 0.187500 0.718750
vt 0.234375 0.546875
vt 0.218750 0.546875
vt 0.218750 0.562500
vt 0.234375 0.531250
vt 0.218750 0.531250
vt 0.250000 0.531250
vt 0.171875 0.546875
vt 0.156250 0.546875
vt 0.156250 0.562500
vt 0.171875 0.531250
vt 0.156250 0.531250
vt 0.187500 0.531250
vt 0.171875 0.609375
vt 0.156250 0.609375
vt 0.156250 0.625000
vt 0.171875 0.593750
vt 0.156250 0.593750
vt 0.187500 0.593750
vt 0.359375 0.546875
vt 0.343750 0.546875
vt 0.343750 0.562500
vt 0.359375 0.531250
vt 0.343750 0.531250
vt 0.375000 0.531250
vt 0.296875 0.546875
vt 0.281250 0.546875
vt 0.281250 0.562500
vt 0.296875 0.531250
vt 0.281250 0.531250
vt 0.312500 0.531250
vt 0.296875 0.609375
vt 0.281250 0.609375
vt 0.281250 0.625000
vt 0.296875 0.593750
vt 0.281250 0.593750
vt 0.312500 0.593750
vt 0.359375 0.671875
vt 0.343750 0.671875
vt 0.343750 0.687500
vt 0.359375 0.656250
vt 0.343750 0.656250
vt 0.375000 0.656250
vt 0.296875 0.671875
vt 0.281250 0.671875
vt 0.281250 0.687500
vt 0.296875 0.656250
vt 0.281250 0.656250
vt 0.312500 0.656250
vt 0.296875 0.734375
vt 0.281250 0.734375
vt 0.296875 0.718750
vt 0.281250 0.718750
vt 0.312500 0.718750
vt 0.609375 0.671875
vt 0.593750 0.671875
vt 0.593750 0.687500
vt 0.609375 0.656250
vt 0.593750 0.656250
vt 0.546875 0.671875
vt 0.531250 0.671875
vt 0.531250 0.687500
vt 0.546875 0.656250
vt 0.531250 0.656250
vt 0.562500 0.656250
vt 0.546875 0.734375
vt 0.531250 0.734375
vt 0.546875 0.718750
vt 0.531250 0.718750
vt 0.562500 0.718750
vt 0.609375 0.421875
vt 0.593750 0.421875
vt 0.593750 0.437500
vt 0.609375 0.406250
vt 0.593750 0.406250
vt 0.546875 0.421875
vt 0.531250 0.421875
vt 0.531250 0.437500
vt 0.546875 0.406250
vt 0.531250 0.406250
vt 0.562500 0.406250
vt 0.546875 0.484375
vt 0.531250 0.484375
vt 0.531250 0.500000
vt 0.546875 0.468750
vt 0.531250 0.468750
vt 0.562500 0.468750
vt 0.609375 0.171875
vt 0.593750 0.171875
vt 0.593750 0.187500
vt 0.609375 0.156250
vt 0.593750 0.156250
vt 0.546875 0.171875
vt 0.531250 0.171875
vt 0.531250 0.187500
vt 0.546875 0.156250
vt 0.531250 0.156250
vt 0.562500 0.156250
vt 0.546875 0.234375
vt 0.531250 0.234375
vt 0.531250 0.250000
vt 0.546875 0.218750
vt 0.531250 0.218750
vt 0.562500 0.218750
vt 0.546875 0.203125
vt 0.531250 0.203125
vt 0.546875 0.187500
vt 0.562500 0.187500
vt 0.515625 0.203125
vt 0.500000 0.203125
vt 0.515625 0.187500
vt 0.500000 0.187500
vt 0.515625 0.234375
vt 0.500000 0.234375
vt 0.500000 0.250000
vt 0.515625 0.218750
vt 0.546875 0.140625
vt 0.531250 0.140625
vt 0.546875 0.125000
vt 0.562500 0.125000
vt 0.515625 0.140625
vt 0.500000 0.140625
vt 0.515625 0.125000
vt 0.500000 0.125000
vt 0.515625 0.171875
vt 0.500000 0.171875
vt 0.515625 0.156250
vt 0.609375 0.140625
vt 0.593750 0.140625
vt 0.609375 0.125000
vt 0.578125 0.140625
vt 0.562500 0.140625
vt 0.578125 0.125000
vt 0.578125 0.171875
vt 0.562500 0.171875
vt 0.578125 0.156250
vt 0.546875 0.453125
vt 0.531250 0.453125
vt 0.546875 0.437500
vt 0.562500 0.437500
vt 0.515625 0.453125
vt 0.500000 0.453125
vt 0.515625 0.437500
vt 0.500000 0.437500
vt 0.515625 0.484375
vt 0.500000 0.484375
vt 0.500000 0.500000
vt 0.515625 0.468750
vt 0.546875 0.390625
vt 0.531250 0.390625
vt 0.546875 0.375000
vt 0.562500 0.375000
vt 0.515625 0.390625
vt 0.500000 0.390625
vt 0.515625 0.375000
vt 0.500000 0.375000
vt 0.515625 0.421875
vt 0.500000 0.421875
vt 0.515625 0.406250
vt 0.609375 0.390625
vt 0.593750 0.390625
vt 0.609375 0.375000
vt 0.578125 0.390625
vt 0.562500 0.390625
vt 0.578125 0.375000
vt 0.578125 0.421875
vt 0.562500 0.421875
vt 0.578125 0.406250
vt 0.546875 0.703125
vt 0.531250 0.703125
vt 0.546875 0.687500
vt 0.562500 0.687500
vt 0.515625 0.703125
vt 0.500000 0.703125
vt 0.515625 0.687500
vt 0.500000 0.687500
vt 0.515625 0.734375
vt 0.500000 0.734375
vt 0.515625 0.718750
vt 0.546875 0.640625
vt 0.531250 0.640625
vt 0.546875 0.625000
vt 0.562500 0.625000
vt 0.515625 0.640625
vt 0.500000 0.640625
vt 0.515625 0.625000
vt 0.500000 0.625000
vt 0.515625 0.671875
vt 0.500000 0.671875
vt 0.515625 0.656250
vt 0.609375 0.640625
vt 0.593750 0.640625
vt 0.609375 0.625000
vt 0.578125 0.640625
vt 0.562500 0.640625
vt 0.578125 0.625000
vt 0.578125 0.671875
vt 0.562500 0.671875
vt 0.578125 0.656250
vt 0.296875 0.703125
vt 0.281250 0.703125
vt 0.296875 0.687500
vt 0.312500 0.687500
vt 0.265625 0.703125
vt 0.250000 0.703125
vt 0.265625 0.687500
vt 0.250000 0.687500
vt 0.265625 0.734375
vt 0.250000 0.734375
vt 0.265625 0.718750
vt 0.296875 0.640625
vt 0.281250 0.640625
vt 0.296875 0.625000
vt 0.312500 0.625000
vt 0.265625 0.640625
vt 0.250000 0.640625
vt 0.265625 0.625000
vt 0.250000 0.625000
vt 0.265625 0.671875
vt 0.250000 0.671875
vt 0.265625 0.656250
vt 0.359375 0.640625
vt 0.343750 0.640625
vt 0.359375 0.625000
vt 0.375000 0.625000
vt 0.328125 0.640625
vt 0.312500 0.640625
vt 0.328125 0.625000
vt 0.328125 0.671875
vt 0.312500 0.671875
vt 0.328125 0.656250
vt 0.296875 0.578125
vt 0.281250 0.578125
vt 0.296875 0.562500
vt 0.312500 0.562500
vt 0.265625 0.578125
vt 0.250000 0.578125
vt 0.265625 0.562500
vt 0.250000 0.562500
vt 0.265625 0.609375
vt 0.250000 0.609375
vt 0.265625 0.593750
vt 0.296875 0.515625
vt 0.281250 0.515625
vt 0.296875 0.500000
vt 0.289062 0.500000
vt 0.281250 0.500000
vt 0.312500 0.500000
vt 0.304688 0.500000
vt 0.265625 0.515625
vt 0.250000 0.515625
vt 0.265625 0.500000
vt 0.257812 0.500000
vt 0.250000 0.500000
vt 0.273438 0.500000
vt 0.265625 0.546875
vt 0.250000 0.546875
vt 0.265625 0.531250
vt 0.359375 0.515625
vt 0.343750 0.515625
vt 0.359375 0.500000
vt 0.351562 0.500000
vt 0.343750 0.500000
vt 0.375000 0.500000
vt 0.367188 0.500000
vt 0.328125 0.515625
vt 0.312500 0.515625
vt 0.328125 0.500000
vt 0.320312 0.500000
vt 0.335938 0.500000
vt 0.328125 0.546875
vt 0.312500 0.546875
vt 0.328125 0.531250
vt 0.171875 0.578125
vt 0.156250 0.578125
vt 0.171875 0.562500
vt 0.187500 0.562500
vt 0.140625 0.578125
vt 0.125000 0.585938
vt 0.125000 0.578125
vt 0.125000 0.593750
vt 0.140625 0.562500
vt 0.125000 0.570312
vt 0.125000 0.562500
vt 0.140625 0.609375
vt 0.125000 0.617188
vt 0.125000 0.609375
vt 0.125000 0.625000
vt 0.140625 0.593750
vt 0.125000 0.601562
vt 0.171875 0.515625
vt 0.156250 0.515625
vt 0.171875 0.500000
vt 0.164062 0.500000
vt 0.156250 0.500000
vt 0.187500 0.500000
vt 0.179688 0.500000
vt 0.140625 0.515625
vt 0.125000 0.523438
vt 0.125000 0.515625
vt 0.125000 0.531250
vt 0.140625 0.500000
vt 0.132812 0.500000
vt 0.125000 0.507812
vt 0.125000 0.500000
vt 0.148438 0.500000
vt 0.140625 0.546875
vt 0.125000 0.554688
vt 0.125000 0.546875
vt 0.140625 0.531250
vt 0.125000 0.539062
vt 0.234375 0.515625
vt 0.218750 0.515625
vt 0.234375 0.500000
vt 0.226562 0.500000
vt 0.218750 0.500000
vt 0.242188 0.500000
vt 0.203125 0.515625
vt 0.187500 0.515625
vt 0.203125 0.500000
vt 0.195312 0.500000
vt 0.210938 0.500000
vt 0.203125 0.546875
vt 0.187500 0.546875
vt 0.203125 0.531250
vt 0.171875 0.703125
vt 0.156250 0.703125
vt 0.171875 0.687500
vt 0.187500 0.687500
vt 0.140625 0.703125
vt 0.125000 0.710938
vt 0.125000 0.703125
vt 0.125000 0.718750
vt 0.140625 0.687500
vt 0.125000 0.695312
vt 0.125000 0.687500
vt 0.140625 0.734375
vt 0.125000 0.742188
vt 0.125000 0.734375
vt 0.140625 0.718750
vt 0.125000 0.726562
vt 0.171875 0.640625
vt 0.156250 0.640625
vt 0.171875 0.625000
vt 0.187500 0.625000
vt 0.140625 0.640625
vt 0.125000 0.648438
vt 0.125000 0.640625
vt 0.125000 0.656250
vt 0.140625 0.625000
vt 0.125000 0.632812
vt 0.140625 0.671875
vt 0.125000 0.679688
vt 0.125000 0.671875
vt 0.140625 0.656250
vt 0.125000 0.664062
vt 0.234375 0.640625
vt 0.218750 0.640625
vt 0.234375 0.625000
vt 0.203125 0.640625
vt 0.187500 0.640625
vt 0.203125 0.625000
vt 0.203125 0.671875
vt 0.187500 0.671875
vt 0.203125 0.656250
vt 0.546875 0.578125
vt 0.531250 0.578125
vt 0.546875 0.562500
vt 0.562500 0.562500
vt 0.515625 0.578125
vt 0.500000 0.578125
vt 0.515625 0.562500
vt 0.500000 0.562500
vt 0.515625 0.609375
vt 0.500000 0.609375
vt 0.515625 0.593750
vt 0.546875 0.515625
vt 0.531250 0.515625
vt 0.546875 0.500000
vt 0.562500 0.500000
vt 0.515625 0.515625
vt 0.500000 0.515625
vt 0.515625 0.500000
vt 0.515625 0.546875
vt 0.500000 0.546875
vt 0.515625 0.531250
vt 0.609375 0.515625
vt 0.593750 0.515625
vt 0.609375 0.500000
vt 0.578125 0.515625
vt 0.562500 0.515625
vt 0.578125 0.500000
vt 0.578125 0.546875
vt 0.562500 0.546875
vt 0.578125 0.531250
vt 0.421875 0.578125
vt 0.406250 0.578125
vt 0.421875 0.562500
vt 0.437500 0.562500
vt 0.390625 0.578125
vt 0.375000 0.578125
vt 0.390625 0.562500
vt 0.375000 0.562500
vt 0.390625 0.609375
vt 0.375000 0.609375
vt 0.390625 0.593750
vt 0.421875 0.515625
vt 0.406250 0.515625
vt 0.421875 0.500000
vt 0.437500 0.500000
vt 0.390625 0.515625
vt 0.375000 0.515625
vt 0.390625 0.500000
vt 0.390625 0.546875
vt 0.375000 0.546875
vt 0.390625 0.531250
vt 0.484375 0.515625
vt 0.468750 0.515625
vt 0.484375 0.500000
vt 0.453125 0.515625
vt 0.437500 0.515625
vt 0.453125 0.500000
vt 0.453125 0.546875
vt 0.437500 0.546875
vt 0.453125 0.531250
vt 0.421875 0.703125
vt 0.406250 0.703125
vt 0.421875 0.687500
vt 0.437500 0.687500
vt 0.390625 0.703125
vt 0.375000 0.703125
vt 0.390625 0.687500
vt 0.375000 0.687500
vt 0.390625 0.734375
vt 0.375000 0.734375
vt 0.390625 0.718750
vt 0.421875 0.640625
vt 0.406250 0.640625
vt 0.421875 0.625000
vt 0.437500 0.625000
vt 0.390625 0.640625
vt 0.375000 0.640625
vt 0.390625 0.625000
vt 0.390625 0.671875
vt 0.375000 0.671875
vt 0.390625 0.656250
vt 0.484375 0.640625
vt 0.468750 0.640625
vt 0.484375 0.625000
vt 0.453125 0.640625
vt 0.437500 0.640625
vt 0.453125 0.625000
vt 0.453125 0.671875
vt 0.437500 0.671875
vt 0.453125 0.656250
vt 0.546875 0.328125
vt 0.531250 0.328125
vt 0.546875 0.312500
vt 0.562500 0.312500
vt 0.515625 0.328125
vt 0.500000 0.328125
vt 0.515625 0.312500
vt 0.500000 0.312500
vt 0.515625 0.359375
vt 0.500000 0.359375
vt 0.515625 0.343750
vt 0.546875 0.265625
vt 0.531250 0.265625
vt 0.546875 0.250000
vt 0.562500 0.250000
vt 0.515625 0.265625
vt 0.500000 0.265625
vt 0.515625 0.250000
vt 0.515625 0.296875
vt 0.500000 0.296875
vt 0.515625 0.281250
vt 0.609375 0.265625
vt 0.593750 0.265625
vt 0.609375 0.250000
vt 0.578125 0.265625
vt 0.562500 0.265625
vt 0.578125 0.250000
vt 0.578125 0.296875
vt 0.562500 0.296875
vt 0.578125 0.281250
vt 0.421875 0.328125
vt 0.406250 0.328125
vt 0.421875 0.312500
vt 0.437500 0.312500
vt 0.390625 0.328125
vt 0.375000 0.335938
vt 0.375000 0.328125
vt 0.375000 0.343750
vt 0.390625 0.312500
vt 0.375000 0.320312
vt 0.375000 0.312500
vt 0.390625 0.359375
vt 0.375000 0.367188
vt 0.375000 0.359375
vt 0.375000 0.375000
vt 0.390625 0.343750
vt 0.375000 0.351562
vt 0.421875 0.265625
vt 0.406250 0.265625
vt 0.421875 0.250000
vt 0.437500 0.250000
vt 0.390625 0.265625
vt 0.375000 0.273438
vt 0.375000 0.265625
vt 0.375000 0.281250
vt 0.390625 0.250000
vt 0.375000 0.257812
vt 0.375000 0.250000
vt 0.390625 0.296875
vt 0.375000 0.304688
vt 0.375000 0.296875
vt 0.390625 0.281250
vt 0.375000 0.289062
vt 0.484375 0.265625
vt 0.468750 0.265625
vt 0.484375 0.250000
vt 0.453125 0.265625
vt 0.437500 0.265625
vt 0.453125 0.250000
vt 0.453125 0.296875
vt 0.437500 0.296875
vt 0.453125 0.281250
vt 0.421875 0.453125
vt 0.406250 0.453125
vt 0.421875 0.437500
vt 0.437500 0.437500
vt 0.390625 0.453125
vt 0.375000 0.460938
vt 0.375000 0.453125
vt 0.375000 0.468750
vt 0.390625 0.437500
vt 0.375000 0.445312
vt 0.375000 0.437500
vt 0.390625 0.484375
vt 0.375000 0.492188
vt 0.375000 0.484375
vt 0.390625 0.468750
vt 0.375000 0.476562
vt 0.421875 0.390625
vt 0.406250 0.390625
vt 0.421875 0.375000
vt 0.437500 0.375000
vt 0.390625 0.390625
vt 0.375000 0.398438
vt 0.375000 0.390625
vt 0.375000 0.406250
vt 0.390625 0.375000
vt 0.375000 0.382812
vt 0.390625 0.421875
vt 0.375000 0.429688
vt 0.375000 0.421875
vt 0.390625 0.406250
vt 0.375000 0.414062
vt 0.484375 0.390625
vt 0.468750 0.390625
vt 0.484375 0.375000
vt 0.453125 0.390625
vt 0.437500 0.390625
vt 0.453125 0.375000
vt 0.453125 0.421875
vt 0.437500 0.421875
vt 0.453125 0.406250
vt 0.546875 0.078125
vt 0.531250 0.078125
vt 0.546875 0.062500
vt 0.562500 0.062500
vt 0.515625 0.078125
vt 0.500000 0.078125
vt 0.515625 0.062500
vt 0.500000 0.062500
vt 0.515625 0.109375
vt 0.500000 0.109375
vt 0.515625 0.093750
vt 0.546875 0.015625
vt 0.531250 0.015625
vt 0.515625 0.015625
vt 0.500000 0.015625
vt 0.515625 0.046875
vt 0.500000 0.046875
vt 0.515625 0.031250
vt 0.609375 0.015625
vt 0.593750 0.015625
vt 0.578125 0.015625
vt 0.562500 0.015625
vt 0.578125 0.046875
vt 0.562500 0.046875
vt 0.578125 0.031250
vt 0.421875 0.078125
vt 0.406250 0.078125
vt 0.421875 0.062500
vt 0.437500 0.062500
vt 0.390625 0.078125
vt 0.375000 0.085938
vt 0.375000 0.078125
vt 0.375000 0.093750
vt 0.390625 0.062500
vt 0.375000 0.070312
vt 0.375000 0.062500
vt 0.390625 0.109375
vt 0.375000 0.117188
vt 0.375000 0.109375
vt 0.375000 0.125000
vt 0.390625 0.093750
vt 0.375000 0.101562
vt 0.421875 0.015625
vt 0.406250 0.015625
vt 0.390625 0.015625
vt 0.375000 0.023438
vt 0.375000 0.015625
vt 0.375000 0.031250
vt 0.375000 0.007812
vt 0.390625 0.046875
vt 0.375000 0.054688
vt 0.375000 0.046875
vt 0.390625 0.031250
vt 0.375000 0.039062
vt 0.484375 0.015625
vt 0.468750 0.015625
vt 0.453125 0.015625
vt 0.437500 0.015625
vt 0.453125 0.046875
vt 0.437500 0.046875
vt 0.453125 0.031250
vt 0.421875 0.203125
vt 0.406250 0.203125
vt 0.421875 0.187500
vt 0.437500 0.187500
vt 0.390625 0.203125
vt 0.375000 0.210938
vt 0.375000 0.203125
vt 0.375000 0.218750
vt 0.390625 0.187500
vt 0.375000 0.195312
vt 0.375000 0.187500
vt 0.390625 0.234375
vt 0.375000 0.242188
vt 0.375000 0.234375
vt 0.390625 0.218750
vt 0.375000 0.226562
vt 0.421875 0.140625
vt 0.406250 0.140625
vt 0.421875 0.125000
vt 0.437500 0.125000
vt 0.390625 0.140625
vt 0.375000 0.148438
vt 0.375000 0.140625
vt 0.375000 0.156250
vt 0.390625 0.125000
vt 0.375000 0.132812
vt 0.390625 0.171875
vt 0.375000 0.179688
vt 0.375000 0.171875
vt 0.390625 0.156250
vt 0.375000 0.164062
vt 0.484375 0.140625
vt 0.468750 0.140625
vt 0.484375 0.125000
vt 0.453125 0.140625
vt 0.437500 0.140625
vt 0.453125 0.125000
vt 0.453125 0.171875
vt 0.437500 0.171875
vt 0.453125 0.156250
vt 0.484375 0.203125
vt 0.468750 0.203125
vt 0.484375 0.187500
vt 0.453125 0.203125
vt 0.437500 0.203125
vt 0.453125 0.187500
vt 0.453125 0.234375
vt 0.437500 0.234375
vt 0.453125 0.218750
vt 0.484375 0.078125
vt 0.468750 0.078125
vt 0.484375 0.062500
vt 0.453125 0.078125
vt 0.437500 0.078125
vt 0.453125 0.062500
vt 0.453125 0.109375
vt 0.437500 0.109375
vt 0.453125 0.093750
vt 0.609375 0.078125
vt 0.593750 0.078125
vt 0.609375 0.062500
vt 0.578125 0.078125
vt 0.562500 0.078125
vt 0.578125 0.062500
vt 0.578125 0.109375
vt 0.562500 0.109375
vt 0.578125 0.093750
vt 0.484375 0.453125
vt 0.468750 0.453125
vt 0.484375 0.437500
vt 0.453125 0.453125
vt 0.437500 0.453125
vt 0.453125 0.437500
vt 0.453125 0.484375
vt 0.437500 0.484375
vt 0.453125 0.468750
vt 0.484375 0.328125
vt 0.468750 0.328125
vt 0.484375 0.312500
vt 0.453125 0.328125
vt 0.437500 0.328125
vt 0.453125 0.312500
vt 0.453125 0.359375
vt 0.437500 0.359375
vt 0.453125 0.343750
vt 0.609375 0.328125
vt 0.593750 0.328125
vt 0.609375 0.312500
vt 0.578125 0.328125
vt 0.562500 0.328125
vt 0.578125 0.312500
vt 0.578125 0.359375
vt 0.562500 0.359375
vt 0.578125 0.343750
vt 0.484375 0.703125
vt 0.468750 0.703125
vt 0.484375 0.687500
vt 0.453125 0.703125
vt 0.437500 0.703125
vt 0.453125 0.687500
vt 0.453125 0.734375
vt 0.437500 0.734375
vt 0.453125 0.718750
vt 0.484375 0.578125
vt 0.468750 0.578125
vt 0.484375 0.562500
vt 0.453125 0.578125
vt 0.437500 0.578125
vt 0.453125 0.562500
vt 0.453125 0.609375
vt 0.437500 0.609375
vt 0.453125 0.593750
vt 0.609375 0.578125
vt 0.593750 0.578125
vt 0.609375 0.562500
vt 0.578125 0.578125
vt 0.562500 0.578125
vt 0.578125 0.562500
vt 0.578125 0.609375
vt 0.562500 0.609375
vt 0.578125 0.593750
vt 0.234375 0.703125
vt 0.218750 0.703125
vt 0.234375 0.687500
vt 0.203125 0.703125
vt 0.187500 0.703125
vt 0.203125 0.687500
vt 0.203125 0.734375
vt 0.187500 0.734375
vt 0.203125 0.718750
vt 0.234375 0.578125
vt 0.218750 0.578125
vt 0.234375 0.562500
vt 0.203125 0.578125
vt 0.187500 0.578125
vt 0.203125 0.562500
vt 0.203125 0.609375
vt 0.187500 0.609375
vt 0.203125 0.593750
vt 0.359375 0.578125
vt 0.343750 0.578125
vt 0.359375 0.562500
vt 0.328125 0.578125
vt 0.312500 0.578125
vt 0.328125 0.562500
vt 0.328125 0.609375
vt 0.312500 0.609375
vt 0.328125 0.593750
vt 0.359375 0.703125
vt 0.343750 0.703125
vt 0.359375 0.687500
vt 0.328125 0.703125
vt 0.312500 0.703125
vt 0.328125 0.687500
vt 0.328125 0.734375
vt 0.312500 0.734375
vt 0.328125 0.718750
vt 0.609375 0.703125
vt 0.593750 0.703125
vt 0.609375 0.687500
vt 0.578125 0.703125
vt 0.562500 0.703125
vt 0.578125 0.687500
vt 0.578125 0.734375
vt 0.562500 0.734375
vt 0.578125 0.718750
vt 0.609375 0.453125
vt 0.593750 0.453125
vt 0.609375 0.437500
vt 0.578125 0.453125
vt 0.562500 0.453125
vt 0.578125 0.437500
vt 0.578125 0.484375
vt 0.562500 0.484375
vt 0.578125 0.468750
vt 0.609375 0.203125
vt 0.593750 0.203125
vt 0.609375 0.187500
vt 0.578125 0.203125
vt 0.562500 0.203125
vt 0.578125 0.187500
vt 0.578125 0.234375
vt 0.562500 0.234375
vt 0.578125 0.218750
vt 0.328125 0.750000
vt 0.203125 0.750000
vt 0.140625 0.750000
vt 0.265625 0.750000
vt 0.296875 0.750000
vt 0.171875 0.750000
vt 0.359375 0.750000
s 1
f 3126/1/1 3127/2/1 6891/3/1
f 3129/4/2 3130/5/2 6890/6/2
f 3132/7/3 4261/8/3 6889/9/3
f 1136/10/4 5854/11/5 2670/10/6
f 3134/12/7 4259/13/7 6888/14/7
f 4287/8/8 177/15/8 3358/8/8
f 24/16/7 27/16/7 29/17/7
f 2664/18/5 12/15/9 405/18/10
f 2663/19/11 11/17/12 619/20/13
f 1156/16/7 622/21/14 2660/21/7
f 1157/22/1 411/10/1 2658/10/1
f 1158/15/8 413/18/8 2656/18/8
f 1155/17/3 627/20/3 2654/20/3
f 582/23/15 20/15/15 102/24/15
f 458/25/3 19/17/3 103/26/3
f 453/27/14 17/16/14 98/28/14
f 580/29/1 189/30/1 17/31/1
f 17/16/14 23/17/7 19/17/14
f 18/22/1 22/32/1 24/33/1
f 20/15/8 22/34/8 18/34/8
f 19/17/3 23/17/3 6893/35/3
f 42/22/1 46/22/1 48/22/1
f 6892/36/16 25/34/2 22/34/2
f 38/34/17 40/15/17 39/17/17
f 21/16/17 6893/35/17 23/17/17
f 26/15/8 28/34/8 25/34/8
f 6894/37/3 6895/38/3 6892/36/16
f 24/16/7 29/17/7 6893/35/7
f 22/32/1 28/39/1 30/40/1
f 27/16/17 6894/37/17 29/17/17
f 35/17/3 39/17/3 40/15/3
f 6895/38/2 31/34/2 28/34/2
f 36/15/18 41/15/18 42/34/18
f 32/15/19 34/34/19 31/34/19
f 6895/38/20 35/17/20 36/15/20
f 30/16/7 35/17/7 6894/37/7
f 28/39/21 34/22/21 33/31/21
f 33/16/7 39/17/7 35/17/7
f 34/22/1 37/31/1 33/31/1
f 36/15/18 42/34/18 34/34/18
f 35/17/3 40/15/3 36/15/3
f 38/34/17 39/17/17 37/16/17
f 42/22/1 48/22/1 44/22/1
f 38/22/22 42/22/22 44/22/22
f 40/15/23 41/15/23 36/15/23
f 38/34/24 43/15/24 40/15/24
f 48/22/25 50/22/25 52/22/25
f 41/15/2 46/34/2 42/34/2
f 43/15/3 45/15/3 41/15/3
f 44/34/17 47/15/17 43/15/17
f 50/22/3 56/22/3 52/22/3
f 45/15/26 50/34/26 46/34/26
f 47/15/27 49/15/27 45/15/27
f 48/34/28 51/15/28 47/15/28
f 53/15/8 56/34/8 54/34/8
f 49/15/17 54/34/17 50/34/17
f 51/15/1 53/15/1 49/15/1
f 52/34/2 55/15/2 51/15/2
f 105/15/3 3137/8/3 4285/8/3
f 4283/2/8 195/41/8 3356/2/8
f 4281/42/8 194/34/8 3354/42/8
f 4279/5/8 176/43/8 3352/5/8
f 1838/44/29 65/34/29 1803/44/29
f 117/41/1 3142/2/1 4277/2/1
f 116/34/17 4269/42/17 4275/42/17
f 104/43/2 3143/5/2 4273/5/2
f 122/15/1 1168/45/1 1830/45/1
f 1828/46/30 67/43/30 1169/46/30
f 1826/45/31 68/15/31 1167/45/31
f 1824/47/32 66/41/32 1170/47/32
f 1811/44/8 1812/48/8 3119/49/8
f 132/41/3 1173/47/3 1818/47/3
f 131/34/2 1811/44/2 1816/44/2
f 120/43/17 1171/46/17 1814/46/17
f 133/50/17 1205/51/17 1813/51/17
f 126/50/17 1813/51/17 1203/51/17
f 67/43/17 1814/46/17 1169/46/17
f 134/24/2 1777/52/2 1815/52/2
f 115/24/2 1815/52/2 1769/52/2
f 65/34/2 1816/44/2 1803/44/2
f 135/53/3 1207/54/3 1817/54/3
f 127/53/3 1817/54/3 1204/54/3
f 66/41/3 1818/47/3 1170/47/3
f 1214/55/8 1778/56/8 3118/57/8
f 1215/58/8 1821/59/8 3117/60/8
f 1777/52/8 1822/61/8 3116/62/8
f 137/53/32 1204/54/32 1823/54/32
f 3162/63/32 137/53/32 1823/54/32
f 3142/2/32 62/41/32 124/41/32
f 138/64/31 1201/65/31 1825/65/31
f 3157/66/31 138/64/31 1825/65/31
f 3137/8/31 64/15/31 112/15/31
f 139/50/30 1203/51/30 1827/51/30
f 3163/67/30 139/50/30 1827/51/30
f 3143/5/30 63/43/30 125/43/30
f 140/64/1 1202/65/1 1829/65/1
f 121/64/1 1829/65/1 1201/65/1
f 68/15/1 1830/45/1 1167/45/1
f 141/50/2 3163/67/2 4272/67/2
f 111/50/2 4272/67/2 3160/67/2
f 59/43/2 4273/5/2 3140/5/2
f 142/24/17 4249/68/17 4274/68/17
f 110/24/17 4274/68/17 4247/68/17
f 57/34/17 4275/42/17 4267/42/17
f 143/53/1 3162/63/1 4276/63/1
f 109/53/1 4276/63/1 3158/63/1
f 58/41/1 4277/2/1 3138/2/1
f 144/24/29 1769/52/29 1837/52/29
f 4249/68/29 144/24/29 1837/52/29
f 4269/42/29 61/34/29 114/34/29
f 4386/69/8 246/70/8 3232/69/8
f 4384/69/8 284/70/8 4206/69/8
f 3130/5/8 224/43/8 3346/5/8
f 4380/71/8 197/72/8 4175/71/8
f 4378/71/8 286/72/8 4208/71/8
f 4264/42/8 242/34/8 3340/42/8
f 4374/73/8 244/74/8 3230/73/8
f 4372/73/8 288/74/8 4210/73/8
f 3127/2/8 243/41/8 3334/2/8
f 148/64/3 3157/66/3 4284/66/3
f 89/64/3 4284/66/3 3155/66/3
f 60/15/3 4285/8/3 3135/8/3
f 1242/26/3 583/75/3 2636/75/3
f 1243/26/3 679/75/3 2634/75/3
f 1189/17/3 680/20/3 2632/20/3
f 1244/24/8 457/76/8 2630/76/8
f 1245/24/8 683/76/8 2628/76/8
f 1192/15/8 684/18/8 2626/18/8
f 1246/77/1 455/78/1 2624/78/1
f 1247/77/1 687/78/1 2622/78/1
f 1191/22/1 688/10/1 2620/10/1
f 1248/28/7 578/79/14 2618/79/7
f 1249/28/7 691/79/7 2616/79/7
f 1190/16/7 692/21/7 2614/21/7
f 1112/75/33 2613/80/34 2610/75/35
f 1251/26/36 1857/80/4 3115/80/37
f 445/17/12 1858/19/38 2605/19/33
f 1254/24/39 449/76/10 2602/76/40
f 1255/24/39 1861/81/41 3114/81/10
f 3113/82/42 93/15/6 1862/82/40
f 3129/4/2 8/43/2 3130/5/2
f 1158/15/8 16/15/8 413/18/8
f 622/21/14 17/16/14 235/83/14
f 4360/84/8 226/85/8 3227/84/8
f 4358/84/8 316/85/8 4214/84/8
f 4261/8/8 225/15/8 3320/8/8
f 3180/86/7 4239/87/7 6887/88/7
f 3181/89/7 4290/90/7 6886/91/7
f 3154/92/7 4291/93/7 6885/94/7
f 1103/78/41 2581/95/43 2578/78/44
f 3109/95/35 158/77/45 1872/95/46
f 3108/96/47 84/22/48 1873/96/6
f 3184/97/3 4241/66/3 6884/98/3
f 3185/99/3 4294/100/3 6883/101/3
f 3152/102/3 4295/103/3 6882/104/3
f 3188/105/2 3150/67/2 6881/106/2
f 3189/107/2 4298/108/2 6880/109/2
f 3149/110/2 4299/111/2 6879/112/2
f 3192/113/1 3147/63/1 6878/114/1
f 3193/115/1 4302/116/1 6877/117/1
f 3146/118/1 4303/119/1 6876/120/1
f 3268/121/1 4231/122/1 6875/123/1
f 3269/124/1 4306/125/1 6874/126/1
f 3218/127/1 4307/128/1 6873/129/1
f 3272/130/1 4230/131/1 6872/132/1
f 3273/133/1 4310/134/1 6871/135/1
f 3265/136/1 4311/137/1 6870/138/1
f 3276/139/1 3219/73/1 6869/140/1
f 3277/141/1 4314/142/1 6868/143/1
f 3264/144/1 4315/145/1 6867/146/1
f 3280/147/2 4227/148/2 6866/149/2
f 3281/150/2 4318/151/2 6865/152/2
f 3221/153/2 4319/154/2 6864/155/2
f 3284/156/2 4226/157/2 6863/158/2
f 3285/159/2 4322/160/2 6862/161/2
f 3261/162/2 4323/163/2 6861/164/2
f 3288/165/2 3222/69/2 6860/166/2
f 3289/167/2 4326/168/2 6859/169/2
f 3260/170/2 4327/171/2 6858/172/2
f 3292/173/3 4223/174/3 6857/175/3
f 3293/176/3 4330/177/3 6856/178/3
f 3224/179/3 4331/180/3 6855/181/3
f 3296/182/3 4222/183/3 6854/184/3
f 3297/185/3 4334/186/3 6853/187/3
f 3257/188/3 4335/189/3 6852/190/3
f 3300/191/3 4169/84/3 6851/192/3
f 3301/193/3 4338/194/3 6850/195/3
f 3256/196/3 4339/197/3 6849/198/3
f 3071/199/48 325/30/48 1732/199/6
f 5690/200/49 347/30/45 4340/200/6
f 5688/201/9 221/22/48 4341/201/40
f 2413/202/50 324/203/33 1731/202/51
f 4515/204/38 348/203/33 4342/204/13
f 5686/205/52 323/77/45 4343/205/46
f 2405/202/53 768/203/54 222/203/37
f 2403/202/55 349/203/45 1928/202/51
f 3067/95/50 322/77/45 1929/95/44
f 3308/206/7 4219/207/7 6848/208/7
f 3309/209/7 4346/210/7 6847/211/7
f 3226/212/7 4347/213/7 6846/214/7
f 3312/215/7 4218/216/7 6845/217/7
f 3313/218/7 4350/219/7 6844/220/7
f 3253/221/7 4351/222/7 6843/223/7
f 3316/224/7 4167/225/7 6842/226/7
f 3317/227/7 4354/228/7 6841/229/7
f 3252/230/7 4355/231/7 6840/232/7
f 3320/8/8 225/15/8 3321/8/8
f 3321/8/8 88/15/8 4287/8/8
f 4189/233/8 317/234/8 4215/233/8
f 171/85/8 4358/84/8 4359/84/8
f 4169/84/8 171/85/8 4359/84/8
f 82/64/8 4286/66/8 4241/66/8
f 316/85/8 4360/84/8 4361/84/8
f 4214/84/8 316/85/8 4361/84/8
f 156/64/8 3155/66/8 4286/66/8
f 17/31/1 624/235/1 237/203/1
f 6893/35/3 29/17/3 6894/37/3
f 17/31/1 13/31/1 624/235/1
f 20/15/15 18/34/15 102/24/15
f 3134/12/7 5/17/7 4259/13/7
f 627/20/3 19/17/3 240/236/3
f 1156/16/7 13/16/14 622/21/14
f 2664/18/5 1154/15/9 12/15/9
f 18/34/15 626/237/15 239/238/15
f 3057/239/56 315/72/6 1722/239/57
f 5648/240/58 353/72/57 4362/240/56
f 5646/241/37 230/15/6 4363/241/59
f 1487/238/60 1721/242/60 3054/242/10
f 1488/238/6 4364/243/60 5644/243/10
f 1396/24/10 4365/244/61 5642/244/10
f 1491/238/10 618/237/10 2336/237/40
f 1492/238/47 1958/242/60 3051/242/40
f 1395/24/10 1959/81/41 3050/81/10
f 5639/245/62 527/25/50 2324/25/63
f 5637/245/57 1960/246/42 3582/245/61
f 614/17/12 4367/247/49 4465/247/33
f 1497/248/48 1717/249/40 3049/249/37
f 1498/248/43 4368/250/40 5636/250/37
f 1392/26/34 4369/251/58 5634/251/37
f 1031/252/45 2305/249/64 2302/252/42
f 1502/248/65 1968/249/42 3046/249/48
f 1391/26/53 1969/80/66 3045/80/37
f 1505/83/7 523/27/7 2292/27/7
f 1506/83/7 816/27/7 2290/27/7
f 1331/16/7 817/21/7 2288/21/7
f 1507/253/7 522/254/7 2286/254/7
f 1508/253/7 820/254/7 2284/254/7
f 1390/28/7 821/79/7 2282/79/7
f 1509/253/7 409/254/14 2280/254/7
f 1510/253/7 824/254/7 2278/254/7
f 1389/28/7 825/79/7 2276/79/7
f 1511/30/1 519/29/1 2274/29/1
f 1512/30/1 828/29/1 2272/29/1
f 1332/22/1 829/10/1 2270/10/1
f 1513/203/1 518/235/1 2268/235/1
f 1514/203/1 832/235/1 2266/235/1
f 1388/77/1 833/78/1 2264/78/1
f 1515/203/1 624/235/1 2262/235/1
f 1516/203/1 836/235/1 2260/235/1
f 1387/77/1 837/78/1 2258/78/1
f 1517/72/8 515/23/8 2256/23/8
f 1518/72/8 840/23/8 2254/23/8
f 1333/15/8 841/18/8 2252/18/8
f 1519/238/8 514/237/8 2250/237/8
f 1520/238/8 844/237/8 2248/237/8
f 1386/24/8 845/76/8 2246/76/8
f 1521/238/8 626/237/8 2244/237/8
f 1522/238/8 848/237/8 2242/237/8
f 1385/24/8 849/76/8 2240/76/8
f 1523/236/3 511/25/3 2238/25/3
f 1524/236/3 852/25/3 2236/25/3
f 1330/17/3 853/20/3 2234/20/3
f 1525/248/3 510/252/3 2232/252/3
f 1526/248/3 856/252/3 2230/252/3
f 1384/26/3 857/75/3 2228/75/3
f 1527/248/3 414/252/3 2226/252/3
f 1528/248/3 860/252/3 2224/252/3
f 1383/26/3 861/75/3 2222/75/3
f 178/234/3 4213/233/3 3207/233/3
f 226/85/3 4212/84/3 3227/84/3
f 290/85/3 3229/84/3 4212/84/3
f 3334/2/8 243/41/8 3335/2/8
f 3335/2/8 108/41/8 4283/2/8
f 3199/255/8 289/256/8 4211/255/8
f 213/74/8 4372/73/8 4373/73/8
f 3219/73/8 213/74/8 4373/73/8
f 76/53/8 4282/63/8 3147/63/8
f 288/74/8 4374/73/8 4375/73/8
f 4210/73/8 288/74/8 4375/73/8
f 147/53/8 3158/63/8 4282/63/8
f 3340/42/8 242/34/8 3341/42/8
f 3341/42/8 107/34/8 4281/42/8
f 4192/257/8 287/238/8 4209/257/8
f 181/72/8 4378/71/8 4379/71/8
f 4172/71/8 181/72/8 4379/71/8
f 92/24/8 4280/68/8 4244/68/8
f 286/72/8 4380/71/8 4381/71/8
f 4208/71/8 286/72/8 4381/71/8
f 146/24/8 4247/68/8 4280/68/8
f 3346/5/8 224/43/8 3347/5/8
f 3347/5/8 87/43/8 4279/5/8
f 3202/258/8 285/259/8 4207/258/8
f 216/70/8 4384/69/8 4385/69/8
f 3222/69/8 216/70/8 4385/69/8
f 79/50/8 4278/67/8 3150/67/8
f 284/70/8 4386/69/8 4387/69/8
f 4206/69/8 284/70/8 4387/69/8
f 145/50/8 3160/67/8 4278/67/8
f 4197/257/29 283/238/29 1698/260/29
f 199/72/29 282/72/29 1697/261/29
f 282/72/29 1629/261/29 1697/261/29
f 196/256/1 4205/255/1 3210/255/1
f 244/74/1 4204/73/1 3230/73/1
f 280/74/1 3234/73/1 4204/73/1
f 245/238/17 4203/257/17 4195/257/17
f 197/72/17 4202/71/17 4175/71/17
f 278/72/17 4177/71/17 4202/71/17
f 198/259/2 4201/258/2 3212/258/2
f 246/70/2 4200/69/2 3232/69/2
f 276/70/2 3235/69/2 4200/69/2
f 203/234/1 1690/262/1 1308/262/1
f 251/85/1 1689/263/1 1342/263/1
f 274/85/1 1343/263/1 1689/263/1
f 3215/258/30 273/259/30 1688/264/30
f 250/70/30 272/70/30 1687/265/30
f 272/70/30 1344/265/30 1687/265/30
f 3209/233/31 271/234/31 1686/262/31
f 241/85/31 270/85/31 1685/263/31
f 270/85/31 1342/263/31 1685/263/31
f 3214/255/32 269/256/32 1684/266/32
f 249/74/32 268/74/32 1683/267/32
f 268/74/32 1345/267/32 1683/267/32
f 1547/268/8 1682/269/8 3044/270/8
f 1548/271/8 2014/272/8 3043/273/8
f 1637/261/8 2015/274/8 3042/275/8
f 1551/276/8 1681/277/8 3041/278/8
f 1552/279/8 2018/280/8 3040/281/8
f 1356/282/8 2019/283/8 3039/284/8
f 1555/285/8 1638/286/8 3038/287/8
f 1556/288/8 2022/289/8 3037/290/8
f 1355/291/8 2023/292/8 3036/293/8
f 206/256/3 1678/266/3 1311/266/3
f 254/74/3 1677/267/3 1345/267/3
f 262/74/3 1348/267/3 1677/267/3
f 248/238/2 1676/260/2 1663/260/2
f 200/72/2 1675/261/2 1629/261/2
f 260/72/2 1637/261/2 1675/261/2
f 205/259/17 1674/264/17 1310/264/17
f 253/70/17 1673/265/17 1344/265/17
f 258/70/17 1346/265/17 1673/265/17
f 259/259/17 1312/264/17 1674/264/17
f 261/238/2 1671/260/2 1676/260/2
f 263/256/3 1314/266/3 1678/266/3
f 1559/294/8 1672/295/8 3035/296/8
f 1560/297/8 2026/298/8 3034/299/8
f 1671/260/8 2027/300/8 3033/301/8
f 1684/266/32 206/256/32 1311/266/32
f 1686/262/31 203/234/31 1308/262/31
f 1688/264/30 205/259/30 1310/264/30
f 275/234/1 1309/262/1 1690/262/1
f 277/259/2 3215/258/2 4201/258/2
f 279/238/17 4197/257/17 4203/257/17
f 281/256/1 3214/255/1 4205/255/1
f 1698/260/29 248/238/29 1663/260/29
f 3352/5/8 176/43/8 3353/5/8
f 3353/5/8 59/43/8 3140/5/8
f 4207/258/8 198/259/8 3212/258/8
f 3354/42/8 194/34/8 3355/42/8
f 3355/42/8 57/34/8 4267/42/8
f 4209/257/8 245/238/8 4195/257/8
f 3356/2/8 195/41/8 3357/2/8
f 3357/2/8 58/41/8 3138/2/8
f 4211/255/8 196/256/8 3210/255/8
f 291/234/3 3209/233/3 4213/233/3
f 1569/236/3 458/25/3 2172/25/3
f 1570/236/3 904/25/3 2170/25/3
f 1296/17/3 905/20/3 2168/20/3
f 1571/72/8 582/23/8 2166/23/8
f 1572/72/8 908/23/8 2164/23/8
f 1299/15/8 909/18/8 2162/18/8
f 1573/30/1 580/29/1 2160/29/1
f 1574/30/1 912/29/1 2158/29/1
f 1298/22/1 913/10/1 2156/10/1
f 1575/83/7 453/27/14 2154/27/7
f 1576/83/7 916/27/7 2152/27/7
f 1297/16/7 917/21/7 2150/21/7
f 918/236/67 232/236/13 450/25/13
f 5629/245/46 920/25/50 2142/25/63
f 570/17/12 2043/19/38 2141/19/33
f 2138/23/43 183/72/10 574/23/10
f 3032/239/43 380/72/59 2046/239/56
f 3031/82/68 182/15/6 2047/82/40
f 26/15/8 6895/38/8 28/34/8
f 19/17/14 578/79/14 98/28/14
f 21/16/17 24/16/17 6893/35/17
f 3358/8/8 177/15/8 3359/8/8
f 3359/8/8 60/15/8 3135/8/8
f 4215/233/8 178/234/8 3207/233/8
f 3360/302/7 4187/303/7 6839/304/7
f 3361/305/7 4398/306/7 6838/307/7
f 3206/308/7 4399/309/7 6837/310/7
f 959/29/57 5615/311/5 2114/29/69
f 3027/199/57 382/30/48 2056/199/6
f 3026/96/39 173/22/48 2057/96/6
f 3364/312/3 4189/233/3 6836/313/3
f 3365/314/3 4402/315/3 6835/316/3
f 3204/317/3 4403/318/3 6834/319/3
f 3368/320/2 3202/258/2 6833/321/2
f 3369/322/2 4406/323/2 6832/324/2
f 3201/325/2 4407/326/2 6831/327/2
f 3372/328/1 3199/255/1 6830/329/1
f 3373/330/1 4410/331/1 6829/332/1
f 3198/333/1 4411/334/1 6828/335/1
f 3628/336/1 4159/337/1 6827/338/1
f 3629/339/1 4414/340/1 6826/341/1
f 3450/342/1 4415/343/1 6825/344/1
f 3632/345/1 4158/346/1 6824/347/1
f 3633/348/1 4418/349/1 6823/350/1
f 3625/351/1 4419/352/1 6822/353/1
f 3636/354/1 3451/355/1 6821/356/1
f 3637/357/1 4422/358/1 6820/359/1
f 3624/360/1 4423/361/1 6819/362/1
f 3640/363/2 4155/364/2 6818/365/2
f 3641/366/2 4426/367/2 6817/368/2
f 3453/369/2 4427/370/2 6816/371/2
f 3644/372/2 4154/373/2 6815/374/2
f 3645/375/2 4430/376/2 6814/377/2
f 3621/378/2 4431/379/2 6813/380/2
f 3648/381/2 3454/382/2 6812/383/2
f 3649/384/2 4434/385/2 6811/386/2
f 3620/387/2 4435/388/2 6810/389/2
f 3652/390/3 4151/391/3 6809/392/3
f 3653/393/3 4438/394/3 6808/395/3
f 3456/396/3 4439/397/3 6807/398/3
f 3656/399/3 4150/400/3 6806/401/3
f 3657/402/3 4442/403/3 6805/404/3
f 3617/405/3 4443/406/3 6804/407/3
f 3660/408/3 3937/409/3 6803/410/3
f 3661/411/3 4446/412/3 6802/413/3
f 3616/414/3 4447/415/3 6801/416/3
f 2989/417/40 935/10/48 1592/417/6
f 2988/417/57 957/10/48 2108/417/6
f 2987/96/40 566/22/48 2109/96/40
f 2986/418/57 934/29/48 1591/418/69
f 2985/418/37 958/29/48 2112/418/69
f 2984/199/57 933/30/48 2113/199/6
f 539/77/70 5469/419/5 1265/77/71
f 2983/418/57 959/29/57 2116/418/69
f 2982/199/40 932/30/48 2117/199/6
f 3664/420/7 4147/421/7 6800/422/7
f 3665/423/7 4450/424/7 6799/425/7
f 3458/426/7 4451/427/7 6798/428/7
f 3668/429/7 4146/430/7 6797/431/7
f 3669/432/7 4454/433/7 6796/434/7
f 3613/435/7 4455/436/7 6795/437/7
f 3672/438/7 3935/439/7 6794/440/7
f 3673/441/7 4458/442/7 6793/443/7
f 3612/444/7 4459/445/7 6792/446/7
f 3963/409/8 569/447/8 3459/409/8
f 3611/448/8 400/449/8 3387/448/8
f 3610/448/8 927/449/8 3611/448/8
f 14/22/1 18/22/1 411/10/1
f 18/22/1 17/31/1 189/30/1
f 1258/450/72 532/27/73 446/27/74
f 19/17/14 409/254/14 187/253/14
f 19/17/14 187/253/14 578/79/14
f 235/83/14 17/16/14 453/27/14
f 411/10/1 18/22/1 189/30/1
f 17/16/14 21/16/7 23/17/7
f 21/31/1 17/31/1 24/33/1
f 2972/261/10 925/18/6 1582/261/57
f 2971/261/43 963/18/6 2132/261/56
f 2970/82/10 573/15/6 2133/82/59
f 2969/52/43 924/23/59 1581/52/41
f 2968/52/43 964/23/59 2136/52/41
f 2967/239/43 923/72/59 2137/239/56
f 1254/24/39 574/23/10 94/24/10
f 312/24/40 1581/52/41 1719/24/41
f 924/23/59 5430/451/10 2139/23/41
f 966/20/13 1578/452/38 2140/452/33
f 696/20/46 2140/452/33 1394/452/33
f 90/17/12 2141/19/33 1858/19/38
f 2142/25/63 1577/453/50 2966/453/33
f 2143/25/71 2144/453/50 2965/453/33
f 5428/245/71 967/25/50 2143/25/71
f 524/26/9 2148/453/13 1250/26/75
f 2147/25/13 2148/453/13 2964/453/33
f 2147/25/13 2149/246/76 968/25/50
f 2150/21/7 378/83/7 1576/83/7
f 2151/21/7 915/83/7 2041/83/7
f 1761/16/7 969/21/7 2151/21/7
f 2152/27/7 304/28/7 1389/28/7
f 2153/27/7 689/28/7 1853/28/7
f 2041/83/7 970/27/7 2153/27/7
f 2154/27/7 98/28/14 1248/28/7
f 2155/27/7 520/28/7 1713/28/7
f 2040/83/7 971/27/7 2155/27/7
f 2156/10/1 377/30/1 1574/30/1
f 2157/10/1 911/30/1 2039/30/1
f 1762/22/1 972/10/1 2157/10/1
f 2158/29/1 300/77/1 1387/77/1
f 2159/29/1 685/77/1 1851/77/1
f 2039/30/1 973/29/1 2159/29/1
f 2160/29/1 100/77/1 1246/77/1
f 2161/29/1 516/77/1 1711/77/1
f 2038/30/1 974/29/1 2161/29/1
f 2162/18/8 376/72/8 1572/72/8
f 2163/18/8 907/72/8 2037/72/8
f 1763/15/8 975/18/8 2163/18/8
f 2164/23/8 296/24/8 1385/24/8
f 2165/23/8 681/24/8 1849/24/8
f 2037/72/8 976/23/8 2165/23/8
f 2166/23/8 102/24/8 1244/24/8
f 2167/23/8 512/24/8 1709/24/8
f 2036/72/8 977/23/8 2167/23/8
f 2168/20/3 375/236/3 1570/236/3
f 2169/20/3 903/236/3 2035/236/3
f 1760/17/3 978/20/3 2169/20/3
f 2170/25/3 292/26/3 1383/26/3
f 2171/25/3 677/26/3 1847/26/3
f 2035/236/3 979/25/3 2171/25/3
f 2172/25/3 103/26/3 1242/26/3
f 2173/25/3 508/26/3 1707/26/3
f 2034/236/3 980/25/3 2173/25/3
f 507/447/3 3461/409/3 3961/409/3
f 3959/355/8 585/454/8 3462/355/8
f 3609/455/8 416/456/8 3390/455/8
f 3608/455/8 901/456/8 3609/455/8
f 3957/457/8 461/76/8 3943/457/8
f 3607/458/8 630/237/8 4015/458/8
f 3606/458/8 899/237/8 3607/458/8
f 3955/382/8 587/459/8 3464/382/8
f 3605/460/8 418/461/8 3392/460/8
f 3604/460/8 897/461/8 3605/460/8
f 1233/81/29 464/76/29 1198/81/29
f 497/454/1 3466/355/1 3953/355/1
f 495/76/17 3945/457/17 3951/457/17
f 493/459/2 3467/382/2 3949/382/2
f 491/447/1 1773/462/1 1225/462/1
f 1223/463/30 594/459/30 1774/463/30
f 1221/462/31 592/447/31 1772/462/31
f 1219/464/32 595/454/32 1775/464/32
f 2174/465/8 1562/466/8 2963/467/8
f 2175/468/8 2176/469/8 2962/470/8
f 1206/81/8 2177/471/8 2961/472/8
f 2178/473/8 1561/474/8 2960/475/8
f 2179/476/8 2180/477/8 2959/478/8
f 2025/479/8 2181/480/8 2958/481/8
f 2182/482/8 1207/483/8 2957/484/8
f 2183/485/8 2184/486/8 2956/487/8
f 2024/488/8 2185/489/8 2955/490/8
f 479/454/3 1778/464/3 1213/464/3
f 477/76/2 1206/81/2 1211/81/2
f 475/459/17 1776/463/17 1209/463/17
f 474/491/17 1810/492/17 1208/492/17
f 638/491/17 1208/492/17 1808/492/17
f 594/459/17 1209/463/17 1774/463/17
f 476/18/2 1172/82/2 1210/82/2
f 420/18/2 1210/82/2 1164/82/2
f 464/76/2 1211/81/2 1198/81/2
f 478/493/3 1812/494/3 1212/494/3
f 639/493/3 1212/494/3 1809/494/3
f 595/454/3 1213/464/3 1775/464/3
f 2186/495/8 1558/496/8 2954/497/8
f 2187/498/8 2188/499/8 2953/500/8
f 1819/501/8 2189/502/8 2952/503/8
f 2190/504/8 1557/505/8 2951/506/8
f 2191/507/8 2192/508/8 2950/509/8
f 2021/510/8 2193/511/8 2949/512/8
f 2194/513/8 1173/514/8 2948/515/8
f 2195/516/8 2196/517/8 2947/518/8
f 2020/519/8 2197/520/8 2946/521/8
f 2198/522/8 1554/523/8 2945/524/8
f 2199/525/8 2200/526/8 2944/527/8
f 1820/528/8 2201/529/8 2943/530/8
f 2202/531/8 1553/532/8 2942/533/8
f 2203/534/8 2204/535/8 2941/536/8
f 2017/537/8 2205/538/8 2940/539/8
f 2206/540/8 1216/541/8 2939/542/8
f 2207/543/8 2208/544/8 2938/545/8
f 2016/546/8 2209/547/8 2937/548/8
f 2210/549/8 1550/550/8 2936/551/8
f 2211/552/8 2212/553/8 2935/554/8
f 1172/82/8 2213/555/8 2934/556/8
f 2214/557/8 1549/558/8 2933/559/8
f 2215/560/8 2216/561/8 2932/562/8
f 2013/563/8 2217/564/8 2931/565/8
f 2218/566/8 1217/567/8 2930/568/8
f 2219/569/8 2220/570/8 2929/571/8
f 2012/572/8 2221/573/8 2928/574/8
f 484/493/32 1809/494/32 1218/494/32
f 634/493/32 484/493/32 1218/494/32
f 3466/355/32 485/454/32 1219/464/32
f 486/575/31 1806/576/31 1220/576/31
f 628/575/31 486/575/31 1220/576/31
f 3461/409/31 487/447/31 1221/462/31
f 488/491/30 1808/492/30 1222/492/30
f 635/491/30 488/491/30 1222/492/30
f 3467/382/30 489/459/30 1223/463/30
f 490/575/1 1807/576/1 1224/576/1
f 636/575/1 1224/576/1 1806/576/1
f 592/447/1 1225/462/1 1772/462/1
f 492/491/2 3487/577/2 3948/577/2
f 631/491/2 3948/577/2 3484/577/2
f 587/459/2 3949/382/2 3464/382/2
f 494/18/17 3925/578/17 3950/578/17
f 417/18/17 3950/578/17 3923/578/17
f 461/76/17 3951/457/17 3943/457/17
f 496/493/1 3486/579/1 3952/579/1
f 629/493/1 3952/579/1 3482/579/1
f 585/454/1 3953/355/1 3462/355/1
f 498/18/29 1164/82/29 1232/82/29
f 419/18/29 498/18/29 1232/82/29
f 3945/457/29 499/76/29 1233/81/29
f 669/580/8 3412/581/8 4026/581/8
f 500/491/8 4135/577/8 3954/577/8
f 879/491/8 4134/577/8 4135/577/8
f 436/580/8 4026/581/8 3402/581/8
f 605/491/8 4133/577/8 3474/577/8
f 877/491/8 4132/577/8 4133/577/8
f 3454/382/8 501/459/8 3955/382/8
f 3599/460/8 670/461/8 4027/460/8
f 3598/460/8 875/461/8 3599/460/8
f 671/23/8 3995/451/8 4028/451/8
f 502/18/8 4129/578/8 3956/578/8
f 873/18/8 4128/578/8 4129/578/8
f 572/23/8 4028/451/8 3992/451/8
f 403/18/8 4127/578/8 3920/578/8
f 871/18/8 4126/578/8 4127/578/8
f 3940/457/8 503/76/8 3957/457/8
f 3593/458/8 672/237/8 4029/458/8
f 3592/458/8 869/237/8 3593/458/8
f 673/582/8 3410/583/8 4030/583/8
f 504/493/8 4123/579/8 3958/579/8
f 867/493/8 4122/579/8 4123/579/8
f 433/582/8 4030/583/8 3399/583/8
f 602/493/8 4121/579/8 3471/579/8
f 865/493/8 4120/579/8 4121/579/8
f 3451/355/8 505/454/8 3959/355/8
f 3587/455/8 674/456/8 4031/455/8
f 3586/455/8 863/456/8 3587/455/8
f 506/575/3 3481/584/3 3960/584/3
f 613/575/3 3960/584/3 3479/584/3
f 569/447/3 3961/409/3 3459/409/3
f 2222/75/3 370/248/3 1528/248/3
f 2223/75/3 859/248/3 1993/248/3
f 1847/26/3 993/75/3 2223/75/3
f 2224/252/3 190/15/3 1299/15/3
f 2225/252/3 581/15/3 1763/15/3
f 1993/248/3 994/252/3 2225/252/3
f 2226/252/3 16/15/3 1158/15/3
f 2227/252/3 412/15/3 1623/15/3
f 1992/248/3 995/252/3 2227/252/3
f 2228/75/3 369/248/3 1526/248/3
f 2229/75/3 855/248/3 1991/248/3
f 1848/26/3 996/75/3 2229/75/3
f 2230/252/3 238/15/3 1333/15/3
f 2231/252/3 625/15/3 1797/15/3
f 1991/248/3 997/252/3 2231/252/3
f 2232/252/3 101/15/3 1192/15/3
f 2233/252/3 456/15/3 1657/15/3
f 1990/248/3 998/252/3 2233/252/3
f 2234/20/3 368/236/3 1524/236/3
f 2235/20/3 851/236/3 1989/236/3
f 1794/17/3 999/20/3 2235/20/3
f 2236/25/3 293/26/3 1384/26/3
f 2237/25/3 678/26/3 1848/26/3
f 1989/236/3 1000/25/3 2237/25/3
f 2238/25/3 149/26/3 1243/26/3
f 2239/25/3 509/26/3 1708/26/3
f 1988/236/3 1001/25/3 2239/25/3
f 2240/76/8 367/238/8 1522/238/8
f 2241/76/8 847/238/8 1987/238/8
f 1849/24/8 1002/76/8 2241/76/8
f 2242/237/8 188/34/8 1298/34/8
f 2243/237/8 579/34/8 1762/34/8
f 1987/238/8 1003/237/8 2243/237/8
f 2244/237/8 14/34/8 1157/34/8
f 2245/237/8 410/34/8 1622/34/8
f 1986/238/8 1004/237/8 2245/237/8
f 2246/76/8 366/238/8 1520/238/8
f 2247/76/8 843/238/8 1985/238/8
f 1850/24/8 1005/76/8 2247/76/8
f 2248/237/8 236/34/8 1332/34/8
f 2249/237/8 623/34/8 1796/34/8
f 1985/238/8 1006/237/8 2249/237/8
f 2250/237/8 99/34/8 1191/34/8
f 2251/237/8 454/34/8 1656/34/8
f 1984/238/8 1007/237/8 2251/237/8
f 2252/18/8 365/72/8 1518/72/8
f 2253/18/8 839/72/8 1983/72/8
f 1797/15/8 1008/18/8 2253/18/8
f 2254/23/8 297/24/8 1386/24/8
f 2255/23/8 682/24/8 1850/24/8
f 1983/72/8 1009/23/8 2255/23/8
f 2256/23/8 150/24/8 1245/24/8
f 2257/23/8 513/24/8 1710/24/8
f 1982/72/8 1010/23/8 2257/23/8
f 2258/78/1 364/203/1 1516/203/1
f 2259/78/1 835/203/1 1981/203/1
f 1851/77/1 1011/78/1 2259/78/1
f 2260/235/1 186/31/1 1297/31/1
f 2261/235/1 577/31/1 1761/31/1
f 1981/203/1 1012/235/1 2261/235/1
f 2262/235/1 13/31/1 1156/31/1
f 2263/235/1 408/31/1 1621/31/1
f 1980/203/1 1013/235/1 2263/235/1
f 2264/78/1 363/203/1 1514/203/1
f 2265/78/1 831/203/1 1979/203/1
f 1852/77/1 1014/78/1 2265/78/1
f 2266/235/1 234/31/1 1331/31/1
f 2267/235/1 621/31/1 1795/31/1
f 1979/203/1 1015/235/1 2267/235/1
f 2268/235/1 97/31/1 1190/31/1
f 2269/235/1 452/31/1 1655/31/1
f 1978/203/1 1016/235/1 2269/235/1
f 2270/10/1 362/30/1 1512/30/1
f 2271/10/1 827/30/1 1977/30/1
f 1796/22/1 1017/10/1 2271/10/1
f 2272/29/1 301/77/1 1388/77/1
f 2273/29/1 686/77/1 1852/77/1
f 1977/30/1 1018/29/1 2273/29/1
f 2274/29/1 151/77/1 1247/77/1
f 2275/29/1 517/77/1 1712/77/1
f 1976/30/1 1019/29/1 2275/29/1
f 2276/79/7 361/253/7 1510/253/7
f 2277/79/7 823/253/7 1975/253/7
f 1853/28/7 1020/79/7 2277/79/7
f 2278/254/7 185/17/7 1296/17/7
f 2279/254/7 576/17/7 1760/17/7
f 1975/253/7 1021/254/7 2279/254/7
f 2280/254/7 15/17/14 1155/17/7
f 2281/254/7 407/17/7 1620/17/7
f 1974/253/7 1022/254/7 2281/254/7
f 2282/79/7 360/253/7 1508/253/7
f 2283/79/7 819/253/7 1973/253/7
f 1854/28/7 1023/79/7 2283/79/7
f 2284/254/7 233/17/7 1330/17/7
f 2285/254/7 620/17/7 1794/17/7
f 1973/253/7 1024/254/7 2285/254/7
f 2286/254/7 96/17/7 1189/17/7
f 2287/254/7 451/17/7 1654/17/7
f 1972/253/7 1025/254/7 2287/254/7
f 2288/21/7 359/83/7 1506/83/7
f 2289/21/7 815/83/7 1971/83/7
f 1795/16/7 1026/21/7 2289/21/7
f 2290/27/7 305/28/7 1390/28/7
f 2291/27/7 690/28/7 1854/28/7
f 1971/83/7 1027/27/7 2291/27/7
f 2292/27/7 152/28/7 1249/28/7
f 2293/27/7 521/28/7 1714/28/7
f 1970/83/7 1028/27/7 2293/27/7
f 2294/75/60 1504/585/66 2927/585/9
f 2295/75/41 2296/585/42 2926/585/48
f 1855/26/53 2297/80/58 2925/80/9
f 2298/252/59 1503/586/42 2924/586/48
f 2299/252/58 2300/586/42 2923/586/48
f 1967/248/65 2301/249/42 2922/249/48
f 404/15/59 2304/586/77 1154/15/9
f 2303/252/64 2304/586/77 2921/586/48
f 1966/248/78 2305/249/64 2920/249/48
f 2306/75/43 4117/587/59 5423/587/37
f 2307/75/5 4460/587/59 5421/587/37
f 1856/26/34 4461/251/58 5419/251/37
f 2310/252/61 4116/588/40 5417/588/37
f 2311/252/79 4462/588/40 5415/588/37
f 1963/248/43 4463/250/59 5413/250/37
f 2314/252/60 1252/586/40 2913/586/9
f 2315/252/59 1034/252/40 2316/586/61
f 1962/248/40 806/248/9 2317/249/41
f 1035/20/80 4115/589/38 4464/589/44
f 607/20/44 4464/589/44 4008/589/44
f 5/17/12 4465/247/33 4260/247/44
f 2320/25/48 4114/590/66 5407/590/37
f 2321/25/48 4466/590/66 5405/590/37
f 5401/245/57 2323/246/9 3683/245/58
f 2324/25/63 1253/453/50 2908/453/33
f 2325/25/11 1037/25/76 2326/453/81
f 5397/245/66 1037/25/76 2325/25/11
f 2328/76/10 1494/260/60 2906/260/40
f 2329/76/10 2330/260/60 2905/260/40
f 1859/24/10 2331/81/61 2904/81/40
f 2332/237/47 1493/44/6 2903/44/40
f 2333/237/47 2334/44/6 2902/44/40
f 1957/238/10 2335/242/60 2901/242/40
f 2336/237/40 10/34/61 1150/34/40
f 173/34/48 1493/44/6 1615/34/6
f 800/237/40 1958/242/60 2337/237/60
f 2338/76/6 4113/591/4 5392/591/10
f 2339/76/60 4468/591/4 5390/591/10
f 1860/24/10 4469/244/61 5388/244/10
f 2342/237/69 4112/592/60 5386/592/10
f 2343/237/6 4470/592/60 5384/592/10
f 1953/238/6 4471/243/4 5382/243/10
f 2346/237/10 1256/44/6 2894/44/40
f 2347/237/10 2348/44/6 2893/44/40
f 1952/238/60 2349/242/4 2892/242/40
f 5380/593/60 793/18/43 4111/593/77
f 5378/593/58 1044/18/40 4472/593/47
f 5376/241/68 617/15/6 4473/241/59
f 5374/594/59 792/23/58 4110/594/41
f 5372/594/59 1045/23/42 4474/594/41
f 5370/240/59 791/72/40 4475/240/79
f 2885/52/47 531/23/6 1257/52/37
f 2884/52/79 1046/23/6 2360/52/41
f 2883/239/5 790/72/40 2361/239/47
f 18/34/15 14/34/15 626/237/15
f 15/17/3 19/17/3 627/20/3
f 155/28/82 91/28/74 571/79/74
f 2663/19/11 401/17/12 11/17/12
f 619/20/13 1133/20/33 2663/19/11
f 20/15/3 16/15/3 414/252/3
f 16/15/15 20/15/15 413/18/15
f 1155/17/3 15/17/3 627/20/3
f 20/15/3 414/252/3 192/248/3
f 27/31/1 24/33/1 30/40/1
f 583/75/3 103/26/3 19/17/3
f 22/32/1 25/22/1 28/39/1
f 191/72/15 20/15/15 582/23/15
f 413/18/15 20/15/15 191/72/15
f 18/34/15 239/238/15 457/76/15
f 240/236/3 19/17/3 458/25/3
f 19/17/3 20/15/3 192/248/3
f 192/248/3 583/75/3 19/17/3
f 6895/38/2 32/15/2 31/34/2
f 6895/38/3 26/15/83 6892/36/16
f 32/15/19 36/15/19 34/34/19
f 20/15/3 19/17/3 6893/35/3
f 6892/36/3 20/15/3 6893/35/3
f 17/31/1 100/77/1 580/29/1
f 6892/36/16 6893/35/3 6894/37/3
f 17/31/1 455/78/1 100/77/1
f 17/31/1 237/203/1 455/78/1
f 702/595/8 3407/596/8 4034/596/8
f 533/575/8 4109/584/8 3962/584/8
f 789/575/8 4108/584/8 4109/584/8
f 564/595/8 4034/596/8 3989/596/8
f 395/575/8 4107/584/8 3917/584/8
f 787/575/8 4106/584/8 4107/584/8
f 3937/409/8 534/447/8 3963/409/8
f 3573/448/8 703/449/8 4035/448/8
f 3572/448/8 785/449/8 3573/448/8
f 3692/597/7 4103/598/7 6791/599/7
f 3693/600/7 4478/601/7 6790/602/7
f 3504/603/7 4479/604/7 6789/605/7
f 3696/606/7 4102/607/7 6788/608/7
f 3697/609/7 4482/610/7 6787/611/7
f 3569/612/7 4483/613/7 6786/614/7
f 3700/615/7 3915/616/7 6785/617/7
f 3701/618/7 4486/619/7 6784/620/7
f 3568/621/7 4487/622/7 6783/623/7
f 3704/624/7 4099/625/7 6782/626/7
f 3705/627/7 4490/628/7 6781/629/7
f 3505/630/7 4491/631/7 6780/632/7
f 3708/633/7 4098/634/7 6779/635/7
f 3709/636/7 4494/637/7 6778/638/7
f 3565/639/7 4495/640/7 6777/641/7
f 3712/642/7 3966/643/7 6776/644/7
f 3713/645/7 4498/646/7 6775/647/7
f 3564/648/7 4499/649/7 6774/650/7
f 3716/651/7 4095/652/7 6773/653/7
f 3717/654/7 4502/655/7 6772/656/7
f 3478/657/7 4503/658/7 6771/659/7
f 3720/660/7 4094/661/7 6770/662/7
f 3721/663/7 4506/664/7 6769/665/7
f 3561/666/7 4507/667/7 6768/668/7
f 3724/669/7 3967/670/7 6767/671/7
f 3725/672/7 4510/673/7 6766/674/7
f 3560/675/7 4511/676/7 6765/677/7
f 2400/678/53 1056/78/84 2398/78/85
f 1407/678/76 710/78/84 2399/78/86
f 2855/95/50 708/77/45 2401/95/46
f 2402/679/50 770/235/33 1463/679/51
f 1267/679/50 1057/235/33 2402/679/50
f 1731/202/51 769/203/45 2403/202/55
f 2404/679/55 611/235/37 9/31/49
f 1463/679/51 1058/235/45 2404/679/55
f 1928/202/51 768/203/54 2405/202/53
f 4512/680/50 2406/78/63 2408/678/76
f 3396/680/33 2407/78/63 5252/680/46
f 5251/205/55 709/77/45 4513/205/46
f 4514/681/55 766/235/33 4090/681/51
f 3468/681/33 1060/235/33 4514/681/55
f 3216/204/33 765/203/33 4515/204/38
f 2412/679/50 541/235/33 1267/679/50
f 4090/681/51 1061/235/33 2412/679/50
f 4342/204/13 348/203/33 764/203/87
f 5249/682/66 763/10/44 4089/682/40
f 5247/682/88 1062/10/45 4516/682/6
f 5245/201/9 610/22/48 4517/201/40
f 5243/683/38 762/29/45 4088/683/71
f 5241/683/38 1063/29/33 4518/683/71
f 5239/200/49 761/30/45 4519/200/62
f 2847/418/68 542/29/48 1268/418/69
f 5237/683/41 2423/29/79 1064/29/59
f 5235/200/76 1922/30/43 760/30/65
f 3736/684/3 4087/685/3 6764/686/3
f 3737/687/3 4522/688/3 6763/689/3
f 3508/690/3 4523/691/3 6762/692/3
f 3740/693/3 4086/694/3 6761/695/3
f 3741/696/3 4526/697/3 6760/698/3
f 3553/699/3 4527/700/3 6759/701/3
f 3744/702/3 3917/584/3 6758/703/3
f 3745/704/3 4530/705/3 6757/706/3
f 3552/707/3 4531/708/3 6756/709/3
f 3748/710/3 4083/711/3 6755/712/3
f 3749/713/3 4534/714/3 6754/715/3
f 3509/716/3 4535/717/3 6753/718/3
f 3752/719/3 4082/720/3 6752/721/3
f 3753/722/3 4538/723/3 6751/724/3
f 3549/725/3 4539/726/3 6750/727/3
f 3756/728/3 3970/729/3 6749/730/3
f 3757/731/3 4542/732/3 6748/733/3
f 3548/734/3 4543/735/3 6747/736/3
f 3760/737/3 4079/738/3 6746/739/3
f 3761/740/3 4546/741/3 6745/742/3
f 3476/743/3 4547/744/3 6744/745/3
f 3764/746/3 4078/747/3 6743/748/3
f 3765/749/3 4550/750/3 6742/751/3
f 3545/752/3 4551/753/3 6741/754/3
f 3768/755/3 3971/756/3 6740/757/3
f 3769/758/3 4554/759/3 6739/760/3
f 3544/761/3 4555/762/3 6738/763/3
f 3772/764/2 4075/765/2 6737/766/2
f 3773/767/2 4558/768/2 6736/769/2
f 3512/770/2 4559/771/2 6735/772/2
f 3776/773/2 4074/774/2 6734/775/2
f 3777/776/2 4562/777/2 6733/778/2
f 3541/779/2 4563/780/2 6732/781/2
f 3780/782/2 3474/577/2 6731/783/2
f 3781/784/2 4566/785/2 6730/786/2
f 3540/787/2 4567/788/2 6729/789/2
f 3784/790/2 4071/791/2 6728/792/2
f 3785/793/2 4570/794/2 6727/795/2
f 3513/796/2 4571/797/2 6726/798/2
f 3788/799/2 4070/800/2 6725/801/2
f 3789/802/2 4574/803/2 6724/804/2
f 3537/805/2 4575/806/2 6723/807/2
f 3792/808/2 3974/809/2 6722/810/2
f 3793/811/2 4578/812/2 6721/813/2
f 3536/814/2 4579/815/2 6720/816/2
f 3796/817/2 4067/818/2 6719/819/2
f 3797/820/2 4582/821/2 6718/822/2
f 3473/823/2 4583/824/2 6717/825/2
f 3800/826/2 4066/827/2 6716/828/2
f 3801/829/2 4586/830/2 6715/831/2
f 3533/832/2 4587/833/2 6714/834/2
f 3804/835/2 3975/836/2 6713/837/2
f 3805/838/2 4590/839/2 6712/840/2
f 3532/841/2 4591/842/2 6711/843/2
f 3808/844/1 4063/845/1 6710/846/1
f 3809/847/1 4594/848/1 6709/849/1
f 3516/850/1 4595/851/1 6708/852/1
f 3812/853/1 4062/854/1 6707/855/1
f 3813/856/1 4598/857/1 6706/858/1
f 3529/859/1 4599/860/1 6705/861/1
f 3816/862/1 3471/579/1 6704/863/1
f 3817/864/1 4602/865/1 6703/866/1
f 3528/867/1 4603/868/1 6702/869/1
f 3820/870/1 4059/871/1 6701/872/1
f 3821/873/1 4606/874/1 6700/875/1
f 3517/876/1 4607/877/1 6699/878/1
f 3824/879/1 4058/880/1 6698/881/1
f 3825/882/1 4610/883/1 6697/884/1
f 3525/885/1 4611/886/1 6696/887/1
f 3828/888/1 3978/889/1 6695/890/1
f 3829/891/1 4614/892/1 6694/893/1
f 3524/894/1 4615/895/1 6693/896/1
f 3832/897/1 4055/898/1 6692/899/1
f 3833/900/1 4618/901/1 6691/902/1
f 3470/903/1 4619/904/1 6690/905/1
f 3836/906/1 4054/907/1 6689/908/1
f 3837/909/1 4622/910/1 6688/911/1
f 3521/912/1 4623/913/1 6687/914/1
f 3840/915/1 3979/916/1 6686/917/1
f 3841/918/1 4626/919/1 6685/920/1
f 3520/921/1 4627/922/1 6684/923/1
f 3844/924/1 4051/925/1 6683/926/1
f 3845/927/1 4630/928/1 6682/929/1
f 3398/930/1 4631/931/1 6681/932/1
f 3848/933/1 4050/934/1 6680/935/1
f 3849/936/1 4634/937/1 6679/938/1
f 3445/939/1 4635/940/1 6678/941/1
f 3852/942/1 3399/583/1 6677/943/1
f 3853/944/1 4638/945/1 6676/946/1
f 3444/947/1 4639/948/1 6675/949/1
f 3856/950/2 4047/951/2 6674/952/2
f 3857/953/2 4642/954/2 6673/955/2
f 3401/956/2 4643/957/2 6672/958/2
f 3860/959/2 4046/960/2 6671/961/2
f 3861/962/2 4646/963/2 6670/964/2
f 3441/965/2 4647/966/2 6669/967/2
f 3864/968/2 3402/581/2 6668/969/2
f 3865/970/2 4650/971/2 6667/972/2
f 3440/973/2 4651/974/2 6666/975/2
f 3868/976/3 4043/977/3 6665/978/3
f 3869/979/3 4654/980/3 6664/981/3
f 3404/245/3 4655/982/3 6663/983/3
f 3872/984/3 4042/985/3 6662/986/3
f 3873/987/3 4658/988/3 6661/989/3
f 3437/990/3 4659/991/3 6660/992/3
f 3876/993/3 3989/596/3 6659/994/3
f 3877/995/3 4662/996/3 6658/997/3
f 3436/998/3 4663/999/3 6657/1000/3
f 2736/417/48 711/10/48 1408/417/6
f 4801/682/61 2571/10/59 1101/10/37
f 4799/201/61 1649/22/43 441/22/44
f 2576/678/76 1102/78/84 2574/78/86
f 4091/680/55 2575/78/63 1462/678/76
f 4793/205/76 1730/77/75 540/77/64
f 2580/678/41 1103/78/41 2578/78/44
f 1464/678/53 771/78/61 2579/78/9
f 2732/95/37 539/77/70 2581/95/43
f 3880/1001/7 4039/1002/7 6656/1003/7
f 3881/1004/7 4666/1005/7 6655/1006/7
f 3406/1007/7 4667/1008/7 6654/1009/7
f 3884/1010/7 4038/1011/7 6653/1012/7
f 3885/1013/7 4670/1014/7 6652/1015/7
f 3433/1016/7 4671/1017/7 6651/1018/7
f 3888/1019/7 3987/1020/7 6650/1021/7
f 3889/1022/7 4674/1023/7 6649/1024/7
f 3432/1025/7 4675/1026/7 6648/1027/7
f 4009/448/8 784/449/8 3572/448/8
f 786/575/8 3962/584/8 4106/584/8
f 788/575/8 3479/584/8 4108/584/8
f 13/16/14 17/16/14 622/21/14
f 17/16/14 19/17/14 98/28/14
f 19/17/14 15/17/14 409/254/14
f 4287/8/8 88/15/8 177/15/8
f 1157/22/1 14/22/1 411/10/1
f 18/34/15 457/76/15 102/24/15
f 3126/1/1 4/41/1 3127/2/1
f 3132/7/3 6/15/3 4261/8/3
f 1136/10/4 2673/96/5 5854/11/5
f 2722/261/56 700/18/6 1398/261/57
f 2721/261/56 1107/18/43 2596/261/77
f 2720/82/56 448/15/44 2597/82/59
f 2598/76/60 1397/260/60 2719/260/10
f 2599/76/60 2600/260/4 2718/260/10
f 1720/24/9 2601/81/61 2717/81/10
f 2602/76/40 231/238/10 1491/238/10
f 355/238/40 1494/260/60 1956/238/60
f 801/76/40 1959/81/41 2603/76/41
f 1110/20/46 1394/452/33 2604/452/33
f 4115/589/38 1110/20/46 2604/452/33
f 4367/247/49 445/17/12 2605/19/33
f 2606/75/48 1393/585/40 2716/585/37
f 2607/75/4 1111/75/9 2608/585/56
f 1716/26/65 525/26/42 2609/80/56
f 810/248/45 2612/585/12 1501/248/42
f 2611/75/51 2612/585/12 2713/585/33
f 1715/26/34 2613/80/34 2712/80/9
f 2614/21/7 307/83/7 1505/83/7
f 2615/21/7 814/83/7 1970/83/7
f 1655/16/7 1113/21/7 2615/21/7
f 2616/79/7 306/253/7 1507/253/7
f 2617/79/7 818/253/7 1972/253/7
f 1714/28/7 1114/79/7 2617/79/7
f 2618/79/7 187/253/14 1509/253/7
f 2619/79/7 822/253/7 1974/253/7
f 1713/28/7 1115/79/7 2619/79/7
f 2620/10/1 303/30/1 1511/30/1
f 2621/10/1 826/30/1 1976/30/1
f 1656/22/1 1116/10/1 2621/10/1
f 2622/78/1 302/203/1 1513/203/1
f 2623/78/1 830/203/1 1978/203/1
f 1712/77/1 1117/78/1 2623/78/1
f 2624/78/1 237/203/1 1515/203/1
f 2625/78/1 834/203/1 1980/203/1
f 1711/77/1 1118/78/1 2625/78/1
f 2626/18/8 299/72/8 1517/72/8
f 2627/18/8 838/72/8 1982/72/8
f 1657/15/8 1119/18/8 2627/18/8
f 2628/76/8 298/238/8 1519/238/8
f 2629/76/8 842/238/8 1984/238/8
f 1710/24/8 1120/76/8 2629/76/8
f 2630/76/8 239/238/8 1521/238/8
f 2631/76/8 846/238/8 1986/238/8
f 1709/24/8 1121/76/8 2631/76/8
f 2632/20/3 295/236/3 1523/236/3
f 2633/20/3 850/236/3 1988/236/3
f 1654/17/3 1122/20/3 2633/20/3
f 2634/75/3 294/248/3 1525/248/3
f 2635/75/3 854/248/3 1990/248/3
f 1708/26/3 1123/75/3 2635/75/3
f 2636/75/3 192/248/3 1527/248/3
f 2637/75/3 858/248/3 1992/248/3
f 1707/26/3 1124/75/3 2637/75/3
f 400/449/3 4033/448/3 3387/448/3
f 444/595/3 4032/596/3 3407/596/3
f 675/595/3 3409/596/3 4032/596/3
f 3379/455/8 862/456/8 3586/455/8
f 864/493/8 3958/579/8 4120/579/8
f 866/493/8 3482/579/8 4122/579/8
f 4012/458/8 868/237/8 3592/458/8
f 870/18/8 3956/578/8 4126/578/8
f 872/18/8 3923/578/8 4128/578/8
f 3382/460/8 874/461/8 3598/460/8
f 876/491/8 3954/577/8 4132/577/8
f 878/491/8 3484/577/8 4134/577/8
f 4017/458/29 632/237/29 668/237/29
f 3997/451/29 667/23/29 1373/239/29
f 667/23/29 1305/239/29 1373/239/29
f 416/456/1 4025/455/1 3390/455/1
f 460/582/1 4024/583/1 3410/583/1
f 665/582/1 3414/583/1 4024/583/1
f 630/237/17 4023/458/17 4015/458/17
f 586/23/17 4022/451/17 3995/451/17
f 663/23/17 3997/451/17 4022/451/17
f 418/461/2 4021/460/2 3392/460/2
f 462/580/2 4020/581/2 3412/581/2
f 661/580/2 3415/581/2 4020/581/2
f 423/449/1 1366/1028/1 1632/1028/1
f 467/595/1 1365/1029/1 1666/1029/1
f 659/595/1 1667/1029/1 1365/1029/1
f 3395/460/30 422/461/30 658/461/30
f 3415/581/30 657/580/30 1363/1030/30
f 657/580/30 1668/1030/30 1363/1030/30
f 3389/448/31 415/449/31 656/449/31
f 3409/596/31 655/595/31 1361/1029/31
f 655/595/31 1666/1029/31 1361/1029/31
f 3394/455/32 421/456/32 654/456/32
f 3414/583/32 653/582/32 1359/1031/32
f 653/582/32 1669/1031/32 1359/1031/32
f 2638/1032/8 1358/1033/8 2711/1034/8
f 2639/1035/8 2640/1036/8 2710/1037/8
f 1313/239/8 2641/1038/8 2709/1039/8
f 2642/1040/8 1357/1041/8 2708/1042/8
f 2643/1043/8 2644/1044/8 2707/1045/8
f 1680/1046/8 2645/1047/8 2706/1048/8
f 2646/1049/8 1314/1050/8 2705/1051/8
f 2647/1052/8 2648/1053/8 2704/1054/8
f 1679/1055/8 2649/1056/8 2703/1057/8
f 426/456/3 1354/1058/3 1635/1058/3
f 470/582/3 1353/1031/3 1669/1031/3
f 647/582/3 1672/1031/3 1353/1031/3
f 633/237/2 1352/242/2 1339/242/2
f 589/23/2 1351/239/2 1305/239/2
f 645/23/2 1313/239/2 1351/239/2
f 425/461/17 1350/1059/17 1634/1059/17
f 469/580/17 1349/1030/17 1668/1030/17
f 643/580/17 1670/1030/17 1349/1030/17
f 644/461/17 1636/1059/17 1350/1059/17
f 646/237/2 1347/242/2 1352/242/2
f 648/456/3 1638/1058/3 1354/1058/3
f 2650/1060/8 1348/1061/8 2702/1062/8
f 2651/1063/8 2652/1064/8 2701/1065/8
f 1347/242/8 2653/1066/8 2700/1067/8
f 1360/1058/32 426/456/32 1635/1058/32
f 1362/1028/31 423/449/31 1632/1028/31
f 1364/1059/30 425/461/30 1634/1059/30
f 660/449/1 1633/1028/1 1366/1028/1
f 662/461/2 3395/460/2 4021/460/2
f 664/237/17 4017/458/17 4023/458/17
f 666/456/1 3394/455/1 4025/455/1
f 1374/242/29 633/237/29 1339/242/29
f 4027/460/8 896/461/8 3604/460/8
f 4029/458/8 898/237/8 3606/458/8
f 4031/455/8 900/456/8 3608/455/8
f 676/449/3 3389/448/3 4033/448/3
f 2654/20/3 240/236/3 1569/236/3
f 2655/20/3 902/236/3 2034/236/3
f 1620/17/3 1129/20/3 2655/20/3
f 2656/18/8 191/72/8 1571/72/8
f 2657/18/8 906/72/8 2036/72/8
f 1623/15/8 1130/18/8 2657/18/8
f 2658/10/1 189/30/1 1573/30/1
f 2659/10/1 910/30/1 2038/30/1
f 1622/22/1 1131/10/1 2659/10/1
f 2660/21/7 235/83/14 1575/83/7
f 2661/21/7 914/83/7 2040/83/7
f 1621/16/7 1132/21/7 2661/21/7
f 1133/20/33 619/20/13 232/236/13
f 921/20/13 2662/452/38 1578/452/38
f 179/17/12 2663/19/11 2043/19/38
f 1579/72/43 405/18/10 183/72/10
f 380/72/59 4744/71/39 2044/72/56
f 925/18/6 4742/578/9 2665/18/56
f 17/31/1 18/22/1 24/33/1
f 20/15/8 6892/36/8 22/34/8
f 6892/36/16 26/15/83 25/34/2
f 4035/448/8 926/449/8 3610/448/8
f 3892/1068/7 4007/1069/7 6647/1070/7
f 3893/1071/7 4678/1072/7 6646/1073/7
f 3386/1074/7 4679/1075/7 6645/1076/7
f 932/30/48 4728/1077/5 1589/30/6
f 2696/417/4 1136/10/4 2672/417/6
f 2695/96/4 397/22/48 2673/96/5
f 3896/1078/3 4009/448/3 6644/1079/3
f 3897/1080/3 4682/1081/3 6643/1082/3
f 3384/1083/3 4683/1084/3 6642/1085/3
f 3900/1086/2 3382/460/2 6641/1087/2
f 3901/1088/2 4686/1089/2 6640/1090/2
f 3381/1091/2 4687/1092/2 6639/1093/2
f 3904/1094/1 3379/455/1 6638/1095/1
f 3905/1096/1 4690/1097/1 6637/1098/1
f 3378/1099/1 4691/1100/1 6636/1101/1
f 4692/1102/1 3907/1103/1 6635/1104/1
f 4693/1105/1 4694/1106/1 6634/1107/1
f 4162/1108/1 4695/1109/1 6633/1110/1
f 4696/1111/1 3906/1112/1 6632/1113/1
f 4697/1114/1 4698/1115/1 6631/1116/1
f 4689/1117/1 4699/1118/1 6630/1119/1
f 4700/1120/1 4163/1121/1 6629/1122/1
f 4701/1123/1 4702/1124/1 6628/1125/1
f 4688/1126/1 4703/1127/1 6627/1128/1
f 4704/1129/2 3903/1130/2 6626/1131/2
f 4705/1132/2 4706/1133/2 6625/1134/2
f 4165/1135/2 4707/1136/2 6624/1137/2
f 4708/1138/2 3902/1139/2 6623/1140/2
f 4709/1141/2 4710/1142/2 6622/1143/2
f 4685/1144/2 4711/1145/2 6621/1146/2
f 4712/1147/2 4166/1148/2 6620/1149/2
f 4713/1150/2 4714/1151/2 6619/1152/2
f 4684/1153/2 4715/1154/2 6618/1155/2
f 4716/1156/3 3899/1157/3 6617/1158/3
f 4717/1159/3 4718/1160/3 6616/1161/3
f 4168/250/3 4719/1162/3 6615/1163/3
f 4720/1164/3 3898/1165/3 6614/1166/3
f 4721/1167/3 4722/1168/3 6613/1169/3
f 4681/1170/3 4723/1171/3 6612/1172/3
f 4724/1173/3 3225/1174/3 6611/1175/3
f 4725/1176/3 4726/1177/3 6610/1178/3
f 4680/1179/3 4727/1180/3 6609/1181/3
f 2671/10/4 2673/96/5 1136/10/4
f 935/10/48 2695/96/4 2671/10/4
f 2057/96/6 1615/22/6 2695/96/4
f 2054/30/40 2672/417/6 932/30/48
f 382/30/48 2696/417/4 2054/30/40
f 1592/417/6 2671/10/4 2696/417/4
f 4728/1077/5 2670/10/6 4729/417/58
f 2672/417/6 1136/10/4 2670/10/6
f 1589/30/6 4729/417/58 398/10/37
f 4730/1182/7 3895/1183/7 6608/1184/7
f 4731/1185/7 4732/1186/7 6607/1187/7
f 4170/1188/7 4733/1189/7 6606/1190/7
f 4734/1191/7 3894/1192/7 6605/1193/7
f 4735/1194/7 4736/1195/7 6604/1196/7
f 4677/1197/7 4737/1198/7 6603/1199/7
f 4738/1200/7 3223/1201/7 6602/1202/7
f 4739/1203/7 4740/1204/7 6601/1205/7
f 4676/1206/7 4741/1207/7 6600/1208/7
f 3251/1174/8 2048/1028/8 4394/1174/8
f 4742/578/9 1619/15/41 4743/82/68
f 2047/82/40 182/15/6 1619/15/41
f 2665/18/56 4743/82/68 404/15/59
f 4744/71/39 2665/18/56 4745/261/60
f 1582/261/57 925/18/6 2665/18/56
f 2044/72/56 4745/261/60 1134/18/69
f 922/72/43 2664/18/5 1579/72/43
f 2043/19/38 1133/20/33 921/20/13
f 1578/452/38 918/236/67 379/236/33
f 186/16/7 2661/21/7 917/21/7
f 917/21/7 2040/83/7 378/83/7
f 1132/21/7 1575/83/7 914/83/7
f 188/22/1 2659/10/1 913/10/1
f 913/10/1 2038/30/1 377/30/1
f 1131/10/1 1573/30/1 910/30/1
f 190/15/8 2657/18/8 909/18/8
f 909/18/8 2036/72/8 376/72/8
f 1130/18/8 1571/72/8 906/72/8
f 185/17/3 2655/20/3 905/20/3
f 905/20/3 2034/236/3 375/236/3
f 1129/20/3 1569/236/3 902/236/3
f 1382/1028/3 4173/1174/3 3249/1174/3
f 3247/1121/8 2032/1058/8 4392/1121/8
f 3245/243/8 2030/242/8 4390/243/8
f 3243/1148/8 2028/1059/8 4388/1148/8
f 283/238/29 1339/242/29 248/238/29
f 1372/1058/1 4178/1121/1 3241/1121/1
f 1370/242/17 3233/243/17 3239/243/17
f 1368/1059/2 4179/1148/2 3237/1148/2
f 1366/1028/1 204/234/1 275/234/1
f 273/259/30 1634/1059/30 205/259/30
f 271/234/31 1632/1028/31 203/234/31
f 269/256/32 1635/1058/32 206/256/32
f 2700/1067/8 1128/1209/8 2651/1063/8
f 2027/300/8 2651/1063/8 895/1210/8
f 256/238/8 2700/1067/8 2027/300/8
f 2701/1065/8 892/1211/8 2024/488/8
f 1562/466/8 2024/488/8 374/1212/8
f 895/1210/8 2701/1065/8 1562/466/8
f 2702/1062/8 257/1213/8 1559/294/8
f 2652/1064/8 1559/294/8 892/1211/8
f 1128/1209/8 2702/1062/8 2652/1064/8
f 1354/1058/3 209/256/3 263/256/3
f 1352/242/2 256/238/2 261/238/2
f 1350/1059/17 207/259/17 259/259/17
f 1349/1030/17 255/70/17 258/70/17
f 1668/1030/17 258/70/17 253/70/17
f 1634/1059/17 259/259/17 205/259/17
f 1351/239/2 208/72/2 260/72/2
f 1305/239/2 260/72/2 200/72/2
f 1339/242/2 261/238/2 248/238/2
f 1353/1031/3 257/74/3 262/74/3
f 1669/1031/3 262/74/3 254/74/3
f 1635/1058/3 263/256/3 206/256/3
f 2703/1057/8 1127/1214/8 2647/1052/8
f 2023/292/8 2647/1052/8 891/1215/8
f 264/1216/8 2703/1057/8 2023/292/8
f 2704/1054/8 888/1217/8 2020/519/8
f 1558/496/8 2020/519/8 373/1218/8
f 891/1215/8 2704/1054/8 1558/496/8
f 2705/1051/8 209/1219/8 1555/285/8
f 2648/1053/8 1555/285/8 888/1217/8
f 1127/1214/8 2705/1051/8 2648/1053/8
f 2706/1048/8 1126/1220/8 2643/1043/8
f 2019/283/8 2643/1043/8 887/1221/8
f 265/1222/8 2706/1048/8 2019/283/8
f 2707/1045/8 884/1223/8 2016/546/8
f 1554/523/8 2016/546/8 372/1224/8
f 887/1221/8 2707/1045/8 1554/523/8
f 2708/1042/8 266/1225/8 1551/276/8
f 2644/1044/8 1551/276/8 884/1223/8
f 1126/1220/8 2708/1042/8 2644/1044/8
f 2709/1039/8 1125/1226/8 2639/1035/8
f 2015/274/8 2639/1035/8 883/1227/8
f 208/72/8 2709/1039/8 2015/274/8
f 2710/1037/8 880/1228/8 2012/572/8
f 1550/550/8 2012/572/8 371/1229/8
f 883/1227/8 2710/1037/8 1550/550/8
f 2711/1034/8 267/1230/8 1547/268/8
f 2640/1036/8 1547/268/8 880/1228/8
f 1125/1226/8 2711/1034/8 2640/1036/8
f 1359/1031/32 254/74/32 268/74/32
f 4198/1231/32 1359/1031/32 268/74/32
f 4178/1121/32 1630/1058/32 1360/1058/32
f 1361/1029/31 251/85/31 270/85/31
f 4193/1232/31 1361/1029/31 270/85/31
f 4173/1174/31 1624/1028/31 1362/1028/31
f 1363/1030/30 253/70/30 272/70/30
f 4199/1233/30 1363/1030/30 272/70/30
f 4179/1148/30 1631/1059/30 1364/1059/30
f 1365/1029/1 252/85/1 274/85/1
f 1666/1029/1 274/85/1 251/85/1
f 1632/1028/1 275/234/1 203/234/1
f 1367/1030/2 4199/1233/2 3236/1233/2
f 1661/1030/2 3236/1233/2 4196/1233/2
f 1627/1059/2 3237/1148/2 4176/1148/2
f 1369/239/17 3213/240/17 3238/240/17
f 1302/239/17 3238/240/17 3211/240/17
f 1336/242/17 3239/243/17 3231/243/17
f 1371/1031/1 4198/1231/1 3240/1231/1
f 1659/1031/1 3240/1231/1 4194/1231/1
f 1625/1058/1 3241/1121/1 4174/1121/1
f 1373/239/29 200/72/29 282/72/29
f 3213/240/29 1373/239/29 282/72/29
f 3233/243/29 1338/242/29 1374/242/29
f 1545/492/8 4268/1234/8 3350/1234/8
f 1543/492/8 3170/1234/8 3348/1234/8
f 4166/1148/8 2006/1059/8 4382/1148/8
f 1539/82/8 3139/241/8 3344/241/8
f 1537/82/8 3172/241/8 3342/241/8
f 3228/243/8 2000/242/8 4376/243/8
f 1533/494/8 4266/1235/8 3338/1235/8
f 1531/494/8 3174/1235/8 3336/1235/8
f 4163/1121/8 1994/1058/8 4370/1121/8
f 1381/1029/3 4193/1232/3 3248/1232/3
f 1651/1029/3 3248/1232/3 4191/1232/3
f 1617/1028/3 3249/1174/3 4171/1174/3
f 292/26/3 2637/75/3 861/75/3
f 861/75/3 1992/248/3 370/248/3
f 1124/75/3 1527/248/3 858/248/3
f 293/26/3 2635/75/3 857/75/3
f 857/75/3 1990/248/3 369/248/3
f 1123/75/3 1525/248/3 854/248/3
f 233/17/3 2633/20/3 853/20/3
f 853/20/3 1988/236/3 368/236/3
f 1122/20/3 1523/236/3 850/236/3
f 296/24/8 2631/76/8 849/76/8
f 849/76/8 1986/238/8 367/238/8
f 1121/76/8 1521/238/8 846/238/8
f 297/24/8 2629/76/8 845/76/8
f 845/76/8 1984/238/8 366/238/8
f 1120/76/8 1519/238/8 842/238/8
f 238/15/8 2627/18/8 841/18/8
f 841/18/8 1982/72/8 365/72/8
f 1119/18/8 1517/72/8 838/72/8
f 300/77/1 2625/78/1 837/78/1
f 837/78/1 1980/203/1 364/203/1
f 1118/78/1 1515/203/1 834/203/1
f 301/77/1 2623/78/1 833/78/1
f 833/78/1 1978/203/1 363/203/1
f 1117/78/1 1513/203/1 830/203/1
f 236/22/1 2621/10/1 829/10/1
f 829/10/1 1976/30/1 362/30/1
f 1116/10/1 1511/30/1 826/30/1
f 304/28/7 2619/79/7 825/79/7
f 825/79/7 1974/253/7 361/253/7
f 1115/79/7 1509/253/7 822/253/7
f 305/28/7 2617/79/7 821/79/7
f 821/79/7 1972/253/7 360/253/7
f 1114/79/7 1507/253/7 818/253/7
f 234/16/7 2615/21/7 817/21/7
f 817/21/7 1970/83/7 359/83/7
f 1113/21/7 1505/83/7 814/83/7
f 2712/80/9 1112/75/33 2611/75/51
f 1969/80/66 2611/75/51 813/75/9
f 308/26/53 2712/80/9 1969/80/66
f 2713/585/33 810/248/45 1966/248/78
f 1504/585/66 1966/248/78 358/248/45
f 813/75/9 2713/585/33 1504/585/66
f 4747/585/49 4746/587/63 2610/75/35
f 1112/75/33 4746/587/63 2612/585/12
f 4747/585/49 2610/75/35 184/248/13
f 2714/80/4 2609/80/56 1111/75/9
f 1965/80/5 4748/396/58 3585/396/37
f 309/26/34 4749/251/58 4369/251/58
f 2715/585/40 2608/585/56 806/248/9
f 1500/585/43 4750/317/59 3333/317/37
f 809/75/43 4751/587/59 4117/587/59
f 2716/585/37 310/248/40 1497/248/48
f 2608/585/56 1497/248/48 806/248/9
f 1111/75/9 2716/585/37 2608/585/56
f 3583/743/11 2605/19/33 1110/20/46
f 1496/452/87 2604/452/33 802/236/9
f 2604/452/33 311/236/55 802/236/9
f 1959/81/41 4752/81/59 2603/76/41
f 1959/81/41 312/24/40 1719/24/41
f 4752/81/59 1719/24/41 528/24/6
f 4754/260/56 4753/591/43 2603/76/41
f 801/76/40 4753/591/43 1494/260/60
f 4754/260/56 2603/76/41 1109/76/6
f 1109/76/6 1491/238/10 798/238/40
f 2717/81/10 1108/76/4 2599/76/60
f 3581/457/59 2717/81/10 2599/76/60
f 4365/244/61 1720/24/9 2717/81/10
f 2718/260/10 794/238/4 1952/238/60
f 3329/257/59 2718/260/10 1952/238/60
f 4113/591/4 2599/76/60 2718/260/10
f 2719/260/10 314/238/60 1487/238/60
f 2600/260/4 1487/238/60 794/238/4
f 1108/76/4 2719/260/10 2600/260/4
f 2595/18/56 2597/82/59 1107/18/43
f 3579/578/6 1951/82/40 2720/82/56
f 4363/241/59 230/15/6 1653/15/57
f 1948/72/6 2596/261/77 790/72/40
f 3327/71/42 2721/261/56 1948/72/6
f 4111/593/77 793/18/43 2595/18/56
f 1483/72/6 1398/261/57 315/72/6
f 790/72/40 2722/261/56 1483/72/6
f 2596/261/77 2594/18/43 2722/261/56
f 1481/576/8 4263/1236/8 3324/1236/8
f 1479/576/8 3178/1236/8 3322/1236/8
f 3225/1174/8 1942/1028/8 4356/1174/8
f 4755/1237/7 3891/1238/7 6599/1239/7
f 4756/1240/7 4757/1241/7 6598/1242/7
f 4216/1243/7 4758/1244/7 6597/1245/7
f 4759/1246/7 3890/1247/7 6596/1248/7
f 4760/1249/7 4761/1250/7 6595/1251/7
f 4673/1252/7 4762/1253/7 6594/1254/7
f 4763/1255/7 3203/1256/7 6593/1257/7
f 4764/1258/7 4765/1259/7 6592/1260/7
f 4672/1261/7 4766/1262/7 6591/1263/7
f 4767/1264/7 3887/1265/7 6590/1266/7
f 4768/1267/7 4769/1268/7 6589/1269/7
f 4217/1270/7 4770/1271/7 6588/1272/7
f 4771/1273/7 3886/1274/7 6587/1275/7
f 4772/1276/7 4773/1277/7 6586/1278/7
f 4669/1279/7 4774/1280/7 6585/1281/7
f 4775/1282/7 3254/1283/7 6584/1284/7
f 4776/1285/7 4777/1286/7 6583/1287/7
f 4668/1288/7 4778/1289/7 6582/1290/7
f 4779/1291/7 3883/1292/7 6581/1293/7
f 4780/1294/7 4781/1295/7 6580/1296/7
f 4190/1297/7 4782/1298/7 6579/1299/7
f 4783/1300/7 3882/1301/7 6578/1302/7
f 4784/1303/7 4785/1304/7 6577/1305/7
f 4665/1306/7 4786/1307/7 6576/1308/7
f 4787/1309/7 3255/1310/7 6575/1311/7
f 4788/1312/7 4789/1313/7 6574/1314/7
f 4664/1315/7 4790/1316/7 6573/1317/7
f 2579/78/9 2581/95/43 1103/78/41
f 771/78/61 2732/95/37 2579/78/9
f 1929/95/44 1729/77/45 2732/95/37
f 2579/78/9 4791/678/44 1464/678/53
f 2580/678/41 2579/78/9 1103/78/41
f 4791/678/44 2580/678/41 349/203/45
f 2580/678/41 2578/78/44 442/78/37
f 4792/1318/76 2733/95/84 2577/95/89
f 3559/1318/55 2733/95/84 4792/1318/76
f 4343/205/46 1730/77/75 4793/205/76
f 4795/678/90 4794/680/91 2576/678/76
f 4794/680/91 1102/78/84 2576/678/76
f 3307/1319/76 1462/678/76 4795/678/90
f 4797/678/35 4796/680/92 1407/678/76
f 4796/680/92 710/78/84 1407/678/76
f 4797/678/35 1407/678/76 764/203/87
f 4798/11/61 2734/96/59 2573/96/37
f 3557/11/9 2734/96/59 4798/11/61
f 4341/201/40 1649/22/43 4799/201/61
f 4800/1077/61 2735/417/59 2572/417/37
f 3305/1077/39 2735/417/59 4800/1077/61
f 4089/682/40 2571/10/59 4801/682/61
f 1457/30/37 1408/417/6 325/30/48
f 760/30/65 2736/417/48 1457/30/37
f 2572/417/37 2570/10/44 2736/417/48
f 4802/1320/3 3879/1321/3 6572/1322/3
f 4803/1323/3 4804/1324/3 6571/1325/3
f 4220/1326/3 4805/1327/3 6570/1328/3
f 4806/1329/3 3878/1330/3 6569/1331/3
f 4807/1332/3 4808/1333/3 6568/1334/3
f 4661/1335/3 4809/1336/3 6567/1337/3
f 4810/1338/3 3205/1232/3 6566/1339/3
f 4811/1340/3 4812/1341/3 6565/1342/3
f 4660/1343/3 4813/1344/3 6564/1345/3
f 4814/1346/3 3875/1347/3 6563/1348/3
f 4815/1349/3 4816/1350/3 6562/1351/3
f 4221/1352/3 4817/1353/3 6561/1354/3
f 4818/1355/3 3874/1356/3 6560/1357/3
f 4819/1358/3 4820/1359/3 6559/1360/3
f 4657/1361/3 4821/1362/3 6558/1363/3
f 4822/1364/3 3258/1365/3 6557/1366/3
f 4823/1367/3 4824/1368/3 6556/1369/3
f 4656/1370/3 4825/1371/3 6555/1372/3
f 4826/1373/3 3871/1374/3 6554/1375/3
f 4827/1376/3 4828/1377/3 6553/1378/3
f 4188/1379/3 4829/1380/3 6552/1381/3
f 4830/1382/3 3870/1383/3 6551/1384/3
f 4831/1385/3 4832/1386/3 6550/1387/3
f 4653/1388/3 4833/1389/3 6549/1390/3
f 4834/1391/3 3259/1392/3 6548/1393/3
f 4835/1394/3 4836/1395/3 6547/1396/3
f 4652/1397/3 4837/1398/3 6546/1399/3
f 4838/1400/2 3867/1401/2 6545/1402/2
f 4839/1403/2 4840/1404/2 6544/1405/2
f 4224/1406/2 4841/1407/2 6543/1408/2
f 4842/1409/2 3866/1410/2 6542/1411/2
f 4843/1412/2 4844/1413/2 6541/1414/2
f 4649/1415/2 4845/1416/2 6540/1417/2
f 4846/1418/2 4186/1233/2 6539/1419/2
f 4847/1420/2 4848/1421/2 6538/1422/2
f 4648/1423/2 4849/1424/2 6537/1425/2
f 4850/1426/2 3863/1427/2 6536/1428/2
f 4851/1429/2 4852/1430/2 6535/1431/2
f 4225/1432/2 4853/1433/2 6534/1434/2
f 4854/1435/2 3862/1436/2 6533/1437/2
f 4855/1438/2 4856/1439/2 6532/1440/2
f 4645/1441/2 4857/1442/2 6531/1443/2
f 4858/1444/2 3262/1445/2 6530/1446/2
f 4859/1447/2 4860/1448/2 6529/1449/2
f 4644/1450/2 4861/1451/2 6528/1452/2
f 4862/1453/2 3859/1454/2 6527/1455/2
f 4863/1456/2 4864/1457/2 6526/1458/2
f 4185/1459/2 4865/1460/2 6525/1461/2
f 4866/1462/2 3858/1463/2 6524/1464/2
f 4867/1465/2 4868/1466/2 6523/1467/2
f 4641/1468/2 4869/1469/2 6522/1470/2
f 4870/1471/2 3263/1472/2 6521/1473/2
f 4871/1474/2 4872/1475/2 6520/1476/2
f 4640/1477/2 4873/1478/2 6519/1479/2
f 4874/1480/1 3855/1481/1 6518/1482/1
f 4875/1483/1 4876/1484/1 6517/1485/1
f 4228/1486/1 4877/1487/1 6516/1488/1
f 4878/1489/1 3854/1490/1 6515/1491/1
f 4879/1492/1 4880/1493/1 6514/1494/1
f 4637/1495/1 4881/1496/1 6513/1497/1
f 4882/1498/1 4183/1231/1 6512/1499/1
f 4883/1500/1 4884/1501/1 6511/1502/1
f 4636/1503/1 4885/1504/1 6510/1505/1
f 4886/1506/1 3851/1507/1 6509/1508/1
f 4887/1509/1 4888/1510/1 6508/1511/1
f 4229/1512/1 4889/1513/1 6507/1514/1
f 4890/1515/1 3850/1516/1 6506/1517/1
f 4891/1518/1 4892/1519/1 6505/1520/1
f 4633/1521/1 4893/1522/1 6504/1523/1
f 4894/1524/1 3266/1525/1 6503/1526/1
f 4895/1527/1 4896/1528/1 6502/1529/1
f 4632/1530/1 4897/1531/1 6501/1532/1
f 4898/1533/1 3847/1534/1 6500/1535/1
f 4899/1536/1 4900/1537/1 6499/1538/1
f 4182/1539/1 4901/1540/1 6498/1541/1
f 4902/1542/1 3846/1543/1 6497/1544/1
f 4903/1545/1 4904/1546/1 6496/1547/1
f 4629/1548/1 4905/1549/1 6495/1550/1
f 4906/1551/1 3267/1552/1 6494/1553/1
f 4907/1554/1 4908/1555/1 6493/1556/1
f 4628/1557/1 4909/1558/1 6492/1559/1
f 4910/1560/1 3843/1561/1 6491/1562/1
f 4911/1563/1 4912/1564/1 6490/1565/1
f 4304/1566/1 4913/1567/1 6489/1568/1
f 4914/1569/1 3842/1570/1 6488/1571/1
f 4915/1572/1 4916/1573/1 6487/1574/1
f 4625/1575/1 4917/1576/1 6486/1577/1
f 4918/1578/1 3195/1579/1 6485/1580/1
f 4919/1581/1 4920/1582/1 6484/1583/1
f 4624/1584/1 4921/1585/1 6483/1586/1
f 4922/1587/1 3839/1588/1 6482/1589/1
f 4923/1590/1 4924/1591/1 6481/1592/1
f 4305/1593/1 4925/1594/1 6480/1595/1
f 4926/1596/1 3838/1597/1 6479/1598/1
f 4927/1599/1 4928/1600/1 6478/1601/1
f 4621/1602/1 4929/1603/1 6477/1604/1
f 4930/1605/1 3270/1606/1 6476/1607/1
f 4931/1608/1 4932/1609/1 6475/1610/1
f 4620/1611/1 4933/1612/1 6474/1613/1
f 4934/1614/1 3835/1615/1 6473/1616/1
f 4935/1617/1 4936/1618/1 6472/1619/1
f 4254/1620/1 4937/1621/1 6471/1622/1
f 4938/1623/1 3834/1624/1 6470/1625/1
f 4939/1626/1 4940/1627/1 6469/1628/1
f 4617/1629/1 4941/1630/1 6468/1631/1
f 4942/1632/1 3271/1633/1 6467/1634/1
f 4943/1635/1 4944/1636/1 6466/1637/1
f 4616/1638/1 4945/1639/1 6465/1640/1
f 4946/1641/1 3831/1642/1 6464/1643/1
f 4947/1644/1 4948/1645/1 6463/1646/1
f 4308/1647/1 4949/1648/1 6462/1649/1
f 4950/1650/1 3830/1651/1 6461/1652/1
f 4951/1653/1 4952/1654/1 6460/1655/1
f 4613/1656/1 4953/1657/1 6459/1658/1
f 4954/1659/1 3194/1660/1 6458/1661/1
f 4955/1662/1 4956/1663/1 6457/1664/1
f 4612/1665/1 4957/1666/1 6456/1667/1
f 4958/1668/1 3827/1669/1 6455/1670/1
f 4959/1671/1 4960/1672/1 6454/1673/1
f 4309/1674/1 4961/1675/1 6453/1676/1
f 4962/1677/1 3826/1678/1 6452/1679/1
f 4963/1680/1 4964/1681/1 6451/1682/1
f 4609/1683/1 4965/1684/1 6450/1685/1
f 4966/1686/1 3274/1687/1 6449/1688/1
f 4967/1689/1 4968/1690/1 6448/1691/1
f 4608/1692/1 4969/1693/1 6447/1694/1
f 4970/1695/1 3823/1696/1 6446/1697/1
f 4971/1698/1 4972/1699/1 6445/1700/1
f 4301/1701/1 4973/1702/1 6444/1703/1
f 4974/1704/1 3822/1705/1 6443/1706/1
f 4975/1707/1 4976/1708/1 6442/1709/1
f 4605/1710/1 4977/1711/1 6441/1712/1
f 4978/1713/1 3275/1714/1 6440/1715/1
f 4979/1716/1 4980/1717/1 6439/1718/1
f 4604/1719/1 4981/1720/1 6438/1721/1
f 4982/1722/1 3819/1723/1 6437/1724/1
f 4983/1725/1 4984/1726/1 6436/1727/1
f 4312/1728/1 4985/1729/1 6435/1730/1
f 4986/1731/1 3818/1732/1 6434/1733/1
f 4987/1734/1 4988/1735/1 6433/1736/1
f 4601/1737/1 4989/1738/1 6432/1739/1
f 4990/1740/1 4255/1235/1 6431/1741/1
f 4991/1742/1 4992/1743/1 6430/1744/1
f 4600/1745/1 4993/1746/1 6429/1747/1
f 4994/1748/1 3815/1749/1 6428/1750/1
f 4995/1751/1 4996/1752/1 6427/1753/1
f 4313/1754/1 4997/1755/1 6426/1756/1
f 4998/1757/1 3814/1758/1 6425/1759/1
f 4999/1760/1 5000/1761/1 6424/1762/1
f 4597/1763/1 5001/1764/1 6423/1765/1
f 5002/1766/1 3278/1767/1 6422/1768/1
f 5003/1769/1 5004/1770/1 6421/1771/1
f 4596/1772/1 5005/1773/1 6420/1774/1
f 5006/1775/1 3811/1776/1 6419/1777/1
f 5007/1778/1 5008/1779/1 6418/1780/1
f 4300/1781/1 5009/1782/1 6417/1783/1
f 5010/1784/1 3810/1785/1 6416/1786/1
f 5011/1787/1 5012/1788/1 6415/1789/1
f 4593/1790/1 5013/1791/1 6414/1792/1
f 5014/1793/1 3279/1794/1 6413/1795/1
f 5015/1796/1 5016/1797/1 6412/1798/1
f 4592/1799/1 5017/1800/1 6411/1801/1
f 5018/1802/2 3807/1803/2 6410/1804/2
f 5019/1805/2 5020/1806/2 6409/1807/2
f 4316/1808/2 5021/1809/2 6408/1810/2
f 5022/1811/2 3806/1812/2 6407/1813/2
f 5023/1814/2 5024/1815/2 6406/1816/2
f 4589/1817/2 5025/1818/2 6405/1819/2
f 5026/1820/2 3191/1821/2 6404/1822/2
f 5027/1823/2 5028/1824/2 6403/1825/2
f 4588/1826/2 5029/1827/2 6402/1828/2
f 5030/1829/2 3803/1830/2 6401/1831/2
f 5031/1832/2 5032/1833/2 6400/1834/2
f 4317/1835/2 5033/1836/2 6399/1837/2
f 5034/1838/2 3802/1839/2 6398/1840/2
f 5035/1841/2 5036/1842/2 6397/1843/2
f 4585/1844/2 5037/1845/2 6396/1846/2
f 5038/1847/2 3282/1848/2 6395/1849/2
f 5039/1850/2 5040/1851/2 6394/1852/2
f 4584/1853/2 5041/1854/2 6393/1855/2
f 5042/1856/2 3799/1857/2 6392/1858/2
f 5043/1859/2 5044/1860/2 6391/1861/2
f 4257/1862/2 5045/1863/2 6390/1864/2
f 5046/1865/2 3798/1866/2 6389/1867/2
f 5047/1868/2 5048/1869/2 6388/1870/2
f 4581/1871/2 5049/1872/2 6387/1873/2
f 5050/1874/2 3283/1875/2 6386/1876/2
f 5051/1877/2 5052/1878/2 6385/1879/2
f 4580/1880/2 5053/1881/2 6384/1882/2
f 5054/1883/2 3795/1884/2 6383/1885/2
f 5055/1886/2 5056/1887/2 6382/1888/2
f 4320/1889/2 5057/1890/2 6381/1891/2
f 5058/1892/2 3794/1893/2 6380/1894/2
f 5059/1895/2 5060/1896/2 6379/1897/2
f 4577/1898/2 5061/1899/2 6378/1900/2
f 5062/1901/2 3190/1902/2 6377/1903/2
f 5063/1904/2 5064/1905/2 6376/1906/2
f 4576/1907/2 5065/1908/2 6375/1909/2
f 5066/1910/2 3791/1911/2 6374/1912/2
f 5067/1913/2 5068/1914/2 6373/1915/2
f 4321/1916/2 5069/1917/2 6372/1918/2
f 5070/1919/2 3790/1920/2 6371/1921/2
f 5071/1922/2 5072/1923/2 6370/1924/2
f 4573/1925/2 5073/1926/2 6369/1927/2
f 5074/1928/2 3286/1929/2 6368/1930/2
f 5075/1931/2 5076/1932/2 6367/1933/2
f 4572/1934/2 5077/1935/2 6366/1936/2
f 5078/1937/2 3787/1938/2 6365/1939/2
f 5079/1940/2 5080/1941/2 6364/1942/2
f 4297/1943/2 5081/1944/2 6363/1945/2
f 5082/1946/2 3786/1947/2 6362/1948/2
f 5083/1949/2 5084/1950/2 6361/1951/2
f 4569/1952/2 5085/1953/2 6360/1954/2
f 5086/1955/2 3287/1956/2 6359/1957/2
f 5087/1958/2 5088/1959/2 6358/1960/2
f 4568/1961/2 5089/1962/2 6357/1963/2
f 5090/1964/2 3783/1965/2 6356/1966/2
f 5091/1967/2 5092/1968/2 6355/1969/2
f 4324/1970/2 5093/1971/2 6354/1972/2
f 5094/1973/2 3782/1974/2 6353/1975/2
f 5095/1976/2 5096/1977/2 6352/1978/2
f 4565/1979/2 5097/1980/2 6351/1981/2
f 5098/1982/2 4258/1234/2 6350/1983/2
f 5099/1984/2 5100/1985/2 6349/1986/2
f 4564/1987/2 5101/1988/2 6348/1989/2
f 5102/1990/2 3779/1991/2 6347/1992/2
f 5103/1993/2 5104/1994/2 6346/1995/2
f 4325/1996/2 5105/1997/2 6345/1998/2
f 5106/1999/2 3778/2000/2 6344/2001/2
f 5107/2002/2 5108/2003/2 6343/2004/2
f 4561/2005/2 5109/2006/2 6342/2007/2
f 5110/2008/2 3290/2009/2 6341/2010/2
f 5111/2011/2 5112/2012/2 6340/2013/2
f 4560/2014/2 5113/2015/2 6339/2016/2
f 5114/2017/2 3775/2018/2 6338/2019/2
f 5115/2020/2 5116/2021/2 6337/2022/2
f 4296/2023/2 5117/2024/2 6336/2025/2
f 5118/2026/2 3774/2027/2 6335/2028/2
f 5119/2029/2 5120/2030/2 6334/2031/2
f 4557/2032/2 5121/2033/2 6333/2034/2
f 5122/2035/2 3291/2036/2 6332/2037/2
f 5123/2038/2 5124/2039/2 6331/2040/2
f 4556/2041/2 5125/2042/2 6330/2043/2
f 5126/2044/3 3771/2045/3 6329/2046/3
f 5127/2047/3 5128/2048/3 6328/2049/3
f 4328/2050/3 5129/2051/3 6327/2052/3
f 5130/2053/3 3770/2054/3 6326/2055/3
f 5131/2056/3 5132/2057/3 6325/2058/3
f 4553/2059/3 5133/2060/3 6324/2061/3
f 5134/2062/3 3187/2063/3 6323/2064/3
f 5135/2065/3 5136/2066/3 6322/2067/3
f 4552/2068/3 5137/2069/3 6321/2070/3
f 5138/2071/3 3767/2072/3 6320/2073/3
f 5139/2074/3 5140/2075/3 6319/2076/3
f 4329/2077/3 5141/2078/3 6318/2079/3
f 5142/2080/3 3766/2081/3 6317/2082/3
f 5143/2083/3 5144/2084/3 6316/2085/3
f 4549/2086/3 5145/2087/3 6315/2088/3
f 5146/2089/3 3294/2090/3 6314/2091/3
f 5147/2092/3 5148/2093/3 6313/2094/3
f 4548/2095/3 5149/2096/3 6312/2097/3
f 5150/2098/3 3763/2099/3 6311/2100/3
f 5151/2101/3 5152/2102/3 6310/2103/3
f 4260/247/3 5153/2104/3 6309/2105/3
f 5154/2106/3 3762/2107/3 6308/2108/3
f 5155/2109/3 5156/2110/3 6307/2111/3
f 4545/2112/3 5157/2113/3 6306/2114/3
f 5158/2115/3 3295/2116/3 6305/2117/3
f 5159/2118/3 5160/2119/3 6304/2120/3
f 4544/2121/3 5161/2122/3 6303/2123/3
f 5162/2124/3 3759/2125/3 6302/2126/3
f 5163/2127/3 5164/2128/3 6301/2129/3
f 4332/2130/3 5165/2131/3 6300/2132/3
f 5166/2133/3 3758/2134/3 6299/2135/3
f 5167/2136/3 5168/2137/3 6298/2138/3
f 4541/2139/3 5169/2140/3 6297/2141/3
f 5170/2142/3 3186/2143/3 6296/2144/3
f 5171/2145/3 5172/2146/3 6295/2147/3
f 4540/2148/3 5173/2149/3 6294/2150/3
f 5174/2151/3 3755/2152/3 6293/2153/3
f 5175/2154/3 5176/2155/3 6292/2156/3
f 4333/2157/3 5177/2158/3 6291/2159/3
f 5178/2160/3 3754/2161/3 6290/2162/3
f 5179/2163/3 5180/2164/3 6289/2165/3
f 4537/2166/3 5181/2167/3 6288/2168/3
f 5182/2169/3 3298/2170/3 6287/2171/3
f 5183/2172/3 5184/2173/3 6286/2174/3
f 4536/2175/3 5185/2176/3 6285/2177/3
f 5186/2178/3 3751/2179/3 6284/2180/3
f 5187/2181/3 5188/2182/3 6283/2183/3
f 4293/2184/3 5189/2185/3 6282/2186/3
f 5190/2187/3 3750/2188/3 6281/2189/3
f 5191/2190/3 5192/2191/3 6280/2192/3
f 4533/2193/3 5193/2194/3 6279/2195/3
f 5194/2196/3 3299/2197/3 6278/2198/3
f 5195/2199/3 5196/2200/3 6277/2201/3
f 4532/2202/3 5197/2203/3 6276/2204/3
f 5198/2205/3 3747/2206/3 6275/2207/3
f 5199/2208/3 5200/2209/3 6274/2210/3
f 4336/2211/3 5201/2212/3 6273/2213/3
f 5202/2214/3 3746/2215/3 6272/2216/3
f 5203/2217/3 5204/2218/3 6271/2219/3
f 4529/2220/3 5205/2221/3 6270/2222/3
f 5206/2223/3 3133/1236/3 6269/2224/3
f 5207/2225/3 5208/2226/3 6268/2227/3
f 4528/2228/3 5209/2229/3 6267/2230/3
f 5210/2231/3 3743/2232/3 6266/2233/3
f 5211/2234/3 5212/2235/3 6265/2236/3
f 4337/2237/3 5213/2238/3 6264/2239/3
f 5214/2240/3 3742/2241/3 6263/2242/3
f 5215/2243/3 5216/2244/3 6262/2245/3
f 4525/2246/3 5217/2247/3 6261/2248/3
f 5218/2249/3 3302/2250/3 6260/2251/3
f 5219/2252/3 5220/2253/3 6259/2254/3
f 4524/2255/3 5221/2256/3 6258/2257/3
f 5222/2258/3 3739/2259/3 6257/2260/3
f 5223/2261/3 5224/2262/3 6256/2263/3
f 4292/2264/3 5225/2265/3 6255/2266/3
f 5226/2267/3 3738/2268/3 6254/2269/3
f 5227/2270/3 5228/2271/3 6253/2272/3
f 4521/2273/3 5229/2274/3 6252/2275/3
f 5230/2276/3 3303/2277/3 6251/2278/3
f 5231/2279/3 5232/2280/3 6250/2281/3
f 4520/2282/3 5233/2283/3 6249/2284/3
f 5234/311/41 2845/199/43 2425/199/78
f 3556/311/93 2845/199/43 5234/311/41
f 4340/200/6 1922/30/43 5235/200/76
f 5236/419/41 2846/418/79 2424/418/59
f 3304/419/70 2846/418/79 5236/419/41
f 4088/683/71 2423/29/79 5237/683/41
f 1266/77/80 1268/418/69 158/77/45
f 540/77/64 2847/418/68 1266/77/80
f 2424/418/59 2422/29/48 2847/418/68
f 5238/311/38 2421/199/33 3735/311/62
f 3980/311/33 2848/199/33 5238/311/38
f 3196/200/33 1923/30/45 5239/200/49
f 5240/419/70 2420/418/45 3734/419/71
f 4232/419/33 2849/418/33 5240/419/70
f 3448/683/33 2419/29/33 5241/683/38
f 5242/419/57 1459/418/45 3304/419/70
f 3734/419/71 2850/418/45 5242/419/57
f 4518/683/71 2418/29/33 5243/683/38
f 5244/11/66 2417/96/44 3733/11/40
f 3908/11/33 2851/96/45 5244/11/66
f 3124/201/33 1789/22/48 5245/201/9
f 5246/1077/93 2416/417/45 3732/1077/6
f 4160/1077/33 2852/417/33 5246/1077/93
f 3376/682/33 2415/10/45 5247/682/88
f 5248/1077/39 1460/417/44 3305/1077/39
f 3732/1077/6 2853/417/44 5248/1077/39
f 4516/682/6 2414/10/45 5249/682/66
f 3558/2285/38 2413/202/50 1061/235/33
f 3306/2286/55 2412/679/50 440/31/92
f 440/31/92 1267/679/50 83/31/92
f 4000/2285/33 2411/202/33 3731/2285/51
f 4252/2286/33 2410/679/33 3730/2286/12
f 3730/2286/12 1461/679/33 3306/2286/55
f 5250/1318/55 2409/95/33 3729/1318/46
f 3928/1318/33 2854/95/33 5250/1318/55
f 3144/205/33 1871/77/45 5251/205/55
f 1639/678/33 5252/680/46 5254/678/13
f 5253/680/90 1059/78/33 4512/680/50
f 4180/1319/33 1639/678/33 5254/678/13
f 5256/678/90 5255/680/91 1462/678/76
f 5255/680/91 767/78/33 4091/680/55
f 3728/1319/76 2408/678/76 5256/678/90
f 770/235/33 2405/202/53 1058/235/45
f 172/31/92 2404/679/55 396/31/92
f 541/235/33 2403/202/55 1057/235/33
f 83/31/92 2402/679/50 565/31/92
f 565/31/92 1463/679/51 172/31/92
f 2399/78/86 2401/95/46 1056/78/84
f 710/78/84 2855/95/50 2399/78/86
f 1872/95/46 1870/77/45 2855/95/50
f 5258/678/35 5257/680/92 2400/678/53
f 5257/680/92 1056/78/84 2400/678/53
f 2400/678/53 324/203/33 5258/678/35
f 5260/678/80 5259/680/92 1464/678/53
f 5259/680/92 771/78/61 1464/678/53
f 5260/678/80 1464/678/53 769/203/45
f 5261/2287/7 3727/2288/7 6248/2289/7
f 5262/2290/7 5263/2291/7 6247/2292/7
f 4344/2293/7 5264/2294/7 6246/2295/7
f 5265/2296/7 3726/2297/7 6245/2298/7
f 5266/2299/7 5267/2300/7 6244/2301/7
f 4509/2302/7 5268/2303/7 6243/2304/7
f 5269/2305/7 3183/2306/7 6242/2307/7
f 5270/2308/7 5271/2309/7 6241/2310/7
f 4508/2311/7 5272/2312/7 6240/2313/7
f 5273/2314/7 3723/2315/7 6239/2316/7
f 5274/2317/7 5275/2318/7 6238/2319/7
f 4345/2320/7 5276/2321/7 6237/2322/7
f 5277/2323/7 3722/2324/7 6236/2325/7
f 5278/2326/7 5279/2327/7 6235/2328/7
f 4505/2329/7 5280/2330/7 6234/2331/7
f 5281/2332/7 3310/2333/7 6233/2334/7
f 5282/2335/7 5283/2336/7 6232/2337/7
f 4504/2338/7 5284/2339/7 6231/2340/7
f 5285/2341/7 3719/2342/7 6230/2343/7
f 5286/2344/7 5287/2345/7 6229/2346/7
f 4262/2347/7 5288/2348/7 6228/2349/7
f 5289/2350/7 3718/2351/7 6227/2352/7
f 5290/2353/7 5291/2354/7 6226/2355/7
f 4501/2356/7 5292/2357/7 6225/2358/7
f 5293/2359/7 3311/2360/7 6224/2361/7
f 5294/2362/7 5295/2363/7 6223/2364/7
f 4500/2365/7 5296/2366/7 6222/2367/7
f 5297/2368/7 3715/2369/7 6221/2370/7
f 5298/2371/7 5299/2372/7 6220/2373/7
f 4348/2374/7 5300/2375/7 6219/2376/7
f 5301/2377/7 3714/2378/7 6218/2379/7
f 5302/2380/7 5303/2381/7 6217/2382/7
f 4497/2383/7 5304/2384/7 6216/2385/7
f 5305/2386/7 3182/2387/7 6215/2388/7
f 5306/2389/7 5307/2390/7 6214/2391/7
f 4496/2392/7 5308/2393/7 6213/2394/7
f 5309/2395/7 3711/2396/7 6212/2397/7
f 5310/2398/7 5311/2399/7 6211/2400/7
f 4349/2401/7 5312/2402/7 6210/2403/7
f 5313/2404/7 3710/2405/7 6209/2406/7
f 5314/2407/7 5315/2408/7 6208/2409/7
f 4493/2410/7 5316/2411/7 6207/2412/7
f 5317/2413/7 3314/2414/7 6206/2415/7
f 5318/2416/7 5319/2417/7 6205/2418/7
f 4492/2419/7 5320/2420/7 6204/2421/7
f 5321/2422/7 3707/2423/7 6203/2424/7
f 5322/2425/7 5323/2426/7 6202/2427/7
f 4289/2428/7 5324/2429/7 6201/2430/7
f 5325/2431/7 3706/2432/7 6200/2433/7
f 5326/2434/7 5327/2435/7 6199/2436/7
f 4489/2437/7 5328/2438/7 6198/2439/7
f 5329/2440/7 3315/2441/7 6197/2442/7
f 5330/2443/7 5331/2444/7 6196/2445/7
f 4488/2446/7 5332/2447/7 6195/2448/7
f 5333/2449/7 3703/2450/7 6194/2451/7
f 5334/2452/7 5335/2453/7 6193/2454/7
f 4352/2455/7 5336/2456/7 6192/2457/7
f 5337/2458/7 3702/2459/7 6191/2460/7
f 5338/2461/7 5339/2462/7 6190/2463/7
f 4485/2464/7 5340/2465/7 6189/2466/7
f 5341/2467/7 3131/2468/7 6188/2469/7
f 5342/2470/7 5343/2471/7 6187/2472/7
f 4484/2473/7 5344/2474/7 6186/2475/7
f 5345/2476/7 3699/2477/7 6185/2478/7
f 5346/2479/7 5347/2480/7 6184/2481/7
f 4353/2482/7 5348/2483/7 6183/2484/7
f 5349/2485/7 3698/2486/7 6182/2487/7
f 5350/2488/7 5351/2489/7 6181/2490/7
f 4481/2491/7 5352/2492/7 6180/2493/7
f 5353/2494/7 3318/2495/7 6179/2496/7
f 5354/2497/7 5355/2498/7 6178/2499/7
f 4480/2500/7 5356/2501/7 6177/2502/7
f 5357/2503/7 3695/2504/7 6176/2505/7
f 5358/2506/7 5359/2507/7 6175/2508/7
f 4288/2509/7 5360/2510/7 6174/2511/7
f 5361/2512/7 3694/2513/7 6173/2514/7
f 5362/2515/7 5363/2516/7 6172/2517/7
f 4477/2518/7 5364/2519/7 6171/2520/7
f 5365/2521/7 3319/2522/7 6170/2523/7
f 5366/2524/7 5367/2525/7 6169/2526/7
f 4476/2527/7 5368/2528/7 6168/2529/7
f 4356/1174/8 1943/1028/8 4357/1174/8
f 4357/1174/8 1400/1028/8 3251/1174/8
f 3153/2530/8 1260/462/8 3179/2530/8
f 1480/576/8 3322/1236/8 3323/1236/8
f 1149/576/8 3323/1236/8 3133/1236/8
f 1290/1029/8 3250/1232/8 3205/1232/8
f 1482/576/8 3324/1236/8 3325/1236/8
f 1259/576/8 3325/1236/8 3178/1236/8
f 1399/1029/8 4191/1232/8 3250/1232/8
f 27/16/17 30/16/17 6894/37/17
f 24/33/1 22/32/1 30/40/1
f 2359/23/10 2361/239/47 1046/23/6
f 3578/451/5 2883/239/5 2359/23/10
f 4362/240/56 1948/72/6 2883/239/5
f 1720/24/9 2360/52/41 529/24/41
f 3326/68/43 2884/52/79 1720/24/9
f 4110/594/41 2359/23/10 2884/52/79
f 1255/24/39 1257/52/37 154/24/41
f 529/24/41 2885/52/47 1255/24/39
f 2360/52/41 2358/23/6 2885/52/47
f 5369/451/59 2357/239/42 3691/451/79
f 3992/451/43 2886/239/42 5369/451/59
f 3208/240/43 1949/72/40 5370/240/59
f 5371/68/43 2356/52/59 3690/68/41
f 4244/68/43 2887/52/42 5371/68/43
f 3460/594/43 2355/23/42 5372/594/59
f 5373/68/43 1485/52/58 3326/68/43
f 3690/68/41 2888/52/59 5373/68/43
f 4474/594/41 2354/23/42 5374/594/59
f 5375/578/60 2353/82/43 3689/578/77
f 3920/578/43 2889/82/40 5375/578/60
f 3136/241/43 1793/15/6 5376/241/68
f 5377/71/60 2352/261/40 3688/71/47
f 4172/71/43 2890/261/42 5377/71/60
f 3388/593/43 2351/18/40 5378/593/58
f 5379/71/42 1486/261/43 3327/71/42
f 3688/71/47 2891/261/43 5379/71/42
f 4472/593/47 2350/18/40 5380/593/60
f 2892/242/40 1043/237/60 2347/237/10
f 1954/242/5 2892/242/40 2347/237/10
f 4364/243/60 1952/238/60 2892/242/40
f 2893/44/40 441/34/44 1649/34/43
f 1489/44/43 2893/44/40 1649/34/43
f 796/237/5 2347/237/10 2893/44/40
f 2894/44/40 84/34/48 1184/34/40
f 2348/44/6 1184/34/40 441/34/44
f 1043/237/60 2894/44/40 2348/44/6
f 2895/242/6 3687/458/4 5381/458/10
f 1328/242/43 5381/458/10 4012/458/43
f 229/238/43 5382/243/10 3228/243/43
f 2896/44/69 3686/42/6 5383/42/40
f 1792/44/43 5383/42/40 4264/42/43
f 616/237/43 5384/592/10 3480/592/43
f 2897/44/47 3328/42/6 5385/42/40
f 2344/44/47 5385/42/40 3686/42/6
f 1042/237/6 5386/592/10 4470/592/60
f 2898/81/60 3685/457/61 5387/457/10
f 1187/81/43 5387/457/10 3940/457/43
f 92/24/43 5388/244/10 3156/244/43
f 2899/260/6 3684/257/4 5389/257/10
f 1652/260/43 5389/257/10 4192/257/43
f 447/76/43 5390/591/10 3408/591/43
f 2900/260/6 3329/257/59 5391/257/10
f 2340/260/6 5391/257/10 3684/257/4
f 1041/76/6 5392/591/10 4468/591/4
f 5394/242/56 5393/243/79 1956/238/60
f 355/238/40 5393/243/79 1958/242/60
f 5394/242/56 1956/238/60 1040/237/56
f 5396/44/56 5395/592/61 2337/237/60
f 800/237/40 5395/592/61 1493/44/6
f 5396/44/56 2337/237/60 397/34/48
f 1040/237/56 1150/34/40 397/34/48
f 2901/242/40 1039/237/60 2333/237/47
f 1721/242/60 2333/237/47 530/237/40
f 314/238/60 2901/242/40 1721/242/60
f 2902/44/40 566/34/48 1755/34/40
f 1256/44/6 1755/34/40 84/34/48
f 530/237/40 2902/44/40 1256/44/6
f 2903/44/40 173/34/48 1291/34/40
f 2334/44/6 1291/34/40 566/34/48
f 1039/237/60 2903/44/40 2334/44/6
f 2904/81/40 1038/76/41 2329/76/10
f 1861/81/41 2329/76/10 699/76/40
f 154/24/41 2904/81/40 1861/81/41
f 2905/260/40 799/238/60 1957/238/10
f 1397/260/60 1957/238/10 314/238/60
f 699/76/40 2905/260/40 1397/260/60
f 2906/260/40 355/238/40 1492/238/47
f 2330/260/60 1492/238/47 799/238/60
f 1038/76/41 2906/260/40 2330/260/60
f 5397/245/66 5398/246/44 2327/246/43
f 3582/245/61 2325/25/11 804/25/9
f 356/236/53 802/236/9 2327/246/43
f 2907/453/11 2326/453/81 525/26/42
f 1495/453/34 5399/102/50 3330/102/9
f 804/25/9 5400/590/50 4114/590/66
f 2908/453/33 153/26/66 1251/26/36
f 2326/453/81 1251/26/36 525/26/42
f 1037/25/76 2908/453/33 2326/453/81
f 2321/25/48 5402/245/61 5401/245/57
f 3404/245/44 1647/246/44 5402/245/61
f 5403/246/40 4467/1379/9 2323/246/9
f 2909/453/48 3682/102/66 5404/102/9
f 1182/453/44 5404/102/9 3152/102/44
f 438/25/44 5405/590/37 3936/590/44
f 2910/453/34 3330/102/9 5406/102/33
f 2322/453/53 5406/102/33 3682/102/66
f 1036/25/48 5407/590/37 4466/590/66
f 1787/19/44 3681/743/38 3476/743/44
f 1323/452/44 3680/179/45 3224/179/44
f 2318/452/80 3331/179/55 3680/179/45
f 2911/249/59 2317/249/41 1034/252/40
f 1964/249/44 5408/1083/37 3584/1083/9
f 357/248/79 5409/250/59 4368/250/40
f 2912/586/10 2316/586/61 448/15/44
f 1499/586/44 5410/7/42 3332/7/9
f 808/252/44 5411/588/42 4116/588/40
f 2913/586/9 93/15/6 1188/15/9
f 2316/586/61 1188/15/9 448/15/44
f 1034/252/40 2913/586/9 2316/586/61
f 2914/249/43 3679/1083/59 5412/1083/37
f 1613/249/44 5412/1083/37 3384/1083/44
f 170/248/44 5413/250/37 4168/250/44
f 2915/586/61 3678/7/40 5414/7/9
f 1148/586/44 5414/7/9 3132/7/44
f 394/252/44 5415/588/37 3916/588/44
f 2916/586/44 3332/7/9 5416/7/48
f 2312/586/44 5416/7/48 3678/7/40
f 1033/252/61 5417/588/37 4462/588/40
f 2917/80/5 3677/396/58 5418/396/37
f 1753/80/44 5418/396/37 3456/396/44
f 81/26/44 5419/251/37 4240/251/44
f 2918/585/43 3676/317/59 5420/317/37
f 1289/585/44 5420/317/37 3204/317/44
f 563/75/44 5421/587/37 3988/587/44
f 2919/585/43 3333/317/37 5422/317/37
f 2308/585/43 5422/317/37 3676/317/59
f 1032/75/5 5423/587/37 4460/587/59
f 2920/249/48 1031/252/45 2303/252/64
f 1968/249/42 2303/252/64 812/252/48
f 358/248/45 2920/249/48 1968/249/42
f 2921/586/48 404/15/59 1619/15/41
f 1503/586/42 1619/15/41 182/15/6
f 812/252/48 2921/586/48 1503/586/42
f 5425/586/57 5424/588/47 2302/252/42
f 1031/252/45 5424/588/47 2304/586/77
f 5425/586/57 2302/252/42 12/15/9
f 2922/249/48 1030/252/42 2299/252/58
f 1717/249/40 2299/252/58 526/252/9
f 310/248/40 2922/249/48 1717/249/40
f 2923/586/48 573/15/6 1759/15/9
f 1252/586/40 1759/15/9 93/15/6
f 526/252/9 2923/586/48 1252/586/40
f 2924/586/48 182/15/6 1295/15/9
f 2300/586/42 1295/15/9 573/15/6
f 1030/252/42 2924/586/48 2300/586/42
f 2925/80/9 1029/75/4 2295/75/41
f 1857/80/4 2295/75/41 695/75/9
f 153/26/66 2925/80/9 1857/80/4
f 2926/585/48 811/248/42 1967/248/65
f 1393/585/40 1967/248/65 310/248/40
f 695/75/9 2926/585/48 1393/585/40
f 2927/585/9 358/248/45 1502/248/65
f 2296/585/42 1502/248/65 811/248/42
f 1029/75/4 2927/585/9 2296/585/42
f 359/83/7 2293/27/7 816/27/7
f 816/27/7 1714/28/7 305/28/7
f 1028/27/7 1249/28/7 521/28/7
f 228/83/7 2291/27/7 446/27/7
f 446/27/7 1854/28/7 91/28/7
f 1027/27/7 1390/28/7 690/28/7
f 9/16/7 2289/21/7 615/21/7
f 615/21/7 1971/83/7 228/83/7
f 1026/21/7 1506/83/7 815/83/7
f 360/253/7 2287/254/7 820/254/7
f 820/254/7 1654/17/7 233/17/7
f 1025/254/7 1189/17/7 451/17/7
f 180/253/7 2285/254/7 402/254/7
f 402/254/7 1794/17/7 11/17/7
f 1024/254/7 1330/17/7 620/17/7
f 91/28/7 2283/79/7 571/79/7
f 571/79/7 1973/253/7 180/253/7
f 1023/79/7 1508/253/7 819/253/7
f 361/253/7 2281/254/7 824/254/7
f 824/254/7 1620/17/7 185/17/7
f 1022/254/7 1155/17/7 407/17/7
f 306/253/7 2279/254/7 522/254/7
f 522/254/7 1760/17/7 96/17/7
f 1021/254/7 1296/17/7 576/17/7
f 152/28/7 2277/79/7 691/79/7
f 691/79/7 1975/253/7 306/253/7
f 1020/79/7 1510/253/7 823/253/7
f 362/30/1 2275/29/1 828/29/1
f 828/29/1 1712/77/1 301/77/1
f 1019/29/1 1247/77/1 517/77/1
f 174/30/1 2273/29/1 567/29/1
f 567/29/1 1852/77/1 85/77/1
f 1018/29/1 1388/77/1 686/77/1
f 10/22/1 2271/10/1 398/10/1
f 398/10/1 1977/30/1 174/30/1
f 1017/10/1 1512/30/1 827/30/1
f 363/203/1 2269/235/1 832/235/1
f 832/235/1 1655/31/1 234/31/1
f 1016/235/1 1190/31/1 452/31/1
f 222/203/1 2267/235/1 611/235/1
f 611/235/1 1795/31/1 9/31/1
f 1015/235/1 1331/31/1 621/31/1
f 85/77/1 2265/78/1 442/78/1
f 442/78/1 1979/203/1 222/203/1
f 1014/78/1 1514/203/1 831/203/1
f 364/203/1 2263/235/1 836/235/1
f 836/235/1 1621/31/1 186/31/1
f 1013/235/1 1156/31/1 408/31/1
f 302/203/1 2261/235/1 518/235/1
f 518/235/1 1761/31/1 97/31/1
f 1012/235/1 1297/31/1 577/31/1
f 151/77/1 2259/78/1 687/78/1
f 687/78/1 1981/203/1 302/203/1
f 1011/78/1 1516/203/1 835/203/1
f 365/72/8 2257/23/8 840/23/8
f 840/23/8 1710/24/8 297/24/8
f 1010/23/8 1245/24/8 513/24/8
f 183/72/8 2255/23/8 574/23/8
f 574/23/8 1850/24/8 94/24/8
f 1009/23/8 1386/24/8 682/24/8
f 12/15/8 2253/18/8 405/18/8
f 405/18/8 1983/72/8 183/72/8
f 1008/18/8 1518/72/8 839/72/8
f 366/238/8 2251/237/8 844/237/8
f 844/237/8 1656/34/8 236/34/8
f 1007/237/8 1191/34/8 454/34/8
f 231/238/8 2249/237/8 618/237/8
f 618/237/8 1796/34/8 10/34/8
f 1006/237/8 1332/34/8 623/34/8
f 94/24/8 2247/76/8 449/76/8
f 449/76/8 1985/238/8 231/238/8
f 1005/76/8 1520/238/8 843/238/8
f 367/238/8 2245/237/8 848/237/8
f 848/237/8 1622/34/8 188/34/8
f 1004/237/8 1157/34/8 410/34/8
f 298/238/8 2243/237/8 514/237/8
f 514/237/8 1762/34/8 99/34/8
f 1003/237/8 1298/34/8 579/34/8
f 150/24/8 2241/76/8 683/76/8
f 683/76/8 1987/238/8 298/238/8
f 1002/76/8 1522/238/8 847/238/8
f 368/236/3 2239/25/3 852/25/3
f 852/25/3 1708/26/3 293/26/3
f 1001/25/3 1243/26/3 509/26/3
f 232/236/3 2237/25/3 450/25/3
f 450/25/3 1848/26/3 95/26/3
f 1000/25/3 1384/26/3 678/26/3
f 11/17/3 2235/20/3 619/20/3
f 619/20/3 1989/236/3 232/236/3
f 999/20/3 1524/236/3 851/236/3
f 369/248/3 2233/252/3 856/252/3
f 856/252/3 1657/15/3 238/15/3
f 998/252/3 1192/15/3 456/15/3
f 184/248/3 2231/252/3 406/252/3
f 406/252/3 1797/15/3 12/15/3
f 997/252/3 1333/15/3 625/15/3
f 95/26/3 2229/75/3 575/75/3
f 575/75/3 1991/248/3 184/248/3
f 996/75/3 1526/248/3 855/248/3
f 370/248/3 2227/252/3 860/252/3
f 860/252/3 1623/15/3 190/15/3
f 995/252/3 1158/15/3 412/15/3
f 294/248/3 2225/252/3 510/252/3
f 510/252/3 1763/15/3 101/15/3
f 994/252/3 1299/15/3 581/15/3
f 149/26/3 2223/75/3 679/75/3
f 679/75/3 1993/248/3 294/248/3
f 993/75/3 1528/248/3 859/248/3
f 1757/462/3 3177/2530/3 4243/2530/3
f 1791/576/3 3176/1236/3 4263/1236/3
f 1240/576/3 4265/1236/3 3176/1236/3
f 4370/1121/8 1995/1058/8 4371/1121/8
f 4371/1121/8 1380/1058/8 3247/1121/8
f 4235/2531/8 1239/464/8 3175/2531/8
f 1532/494/8 3336/1235/8 3337/1235/8
f 1782/494/8 3337/1235/8 4255/1235/8
f 1642/1031/8 3246/1231/8 4183/1231/8
f 1534/494/8 3338/1235/8 3339/1235/8
f 1238/494/8 3339/1235/8 3174/1235/8
f 1379/1031/8 4194/1231/8 3246/1231/8
f 4376/243/8 2001/242/8 4377/243/8
f 4377/243/8 1378/242/8 3245/243/8
f 3156/244/8 1237/81/8 3173/244/8
f 1538/82/8 3342/241/8 3343/241/8
f 1153/82/8 3343/241/8 3136/241/8
f 1294/239/8 3244/240/8 3208/240/8
f 1540/82/8 3344/241/8 3345/241/8
f 1236/82/8 3345/241/8 3172/241/8
f 1377/239/8 3211/240/8 3244/240/8
f 4382/1148/8 2007/1059/8 4383/1148/8
f 4383/1148/8 1376/1059/8 3243/1148/8
f 4238/2532/8 1235/463/8 3171/2532/8
f 1544/492/8 3348/1234/8 3349/1234/8
f 1785/492/8 3349/1234/8 4258/1234/8
f 1645/1030/8 3242/1233/8 4186/1233/8
f 1546/492/8 3350/1234/8 3351/1234/8
f 1234/492/8 3351/1234/8 3170/1234/8
f 1375/1030/8 4196/1233/8 3242/1233/8
f 3161/244/29 1233/81/29 144/24/29
f 1163/82/29 1232/82/29 112/15/29
f 1232/82/29 68/15/29 112/15/29
f 1765/464/1 3169/2531/1 4246/2531/1
f 1799/494/1 3168/1235/1 4266/1235/1
f 1230/494/1 4270/1235/1 3168/1235/1
f 1195/81/17 3167/244/17 3159/244/17
f 1161/82/17 3166/241/17 3139/241/17
f 1228/82/17 3141/241/17 3166/241/17
f 1767/463/2 3165/2532/2 4248/2532/2
f 1801/492/2 3164/1234/2 4268/1234/2
f 1226/492/2 4271/1234/2 3164/1234/2
f 1772/462/1 140/64/1 121/64/1
f 1806/576/1 120/43/1 67/43/1
f 1224/576/1 71/43/1 120/43/1
f 4251/2532/30 1223/463/30 139/50/30
f 1805/492/30 1222/492/30 124/41/30
f 1222/492/30 66/41/30 124/41/30
f 4245/2530/31 1221/462/31 138/64/31
f 1798/576/31 1220/576/31 125/43/31
f 1220/576/31 67/43/31 125/43/31
f 4250/2531/32 1219/464/32 137/53/32
f 1804/494/32 1218/494/32 114/22/32
f 1218/494/32 65/22/32 114/22/32
f 2928/574/8 992/2533/8 2219/569/8
f 2014/272/8 2219/569/8 882/2534/8
f 371/1229/8 2928/574/8 2014/272/8
f 2929/571/8 481/2535/8 1680/1046/8
f 1549/558/8 1680/1046/8 265/1222/8
f 882/2534/8 2929/571/8 1549/558/8
f 2930/568/8 136/2536/8 1215/58/8
f 2220/570/8 1215/58/8 481/2535/8
f 992/2533/8 2930/568/8 2220/570/8
f 2931/565/8 991/2537/8 2215/560/8
f 1309/262/8 2215/560/8 593/447/8
f 204/234/8 2931/565/8 1309/262/8
f 2932/562/8 650/2538/8 1820/528/8
f 1773/462/8 1820/528/8 123/64/8
f 593/447/8 2932/562/8 1773/462/8
f 2933/559/8 265/1222/8 1356/282/8
f 2216/561/8 1356/282/8 650/2538/8
f 991/2537/8 2933/559/8 2216/561/8
f 2934/556/8 990/2539/8 2211/552/8
f 1168/45/8 2211/552/8 424/449/8
f 72/15/8 2934/556/8 1168/45/8
f 2935/554/8 881/2540/8 2013/563/8
f 1633/1028/8 2013/563/8 204/234/8
f 424/449/8 2935/554/8 1633/1028/8
f 2936/551/8 371/1229/8 1548/271/8
f 2212/553/8 1548/271/8 881/2540/8
f 990/2539/8 2936/551/8 2212/553/8
f 2937/548/8 989/2541/8 2207/543/8
f 2018/280/8 2207/543/8 886/2542/8
f 372/1224/8 2937/548/8 2018/280/8
f 2938/545/8 596/2543/8 1312/2544/8
f 1553/532/8 1312/2544/8 207/2545/8
f 886/2542/8 2938/545/8 1553/532/8
f 2939/542/8 128/2546/8 1776/2547/8
f 2208/544/8 1776/2547/8 596/2543/8
f 989/2541/8 2939/542/8 2208/544/8
f 2940/539/8 988/2548/8 2203/534/8
f 1343/263/8 2203/534/8 637/575/8
f 252/85/8 2940/539/8 1343/263/8
f 2941/536/8 427/2549/8 1171/2550/8
f 1807/576/8 1171/2550/8 71/43/8
f 637/575/8 2941/536/8 1807/576/8
f 2942/533/8 207/2545/8 1636/2551/8
f 2204/535/8 1636/2551/8 427/2549/8
f 988/2548/8 2942/533/8 2204/535/8
f 2943/530/8 987/2552/8 2199/525/8
f 1202/65/8 2199/525/8 468/595/8
f 123/64/8 2943/530/8 1202/65/8
f 2944/527/8 885/2553/8 2017/537/8
f 1667/1029/8 2017/537/8 252/85/8
f 468/595/8 2944/527/8 1667/1029/8
f 2945/524/8 372/1224/8 1552/279/8
f 2200/526/8 1552/279/8 885/2553/8
f 987/2552/8 2945/524/8 2200/526/8
f 2946/521/8 986/2554/8 2195/516/8
f 2022/289/8 2195/516/8 890/2555/8
f 373/1218/8 2946/521/8 2022/289/8
f 2947/518/8 640/2556/8 1346/2557/8
f 1557/505/8 1346/2557/8 255/2558/8
f 890/2555/8 2947/518/8 1557/505/8
f 2948/515/8 70/2559/8 1810/2560/8
f 2196/517/8 1810/2560/8 640/2556/8
f 986/2554/8 2948/515/8 2196/517/8
f 2949/512/8 985/2561/8 2191/507/8
f 1681/277/8 2191/507/8 482/2562/8
f 266/1225/8 2949/512/8 1681/277/8
f 2950/509/8 471/2563/8 1205/2564/8
f 1216/541/8 1205/2564/8 128/2546/8
f 482/2562/8 2950/509/8 1216/541/8
f 2951/506/8 255/2558/8 1670/2565/8
f 2192/508/8 1670/2565/8 471/2563/8
f 985/2561/8 2951/506/8 2192/508/8
f 2952/503/8 984/2566/8 2187/498/8
f 1821/59/8 2187/498/8 651/2567/8
f 136/2536/8 2952/503/8 1821/59/8
f 2953/500/8 889/2568/8 2021/510/8
f 1357/1041/8 2021/510/8 266/1225/8
f 651/2567/8 2953/500/8 1357/1041/8
f 2954/497/8 373/1218/8 1556/288/8
f 2188/499/8 1556/288/8 889/2568/8
f 984/2566/8 2954/497/8 2188/499/8
f 1775/464/3 135/53/3 127/53/3
f 1809/494/3 131/22/3 65/22/3
f 1212/494/3 69/22/3 131/22/3
f 1198/81/2 134/24/2 115/24/2
f 1164/82/2 122/15/2 68/15/2
f 1210/82/2 72/15/2 122/15/2
f 1774/463/17 133/50/17 126/50/17
f 1808/492/17 132/41/17 66/41/17
f 1208/492/17 70/41/17 132/41/17
f 1209/463/17 128/50/17 133/50/17
f 1211/81/2 129/24/2 134/24/2
f 1213/464/3 130/53/3 135/53/3
f 2955/490/8 983/2569/8 2183/485/8
f 2026/298/8 2183/485/8 894/2570/8
f 374/1212/8 2955/490/8 2026/298/8
f 2956/487/8 480/2571/8 1679/1055/8
f 1561/474/8 1679/1055/8 264/1216/8
f 894/2570/8 2956/487/8 1561/474/8
f 2957/484/8 130/2572/8 1214/55/8
f 2184/486/8 1214/55/8 480/2571/8
f 983/2569/8 2957/484/8 2184/486/8
f 2958/481/8 982/2573/8 2179/476/8
f 1682/269/8 2179/476/8 483/2574/8
f 267/1230/8 2958/481/8 1682/269/8
f 2959/478/8 649/2575/8 1819/501/8
f 1217/567/8 1819/501/8 136/2536/8
f 483/2574/8 2959/478/8 1217/567/8
f 2960/475/8 264/1216/8 1355/291/8
f 2180/477/8 1355/291/8 649/2575/8
f 982/2573/8 2960/475/8 2180/477/8
f 2961/472/8 981/2576/8 2175/468/8
f 1822/61/8 2175/468/8 652/2577/8
f 129/24/8 2961/472/8 1822/61/8
f 2962/470/8 893/2578/8 2025/479/8
f 1358/1033/8 2025/479/8 267/1230/8
f 652/2577/8 2962/470/8 1358/1033/8
f 2963/467/8 374/1212/8 1560/297/8
f 2176/469/8 1560/297/8 893/2578/8
f 981/2576/8 2963/467/8 2176/469/8
f 137/53/32 1775/464/32 127/53/32
f 138/64/31 1772/462/31 121/64/31
f 139/50/30 1774/463/30 126/50/30
f 1225/462/1 123/64/1 140/64/1
f 1227/463/2 4251/2532/2 3165/2532/2
f 1229/81/17 3161/244/17 3167/244/17
f 1231/464/1 4250/2531/1 3169/2531/1
f 144/24/29 1198/81/29 115/24/29
f 4388/1148/8 2029/1059/8 4389/1148/8
f 4389/1148/8 1627/1059/8 4176/1148/8
f 3171/2532/8 1767/463/8 4248/2532/8
f 4390/243/8 2031/242/8 4391/243/8
f 4391/243/8 1336/242/8 3231/243/8
f 3173/244/8 1195/81/8 3159/244/8
f 4392/1121/8 2033/1058/8 4393/1121/8
f 4393/1121/8 1625/1058/8 4174/1121/8
f 3175/2531/8 1765/464/8 4246/2531/8
f 1241/462/3 4245/2530/3 3177/2530/3
f 375/236/3 2173/25/3 904/25/3
f 904/25/3 1707/26/3 292/26/3
f 980/25/3 1242/26/3 508/26/3
f 295/236/3 2171/25/3 511/25/3
f 511/25/3 1847/26/3 149/26/3
f 979/25/3 1383/26/3 677/26/3
f 96/17/3 2169/20/3 680/20/3
f 680/20/3 2035/236/3 295/236/3
f 978/20/3 1570/236/3 903/236/3
f 376/72/8 2167/23/8 908/23/8
f 908/23/8 1709/24/8 296/24/8
f 977/23/8 1244/24/8 512/24/8
f 299/72/8 2165/23/8 515/23/8
f 515/23/8 1849/24/8 150/24/8
f 976/23/8 1385/24/8 681/24/8
f 101/15/8 2163/18/8 684/18/8
f 684/18/8 2037/72/8 299/72/8
f 975/18/8 1572/72/8 907/72/8
f 377/30/1 2161/29/1 912/29/1
f 912/29/1 1711/77/1 300/77/1
f 974/29/1 1246/77/1 516/77/1
f 303/30/1 2159/29/1 519/29/1
f 519/29/1 1851/77/1 151/77/1
f 973/29/1 1387/77/1 685/77/1
f 99/22/1 2157/10/1 688/10/1
f 688/10/1 2039/30/1 303/30/1
f 972/10/1 1574/30/1 911/30/1
f 378/83/7 2155/27/7 916/27/7
f 916/27/7 1713/28/7 304/28/7
f 971/27/7 1248/28/7 520/28/7
f 307/83/7 2153/27/7 523/27/7
f 523/27/7 1853/28/7 152/28/7
f 970/27/7 1389/28/7 689/28/7
f 97/16/7 2151/21/7 692/21/7
f 692/21/7 2041/83/7 307/83/7
f 969/21/7 1576/83/7 915/83/7
f 2147/25/13 5426/246/67 2149/246/76
f 920/25/50 2042/246/46 2147/25/13
f 379/236/33 2149/246/76 5426/246/67
f 2964/453/33 524/26/9 1715/26/34
f 1577/453/50 1715/26/34 308/26/53
f 920/25/50 2964/453/33 1577/453/50
f 2148/453/13 5427/453/76 1250/26/75
f 2148/453/13 968/25/50 2146/25/90
f 5427/453/76 2146/25/90 95/26/13
f 5428/245/71 5429/246/67 2145/246/90
f 527/25/50 1718/246/62 2143/25/71
f 311/236/55 2145/246/90 5429/246/67
f 2965/453/33 693/26/66 1855/26/53
f 1253/453/50 1855/26/53 153/26/66
f 527/25/50 2965/453/33 1253/453/50
f 2966/453/33 308/26/53 1391/26/53
f 2144/453/50 1391/26/53 693/26/66
f 967/25/50 2966/453/33 2144/453/50
f 1858/19/38 966/20/13 696/20/46
f 1394/452/33 919/236/55 311/236/55
f 2140/452/33 379/236/33 919/236/55
f 5430/451/10 2044/72/56 5431/239/60
f 2046/239/56 380/72/59 2044/72/56
f 5431/239/60 2044/72/56 922/72/43
f 1581/52/41 5432/52/59 1719/24/41
f 1581/52/41 924/23/59 2139/23/41
f 5432/52/59 2139/23/41 965/23/6
f 528/24/6 2138/23/43 1254/24/39
f 2135/23/43 2137/239/56 964/23/59
f 531/23/6 2967/239/43 2135/23/43
f 1722/239/57 2045/72/59 2967/239/43
f 1859/24/10 2136/52/41 697/24/41
f 154/24/41 2968/52/43 1859/24/10
f 1257/52/37 2135/23/43 2968/52/43
f 1395/24/10 1581/52/41 312/24/40
f 697/24/41 2969/52/43 1395/24/10
f 2136/52/41 2134/23/59 2969/52/43
f 2131/18/10 2133/82/59 963/18/6
f 700/18/6 2970/82/10 2131/18/10
f 1862/82/40 1759/15/9 2970/82/10
f 2045/72/59 2132/261/56 923/72/59
f 315/72/6 2971/261/43 2045/72/59
f 1398/261/57 2131/18/10 2971/261/43
f 1580/72/5 1582/261/57 380/72/59
f 923/72/59 2972/261/10 1580/72/5
f 2132/261/56 2130/18/6 2972/261/10
f 4394/1174/8 2049/1028/8 4395/1174/8
f 4395/1174/8 1617/1028/8 4171/1174/8
f 3179/2530/8 1757/462/8 4243/2530/8
f 5433/2579/7 3675/2580/7 6167/2581/7
f 5434/2582/7 5435/2583/7 6166/2584/7
f 4396/2585/7 5436/2586/7 6165/2587/7
f 5437/2588/7 3674/2589/7 6164/2590/7
f 5438/2591/7 5439/2592/7 6163/2593/7
f 4457/2594/7 5440/2595/7 6162/2596/7
f 5441/2597/7 3151/2598/7 6161/2599/7
f 5442/2600/7 5443/2601/7 6160/2602/7
f 4456/2603/7 5444/2604/7 6159/2605/7
f 5445/2606/7 3671/2607/7 6158/2608/7
f 5446/2609/7 5447/2610/7 6157/2611/7
f 4397/2612/7 5448/2613/7 6156/2614/7
f 5449/2615/7 3670/2616/7 6155/2617/7
f 5450/2618/7 5451/2619/7 6154/2620/7
f 4453/2621/7 5452/2622/7 6153/2623/7
f 5453/2624/7 3362/2625/7 6152/2626/7
f 5454/2627/7 5455/2628/7 6151/2629/7
f 4452/2630/7 5456/2631/7 6150/2632/7
f 5457/2633/7 3667/2634/7 6149/2635/7
f 5458/2636/7 5459/2637/7 6148/2638/7
f 4242/2639/7 5460/2640/7 6147/2641/7
f 5461/2642/7 3666/2643/7 6146/2644/7
f 5462/2645/7 5463/2646/7 6145/2647/7
f 4449/2648/7 5464/2649/7 6144/2650/7
f 5465/2651/7 3363/2652/7 6143/2653/7
f 5466/2654/7 5467/2655/7 6142/2656/7
f 4448/2657/7 5468/2658/7 6141/2659/7
f 2115/29/57 2117/199/6 959/29/57
f 934/29/48 2982/199/40 2115/29/57
f 2056/199/6 2054/30/40 2982/199/40
f 1729/77/45 2116/418/69 539/77/70
f 322/77/45 2983/418/57 1729/77/45
f 1591/418/69 2115/29/57 2983/418/57
f 5469/419/5 2114/29/69 5470/418/77
f 2116/418/69 959/29/57 2114/29/69
f 1265/77/71 5470/418/77 567/29/37
f 2111/29/37 2113/199/6 958/29/48
f 542/29/48 2984/199/57 2111/29/37
f 1732/199/6 2055/30/48 2984/199/57
f 1870/77/45 2112/418/69 708/77/45
f 158/77/45 2985/418/37 1870/77/45
f 1268/418/69 2111/29/37 2985/418/37
f 1405/77/37 1591/418/69 322/77/45
f 708/77/45 2986/418/57 1405/77/37
f 2112/418/69 2110/29/48 2986/418/57
f 2107/10/57 2109/96/40 957/10/48
f 711/10/48 2987/96/40 2107/10/57
f 1873/96/6 1755/22/40 2987/96/40
f 2055/30/48 2108/417/6 933/30/48
f 325/30/48 2988/417/57 2055/30/48
f 1408/417/6 2107/10/57 2988/417/57
f 1590/30/57 1592/417/6 382/30/48
f 933/30/48 2989/417/40 1590/30/57
f 2108/417/6 2106/10/48 2989/417/40
f 5471/2660/3 3663/2661/3 6140/2662/3
f 5472/2663/3 5473/2664/3 6139/2665/3
f 4400/2666/3 5474/2667/3 6138/2668/3
f 5475/2669/3 3662/2670/3 6137/2671/3
f 5476/2672/3 5477/2673/3 6136/2674/3
f 4445/2675/3 5478/2676/3 6135/2677/3
f 5479/2678/3 3153/2530/3 6134/2679/3
f 5480/2680/3 5481/2681/3 6133/2682/3
f 4444/2683/3 5482/2684/3 6132/2685/3
f 5483/2686/3 3659/2687/3 6131/2688/3
f 5484/2689/3 5485/2690/3 6130/2691/3
f 4401/2692/3 5486/2693/3 6129/2694/3
f 5487/2695/3 3658/2696/3 6128/2697/3
f 5488/2698/3 5489/2699/3 6127/2700/3
f 4441/2701/3 5490/2702/3 6126/2703/3
f 5491/2704/3 3366/2705/3 6125/2706/3
f 5492/2707/3 5493/2708/3 6124/2709/3
f 4440/2710/3 5494/2711/3 6123/2712/3
f 5495/2713/3 3655/2714/3 6122/2715/3
f 5496/2716/3 5497/2717/3 6121/2718/3
f 4240/251/3 5498/2719/3 6120/2720/3
f 5499/2721/3 3654/2722/3 6119/2723/3
f 5500/2724/3 5501/2725/3 6118/2726/3
f 4437/2727/3 5502/2728/3 6117/2729/3
f 5503/2730/3 3367/2731/3 6116/2732/3
f 5504/2733/3 5505/2734/3 6115/2735/3
f 4436/2736/3 5506/2737/3 6114/2738/3
f 5507/2739/2 3651/2740/2 6113/2741/2
f 5508/2742/2 5509/2743/2 6112/2744/2
f 4404/2745/2 5510/2746/2 6111/2747/2
f 5511/2748/2 3650/2749/2 6110/2750/2
f 5512/2751/2 5513/2752/2 6109/2753/2
f 4433/2754/2 5514/2755/2 6108/2756/2
f 5515/2757/2 4238/2532/2 6107/2758/2
f 5516/2759/2 5517/2760/2 6106/2761/2
f 4432/2762/2 5518/2763/2 6105/2764/2
f 5519/2765/2 3647/2766/2 6104/2767/2
f 5520/2768/2 5521/2769/2 6103/2770/2
f 4405/2771/2 5522/2772/2 6102/2773/2
f 5523/2774/2 3646/2775/2 6101/2776/2
f 5524/2777/2 5525/2778/2 6100/2779/2
f 4429/2780/2 5526/2781/2 6099/2782/2
f 5527/2783/2 3370/2784/2 6098/2785/2
f 5528/2786/2 5529/2787/2 6097/2788/2
f 4428/2789/2 5530/2790/2 6096/2791/2
f 5531/2792/2 3643/2793/2 6095/2794/2
f 5532/2795/2 5533/2796/2 6094/2797/2
f 4237/2798/2 5534/2799/2 6093/2800/2
f 5535/2801/2 3642/2802/2 6092/2803/2
f 5536/2804/2 5537/2805/2 6091/2806/2
f 4425/2807/2 5538/2808/2 6090/2809/2
f 5539/2810/2 3371/2811/2 6089/2812/2
f 5540/2813/2 5541/2814/2 6088/2815/2
f 4424/2816/2 5542/2817/2 6087/2818/2
f 5543/2819/1 3639/2820/1 6086/2821/1
f 5544/2822/1 5545/2823/1 6085/2824/1
f 4408/2825/1 5546/2826/1 6084/2827/1
f 5547/2828/1 3638/2829/1 6083/2830/1
f 5548/2831/1 5549/2832/1 6082/2833/1
f 4421/2834/1 5550/2835/1 6081/2836/1
f 5551/2837/1 4235/2531/1 6080/2838/1
f 5552/2839/1 5553/2840/1 6079/2841/1
f 4420/2842/1 5554/2843/1 6078/2844/1
f 5555/2845/1 3635/2846/1 6077/2847/1
f 5556/2848/1 5557/2849/1 6076/2850/1
f 4409/2851/1 5558/2852/1 6075/2853/1
f 5559/2854/1 3634/2855/1 6074/2856/1
f 5560/2857/1 5561/2858/1 6073/2859/1
f 4417/2860/1 5562/2861/1 6072/2862/1
f 5563/2863/1 3374/2864/1 6071/2865/1
f 5564/2866/1 5565/2867/1 6070/2868/1
f 4416/2869/1 5566/2870/1 6069/2871/1
f 5567/2872/1 3631/2873/1 6068/2874/1
f 5568/2875/1 5569/2876/1 6067/2877/1
f 4234/2878/1 5570/2879/1 6066/2880/1
f 5571/2881/1 3630/2882/1 6065/2883/1
f 5572/2884/1 5573/2885/1 6064/2886/1
f 4413/2887/1 5574/2888/1 6063/2889/1
f 5575/2890/1 3375/2891/1 6062/2892/1
f 5576/2893/1 5577/2894/1 6061/2895/1
f 4412/2896/1 5578/2897/1 6060/2898/1
f 5579/2899/1 3627/2900/1 6059/2901/1
f 5580/2902/1 5581/2903/1 6058/2904/1
f 3982/2905/1 5582/2906/1 6057/2907/1
f 5583/2908/1 3626/2909/1 6056/2910/1
f 5584/2911/1 5585/2912/1 6055/2913/1
f 4157/2914/1 5586/2915/1 6054/2916/1
f 5587/2917/1 3983/2918/1 6053/2919/1
f 5588/2920/1 5589/2921/1 6052/2922/1
f 4156/2923/1 5590/2924/1 6051/2925/1
f 5591/2926/2 3623/2927/2 6050/2928/2
f 5592/2929/2 5593/2930/2 6049/2931/2
f 3985/2932/2 5594/2933/2 6048/2934/2
f 5595/2935/2 3622/2936/2 6047/2937/2
f 5596/2938/2 5597/2939/2 6046/2940/2
f 4153/2941/2 5598/2942/2 6045/2943/2
f 5599/2944/2 3986/2945/2 6044/2946/2
f 5600/2947/2 5601/2948/2 6043/2949/2
f 4152/2950/2 5602/2951/2 6042/2952/2
f 5603/2953/3 3619/2954/3 6041/2955/3
f 5604/2956/3 5605/2957/3 6040/2958/3
f 3988/587/3 5606/2959/3 6039/2960/3
f 5607/2961/3 3618/2962/3 6038/2963/3
f 5608/2964/3 5609/2965/3 6037/2966/3
f 4149/2967/3 5610/2968/3 6036/2969/3
f 5611/2970/3 3405/2971/3 6035/2972/3
f 5612/2973/3 5613/2974/3 6034/2975/3
f 4148/2976/3 5614/2977/3 6033/2978/3
f 2106/10/48 2057/96/6 935/10/48
f 957/10/48 3026/96/39 2106/10/48
f 2109/96/40 1291/22/40 3026/96/39
f 2110/29/48 2056/199/6 934/29/48
f 958/29/48 3027/199/57 2110/29/48
f 2113/199/6 1590/30/57 3027/199/57
f 5615/311/5 1589/30/6 5616/199/59
f 2117/199/6 932/30/48 1589/30/6
f 2114/29/69 5616/199/59 174/30/37
f 5617/2979/7 3615/2980/7 6032/2981/7
f 5618/2982/7 5619/2983/7 6031/2984/7
f 3990/2985/7 5620/2986/7 6030/2987/7
f 5621/2988/7 3614/2989/7 6029/2990/7
f 5622/2991/7 5623/2992/7 6028/2993/7
f 4145/2994/7 5624/2995/7 6027/2996/7
f 5625/2997/7 3403/2998/7 6026/2999/7
f 5626/3000/7 5627/3001/7 6025/3002/7
f 4144/3003/7 5628/3004/7 6024/3005/7
f 3431/2971/8 1293/262/8 3991/2971/8
f 4143/3006/8 1152/45/8 3919/3006/8
f 4142/3006/8 1584/45/8 4143/3006/8
f 2130/18/6 2047/82/40 925/18/6
f 963/18/6 3031/82/68 2130/18/6
f 2133/82/59 1295/15/9 3031/82/68
f 2134/23/59 2046/239/56 924/23/59
f 964/23/59 3032/239/43 2134/23/59
f 2137/239/56 1580/72/5 3032/239/43
f 965/23/6 1579/72/43 2138/23/43
f 2141/19/33 921/20/13 966/20/13
f 5629/245/46 5630/246/67 2042/246/46
f 967/25/50 2145/246/90 2142/25/63
f 919/236/55 2042/246/46 5630/246/67
f 968/25/50 2149/246/76 2146/25/90
f 577/16/7 2150/21/7 969/21/7
f 915/83/7 2152/27/7 970/27/7
f 914/83/7 2154/27/7 971/27/7
f 579/22/1 2156/10/1 972/10/1
f 911/30/1 2158/29/1 973/29/1
f 910/30/1 2160/29/1 974/29/1
f 581/15/8 2162/18/8 975/18/8
f 907/72/8 2164/23/8 976/23/8
f 906/72/8 2166/23/8 977/23/8
f 576/17/3 2168/20/3 978/20/3
f 903/236/3 2170/25/3 979/25/3
f 902/236/3 2172/25/3 980/25/3
f 1706/262/3 3993/2971/3 3429/2971/3
f 3427/2918/8 1301/266/8 3994/2918/8
f 4141/3007/8 1160/47/8 3922/3007/8
f 4140/3007/8 1568/47/8 4141/3007/8
f 3425/591/8 1660/260/8 3411/591/8
f 4139/592/8 1800/44/8 3483/592/8
f 4138/592/8 1566/44/8 4139/592/8
f 3423/2945/8 1303/264/8 3996/2945/8
f 4137/3008/8 1162/46/8 3924/3008/8
f 4136/3008/8 1564/46/8 4137/3008/8
f 499/76/29 1663/260/29 464/76/29
f 1696/266/1 3998/2918/1 3421/2918/1
f 1694/260/17 3413/591/17 3419/591/17
f 1692/264/2 3999/2945/2 3417/2945/2
f 1690/262/1 593/447/1 491/447/1
f 489/459/30 1310/264/30 594/459/30
f 487/447/31 1308/262/31 592/447/31
f 485/454/32 1311/266/32 595/454/32
f 3033/301/8 895/1210/8 2174/465/8
f 2177/471/8 2174/465/8 981/2576/8
f 472/76/8 3033/301/8 2177/471/8
f 3034/299/8 894/2570/8 2178/473/8
f 2181/480/8 2178/473/8 982/2573/8
f 893/2578/8 3034/299/8 2181/480/8
f 3035/296/8 473/3009/8 2182/482/8
f 2185/489/8 2182/482/8 983/2569/8
f 892/1211/8 3035/296/8 2185/489/8
f 1678/266/3 598/454/3 479/454/3
f 1676/260/2 472/76/2 477/76/2
f 1674/264/17 596/459/17 475/459/17
f 1673/265/17 640/491/17 474/491/17
f 1344/265/17 474/491/17 638/491/17
f 1310/264/17 475/459/17 594/459/17
f 1675/261/2 428/18/2 476/18/2
f 1629/261/2 476/18/2 420/18/2
f 1663/260/2 477/76/2 464/76/2
f 1677/267/3 642/493/3 478/493/3
f 1345/267/3 478/493/3 639/493/3
f 1311/266/3 479/454/3 595/454/3
f 3036/293/8 891/1215/8 2186/495/8
f 2189/502/8 2186/495/8 984/2566/8
f 649/2575/8 3036/293/8 2189/502/8
f 3037/290/8 890/2555/8 2190/504/8
f 2193/511/8 2190/504/8 985/2561/8
f 889/2568/8 3037/290/8 2193/511/8
f 3038/287/8 429/3010/8 2194/513/8
f 2197/520/8 2194/513/8 986/2554/8
f 888/1217/8 3038/287/8 2197/520/8
f 3039/284/8 887/1221/8 2198/522/8
f 2201/529/8 2198/522/8 987/2552/8
f 650/2538/8 3039/284/8 2201/529/8
f 3040/281/8 886/2542/8 2202/531/8
f 2205/538/8 2202/531/8 988/2548/8
f 885/2553/8 3040/281/8 2205/538/8
f 3041/278/8 482/2562/8 2206/540/8
f 2209/547/8 2206/540/8 989/2541/8
f 884/1223/8 3041/278/8 2209/547/8
f 3042/275/8 883/1227/8 2210/549/8
f 2213/555/8 2210/549/8 990/2539/8
f 428/18/8 3042/275/8 2213/555/8
f 3043/273/8 882/2534/8 2214/557/8
f 2217/564/8 2214/557/8 991/2537/8
f 881/2540/8 3043/273/8 2217/564/8
f 3044/270/8 483/2574/8 2218/566/8
f 2221/573/8 2218/566/8 992/2533/8
f 880/1228/8 3044/270/8 2221/573/8
f 1683/267/32 639/493/32 484/493/32
f 1340/267/32 1683/267/32 484/493/32
f 3998/2918/32 1684/266/32 485/454/32
f 1685/263/31 636/575/31 486/575/31
f 1334/263/31 1685/263/31 486/575/31
f 3993/2971/31 1686/262/31 487/447/31
f 1687/265/30 638/491/30 488/491/30
f 1341/265/30 1687/265/30 488/491/30
f 3999/2945/30 1688/264/30 489/459/30
f 1689/263/1 637/575/1 490/575/1
f 1342/263/1 490/575/1 636/575/1
f 1308/262/1 491/447/1 592/447/1
f 1691/265/2 4019/3011/2 3416/3011/2
f 1337/265/2 3416/3011/2 4016/3011/2
f 1303/264/2 3417/2945/2 3996/2945/2
f 1693/261/17 3393/593/17 3418/593/17
f 1626/261/17 3418/593/17 3391/593/17
f 1660/260/17 3419/591/17 3411/591/17
f 1695/267/1 4018/3012/1 3420/3012/1
f 1335/267/1 3420/3012/1 4014/3012/1
f 1301/266/1 3421/2918/1 3994/2918/1
f 1697/261/29 420/18/29 498/18/29
f 1628/261/29 1697/261/29 498/18/29
f 3413/591/29 1698/260/29 499/76/29
f 1839/51/8 3944/3013/8 3494/3013/8
f 1699/265/8 3603/3011/8 3422/3011/8
f 2011/265/8 3602/3011/8 3603/3011/8
f 1180/51/8 3494/3013/8 3934/3013/8
f 1321/265/8 3601/3011/8 4006/3011/8
f 2009/265/8 3600/3011/8 3601/3011/8
f 3986/2945/8 1700/264/8 3423/2945/8
f 4131/3008/8 1840/46/8 3495/3008/8
f 4130/3008/8 1542/46/8 4131/3008/8
f 1841/52/8 3463/594/8 3496/594/8
f 1701/261/8 3597/593/8 3424/593/8
f 2005/261/8 3596/593/8 3597/593/8
f 1758/52/8 3496/594/8 3460/594/8
f 1618/261/8 3595/593/8 3388/593/8
f 2003/261/8 3594/593/8 3595/593/8
f 3408/591/8 1702/260/8 3425/591/8
f 4125/592/8 1842/44/8 3497/592/8
f 4124/592/8 1536/44/8 4125/592/8
f 1843/54/8 3942/3014/8 3498/3014/8
f 1703/267/8 3591/3012/8 3426/3012/8
f 1999/267/8 3590/3012/8 3591/3012/8
f 1177/54/8 3498/3014/8 3931/3014/8
f 1318/267/8 3589/3012/8 4003/3012/8
f 1997/267/8 3588/3012/8 3589/3012/8
f 3983/2918/8 1704/266/8 3427/2918/8
f 4119/3007/8 1844/47/8 3499/3007/8
f 4118/3007/8 1530/47/8 4119/3007/8
f 1705/263/3 4013/3015/3 3428/3015/3
f 1327/263/3 3428/3015/3 4011/3015/3
f 1293/262/3 3429/2971/3 3991/2971/3
f 677/26/3 2222/75/3 993/75/3
f 859/248/3 2224/252/3 994/252/3
f 858/248/3 2226/252/3 995/252/3
f 678/26/3 2228/75/3 996/75/3
f 855/248/3 2230/252/3 997/252/3
f 854/248/3 2232/252/3 998/252/3
f 620/17/3 2234/20/3 999/20/3
f 851/236/3 2236/25/3 1000/25/3
f 850/236/3 2238/25/3 1001/25/3
f 681/24/8 2240/76/8 1002/76/8
f 847/238/8 2242/237/8 1003/237/8
f 846/238/8 2244/237/8 1004/237/8
f 682/24/8 2246/76/8 1005/76/8
f 843/238/8 2248/237/8 1006/237/8
f 842/238/8 2250/237/8 1007/237/8
f 625/15/8 2252/18/8 1008/18/8
f 839/72/8 2254/23/8 1009/23/8
f 838/72/8 2256/23/8 1010/23/8
f 685/77/1 2258/78/1 1011/78/1
f 835/203/1 2260/235/1 1012/235/1
f 834/203/1 2262/235/1 1013/235/1
f 686/77/1 2264/78/1 1014/78/1
f 831/203/1 2266/235/1 1015/235/1
f 830/203/1 2268/235/1 1016/235/1
f 623/22/1 2270/10/1 1017/10/1
f 827/30/1 2272/29/1 1018/29/1
f 826/30/1 2274/29/1 1019/29/1
f 689/28/7 2276/79/7 1020/79/7
f 823/253/7 2278/254/7 1021/254/7
f 822/253/7 2280/254/7 1022/254/7
f 690/28/7 2282/79/7 1023/79/7
f 819/253/7 2284/254/7 1024/254/7
f 818/253/7 2286/254/7 1025/254/7
f 621/16/7 2288/21/7 1026/21/7
f 815/83/7 2290/27/7 1027/27/7
f 814/83/7 2292/27/7 1028/27/7
f 3045/80/37 813/75/9 2294/75/60
f 2297/80/58 2294/75/60 1029/75/4
f 693/26/66 3045/80/37 2297/80/58
f 3046/249/48 812/252/48 2298/252/59
f 2301/249/42 2298/252/59 1030/252/42
f 811/248/42 3046/249/48 2301/249/42
f 5632/249/70 5631/250/94 1501/248/42
f 810/248/45 5631/250/94 2305/249/64
f 5632/249/70 1501/248/42 406/252/13
f 3047/80/5 3585/396/37 5633/396/37
f 2309/80/5 5633/396/37 3677/396/58
f 694/26/34 5634/251/37 4461/251/58
f 3048/249/79 3584/1083/9 5635/1083/37
f 2313/249/79 5635/1083/37 3679/1083/59
f 807/248/43 5636/250/37 4463/250/59
f 3049/249/37 526/252/9 2314/252/60
f 2317/249/41 2314/252/60 1034/252/40
f 806/248/9 3049/249/37 2317/249/41
f 2319/19/13 3583/743/11 3681/743/38
f 5637/245/57 5638/246/61 1960/246/42
f 3683/245/58 2320/25/48 1036/25/48
f 5638/246/61 4366/1379/93 1960/246/42
f 5639/245/62 5640/246/67 1718/246/62
f 1037/25/76 2327/246/43 2324/25/63
f 802/236/9 1718/246/62 5640/246/67
f 3050/81/10 801/76/40 2328/76/10
f 2331/81/61 2328/76/10 1038/76/41
f 697/24/41 3050/81/10 2331/81/61
f 3051/242/40 800/237/40 2332/237/47
f 2335/242/60 2332/237/47 1039/237/60
f 799/238/60 3051/242/40 2335/242/60
f 798/238/40 2336/237/40 1040/237/56
f 3052/81/60 3581/457/59 5641/457/10
f 2341/81/60 5641/457/10 3685/457/61
f 698/24/10 5642/244/10 4469/244/61
f 3053/242/6 3580/458/60 5643/458/10
f 2345/242/6 5643/458/10 3687/458/4
f 795/238/6 5644/243/10 4471/243/4
f 3054/242/10 530/237/40 2346/237/10
f 2349/242/4 2346/237/10 1043/237/60
f 794/238/4 3054/242/10 2349/242/4
f 5645/578/68 1951/82/40 3579/578/6
f 3689/578/77 3055/82/43 5645/578/68
f 4473/241/59 1329/15/6 5646/241/37
f 5647/451/59 1950/239/58 3578/451/5
f 3691/451/79 3056/239/42 5647/451/59
f 4475/240/79 1484/72/40 5648/240/58
f 2358/23/6 1722/239/57 531/23/6
f 1046/23/6 3057/239/56 2358/23/6
f 2361/239/47 1483/72/6 3057/239/56
f 1864/65/8 3939/3016/8 3502/3016/8
f 1723/263/8 3577/3015/8 3430/3015/8
f 1947/263/8 3576/3015/8 3577/3015/8
f 1754/65/8 3502/3016/8 3457/3016/8
f 1614/263/8 3575/3015/8 3385/3015/8
f 1945/263/8 3574/3015/8 3575/3015/8
f 3405/2971/8 1724/262/8 3431/2971/8
f 4105/3006/8 1865/45/8 3503/3006/8
f 4104/3006/8 1478/45/8 4105/3006/8
f 5649/3017/7 3571/3018/7 6023/3019/7
f 5650/3020/7 5651/3021/7 6022/3022/7
f 4036/3023/7 5652/3024/7 6021/3025/7
f 5653/3026/7 3570/3027/7 6020/3028/7
f 5654/3029/7 5655/3030/7 6019/3031/7
f 4101/3032/7 5656/3033/7 6018/3034/7
f 5657/3035/7 3383/3036/7 6017/3037/7
f 5658/3038/7 5659/3039/7 6016/3040/7
f 4100/3041/7 5660/3042/7 6015/3043/7
f 5661/3044/7 3567/3045/7 6014/3046/7
f 5662/3047/7 5663/3048/7 6013/3049/7
f 4037/3050/7 5664/3051/7 6012/3052/7
f 5665/3053/7 3566/3054/7 6011/3055/7
f 5666/3056/7 5667/3057/7 6010/3058/7
f 4097/3059/7 5668/3060/7 6009/3061/7
f 5669/3062/7 3434/3063/7 6008/3064/7
f 5670/3065/7 5671/3066/7 6007/3067/7
f 4096/3068/7 5672/3069/7 6006/3070/7
f 5673/3071/7 3563/3072/7 6005/3073/7
f 5674/3074/7 5675/3075/7 6004/3076/7
f 4010/3077/7 5676/3078/7 6003/3079/7
f 5677/3080/7 3562/3081/7 6002/3082/7
f 5678/3083/7 5679/3084/7 6001/3085/7
f 4093/3086/7 5680/3087/7 6000/3088/7
f 5681/3089/7 3435/3090/7 5999/3091/7
f 5682/3092/7 5683/3093/7 5998/3094/7
f 4092/3095/7 5684/3096/7 5997/3097/7
f 2398/78/85 1929/95/44 771/78/61
f 1056/78/84 3067/95/50 2398/78/85
f 2401/95/46 1405/77/37 3067/95/50
f 1057/235/33 1928/202/51 770/235/33
f 5685/1318/55 1927/95/33 3559/1318/55
f 3729/1318/46 3068/95/33 5685/1318/55
f 4513/205/46 1406/77/45 5686/205/52
f 3731/2285/51 1926/202/33 3558/2285/38
f 1061/235/33 1731/202/51 541/235/33
f 5687/11/9 1925/96/44 3557/11/9
f 3733/11/40 3069/96/44 5687/11/9
f 4517/201/40 1325/22/48 5688/201/9
f 5689/311/49 1924/199/45 3556/311/93
f 3735/311/62 3070/199/33 5689/311/49
f 4519/200/62 1458/30/45 5690/200/49
f 2422/29/48 1732/199/6 542/29/48
f 1064/29/59 3071/199/48 2422/29/48
f 2425/199/78 1457/30/37 3071/199/48
f 5691/3098/3 3555/3099/3 5996/3100/3
f 5692/3101/3 5693/3102/3 5995/3103/3
f 4040/3104/3 5694/3105/3 5994/3106/3
f 5695/3107/3 3554/3108/3 5993/3109/3
f 5696/3110/3 5697/3111/3 5992/3112/3
f 4085/3113/3 5698/3114/3 5991/3115/3
f 5699/3116/3 3385/3015/3 5990/3117/3
f 5700/3118/3 5701/3119/3 5989/3120/3
f 4084/3121/3 5702/3122/3 5988/3123/3
f 5703/3124/3 3551/3125/3 5987/3126/3
f 5704/3127/3 5705/3128/3 5986/3129/3
f 4041/3130/3 5706/3131/3 5985/3132/3
f 5707/3133/3 3550/3134/3 5984/3135/3
f 5708/3136/3 5709/3137/3 5983/3138/3
f 4081/3139/3 5710/3140/3 5982/3141/3
f 5711/3142/3 3438/3143/3 5981/3144/3
f 5712/3145/3 5713/3146/3 5980/3147/3
f 4080/3148/3 5714/3149/3 5979/3150/3
f 5715/3151/3 3547/3152/3 5978/3153/3
f 5716/3154/3 5717/3155/3 5977/3156/3
f 4008/589/3 5718/3157/3 5976/3158/3
f 5719/3159/3 3546/3160/3 5975/3161/3
f 5720/3162/3 5721/3163/3 5974/3164/3
f 4077/3165/3 5722/3166/3 5973/3167/3
f 5723/3168/3 3439/3169/3 5972/3170/3
f 5724/3171/3 5725/3172/3 5971/3173/3
f 4076/3174/3 5726/3175/3 5970/3176/3
f 5727/3177/2 3543/3178/2 5969/3179/2
f 5728/3180/2 5729/3181/2 5968/3182/2
f 4044/3183/2 5730/3184/2 5967/3185/2
f 5731/3186/2 3542/3187/2 5966/3188/2
f 5732/3189/2 5733/3190/2 5965/3191/2
f 4073/3192/2 5734/3193/2 5964/3194/2
f 5735/3195/2 4006/3011/2 5963/3196/2
f 5736/3197/2 5737/3198/2 5962/3199/2
f 4072/3200/2 5738/3201/2 5961/3202/2
f 5739/3203/2 3539/3204/2 5960/3205/2
f 5740/3206/2 5741/3207/2 5959/3208/2
f 4045/3209/2 5742/3210/2 5958/3211/2
f 5743/3212/2 3538/3213/2 5957/3214/2
f 5744/3215/2 5745/3216/2 5956/3217/2
f 4069/3218/2 5746/3219/2 5955/3220/2
f 5747/3221/2 3442/3222/2 5954/3223/2
f 5748/3224/2 5749/3225/2 5953/3226/2
f 4068/3227/2 5750/3228/2 5952/3229/2
f 5751/3230/2 3535/3231/2 5951/3232/2
f 5752/3233/2 5753/3234/2 5950/3235/2
f 4005/3236/2 5754/3237/2 5949/3238/2
f 5755/3239/2 3534/3240/2 5948/3241/2
f 5756/3242/2 5757/3243/2 5947/3244/2
f 4065/3245/2 5758/3246/2 5946/3247/2
f 5759/3248/2 3443/3249/2 5945/3250/2
f 5760/3251/2 5761/3252/2 5944/3253/2
f 4064/3254/2 5762/3255/2 5943/3256/2
f 5763/3257/1 3531/3258/1 5942/3259/1
f 5764/3260/1 5765/3261/1 5941/3262/1
f 4048/3263/1 5766/3264/1 5940/3265/1
f 5767/3266/1 3530/3267/1 5939/3268/1
f 5768/3269/1 5769/3270/1 5938/3271/1
f 4061/3272/1 5770/3273/1 5937/3274/1
f 5771/3275/1 4003/3012/1 5936/3276/1
f 5772/3277/1 5773/3278/1 5935/3279/1
f 4060/3280/1 5774/3281/1 5934/3282/1
f 5775/3283/1 3527/3284/1 5933/3285/1
f 5776/3286/1 5777/3287/1 5932/3288/1
f 4049/3289/1 5778/3290/1 5931/3291/1
f 5779/3292/1 3526/3293/1 5930/3294/1
f 5780/3295/1 5781/3296/1 5929/3297/1
f 4057/3298/1 5782/3299/1 5928/3300/1
f 5783/3301/1 3446/3302/1 5927/3303/1
f 5784/3304/1 5785/3305/1 5926/3306/1
f 4056/3307/1 5786/3308/1 5925/3309/1
f 5787/3310/1 3523/3311/1 5924/3312/1
f 5788/3313/1 5789/3314/1 5923/3315/1
f 4002/3316/1 5790/3317/1 5922/3318/1
f 5791/3319/1 3522/3320/1 5921/3321/1
f 5792/3322/1 5793/3323/1 5920/3324/1
f 4053/3325/1 5794/3326/1 5919/3327/1
f 5795/3328/1 3447/3329/1 5918/3330/1
f 5796/3331/1 5797/3332/1 5917/3333/1
f 4052/3334/1 5798/3335/1 5916/3336/1
f 5799/3337/1 3519/3338/1 5915/3339/1
f 5800/3340/1 5801/3341/1 5914/3342/1
f 3930/3343/1 5802/3344/1 5913/3345/1
f 5803/3346/1 3518/3347/1 5912/3348/1
f 5804/3349/1 5805/3350/1 5911/3351/1
f 3977/3352/1 5806/3353/1 5910/3354/1
f 5807/3355/1 3931/3014/1 5909/3356/1
f 5808/3357/1 5809/3358/1 5908/3359/1
f 3976/3360/1 5810/3361/1 5907/3362/1
f 5811/3363/2 3515/3364/2 5906/3365/2
f 5812/3366/2 5813/3367/2 5905/3368/2
f 3933/3369/2 5814/3370/2 5904/3371/2
f 5815/3372/2 3514/3373/2 5903/3374/2
f 5816/3375/2 5817/3376/2 5902/3377/2
f 3973/3378/2 5818/3379/2 5901/3380/2
f 5819/3381/2 3934/3013/2 5900/3382/2
f 5820/3383/2 5821/3384/2 5899/3385/2
f 3972/3386/2 5822/3387/2 5898/3388/2
f 5823/3389/3 3511/3390/3 5897/3391/3
f 5824/3392/3 5825/3393/3 5896/3394/3
f 3936/590/3 5826/3395/3 5895/3396/3
f 5827/3397/3 3510/3398/3 5894/3399/3
f 5828/3400/3 5829/3401/3 5893/3402/3
f 3969/3403/3 5830/3404/3 5892/3405/3
f 5831/3406/3 3457/3016/3 5891/3407/3
f 5832/3408/3 5833/3409/3 5890/3410/3
f 3968/3411/3 5834/3412/3 5889/3413/3
f 2570/10/44 1873/96/6 711/10/48
f 1101/10/37 3108/96/47 2570/10/44
f 2573/96/37 1184/22/40 3108/96/47
f 2574/78/86 1872/95/46 710/78/84
f 1102/78/84 3109/95/35 2574/78/86
f 2577/95/89 1266/77/80 3109/95/35
f 2581/95/43 5835/95/45 2578/78/44
f 2581/95/43 539/77/70 1265/77/71
f 2578/78/44 5835/95/45 85/77/37
f 5836/3414/7 3507/3415/7 5888/3416/7
f 5837/3417/7 5838/3418/7 5887/3419/7
f 3938/3420/7 5839/3421/7 5886/3422/7
f 5840/3423/7 3506/3424/7 5885/3425/7
f 5841/3426/7 5842/3427/7 5884/3428/7
f 3965/3429/7 5843/3430/7 5883/3431/7
f 5844/3432/7 3455/3433/7 5882/3434/7
f 5845/3435/7 5846/3436/7 5881/3437/7
f 3964/3438/7 5847/3439/7 5880/3440/7
f 3477/3006/8 1477/45/8 4104/3006/8
f 1944/263/8 3430/3015/8 3574/3015/8
f 1946/263/8 4011/3015/8 3576/3015/8
f 2594/18/43 1862/82/40 700/18/6
f 1107/18/43 3113/82/42 2594/18/43
f 2597/82/59 1188/15/9 3113/82/42
f 3114/81/10 699/76/40 2598/76/60
f 2601/81/61 2598/76/60 1108/76/4
f 529/24/41 3114/81/10 2601/81/61
f 528/24/6 2602/76/40 1109/76/6
f 2605/19/33 696/20/46 1110/20/46
f 3115/80/37 695/75/9 2606/75/48
f 2609/80/56 2606/75/48 1111/75/9
f 525/26/42 3115/80/37 2609/80/56
f 5849/80/95 5848/251/85 1250/26/75
f 524/26/9 5848/251/85 2613/80/34
f 5849/80/95 1250/26/75 575/75/13
f 452/16/7 2614/21/7 1113/21/7
f 521/28/7 2616/79/7 1114/79/7
f 520/28/7 2618/79/7 1115/79/7
f 454/22/1 2620/10/1 1116/10/1
f 517/77/1 2622/78/1 1117/78/1
f 516/77/1 2624/78/1 1118/78/1
f 456/15/8 2626/18/8 1119/18/8
f 513/24/8 2628/76/8 1120/76/8
f 512/24/8 2630/76/8 1121/76/8
f 451/17/3 2632/20/3 1122/20/3
f 509/26/3 2634/75/3 1123/75/3
f 508/26/3 2636/75/3 1124/75/3
f 1152/45/3 3501/3006/3 3919/3006/3
f 1186/65/3 3500/3016/3 3939/3016/3
f 1845/65/3 3941/3016/3 3500/3016/3
f 3911/3007/8 1529/47/8 4118/3007/8
f 1996/267/8 3426/3012/8 3588/3012/8
f 1998/267/8 4014/3012/8 3590/3012/8
f 3480/592/8 1535/44/8 4124/592/8
f 2002/261/8 3424/593/8 3594/593/8
f 2004/261/8 3391/593/8 3596/593/8
f 3914/3008/8 1541/46/8 4130/3008/8
f 2008/265/8 3422/3011/8 3600/3011/8
f 2010/265/8 4016/3011/8 3602/3011/8
f 3485/592/29 1802/44/29 1838/44/29
f 3465/594/29 1837/52/29 667/23/29
f 1837/52/29 589/23/29 667/23/29
f 1160/47/1 3493/3007/1 3922/3007/1
f 1194/54/1 3492/3014/1 3942/3014/1
f 1835/54/1 3946/3014/1 3492/3014/1
f 1800/44/17 3491/592/17 3483/592/17
f 1766/52/17 3490/594/17 3463/594/17
f 1833/52/17 3465/594/17 3490/594/17
f 1162/46/2 3489/3008/2 3924/3008/2
f 1196/51/2 3488/3013/2 3944/3013/2
f 1831/51/2 3947/3013/2 3488/3013/2
f 1167/45/1 660/449/1 423/449/1
f 1201/65/1 659/595/1 467/595/1
f 1829/65/1 468/595/1 659/595/1
f 3927/3008/30 1166/46/30 1828/46/30
f 3947/3013/30 1827/51/30 657/580/30
f 1827/51/30 469/580/30 657/580/30
f 3921/3006/31 1159/45/31 1826/45/31
f 3941/3016/31 1825/65/31 655/595/31
f 1825/65/31 467/595/31 655/595/31
f 3926/3007/32 1165/47/32 1824/47/32
f 3946/3014/32 1823/54/32 653/582/32
f 1823/54/32 470/582/32 653/582/32
f 3116/62/8 652/2577/8 2638/1032/8
f 2641/1038/8 2638/1032/8 1125/1226/8
f 597/23/8 3116/62/8 2641/1038/8
f 3117/60/8 651/2567/8 2642/1040/8
f 2645/1047/8 2642/1040/8 1126/1220/8
f 481/2535/8 3117/60/8 2645/1047/8
f 3118/57/8 598/3441/8 2646/1049/8
f 2649/1056/8 2646/1049/8 1127/1214/8
f 480/2571/8 3118/57/8 2649/1056/8
f 1170/47/3 648/456/3 426/456/3
f 1204/54/3 647/582/3 470/582/3
f 1817/54/3 473/582/3 647/582/3
f 1803/44/2 646/237/2 633/237/2
f 1769/52/2 645/23/2 589/23/2
f 1815/52/2 597/23/2 645/23/2
f 1169/46/17 644/461/17 425/461/17
f 1203/51/17 643/580/17 469/580/17
f 1813/51/17 471/580/17 643/580/17
f 1814/46/17 427/461/17 644/461/17
f 1816/44/2 641/237/2 646/237/2
f 1818/47/3 429/456/3 648/456/3
f 3119/49/8 642/3442/8 2650/1060/8
f 2653/1066/8 2650/1060/8 1128/1209/8
f 641/237/8 3119/49/8 2653/1066/8
f 654/456/32 1170/47/32 426/456/32
f 656/449/31 1167/45/31 423/449/31
f 658/461/30 1169/46/30 425/461/30
f 1830/45/1 424/449/1 660/449/1
f 1832/46/2 3927/3008/2 3489/3008/2
f 1834/44/17 3485/592/17 3491/592/17
f 1836/47/1 3926/3007/1 3493/3007/1
f 668/237/29 1803/44/29 633/237/29
f 3495/3008/8 1563/46/8 4136/3008/8
f 3497/592/8 1565/44/8 4138/592/8
f 3499/3007/8 1567/47/8 4140/3007/8
f 1846/45/3 3921/3006/3 3501/3006/3
f 407/17/3 2654/20/3 1129/20/3
f 412/15/8 2656/18/8 1130/18/8
f 410/22/1 2658/10/1 1131/10/1
f 408/16/7 2660/21/7 1132/21/7
f 1134/18/69 1154/15/9 2664/18/5
f 3503/3006/8 1583/45/8 4142/3006/8
f 5850/3443/7 3475/3444/7 5879/3445/7
f 5851/3446/7 5852/3447/7 5878/3448/7
f 3918/3449/7 5853/3450/7 5877/3451/7
f 5854/11/5 1150/22/40 5855/96/58
f 2673/96/5 397/22/48 1150/22/40
f 2670/10/6 5855/96/58 10/22/61
f 5856/3452/3 3477/3006/3 5876/3453/3
f 5857/3454/3 5858/3455/3 5875/3456/3
f 3916/588/3 5859/3457/3 5874/3458/3
f 5860/3459/2 3914/3008/2 5873/3460/2
f 5861/3461/2 5862/3462/2 5872/3463/2
f 3913/3464/2 5863/3465/2 5871/3466/2
f 5864/3467/1 3911/3007/1 5870/3468/1
f 5865/3469/1 5866/3470/1 5869/3471/1
f 3910/3472/1 5867/3473/1 5868/3474/1
f 5868/3474/1 3123/3475/1 5865/3469/1
f 4691/1100/1 5865/3469/1 2685/3476/1
f 388/3477/1 5868/3474/1 4691/1100/1
f 5869/3471/1 2682/3478/1 4688/1126/1
f 3907/1103/1 4688/1126/1 1139/3479/1
f 2685/3476/1 5869/3471/1 3907/1103/1
f 5870/3468/1 389/456/1 3904/1094/1
f 5866/3470/1 3904/1094/1 2682/3478/1
f 3123/3475/1 5870/3468/1 5866/3470/1
f 5871/3466/2 3122/3480/2 5861/3461/2
f 4687/1092/2 5861/3461/2 2681/3481/2
f 391/3482/2 5871/3466/2 4687/1092/2
f 5872/3463/2 2678/3483/2 4684/1153/2
f 3903/1130/2 4684/1153/2 1138/3484/2
f 2681/3481/2 5872/3463/2 3903/1130/2
f 5873/3460/2 392/461/2 3900/1086/2
f 5862/3462/2 3900/1086/2 2678/3483/2
f 3122/3480/2 5873/3460/2 5862/3462/2
f 5874/3458/3 3121/3485/3 5857/3454/3
f 4683/1084/3 5857/3454/3 2677/3486/3
f 394/252/3 5874/3458/3 4683/1084/3
f 5875/3456/3 2674/3487/3 4680/1179/3
f 3899/1157/3 4680/1179/3 1137/3488/3
f 2677/3486/3 5875/3456/3 3899/1157/3
f 5876/3453/3 608/449/3 3896/1078/3
f 5858/3455/3 3896/1078/3 2674/3487/3
f 3121/3485/3 5876/3453/3 5858/3455/3
f 2670/10/6 5854/11/5 5855/96/58
f 5877/3451/7 3120/3489/7 5851/3446/7
f 4679/1075/7 5851/3446/7 2669/3490/7
f 399/254/7 5877/3451/7 4679/1075/7
f 5878/3448/7 2666/3491/7 4676/1206/7
f 3895/1183/7 4676/1206/7 1135/3492/7
f 2669/3490/7 5878/3448/7 3895/1183/7
f 5879/3445/7 606/3493/7 3892/1068/7
f 5852/3447/7 3892/1068/7 2666/3491/7
f 3120/3489/7 5879/3445/7 5852/3447/7
f 703/449/8 4142/3006/8 926/449/8
f 3501/3006/3 415/449/3 676/449/3
f 674/456/8 4140/3007/8 900/456/8
f 672/237/8 4138/592/8 898/237/8
f 670/461/8 4136/3008/8 896/461/8
f 3493/3007/1 421/456/1 666/456/1
f 3491/592/17 632/237/17 664/237/17
f 3489/3008/2 422/461/2 662/461/2
f 3488/3013/2 466/580/2 661/580/2
f 3944/3013/2 661/580/2 462/580/2
f 3924/3008/2 662/461/2 418/461/2
f 3490/594/17 588/23/17 663/23/17
f 3463/594/17 663/23/17 586/23/17
f 3483/592/17 664/237/17 630/237/17
f 3492/3014/1 465/582/1 665/582/1
f 3942/3014/1 665/582/1 460/582/1
f 3922/3007/1 666/456/1 416/456/1
f 3602/3011/8 631/491/8 878/491/8
f 3600/3011/8 500/491/8 876/491/8
f 392/461/8 4130/3008/8 874/461/8
f 3596/593/8 417/18/8 872/18/8
f 3594/593/8 502/18/8 870/18/8
f 616/237/8 4124/592/8 868/237/8
f 3590/3012/8 629/493/8 866/493/8
f 3588/3012/8 504/493/8 864/493/8
f 389/456/8 4118/3007/8 862/456/8
f 3500/3016/3 459/595/3 675/595/3
f 3939/3016/3 675/595/3 444/595/3
f 3919/3006/3 676/449/3 400/449/3
f 2610/75/35 5848/251/85 5849/80/95
f 3576/3015/8 613/575/8 788/575/8
f 3574/3015/8 533/575/8 786/575/8
f 608/449/8 4104/3006/8 784/449/8
f 5880/3440/7 3112/3494/7 5845/3435/7
f 4675/1026/7 5845/3435/7 2593/3495/7
f 535/3496/7 5880/3440/7 4675/1026/7
f 5881/3437/7 2590/3497/7 4672/1261/7
f 3891/1238/7 4672/1261/7 1106/3498/7
f 2593/3495/7 5881/3437/7 3891/1238/7
f 5882/3434/7 562/3499/7 3888/1019/7
f 5846/3436/7 3888/1019/7 2590/3497/7
f 3112/3494/7 5882/3434/7 5846/3436/7
f 5883/3431/7 3111/3500/7 5841/3426/7
f 4671/1017/7 5841/3426/7 2589/3501/7
f 536/3502/7 5883/3431/7 4671/1017/7
f 5884/3428/7 2586/3503/7 4668/1288/7
f 3887/1265/7 4668/1288/7 1105/3504/7
f 2589/3501/7 5884/3428/7 3887/1265/7
f 5885/3425/7 706/3505/7 3884/1010/7
f 5842/3427/7 3884/1010/7 2586/3503/7
f 3111/3500/7 5885/3425/7 5842/3427/7
f 5886/3422/7 3110/3506/7 5837/3417/7
f 4667/1008/7 5837/3417/7 2585/3507/7
f 443/27/7 5886/3422/7 4667/1008/7
f 5887/3419/7 2582/3508/7 4664/1315/7
f 3883/1292/7 4664/1315/7 1104/3509/7
f 2585/3507/7 5887/3419/7 3883/1292/7
f 5888/3416/7 707/3510/7 3880/1001/7
f 5838/3418/7 3880/1001/7 2582/3508/7
f 3110/3506/7 5888/3416/7 5838/3418/7
f 5889/3413/3 3107/3511/3 5832/3408/3
f 4663/999/3 5832/3408/3 2569/3512/3
f 543/3513/3 5889/3413/3 4663/999/3
f 5890/3410/3 2566/3514/3 4660/1343/3
f 3879/1321/3 4660/1343/3 1100/3515/3
f 2569/3512/3 5890/3410/3 3879/1321/3
f 5891/3407/3 564/595/3 3876/993/3
f 5833/3409/3 3876/993/3 2566/3514/3
f 3107/3511/3 5891/3407/3 5833/3409/3
f 5892/3405/3 3106/3516/3 5828/3400/3
f 4659/991/3 5828/3400/3 2565/3517/3
f 544/3518/3 5892/3405/3 4659/991/3
f 5893/3402/3 2562/3519/3 4656/1370/3
f 3875/1347/3 4656/1370/3 1099/3520/3
f 2565/3517/3 5893/3402/3 3875/1347/3
f 5894/3399/3 714/3521/3 3872/984/3
f 5829/3401/3 3872/984/3 2562/3519/3
f 3106/3516/3 5894/3399/3 5829/3401/3
f 5895/3396/3 3105/3522/3 5824/3392/3
f 4655/982/3 5824/3392/3 2561/3523/3
f 438/25/3 5895/3396/3 4655/982/3
f 5896/3394/3 2558/3524/3 4652/1397/3
f 3871/1374/3 4652/1397/3 1098/3525/3
f 2561/3523/3 5896/3394/3 3871/1374/3
f 5897/3391/3 715/3526/3 3868/976/3
f 5825/3393/3 3868/976/3 2558/3524/3
f 3105/3522/3 5897/3391/3 5825/3393/3
f 5898/3388/2 3104/3527/2 5820/3383/2
f 4651/974/2 5820/3383/2 2557/3528/2
f 547/3529/2 5898/3388/2 4651/974/2
f 5899/3385/2 2554/3530/2 4648/1423/2
f 3867/1401/2 4648/1423/2 1097/3531/2
f 2557/3528/2 5899/3385/2 3867/1401/2
f 5900/3382/2 436/580/2 3864/968/2
f 5821/3384/2 3864/968/2 2554/3530/2
f 3104/3527/2 5900/3382/2 5821/3384/2
f 5901/3380/2 3103/3532/2 5816/3375/2
f 4647/966/2 5816/3375/2 2553/3533/2
f 548/3534/2 5901/3380/2 4647/966/2
f 5902/3377/2 2550/3535/2 4644/1450/2
f 3863/1427/2 4644/1450/2 1096/3536/2
f 2553/3533/2 5902/3377/2 3863/1427/2
f 5903/3374/2 718/3537/2 3860/959/2
f 5817/3376/2 3860/959/2 2550/3535/2
f 3103/3532/2 5903/3374/2 5817/3376/2
f 5904/3371/2 3102/3538/2 5812/3366/2
f 4643/957/2 5812/3366/2 2549/3539/2
f 435/3540/2 5904/3371/2 4643/957/2
f 5905/3368/2 2546/3541/2 4640/1477/2
f 3859/1454/2 4640/1477/2 1095/3542/2
f 2549/3539/2 5905/3368/2 3859/1454/2
f 5906/3365/2 719/3543/2 3856/950/2
f 5813/3367/2 3856/950/2 2546/3541/2
f 3102/3538/2 5906/3365/2 5813/3367/2
f 5907/3362/1 3101/3544/1 5808/3357/1
f 4639/948/1 5808/3357/1 2545/3545/1
f 551/3546/1 5907/3362/1 4639/948/1
f 5908/3359/1 2542/3547/1 4636/1503/1
f 3855/1481/1 4636/1503/1 1094/3548/1
f 2545/3545/1 5908/3359/1 3855/1481/1
f 5909/3356/1 433/582/1 3852/942/1
f 5809/3358/1 3852/942/1 2542/3547/1
f 3101/3544/1 5909/3356/1 5809/3358/1
f 5910/3354/1 3100/3549/1 5804/3349/1
f 4635/940/1 5804/3349/1 2541/3550/1
f 552/3551/1 5910/3354/1 4635/940/1
f 5911/3351/1 2538/3552/1 4632/1530/1
f 3851/1507/1 4632/1530/1 1093/3553/1
f 2541/3550/1 5911/3351/1 3851/1507/1
f 5912/3348/1 722/3554/1 3848/933/1
f 5805/3350/1 3848/933/1 2538/3552/1
f 3100/3549/1 5912/3348/1 5805/3350/1
f 5913/3345/1 3099/3555/1 5800/3340/1
f 4631/931/1 5800/3340/1 2537/3556/1
f 432/3557/1 5913/3345/1 4631/931/1
f 5914/3342/1 2534/3558/1 4628/1557/1
f 3847/1534/1 4628/1557/1 1092/3559/1
f 2537/3556/1 5914/3342/1 3847/1534/1
f 5915/3339/1 723/3560/1 3844/924/1
f 5801/3341/1 3844/924/1 2534/3558/1
f 3099/3555/1 5915/3339/1 5801/3341/1
f 5916/3336/1 3098/3561/1 5796/3331/1
f 4627/922/1 5796/3331/1 2533/3562/1
f 724/3563/1 5916/3336/1 4627/922/1
f 5917/3333/1 2530/3564/1 4624/1584/1
f 3843/1561/1 4624/1584/1 1091/3565/1
f 2533/3562/1 5917/3333/1 3843/1561/1
f 5918/3330/1 554/3566/1 3840/915/1
f 5797/3332/1 3840/915/1 2530/3564/1
f 3098/3561/1 5918/3330/1 5797/3332/1
f 5919/3327/1 3097/3567/1 5792/3322/1
f 4623/913/1 5792/3322/1 2529/3568/1
f 725/3569/1 5919/3327/1 4623/913/1
f 5920/3324/1 2526/3570/1 4620/1611/1
f 3839/1588/1 4620/1611/1 1090/3571/1
f 2529/3568/1 5920/3324/1 3839/1588/1
f 5921/3321/1 726/3572/1 3836/906/1
f 5793/3323/1 3836/906/1 2526/3570/1
f 3097/3567/1 5921/3321/1 5793/3323/1
f 5922/3318/1 3096/3573/1 5788/3313/1
f 4619/904/1 5788/3313/1 2525/3574/1
f 601/3575/1 5922/3318/1 4619/904/1
f 5923/3315/1 2522/3576/1 4616/1638/1
f 3835/1615/1 4616/1638/1 1089/3577/1
f 2525/3574/1 5923/3315/1 3835/1615/1
f 5924/3312/1 727/3578/1 3832/897/1
f 5789/3314/1 3832/897/1 2522/3576/1
f 3096/3573/1 5924/3312/1 5789/3314/1
f 5925/3309/1 3095/3579/1 5784/3304/1
f 4615/895/1 5784/3304/1 2521/3580/1
f 728/3581/1 5925/3309/1 4615/895/1
f 5926/3306/1 2518/3582/1 4612/1665/1
f 3831/1642/1 4612/1665/1 1088/3583/1
f 2521/3580/1 5926/3306/1 3831/1642/1
f 5927/3303/1 553/3584/1 3828/888/1
f 5785/3305/1 3828/888/1 2518/3582/1
f 3095/3579/1 5927/3303/1 5785/3305/1
f 5928/3300/1 3094/3585/1 5780/3295/1
f 4611/886/1 5780/3295/1 2517/3586/1
f 729/3587/1 5928/3300/1 4611/886/1
f 5929/3297/1 2514/3588/1 4608/1692/1
f 3827/1669/1 4608/1692/1 1087/3589/1
f 2517/3586/1 5929/3297/1 3827/1669/1
f 5930/3294/1 730/3590/1 3824/879/1
f 5781/3296/1 3824/879/1 2514/3588/1
f 3094/3585/1 5930/3294/1 5781/3296/1
f 5931/3291/1 3093/3591/1 5776/3286/1
f 4607/877/1 5776/3286/1 2513/3592/1
f 721/3593/1 5931/3291/1 4607/877/1
f 5932/3288/1 2510/3594/1 4604/1719/1
f 3823/1696/1 4604/1719/1 1086/3595/1
f 2513/3592/1 5932/3288/1 3823/1696/1
f 5933/3285/1 731/3596/1 3820/870/1
f 5777/3287/1 3820/870/1 2510/3594/1
f 3093/3591/1 5933/3285/1 5777/3287/1
f 5934/3282/1 3092/3597/1 5772/3277/1
f 4603/868/1 5772/3277/1 2509/3598/1
f 732/3599/1 5934/3282/1 4603/868/1
f 5935/3279/1 2506/3600/1 4600/1745/1
f 3819/1723/1 4600/1745/1 1085/3601/1
f 2509/3598/1 5935/3279/1 3819/1723/1
f 5936/3276/1 602/493/1 3816/862/1
f 5773/3278/1 3816/862/1 2506/3600/1
f 3092/3597/1 5936/3276/1 5773/3278/1
f 5937/3274/1 3091/3602/1 5768/3269/1
f 4599/860/1 5768/3269/1 2505/3603/1
f 733/3604/1 5937/3274/1 4599/860/1
f 5938/3271/1 2502/3605/1 4596/1772/1
f 3815/1749/1 4596/1772/1 1084/3606/1
f 2505/3603/1 5938/3271/1 3815/1749/1
f 5939/3268/1 734/3607/1 3812/853/1
f 5769/3270/1 3812/853/1 2502/3605/1
f 3091/3602/1 5939/3268/1 5769/3270/1
f 5940/3265/1 3090/3608/1 5764/3260/1
f 4595/851/1 5764/3260/1 2501/3609/1
f 720/3610/1 5940/3265/1 4595/851/1
f 5941/3262/1 2498/3611/1 4592/1799/1
f 3811/1776/1 4592/1799/1 1083/3612/1
f 2501/3609/1 5941/3262/1 3811/1776/1
f 5942/3259/1 735/3613/1 3808/844/1
f 5765/3261/1 3808/844/1 2498/3611/1
f 3090/3608/1 5942/3259/1 5765/3261/1
f 5943/3256/2 3089/3614/2 5760/3251/2
f 4591/842/2 5760/3251/2 2497/3615/2
f 736/3616/2 5943/3256/2 4591/842/2
f 5944/3253/2 2494/3617/2 4588/1826/2
f 3807/1803/2 4588/1826/2 1082/3618/2
f 2497/3615/2 5944/3253/2 3807/1803/2
f 5945/3250/2 550/3619/2 3804/835/2
f 5761/3252/2 3804/835/2 2494/3617/2
f 3089/3614/2 5945/3250/2 5761/3252/2
f 5946/3247/2 3088/3620/2 5756/3242/2
f 4587/833/2 5756/3242/2 2493/3621/2
f 737/3622/2 5946/3247/2 4587/833/2
f 5947/3244/2 2490/3623/2 4584/1853/2
f 3803/1830/2 4584/1853/2 1081/3624/2
f 2493/3621/2 5947/3244/2 3803/1830/2
f 5948/3241/2 738/3625/2 3800/826/2
f 5757/3243/2 3800/826/2 2490/3623/2
f 3088/3620/2 5948/3241/2 5757/3243/2
f 5949/3238/2 3087/3626/2 5752/3233/2
f 4583/824/2 5752/3233/2 2489/3627/2
f 604/3628/2 5949/3238/2 4583/824/2
f 5950/3235/2 2486/3629/2 4580/1880/2
f 3799/1857/2 4580/1880/2 1080/3630/2
f 2489/3627/2 5950/3235/2 3799/1857/2
f 5951/3232/2 739/3631/2 3796/817/2
f 5753/3234/2 3796/817/2 2486/3629/2
f 3087/3626/2 5951/3232/2 5753/3234/2
f 5952/3229/2 3086/3632/2 5748/3224/2
f 4579/815/2 5748/3224/2 2485/3633/2
f 740/3634/2 5952/3229/2 4579/815/2
f 5953/3226/2 2482/3635/2 4576/1907/2
f 3795/1884/2 4576/1907/2 1079/3636/2
f 2485/3633/2 5953/3226/2 3795/1884/2
f 5954/3223/2 549/3637/2 3792/808/2
f 5749/3225/2 3792/808/2 2482/3635/2
f 3086/3632/2 5954/3223/2 5749/3225/2
f 5955/3220/2 3085/3638/2 5744/3215/2
f 4575/806/2 5744/3215/2 2481/3639/2
f 741/3640/2 5955/3220/2 4575/806/2
f 5956/3217/2 2478/3641/2 4572/1934/2
f 3791/1911/2 4572/1934/2 1078/3642/2
f 2481/3639/2 5956/3217/2 3791/1911/2
f 5957/3214/2 742/3643/2 3788/799/2
f 5745/3216/2 3788/799/2 2478/3641/2
f 3085/3638/2 5957/3214/2 5745/3216/2
f 5958/3211/2 3084/3644/2 5740/3206/2
f 4571/797/2 5740/3206/2 2477/3645/2
f 717/3646/2 5958/3211/2 4571/797/2
f 5959/3208/2 2474/3647/2 4568/1961/2
f 3787/1938/2 4568/1961/2 1077/3648/2
f 2477/3645/2 5959/3208/2 3787/1938/2
f 5960/3205/2 743/3649/2 3784/790/2
f 5741/3207/2 3784/790/2 2474/3647/2
f 3084/3644/2 5960/3205/2 5741/3207/2
f 5961/3202/2 3083/3650/2 5736/3197/2
f 4567/788/2 5736/3197/2 2473/3651/2
f 744/3652/2 5961/3202/2 4567/788/2
f 5962/3199/2 2470/3653/2 4564/1987/2
f 3783/1965/2 4564/1987/2 1076/3654/2
f 2473/3651/2 5962/3199/2 3783/1965/2
f 5963/3196/2 605/491/2 3780/782/2
f 5737/3198/2 3780/782/2 2470/3653/2
f 3083/3650/2 5963/3196/2 5737/3198/2
f 5964/3194/2 3082/3655/2 5732/3189/2
f 4563/780/2 5732/3189/2 2469/3656/2
f 745/3657/2 5964/3194/2 4563/780/2
f 5965/3191/2 2466/3658/2 4560/2014/2
f 3779/1991/2 4560/2014/2 1075/3659/2
f 2469/3656/2 5965/3191/2 3779/1991/2
f 5966/3188/2 746/3660/2 3776/773/2
f 5733/3190/2 3776/773/2 2466/3658/2
f 3082/3655/2 5966/3188/2 5733/3190/2
f 5967/3185/2 3081/3661/2 5728/3180/2
f 4559/771/2 5728/3180/2 2465/3662/2
f 716/3663/2 5967/3185/2 4559/771/2
f 5968/3182/2 2462/3664/2 4556/2041/2
f 3775/2018/2 4556/2041/2 1074/3665/2
f 2465/3662/2 5968/3182/2 3775/2018/2
f 5969/3179/2 747/3666/2 3772/764/2
f 5729/3181/2 3772/764/2 2462/3664/2
f 3081/3661/2 5969/3179/2 5729/3181/2
f 5970/3176/3 3080/3667/3 5724/3171/3
f 4555/762/3 5724/3171/3 2461/3668/3
f 748/3669/3 5970/3176/3 4555/762/3
f 5971/3173/3 2458/3670/3 4552/2068/3
f 3771/2045/3 4552/2068/3 1073/3671/3
f 2461/3668/3 5971/3173/3 3771/2045/3
f 5972/3170/3 546/3672/3 3768/755/3
f 5725/3172/3 3768/755/3 2458/3670/3
f 3080/3667/3 5972/3170/3 5725/3172/3
f 5973/3167/3 3079/3673/3 5720/3162/3
f 4551/753/3 5720/3162/3 2457/3674/3
f 749/3675/3 5973/3167/3 4551/753/3
f 5974/3164/3 2454/3676/3 4548/2095/3
f 3767/2072/3 4548/2095/3 1072/3677/3
f 2457/3674/3 5974/3164/3 3767/2072/3
f 5975/3161/3 750/3678/3 3764/746/3
f 5721/3163/3 3764/746/3 2454/3676/3
f 3079/3673/3 5975/3161/3 5721/3163/3
f 5976/3158/3 3078/3679/3 5716/3154/3
f 4547/744/3 5716/3154/3 2453/3680/3
f 607/20/3 5976/3158/3 4547/744/3
f 5977/3156/3 2450/3681/3 4544/2121/3
f 3763/2099/3 4544/2121/3 1071/3682/3
f 2453/3680/3 5977/3156/3 3763/2099/3
f 5978/3153/3 751/3683/3 3760/737/3
f 5717/3155/3 3760/737/3 2450/3681/3
f 3078/3679/3 5978/3153/3 5717/3155/3
f 5979/3150/3 3077/3684/3 5712/3145/3
f 4543/735/3 5712/3145/3 2449/3685/3
f 752/3686/3 5979/3150/3 4543/735/3
f 5980/3147/3 2446/3687/3 4540/2148/3
f 3759/2125/3 4540/2148/3 1070/3688/3
f 2449/3685/3 5980/3147/3 3759/2125/3
f 5981/3144/3 545/3689/3 3756/728/3
f 5713/3146/3 3756/728/3 2446/3687/3
f 3077/3684/3 5981/3144/3 5713/3146/3
f 5982/3141/3 3076/3690/3 5708/3136/3
f 4539/726/3 5708/3136/3 2445/3691/3
f 753/3692/3 5982/3141/3 4539/726/3
f 5983/3138/3 2442/3693/3 4536/2175/3
f 3755/2152/3 4536/2175/3 1069/3694/3
f 2445/3691/3 5983/3138/3 3755/2152/3
f 5984/3135/3 754/3695/3 3752/719/3
f 5709/3137/3 3752/719/3 2442/3693/3
f 3076/3690/3 5984/3135/3 5709/3137/3
f 5985/3132/3 3075/3696/3 5704/3127/3
f 4535/717/3 5704/3127/3 2441/3697/3
f 713/3698/3 5985/3132/3 4535/717/3
f 5986/3129/3 2438/3699/3 4532/2202/3
f 3751/2179/3 4532/2202/3 1068/3700/3
f 2441/3697/3 5986/3129/3 3751/2179/3
f 5987/3126/3 755/3701/3 3748/710/3
f 5705/3128/3 3748/710/3 2438/3699/3
f 3075/3696/3 5987/3126/3 5705/3128/3
f 5988/3123/3 3074/3702/3 5700/3118/3
f 4531/708/3 5700/3118/3 2437/3703/3
f 756/3704/3 5988/3123/3 4531/708/3
f 5989/3120/3 2434/3705/3 4528/2228/3
f 3747/2206/3 4528/2228/3 1067/3706/3
f 2437/3703/3 5989/3120/3 3747/2206/3
f 5990/3117/3 395/575/3 3744/702/3
f 5701/3119/3 3744/702/3 2434/3705/3
f 3074/3702/3 5990/3117/3 5701/3119/3
f 5991/3115/3 3073/3707/3 5696/3110/3
f 4527/700/3 5696/3110/3 2433/3708/3
f 757/3709/3 5991/3115/3 4527/700/3
f 5992/3112/3 2430/3710/3 4524/2255/3
f 3743/2232/3 4524/2255/3 1066/3711/3
f 2433/3708/3 5992/3112/3 3743/2232/3
f 5993/3109/3 758/3712/3 3740/693/3
f 5697/3111/3 3740/693/3 2430/3710/3
f 3073/3707/3 5993/3109/3 5697/3111/3
f 5994/3106/3 3072/3713/3 5692/3101/3
f 4523/691/3 5692/3101/3 2429/3714/3
f 712/3715/3 5994/3106/3 4523/691/3
f 5995/3103/3 2426/3716/3 4520/2282/3
f 3739/2259/3 4520/2282/3 1065/3717/3
f 2429/3714/3 5995/3103/3 3739/2259/3
f 5996/3100/3 759/3718/3 3736/684/3
f 5693/3102/3 3736/684/3 2426/3716/3
f 3072/3713/3 5996/3100/3 5693/3102/3
f 2421/199/33 5690/200/49 3070/199/33
f 1063/29/33 5689/311/49 2418/29/33
f 2418/29/33 3556/311/93 762/29/45
f 2417/96/44 5688/201/9 3069/96/44
f 1062/10/45 5687/11/9 2414/10/45
f 2414/10/45 3557/11/9 763/10/44
f 1060/235/33 3558/2285/38 766/235/33
f 2409/95/33 5686/205/52 3068/95/33
f 1059/78/33 5685/1318/55 2406/78/63
f 2406/78/63 3559/1318/55 767/78/33
f 5997/3097/7 3066/3719/7 5682/3092/7
f 4511/676/7 5682/3092/7 2397/3720/7
f 772/3721/7 5997/3097/7 4511/676/7
f 5998/3094/7 2394/3722/7 4508/2311/7
f 3727/2288/7 4508/2311/7 1055/3723/7
f 2397/3720/7 5998/3094/7 3727/2288/7
f 5999/3091/7 538/3724/7 3724/669/7
f 5683/3093/7 3724/669/7 2394/3722/7
f 3066/3719/7 5999/3091/7 5683/3093/7
f 6000/3088/7 3065/3725/7 5678/3083/7
f 4507/667/7 5678/3083/7 2393/3726/7
f 773/3727/7 6000/3088/7 4507/667/7
f 6001/3085/7 2390/3728/7 4504/2338/7
f 3723/2315/7 4504/2338/7 1054/3729/7
f 2393/3726/7 6001/3085/7 3723/2315/7
f 6002/3082/7 774/3730/7 3720/660/7
f 5679/3084/7 3720/660/7 2390/3728/7
f 3065/3725/7 6002/3082/7 5679/3084/7
f 6003/3079/7 3064/3731/7 5674/3074/7
f 4503/658/7 5674/3074/7 2389/3732/7
f 612/21/7 6003/3079/7 4503/658/7
f 6004/3076/7 2386/3733/7 4500/2365/7
f 3719/2342/7 4500/2365/7 1053/3734/7
f 2389/3732/7 6004/3076/7 3719/2342/7
f 6005/3073/7 775/3735/7 3716/651/7
f 5675/3075/7 3716/651/7 2386/3733/7
f 3064/3731/7 6005/3073/7 5675/3075/7
f 6006/3070/7 3063/3736/7 5670/3065/7
f 4499/649/7 5670/3065/7 2385/3737/7
f 776/3738/7 6006/3070/7 4499/649/7
f 6007/3067/7 2382/3739/7 4496/2392/7
f 3715/2369/7 4496/2392/7 1052/3740/7
f 2385/3737/7 6007/3067/7 3715/2369/7
f 6008/3064/7 537/3741/7 3712/642/7
f 5671/3066/7 3712/642/7 2382/3739/7
f 3063/3736/7 6008/3064/7 5671/3066/7
f 6009/3061/7 3062/3742/7 5666/3056/7
f 4495/640/7 5666/3056/7 2381/3743/7
f 777/3744/7 6009/3061/7 4495/640/7
f 6010/3058/7 2378/3745/7 4492/2419/7
f 3711/2396/7 4492/2419/7 1051/3746/7
f 2381/3743/7 6010/3058/7 3711/2396/7
f 6011/3055/7 778/3747/7 3708/633/7
f 5667/3057/7 3708/633/7 2378/3745/7
f 3062/3742/7 6011/3055/7 5667/3057/7
f 6012/3052/7 3061/3748/7 5662/3047/7
f 4491/631/7 5662/3047/7 2377/3749/7
f 705/3750/7 6012/3052/7 4491/631/7
f 6013/3049/7 2374/3751/7 4488/2446/7
f 3707/2423/7 4488/2446/7 1050/3752/7
f 2377/3749/7 6013/3049/7 3707/2423/7
f 6014/3046/7 779/3753/7 3704/624/7
f 5663/3048/7 3704/624/7 2374/3751/7
f 3061/3748/7 6014/3046/7 5663/3048/7
f 6015/3043/7 3060/3754/7 5658/3038/7
f 4487/622/7 5658/3038/7 2373/3755/7
f 780/3756/7 6015/3043/7 4487/622/7
f 6016/3040/7 2370/3757/7 4484/2473/7
f 3703/2450/7 4484/2473/7 1049/3758/7
f 2373/3755/7 6016/3040/7 3703/2450/7
f 6017/3037/7 393/3759/7 3700/615/7
f 5659/3039/7 3700/615/7 2370/3757/7
f 3060/3754/7 6017/3037/7 5659/3039/7
f 6018/3034/7 3059/3760/7 5654/3029/7
f 4483/613/7 5654/3029/7 2369/3761/7
f 781/3762/7 6018/3034/7 4483/613/7
f 6019/3031/7 2366/3763/7 4480/2500/7
f 3699/2477/7 4480/2500/7 1048/3764/7
f 2369/3761/7 6019/3031/7 3699/2477/7
f 6020/3028/7 782/3765/7 3696/606/7
f 5655/3030/7 3696/606/7 2366/3763/7
f 3059/3760/7 6020/3028/7 5655/3030/7
f 6021/3025/7 3058/3766/7 5650/3020/7
f 4479/604/7 5650/3020/7 2365/3767/7
f 704/3768/7 6021/3025/7 4479/604/7
f 6022/3022/7 2362/3769/7 4476/2527/7
f 3695/2504/7 4476/2527/7 1047/3770/7
f 2365/3767/7 6022/3022/7 3695/2504/7
f 6023/3019/7 783/3771/7 3692/597/7
f 5651/3021/7 3692/597/7 2362/3769/7
f 3058/3766/7 6023/3019/7 5651/3021/7
f 784/449/8 4105/3006/8 785/449/8
f 785/449/8 3503/3006/8 703/449/8
f 439/447/8 3431/2971/8 534/447/8
f 3575/3015/8 786/575/8 787/575/8
f 3385/3015/8 787/575/8 395/575/8
f 3457/3016/8 702/595/8 564/595/8
f 3577/3015/8 788/575/8 789/575/8
f 3430/3015/8 789/575/8 533/575/8
f 3502/3016/8 444/595/8 702/595/8
f 2357/239/42 5648/240/58 3056/239/42
f 1045/23/42 5647/451/59 2354/23/42
f 2354/23/42 3578/451/5 792/23/58
f 2353/82/43 5646/241/37 3055/82/43
f 1044/18/40 5645/578/68 2350/18/40
f 2350/18/40 3579/578/6 793/18/43
f 4471/243/4 3053/242/6 2345/242/6
f 3687/458/4 2342/237/69 1042/237/6
f 5643/458/10 796/237/5 2342/237/69
f 4469/244/61 3052/81/60 2341/81/60
f 3685/457/61 2338/76/6 1041/76/6
f 5641/457/10 797/76/4 2338/76/6
f 2327/246/43 5639/245/62 2324/25/63
f 5638/246/61 4467/1379/9 4366/1379/93
f 2323/246/9 4467/1379/9 5638/246/61
f 803/236/42 4366/1379/93 4467/1379/9
f 2323/246/9 5637/245/57 2320/25/48
f 3681/743/38 805/20/38 1035/20/80
f 4463/250/59 3048/249/79 2313/249/79
f 3679/1083/59 2310/252/61 1033/252/61
f 5635/1083/37 808/252/44 2310/252/61
f 4461/251/58 3047/80/5 2309/80/5
f 3677/396/58 2306/75/43 1032/75/5
f 5633/396/37 809/75/43 2306/75/43
f 2302/252/42 5631/250/94 5632/249/70
f 3991/2971/3 507/447/3 569/447/3
f 4011/3015/3 506/575/3 613/575/3
f 3428/3015/3 628/575/3 506/575/3
f 862/456/8 4119/3007/8 863/456/8
f 863/456/8 3499/3007/8 674/456/8
f 558/454/8 3427/2918/8 505/454/8
f 3589/3012/8 864/493/8 865/493/8
f 4003/3012/8 865/493/8 602/493/8
f 3931/3014/8 673/582/8 433/582/8
f 3591/3012/8 866/493/8 867/493/8
f 3426/3012/8 867/493/8 504/493/8
f 3498/3014/8 460/582/8 673/582/8
f 868/237/8 4125/592/8 869/237/8
f 869/237/8 3497/592/8 672/237/8
f 447/76/8 3425/591/8 503/76/8
f 3595/593/8 870/18/8 871/18/8
f 3388/593/8 871/18/8 403/18/8
f 3460/594/8 671/23/8 572/23/8
f 3597/593/8 872/18/8 873/18/8
f 3424/593/8 873/18/8 502/18/8
f 3496/594/8 586/23/8 671/23/8
f 874/461/8 4131/3008/8 875/461/8
f 875/461/8 3495/3008/8 670/461/8
f 561/459/8 3423/2945/8 501/459/8
f 3601/3011/8 876/491/8 877/491/8
f 4006/3011/8 877/491/8 605/491/8
f 3934/3013/8 669/580/8 436/580/8
f 3603/3011/8 878/491/8 879/491/8
f 3422/3011/8 879/491/8 500/491/8
f 3494/3013/8 462/580/8 669/580/8
f 3994/2918/1 497/454/1 585/454/1
f 4014/3012/1 496/493/1 629/493/1
f 3420/3012/1 634/493/1 496/493/1
f 3411/591/17 495/76/17 461/76/17
f 3391/593/17 494/18/17 417/18/17
f 3418/593/17 419/18/17 494/18/17
f 3996/2945/2 493/459/2 587/459/2
f 4016/3011/2 492/491/2 631/491/2
f 3416/3011/2 635/491/2 492/491/2
f 3417/2945/2 591/459/2 493/459/2
f 3419/591/17 463/76/17 495/76/17
f 3421/2918/1 590/454/1 497/454/1
f 896/461/8 4137/3008/8 897/461/8
f 897/461/8 3924/3008/8 418/461/8
f 501/459/8 3996/2945/8 587/459/8
f 898/237/8 4139/592/8 899/237/8
f 899/237/8 3483/592/8 630/237/8
f 503/76/8 3411/591/8 461/76/8
f 900/456/8 4141/3007/8 901/456/8
f 901/456/8 3922/3007/8 416/456/8
f 505/454/8 3994/2918/8 585/454/8
f 3429/2971/3 584/447/3 507/447/3
f 2145/246/90 5629/245/46 2142/25/63
f 926/449/8 4143/3006/8 927/449/8
f 927/449/8 3919/3006/8 400/449/8
f 534/447/8 3991/2971/8 569/447/8
f 6024/3005/7 3030/3772/7 5626/3000/7
f 4459/445/7 5626/3000/7 2129/3773/7
f 928/3774/7 6024/3005/7 4459/445/7
f 6025/3002/7 2126/3775/7 4456/2603/7
f 3675/2580/7 4456/2603/7 962/3776/7
f 2129/3773/7 6025/3002/7 3675/2580/7
f 6026/2999/7 437/3777/7 3672/438/7
f 5627/3001/7 3672/438/7 2126/3775/7
f 3030/3772/7 6026/2999/7 5627/3001/7
f 6027/2996/7 3029/3778/7 5622/2991/7
f 4455/436/7 5622/2991/7 2125/3779/7
f 929/3780/7 6027/2996/7 4455/436/7
f 6028/2993/7 2122/3781/7 4452/2630/7
f 3671/2607/7 4452/2630/7 961/3782/7
f 2125/3779/7 6028/2993/7 3671/2607/7
f 6029/2990/7 930/3783/7 3668/429/7
f 5623/2992/7 3668/429/7 2122/3781/7
f 3029/3778/7 6029/2990/7 5623/2992/7
f 6030/2987/7 3028/3784/7 5618/2982/7
f 4451/427/7 5618/2982/7 2121/3785/7
f 568/79/7 6030/2987/7 4451/427/7
f 6031/2984/7 2118/3786/7 4448/2657/7
f 3667/2634/7 4448/2657/7 960/3787/7
f 2121/3785/7 6031/2984/7 3667/2634/7
f 6032/2981/7 931/3788/7 3664/420/7
f 5619/2983/7 3664/420/7 2118/3786/7
f 3028/3784/7 6032/2981/7 5619/2983/7
f 2114/29/69 5615/311/5 5616/199/59
f 6033/2978/3 3025/3789/3 5612/2973/3
f 4447/415/3 5612/2973/3 2105/3790/3
f 936/3791/3 6033/2978/3 4447/415/3
f 6034/2975/3 2102/3792/3 4444/2683/3
f 3663/2661/3 4444/2683/3 956/3793/3
f 2105/3790/3 6034/2975/3 3663/2661/3
f 6035/2972/3 439/447/3 3660/408/3
f 5613/2974/3 3660/408/3 2102/3792/3
f 3025/3789/3 6035/2972/3 5613/2974/3
f 6036/2969/3 3024/3794/3 5608/2964/3
f 4443/406/3 5608/2964/3 2101/3795/3
f 937/3796/3 6036/2969/3 4443/406/3
f 6037/2966/3 2098/3797/3 4440/2710/3
f 3659/2687/3 4440/2710/3 955/3798/3
f 2101/3795/3 6037/2966/3 3659/2687/3
f 6038/2963/3 938/3799/3 3656/399/3
f 5609/2965/3 3656/399/3 2098/3797/3
f 3024/3794/3 6038/2963/3 5609/2965/3
f 6039/2960/3 3023/3800/3 5604/2956/3
f 4439/397/3 5604/2956/3 2097/3801/3
f 563/75/3 6039/2960/3 4439/397/3
f 6040/2958/3 2094/3802/3 4436/2736/3
f 3655/2714/3 4436/2736/3 954/3803/3
f 2097/3801/3 6040/2958/3 3655/2714/3
f 6041/2955/3 939/3804/3 3652/390/3
f 5605/2957/3 3652/390/3 2094/3802/3
f 3023/3800/3 6041/2955/3 5605/2957/3
f 6042/2952/2 3022/3805/2 5600/2947/2
f 4435/388/2 5600/2947/2 2093/3806/2
f 940/3807/2 6042/2952/2 4435/388/2
f 6043/2949/2 2090/3808/2 4432/2762/2
f 3651/2740/2 4432/2762/2 953/3809/2
f 2093/3806/2 6043/2949/2 3651/2740/2
f 6044/2946/2 561/459/2 3648/381/2
f 5601/2948/2 3648/381/2 2090/3808/2
f 3022/3805/2 6044/2946/2 5601/2948/2
f 6045/2943/2 3021/3810/2 5596/2938/2
f 4431/379/2 5596/2938/2 2089/3811/2
f 941/3812/2 6045/2943/2 4431/379/2
f 6046/2940/2 2086/3813/2 4428/2789/2
f 3647/2766/2 4428/2789/2 952/3814/2
f 2089/3811/2 6046/2940/2 3647/2766/2
f 6047/2937/2 942/3815/2 3644/372/2
f 5597/2939/2 3644/372/2 2086/3813/2
f 3021/3810/2 6047/2937/2 5597/2939/2
f 6048/2934/2 3020/3816/2 5592/2929/2
f 4427/370/2 5592/2929/2 2085/3817/2
f 560/3818/2 6048/2934/2 4427/370/2
f 6049/2931/2 2082/3819/2 4424/2816/2
f 3643/2793/2 4424/2816/2 951/3820/2
f 2085/3817/2 6049/2931/2 3643/2793/2
f 6050/2928/2 943/3821/2 3640/363/2
f 5593/2930/2 3640/363/2 2082/3819/2
f 3020/3816/2 6050/2928/2 5593/2930/2
f 6051/2925/1 3019/3822/1 5588/2920/1
f 4423/361/1 5588/2920/1 2081/3823/1
f 944/3824/1 6051/2925/1 4423/361/1
f 6052/2922/1 2078/3825/1 4420/2842/1
f 3639/2820/1 4420/2842/1 950/3826/1
f 2081/3823/1 6052/2922/1 3639/2820/1
f 6053/2919/1 558/454/1 3636/354/1
f 5589/2921/1 3636/354/1 2078/3825/1
f 3019/3822/1 6053/2919/1 5589/2921/1
f 6054/2916/1 3018/3827/1 5584/2911/1
f 4419/352/1 5584/2911/1 2077/3828/1
f 945/3829/1 6054/2916/1 4419/352/1
f 6055/2913/1 2074/3830/1 4416/2869/1
f 3635/2846/1 4416/2869/1 949/3831/1
f 2077/3828/1 6055/2913/1 3635/2846/1
f 6056/2910/1 946/3832/1 3632/345/1
f 5585/2912/1 3632/345/1 2074/3830/1
f 3018/3827/1 6056/2910/1 5585/2912/1
f 6057/2907/1 3017/3833/1 5580/2902/1
f 4415/343/1 5580/2902/1 2073/3834/1
f 557/3835/1 6057/2907/1 4415/343/1
f 6058/2904/1 2070/3836/1 4412/2896/1
f 3631/2873/1 4412/2896/1 948/3837/1
f 2073/3834/1 6058/2904/1 3631/2873/1
f 6059/2901/1 947/3838/1 3628/336/1
f 5581/2903/1 3628/336/1 2070/3836/1
f 3017/3833/1 6059/2901/1 5581/2903/1
f 6060/2898/1 3016/3839/1 5576/2893/1
f 4414/340/1 5576/2893/1 2072/3840/1
f 948/3837/1 6060/2898/1 4414/340/1
f 6061/2895/1 1602/3841/1 4157/2914/1
f 3630/2882/1 4157/2914/1 945/3829/1
f 2072/3840/1 6061/2895/1 3630/2882/1
f 6062/2892/1 385/3842/1 3373/330/1
f 5577/2894/1 3373/330/1 1602/3841/1
f 3016/3839/1 6062/2892/1 5577/2894/1
f 6063/2889/1 3015/3843/1 5572/2884/1
f 4051/925/1 5572/2884/1 1420/3844/1
f 723/3560/1 6063/2889/1 4051/925/1
f 6064/2886/1 2067/3845/1 4409/2851/1
f 3267/1552/1 4409/2851/1 337/3846/1
f 1420/3844/1 6064/2886/1 3267/1552/1
f 6065/2883/1 945/3829/1 3625/351/1
f 5573/2885/1 3625/351/1 2067/3845/1
f 3015/3843/1 6065/2883/1 5573/2885/1
f 6066/2880/1 3014/3847/1 5568/2875/1
f 4303/119/1 5568/2875/1 1885/3848/1
f 75/3849/1 6066/2880/1 4303/119/1
f 6067/2877/1 2071/3850/1 4413/2887/1
f 3519/3338/1 4413/2887/1 723/3560/1
f 1885/3848/1 6067/2877/1 3519/3338/1
f 6068/2874/1 948/3837/1 3629/339/1
f 5569/2876/1 3629/339/1 2071/3850/1
f 3014/3847/1 6068/2874/1 5569/2876/1
f 6069/2871/1 3013/3851/1 5564/2866/1
f 4418/349/1 5564/2866/1 2076/3852/1
f 949/3831/1 6069/2871/1 4418/349/1
f 6070/2868/1 1417/3853/1 4048/3263/1
f 3634/2855/1 4048/3263/1 720/3610/1
f 2076/3852/1 6070/2868/1 3634/2855/1
f 6071/2865/1 334/3854/1 3264/144/1
f 5565/2867/1 3264/144/1 1417/3853/1
f 3013/3851/1 6071/2865/1 5565/2867/1
f 6072/2862/1 3012/3855/1 5560/2857/1
f 3979/916/1 5560/2857/1 1280/3856/1
f 554/3566/1 6072/2862/1 3979/916/1
f 6073/2859/1 1882/3857/1 4300/1781/1
f 3195/1579/1 4300/1781/1 161/3858/1
f 1280/3856/1 6073/2859/1 3195/1579/1
f 6074/2856/1 720/3610/1 3516/850/1
f 5561/2858/1 3516/850/1 1882/3857/1
f 3012/3855/1 6074/2856/1 5561/2858/1
f 6075/2853/1 3011/3859/1 5556/2848/1
f 4231/122/1 5556/2848/1 1744/3860/1
f 337/3846/1 6075/2853/1 4231/122/1
f 6076/2850/1 2075/3861/1 4417/2860/1
f 3447/3329/1 4417/2860/1 554/3566/1
f 1744/3860/1 6076/2850/1 3447/3329/1
f 6077/2847/1 949/3831/1 3633/348/1
f 5557/2849/1 3633/348/1 2075/3861/1
f 3011/3859/1 6077/2847/1 5557/2849/1
f 6078/2844/1 3010/3862/1 5552/2839/1
f 4422/358/1 5552/2839/1 2080/3863/1
f 950/3826/1 6078/2844/1 4422/358/1
f 6079/2841/1 1277/3864/1 3976/3360/1
f 3638/2829/1 3976/3360/1 551/3546/1
f 2080/3863/1 6079/2841/1 3638/2829/1
f 6080/2838/1 76/53/1 3192/113/1
f 5553/2840/1 3192/113/1 1277/3864/1
f 3010/3862/1 6080/2838/1 5553/2840/1
f 6081/2836/1 3009/3865/1 5548/2831/1
f 4158/346/1 5548/2831/1 1603/3866/1
f 946/3832/1 6081/2836/1 4158/346/1
f 6082/2833/1 1741/3867/1 4228/1486/1
f 3374/2864/1 4228/1486/1 334/3854/1
f 1603/3866/1 6082/2833/1 3374/2864/1
f 6083/2830/1 551/3546/1 3444/947/1
f 5549/2832/1 3444/947/1 1741/3867/1
f 3009/3865/1 6083/2830/1 5549/2832/1
f 6084/2827/1 3008/3868/1 5544/2822/1
f 4410/331/1 5544/2822/1 2068/3869/1
f 385/3842/1 6084/2827/1 4410/331/1
f 6085/2824/1 2079/3870/1 4421/2834/1
f 3626/2909/1 4421/2834/1 946/3832/1
f 2068/3869/1 6085/2824/1 3626/2909/1
f 6086/2821/1 950/3826/1 3637/357/1
f 5545/2823/1 3637/357/1 2079/3870/1
f 3008/3868/1 6086/2821/1 5545/2823/1
f 6087/2818/2 3007/3871/2 5540/2813/2
f 4426/367/2 5540/2813/2 2084/3872/2
f 951/3820/2 6087/2818/2 4426/367/2
f 6088/2815/2 1598/3873/2 4153/2941/2
f 3642/2802/2 4153/2941/2 941/3812/2
f 2084/3872/2 6088/2815/2 3642/2802/2
f 6089/2812/2 384/3874/2 3369/322/2
f 5541/2814/2 3369/322/2 1598/3873/2
f 3007/3871/2 6089/2812/2 5541/2814/2
f 6090/2809/2 3006/3875/2 5536/2804/2
f 4047/951/2 5536/2804/2 1416/3876/2
f 719/3543/2 6090/2809/2 4047/951/2
f 6091/2806/2 2063/3877/2 4405/2771/2
f 3263/1472/2 4405/2771/2 333/3878/2
f 1416/3876/2 6091/2806/2 3263/1472/2
f 6092/2803/2 941/3812/2 3621/378/2
f 5537/2805/2 3621/378/2 2063/3877/2
f 3006/3875/2 6092/2803/2 5537/2805/2
f 6093/2800/2 3005/3879/2 5532/2795/2
f 4299/111/2 5532/2795/2 1881/3880/2
f 78/3881/2 6093/2800/2 4299/111/2
f 6094/2797/2 2083/3882/2 4425/2807/2
f 3515/3364/2 4425/2807/2 719/3543/2
f 1881/3880/2 6094/2797/2 3515/3364/2
f 6095/2794/2 951/3820/2 3641/366/2
f 5533/2796/2 3641/366/2 2083/3882/2
f 3005/3879/2 6095/2794/2 5533/2796/2
f 6096/2791/2 3004/3883/2 5528/2786/2
f 4430/376/2 5528/2786/2 2088/3884/2
f 952/3814/2 6096/2791/2 4430/376/2
f 6097/2788/2 1413/3885/2 4044/3183/2
f 3646/2775/2 4044/3183/2 716/3663/2
f 2088/3884/2 6097/2788/2 3646/2775/2
f 6098/2785/2 330/3886/2 3260/170/2
f 5529/2787/2 3260/170/2 1413/3885/2
f 3004/3883/2 6098/2785/2 5529/2787/2
f 6099/2782/2 3003/3887/2 5524/2777/2
f 3975/836/2 5524/2777/2 1276/3888/2
f 550/3619/2 6099/2782/2 3975/836/2
f 6100/2779/2 1878/3889/2 4296/2023/2
f 3191/1821/2 4296/2023/2 160/3890/2
f 1276/3888/2 6100/2779/2 3191/1821/2
f 6101/2776/2 716/3663/2 3512/770/2
f 5525/2778/2 3512/770/2 1878/3889/2
f 3003/3887/2 6101/2776/2 5525/2778/2
f 6102/2773/2 3002/3891/2 5520/2768/2
f 4227/148/2 5520/2768/2 1740/3892/2
f 333/3878/2 6102/2773/2 4227/148/2
f 6103/2770/2 2087/3893/2 4429/2780/2
f 3443/3249/2 4429/2780/2 550/3619/2
f 1740/3892/2 6103/2770/2 3443/3249/2
f 6104/2767/2 952/3814/2 3645/375/2
f 5521/2769/2 3645/375/2 2087/3893/2
f 3002/3891/2 6104/2767/2 5521/2769/2
f 6105/2764/2 3001/3894/2 5516/2759/2
f 4434/385/2 5516/2759/2 2092/3895/2
f 953/3809/2 6105/2764/2 4434/385/2
f 6106/2761/2 1273/3896/2 3972/3386/2
f 3650/2749/2 3972/3386/2 547/3529/2
f 2092/3895/2 6106/2761/2 3650/2749/2
f 6107/2758/2 79/50/2 3188/105/2
f 5517/2760/2 3188/105/2 1273/3896/2
f 3001/3894/2 6107/2758/2 5517/2760/2
f 6108/2756/2 3000/3897/2 5512/2751/2
f 4154/373/2 5512/2751/2 1599/3898/2
f 942/3815/2 6108/2756/2 4154/373/2
f 6109/2753/2 1737/3899/2 4224/1406/2
f 3370/2784/2 4224/1406/2 330/3886/2
f 1599/3898/2 6109/2753/2 3370/2784/2
f 6110/2750/2 547/3529/2 3440/973/2
f 5513/2752/2 3440/973/2 1737/3899/2
f 3000/3897/2 6110/2750/2 5513/2752/2
f 6111/2747/2 2999/3900/2 5508/2742/2
f 4406/323/2 5508/2742/2 2064/3901/2
f 384/3874/2 6111/2747/2 4406/323/2
f 6112/2744/2 2091/3902/2 4433/2754/2
f 3622/2936/2 4433/2754/2 942/3815/2
f 2064/3901/2 6112/2744/2 3622/2936/2
f 6113/2741/2 953/3809/2 3649/384/2
f 5509/2743/2 3649/384/2 2091/3902/2
f 2999/3900/2 6113/2741/2 5509/2743/2
f 6114/2738/3 2998/3903/3 5504/2733/3
f 4438/394/3 5504/2733/3 2096/3904/3
f 954/3803/3 6114/2738/3 4438/394/3
f 6115/2735/3 1594/3905/3 4149/2967/3
f 3654/2722/3 4149/2967/3 937/3796/3
f 2096/3904/3 6115/2735/3 3654/2722/3
f 6116/2732/3 383/3906/3 3365/314/3
f 5505/2734/3 3365/314/3 1594/3905/3
f 2998/3903/3 6116/2732/3 5505/2734/3
f 6117/2729/3 2997/3907/3 5500/2724/3
f 4043/977/3 5500/2724/3 1412/3908/3
f 715/3526/3 6117/2729/3 4043/977/3
f 6118/2726/3 2059/3909/3 4401/2692/3
f 3259/1392/3 4401/2692/3 329/3910/3
f 1412/3908/3 6118/2726/3 3259/1392/3
f 6119/2723/3 937/3796/3 3617/405/3
f 5501/2725/3 3617/405/3 2059/3909/3
f 2997/3907/3 6119/2723/3 5501/2725/3
f 6120/2720/3 2996/3911/3 5496/2716/3
f 4295/103/3 5496/2716/3 1877/3912/3
f 81/26/3 6120/2720/3 4295/103/3
f 6121/2718/3 2095/3913/3 4437/2727/3
f 3511/3390/3 4437/2727/3 715/3526/3
f 1877/3912/3 6121/2718/3 3511/3390/3
f 6122/2715/3 954/3803/3 3653/393/3
f 5497/2717/3 3653/393/3 2095/3913/3
f 2996/3911/3 6122/2715/3 5497/2717/3
f 6123/2712/3 2995/3914/3 5492/2707/3
f 4442/403/3 5492/2707/3 2100/3915/3
f 955/3798/3 6123/2712/3 4442/403/3
f 6124/2709/3 1409/3916/3 4040/3104/3
f 3658/2696/3 4040/3104/3 712/3715/3
f 2100/3915/3 6124/2709/3 3658/2696/3
f 6125/2706/3 326/3917/3 3256/196/3
f 5493/2708/3 3256/196/3 1409/3916/3
f 2995/3914/3 6125/2706/3 5493/2708/3
f 6126/2703/3 2994/3918/3 5488/2698/3
f 3971/756/3 5488/2698/3 1272/3919/3
f 546/3672/3 6126/2703/3 3971/756/3
f 6127/2700/3 1874/3920/3 4292/2264/3
f 3187/2063/3 4292/2264/3 159/3921/3
f 1272/3919/3 6127/2700/3 3187/2063/3
f 6128/2697/3 712/3715/3 3508/690/3
f 5489/2699/3 3508/690/3 1874/3920/3
f 2994/3918/3 6128/2697/3 5489/2699/3
f 6129/2694/3 2993/3922/3 5484/2689/3
f 4223/174/3 5484/2689/3 1736/3923/3
f 329/3910/3 6129/2694/3 4223/174/3
f 6130/2691/3 2099/3924/3 4441/2701/3
f 3439/3169/3 4441/2701/3 546/3672/3
f 1736/3923/3 6130/2691/3 3439/3169/3
f 6131/2688/3 955/3798/3 3657/402/3
f 5485/2690/3 3657/402/3 2099/3924/3
f 2993/3922/3 6131/2688/3 5485/2690/3
f 6132/2685/3 2992/3925/3 5480/2680/3
f 4446/412/3 5480/2680/3 2104/3926/3
f 956/3793/3 6132/2685/3 4446/412/3
f 6133/2682/3 1269/3927/3 3968/3411/3
f 3662/2670/3 3968/3411/3 543/3513/3
f 2104/3926/3 6133/2682/3 3662/2670/3
f 6134/2679/3 82/64/3 3184/97/3
f 5481/2681/3 3184/97/3 1269/3927/3
f 2992/3925/3 6134/2679/3 5481/2681/3
f 6135/2677/3 2991/3928/3 5476/2672/3
f 4150/400/3 5476/2672/3 1595/3929/3
f 938/3799/3 6135/2677/3 4150/400/3
f 6136/2674/3 1733/3930/3 4220/1326/3
f 3366/2705/3 4220/1326/3 326/3917/3
f 1595/3929/3 6136/2674/3 3366/2705/3
f 6137/2671/3 543/3513/3 3436/998/3
f 5477/2673/3 3436/998/3 1733/3930/3
f 2991/3928/3 6137/2671/3 5477/2673/3
f 6138/2668/3 2990/3931/3 5472/2663/3
f 4402/315/3 5472/2663/3 2060/3932/3
f 383/3906/3 6138/2668/3 4402/315/3
f 6139/2665/3 2103/3933/3 4445/2675/3
f 3618/2962/3 4445/2675/3 938/3799/3
f 2060/3932/3 6139/2665/3 3618/2962/3
f 6140/2662/3 956/3793/3 3661/411/3
f 5473/2664/3 3661/411/3 2103/3933/3
f 2990/3931/3 6140/2662/3 5473/2664/3
f 1265/77/71 5469/419/5 5470/418/77
f 6141/2659/7 2981/3934/7 5466/2654/7
f 4450/424/7 5466/2654/7 2120/3935/7
f 960/3787/7 6141/2659/7 4450/424/7
f 6142/2656/7 1586/3936/7 4145/2994/7
f 3666/2643/7 4145/2994/7 929/3780/7
f 2120/3935/7 6142/2656/7 3666/2643/7
f 6143/2653/7 381/3937/7 3361/305/7
f 5467/2655/7 3361/305/7 1586/3936/7
f 2981/3934/7 6143/2653/7 5467/2655/7
f 6144/2650/7 2980/3938/7 5462/2645/7
f 4039/1002/7 5462/2645/7 1404/3939/7
f 707/3510/7 6144/2650/7 4039/1002/7
f 6145/2647/7 2051/3940/7 4397/2612/7
f 3255/1310/7 4397/2612/7 321/3941/7
f 1404/3939/7 6145/2647/7 3255/1310/7
f 6146/2644/7 929/3780/7 3613/435/7
f 5463/2646/7 3613/435/7 2051/3940/7
f 2980/3938/7 6146/2644/7 5463/2646/7
f 6147/2641/7 2979/3942/7 5458/2636/7
f 4291/93/7 5458/2636/7 1869/3943/7
f 86/28/7 6147/2641/7 4291/93/7
f 6148/2638/7 2119/3944/7 4449/2648/7
f 3507/3415/7 4449/2648/7 707/3510/7
f 1869/3943/7 6148/2638/7 3507/3415/7
f 6149/2635/7 960/3787/7 3665/423/7
f 5459/2637/7 3665/423/7 2119/3944/7
f 2979/3942/7 6149/2635/7 5459/2637/7
f 6150/2632/7 2978/3945/7 5454/2627/7
f 4454/433/7 5454/2627/7 2124/3946/7
f 961/3782/7 6150/2632/7 4454/433/7
f 6151/2629/7 1401/3947/7 4036/3023/7
f 3670/2616/7 4036/3023/7 704/3768/7
f 2124/3946/7 6151/2629/7 3670/2616/7
f 6152/2626/7 318/3948/7 3252/230/7
f 5455/2628/7 3252/230/7 1401/3947/7
f 2978/3945/7 6152/2626/7 5455/2628/7
f 6153/2623/7 2977/3949/7 5450/2618/7
f 3967/670/7 5450/2618/7 1264/3950/7
f 538/3724/7 6153/2623/7 3967/670/7
f 6154/2620/7 1866/3951/7 4288/2509/7
f 3183/2306/7 4288/2509/7 157/3952/7
f 1264/3950/7 6154/2620/7 3183/2306/7
f 6155/2617/7 704/3768/7 3504/603/7
f 5451/2619/7 3504/603/7 1866/3951/7
f 2977/3949/7 6155/2617/7 5451/2619/7
f 6156/2614/7 2976/3953/7 5446/2609/7
f 4219/207/7 5446/2609/7 1728/3954/7
f 321/3941/7 6156/2614/7 4219/207/7
f 6157/2611/7 2123/3955/7 4453/2621/7
f 3435/3090/7 4453/2621/7 538/3724/7
f 1728/3954/7 6157/2611/7 3435/3090/7
f 6158/2608/7 961/3782/7 3669/432/7
f 5447/2610/7 3669/432/7 2123/3955/7
f 2976/3953/7 6158/2608/7 5447/2610/7
f 6159/2605/7 2975/3956/7 5442/2600/7
f 4458/442/7 5442/2600/7 2128/3957/7
f 962/3776/7 6159/2605/7 4458/442/7
f 6160/2602/7 1261/3958/7 3964/3438/7
f 3674/2589/7 3964/3438/7 535/3496/7
f 2128/3957/7 6160/2602/7 3674/2589/7
f 6161/2599/7 80/3959/7 3180/86/7
f 5443/2601/7 3180/86/7 1261/3958/7
f 2975/3956/7 6161/2599/7 5443/2601/7
f 6162/2596/7 2974/3960/7 5438/2591/7
f 4146/430/7 5438/2591/7 1587/3961/7
f 930/3783/7 6162/2596/7 4146/430/7
f 6163/2593/7 1725/3962/7 4216/1243/7
f 3362/2625/7 4216/1243/7 318/3948/7
f 1587/3961/7 6163/2593/7 3362/2625/7
f 6164/2590/7 535/3496/7 3432/1025/7
f 5439/2592/7 3432/1025/7 1725/3962/7
f 2974/3960/7 6164/2590/7 5439/2592/7
f 6165/2587/7 2973/3963/7 5434/2582/7
f 4398/306/7 5434/2582/7 2052/3964/7
f 381/3937/7 6165/2587/7 4398/306/7
f 6166/2584/7 2127/3965/7 4457/2594/7
f 3614/2989/7 4457/2594/7 930/3783/7
f 2052/3964/7 6166/2584/7 3614/2989/7
f 6167/2581/7 962/3776/7 3673/441/7
f 5435/2583/7 3673/441/7 2127/3965/7
f 2973/3963/7 6167/2581/7 5435/2583/7
f 156/64/8 4243/2530/8 89/64/8
f 178/234/8 4395/1174/8 4171/1174/8
f 317/234/8 4395/1174/8 178/234/8
f 2139/23/41 5430/451/10 5431/239/60
f 1718/246/62 5428/245/71 2143/25/71
f 3177/2530/3 106/64/3 148/64/3
f 147/53/8 4246/2531/8 109/53/8
f 196/256/8 4393/1121/8 4174/1121/8
f 289/256/8 4393/1121/8 196/256/8
f 146/24/8 3159/244/8 110/24/8
f 245/238/8 4391/243/8 3231/243/8
f 287/238/8 4391/243/8 245/238/8
f 145/50/8 4248/2532/8 111/50/8
f 198/259/8 4389/1148/8 4176/1148/8
f 285/259/8 4389/1148/8 198/259/8
f 3169/2531/1 118/53/1 143/53/1
f 3167/244/17 113/24/17 142/24/17
f 3165/2532/2 119/50/2 141/50/2
f 3164/1234/2 62/41/2 117/41/2
f 4268/1234/2 117/41/2 58/41/2
f 4248/2532/2 141/50/2 111/50/2
f 3166/241/17 64/15/17 105/15/17
f 3139/241/17 105/15/17 60/15/17
f 3159/244/17 142/24/17 110/24/17
f 3168/1235/1 61/22/1 116/22/1
f 4266/1235/1 116/22/1 57/22/1
f 4246/2531/1 143/53/1 109/53/1
f 3242/1233/8 246/70/8 284/70/8
f 3170/1234/8 195/41/8 108/41/8
f 195/41/8 3351/1234/8 3350/1234/8
f 4186/1233/8 284/70/8 216/70/8
f 4258/1234/8 243/41/8 4/41/8
f 243/41/8 3349/1234/8 3348/1234/8
f 79/50/8 3171/2532/8 145/50/8
f 285/259/8 4383/1148/8 3243/1148/8
f 168/259/8 4383/1148/8 285/259/8
f 3244/240/8 197/72/8 286/72/8
f 3172/241/8 177/15/8 88/15/8
f 177/15/8 3345/241/8 3344/241/8
f 3208/240/8 286/72/8 181/72/8
f 3136/241/8 225/15/8 6/15/8
f 225/15/8 3343/241/8 3342/241/8
f 92/24/8 3173/244/8 146/24/8
f 287/238/8 4377/243/8 3245/243/8
f 229/238/8 4377/243/8 287/238/8
f 3246/1231/8 244/74/8 288/74/8
f 3174/1235/8 194/22/8 107/22/8
f 194/22/8 3339/1235/8 3338/1235/8
f 4183/1231/8 288/74/8 213/74/8
f 4255/1235/8 242/22/8 2/22/8
f 242/22/8 3337/1235/8 3336/1235/8
f 76/53/8 3175/2531/8 147/53/8
f 289/256/8 4371/1121/8 3247/1121/8
f 165/256/8 4371/1121/8 289/256/8
f 3176/1236/3 63/43/3 104/43/3
f 4263/1236/3 104/43/3 59/43/3
f 4243/2530/3 148/64/3 89/64/3
f 1154/15/9 5424/588/47 5425/586/57
f 4460/587/59 2919/585/43 2308/585/43
f 3676/317/59 1498/248/43 807/248/43
f 5422/317/37 357/248/79 1498/248/43
f 3988/587/44 2918/585/43 1289/585/44
f 3204/317/44 1963/248/43 170/248/44
f 5420/317/37 807/248/43 1963/248/43
f 4240/251/44 2917/80/5 1753/80/44
f 3456/396/44 2307/75/5 563/75/44
f 5418/396/37 1032/75/5 2307/75/5
f 4462/588/40 2916/586/44 2312/586/44
f 3678/7/40 1329/15/6 617/15/6
f 5416/7/48 230/15/6 1329/15/6
f 3916/588/44 2915/586/61 1148/586/44
f 3132/7/44 1793/15/6 6/15/9
f 5414/7/9 617/15/6 1793/15/6
f 4168/250/44 2914/249/43 1613/249/44
f 3384/1083/44 2311/252/79 394/252/44
f 5412/1083/37 1033/252/61 2311/252/79
f 4116/588/40 2912/586/10 1499/586/44
f 3332/7/9 1653/15/57 230/15/6
f 4368/250/40 2911/249/59 1964/249/44
f 3584/1083/9 2315/252/59 808/252/44
f 3680/179/45 356/236/53 803/236/42
f 3224/179/44 803/236/42 218/236/44
f 3476/743/44 1035/20/80 607/20/44
f 4466/590/66 2910/453/34 2322/453/53
f 3682/102/66 1392/26/34 694/26/34
f 5406/102/33 309/26/34 1392/26/34
f 3936/590/44 2909/453/48 1182/453/44
f 3152/102/44 1856/26/34 81/26/44
f 5404/102/9 694/26/34 1856/26/34
f 5403/246/40 4188/1379/44 4467/1379/9
f 1647/246/44 4188/1379/44 5403/246/40
f 218/236/44 4467/1379/9 4188/1379/44
f 3404/245/44 2321/25/48 438/25/44
f 5401/245/57 5403/246/40 2323/246/9
f 5401/245/57 5402/245/61 5403/246/40
f 5402/245/61 1647/246/44 5403/246/40
f 4114/590/66 2907/453/11 1495/453/34
f 3330/102/9 1716/26/65 309/26/34
f 1960/246/42 4366/1379/93 5398/246/44
f 1960/246/42 5397/245/66 2325/25/11
f 1615/34/6 5395/592/61 5396/44/56
f 2337/237/60 5393/243/79 5394/242/56
f 4468/591/4 2900/260/6 2340/260/6
f 3684/257/4 1488/238/6 795/238/6
f 5391/257/10 354/238/4 1488/238/6
f 3408/591/43 2899/260/6 1652/260/43
f 4192/257/43 1953/238/6 229/238/43
f 5389/257/10 795/238/6 1953/238/6
f 3156/244/43 2898/81/60 1187/81/43
f 3940/457/43 2339/76/60 447/76/43
f 5387/457/10 1041/76/6 2339/76/60
f 4470/592/60 2897/44/47 2344/44/47
f 3686/42/6 1325/34/48 610/34/48
f 5385/42/40 221/34/48 1325/34/48
f 3480/592/43 2896/44/69 1792/44/43
f 4264/42/43 1789/34/48 2/34/61
f 5383/42/40 610/34/48 1789/34/48
f 3228/243/43 2895/242/6 1328/242/43
f 4012/458/43 2343/237/6 616/237/43
f 5381/458/10 1042/237/6 2343/237/6
f 2352/261/40 5380/593/60 2891/261/43
f 791/72/40 5379/71/42 1484/72/40
f 1484/72/40 3327/71/42 353/72/57
f 1618/261/43 5378/593/58 2890/261/42
f 181/72/43 5377/71/60 1949/72/40
f 1949/72/40 3688/71/47 791/72/40
f 1153/82/43 5376/241/68 2889/82/40
f 403/18/43 5375/578/60 2351/18/40
f 2351/18/40 3689/578/77 1044/18/40
f 2356/52/59 5374/594/59 2888/52/59
f 698/24/10 5373/68/43 1396/24/10
f 1396/24/10 3326/68/43 313/24/41
f 1758/52/43 5372/594/59 2887/52/42
f 92/24/43 5371/68/43 1860/24/10
f 1860/24/10 3690/68/41 698/24/10
f 1294/239/43 5370/240/59 2886/239/42
f 572/23/43 5369/451/59 2355/23/42
f 2355/23/42 3691/451/79 1045/23/42
f 3250/1232/8 226/85/8 316/85/8
f 3178/1236/8 176/43/8 87/43/8
f 176/43/8 3325/1236/8 3324/1236/8
f 3205/1232/8 316/85/8 171/85/8
f 3133/1236/8 224/43/8 8/43/8
f 224/43/8 3323/1236/8 3322/1236/8
f 82/64/8 3179/2530/8 156/64/8
f 317/234/8 4357/1174/8 3251/1174/8
f 219/234/8 4357/1174/8 317/234/8
f 6168/2529/7 2882/3966/7 5366/2524/7
f 4478/601/7 5366/2524/7 2364/3967/7
f 1047/3770/7 6168/2529/7 4478/601/7
f 6169/2526/7 1474/3968/7 4101/3032/7
f 3694/2513/7 4101/3032/7 781/3762/7
f 2364/3967/7 6169/2526/7 3694/2513/7
f 6170/2523/7 352/3969/7 3317/227/7
f 5367/2525/7 3317/227/7 1474/3968/7
f 2882/3966/7 6170/2523/7 5367/2525/7
f 6171/2520/7 2881/3970/7 5362/2515/7
f 4038/1011/7 5362/2515/7 1403/3971/7
f 706/3505/7 6171/2520/7 4038/1011/7
f 6172/2517/7 1939/3972/7 4353/2482/7
f 3254/1283/7 4353/2482/7 320/3973/7
f 1403/3971/7 6172/2517/7 3254/1283/7
f 6173/2514/7 781/3762/7 3569/612/7
f 5363/2516/7 3569/612/7 1939/3972/7
f 2881/3970/7 6173/2514/7 5363/2516/7
f 6174/2511/7 2880/3974/7 5358/2506/7
f 4290/90/7 5358/2506/7 1868/3975/7
f 157/3952/7 6174/2511/7 4290/90/7
f 6175/2508/7 2363/3976/7 4477/2518/7
f 3506/3424/7 4477/2518/7 706/3505/7
f 1868/3975/7 6175/2508/7 3506/3424/7
f 6176/2505/7 1047/3770/7 3693/600/7
f 5359/2507/7 3693/600/7 2363/3976/7
f 2880/3974/7 6176/2505/7 5359/2507/7
f 6177/2502/7 2879/3977/7 5354/2497/7
f 4482/610/7 5354/2497/7 2368/3978/7
f 1048/3764/7 6177/2502/7 4482/610/7
f 6178/2499/7 1285/3979/7 3984/3980/7
f 3698/2486/7 3984/3980/7 559/3981/7
f 2368/3978/7 6178/2499/7 3698/2486/7
f 6179/2496/7 166/3982/7 3200/3983/7
f 5355/2498/7 3200/3983/7 1285/3979/7
f 2879/3977/7 6179/2496/7 5355/2498/7
f 6180/2493/7 2878/3984/7 5350/2488/7
f 3966/643/7 5350/2488/7 1263/3985/7
f 537/3741/7 6180/2493/7 3966/643/7
f 6181/2490/7 1749/3986/7 4236/3987/7
f 3182/2387/7 4236/3987/7 77/3988/7
f 1263/3985/7 6181/2490/7 3182/2387/7
f 6182/2487/7 559/3981/7 3452/3989/7
f 5351/2489/7 3452/3989/7 1749/3986/7
f 2878/3984/7 6182/2487/7 5351/2489/7
f 6183/2484/7 2877/3990/7 5346/2479/7
f 4218/216/7 5346/2479/7 1727/3991/7
f 320/3973/7 6183/2484/7 4218/216/7
f 6184/2481/7 2367/3992/7 4481/2491/7
f 3434/3063/7 4481/2491/7 537/3741/7
f 1727/3991/7 6184/2481/7 3434/3063/7
f 6185/2478/7 1048/3764/7 3697/609/7
f 5347/2480/7 3697/609/7 2367/3992/7
f 2877/3990/7 6185/2478/7 5347/2480/7
f 6186/2475/7 2876/3993/7 5342/2470/7
f 4486/619/7 5342/2470/7 2372/3994/7
f 1049/3758/7 6186/2475/7 4486/619/7
f 6187/2472/7 1144/3995/7 3912/3996/7
f 3702/2459/7 3912/3996/7 390/3997/7
f 2372/3994/7 6187/2472/7 3702/2459/7
f 6188/2469/7 7/3998/7 3128/3999/7
f 5343/2471/7 3128/3999/7 1144/3995/7
f 2876/3993/7 6188/2469/7 5343/2471/7
f 6189/2466/7 2875/4000/7 5338/2461/7
f 4102/607/7 5338/2461/7 1475/4001/7
f 782/3765/7 6189/2466/7 4102/607/7
f 6190/2463/7 1609/4002/7 4164/4003/7
f 3318/2495/7 4164/4003/7 166/3982/7
f 1475/4001/7 6190/2463/7 3318/2495/7
f 6191/2460/7 390/3997/7 3380/4004/7
f 5339/2462/7 3380/4004/7 1609/4002/7
f 2875/4000/7 6191/2460/7 5339/2462/7
f 6192/2457/7 2874/4005/7 5334/2452/7
f 4354/228/7 5334/2452/7 1940/4006/7
f 352/3969/7 6192/2457/7 4354/228/7
f 6193/2454/7 2371/4007/7 4485/2464/7
f 3570/3027/7 4485/2464/7 782/3765/7
f 1940/4006/7 6193/2454/7 3570/3027/7
f 6194/2451/7 1049/3758/7 3701/618/7
f 5335/2453/7 3701/618/7 2371/4007/7
f 2874/4005/7 6194/2451/7 5335/2453/7
f 6195/2448/7 2873/4008/7 5330/2443/7
f 4490/628/7 5330/2443/7 2376/4009/7
f 1050/3752/7 6195/2448/7 4490/628/7
f 6196/2445/7 1470/4010/7 4097/3059/7
f 3706/2432/7 4097/3059/7 777/3744/7
f 2376/4009/7 6196/2445/7 3706/2432/7
f 6197/2442/7 351/4011/7 3313/218/7
f 5331/2444/7 3313/218/7 1470/4010/7
f 2873/4008/7 6197/2442/7 5331/2444/7
f 6198/2439/7 2872/4012/7 5326/2434/7
f 3981/4013/7 5326/2434/7 1282/4014/7
f 556/4015/7 6198/2439/7 3981/4013/7
f 6199/2436/7 1935/4016/7 4349/2401/7
f 3197/4017/7 4349/2401/7 163/4018/7
f 1282/4014/7 6199/2436/7 3197/4017/7
f 6200/2433/7 777/3744/7 3565/639/7
f 5327/2435/7 3565/639/7 1935/4016/7
f 2872/4012/7 6200/2433/7 5327/2435/7
f 6201/2430/7 2871/4019/7 5322/2425/7
f 4233/4020/7 5322/2425/7 1746/4021/7
f 74/4022/7 6201/2430/7 4233/4020/7
f 6202/2427/7 2375/4023/7 4489/2437/7
f 3449/4024/7 4489/2437/7 556/4015/7
f 1746/4021/7 6202/2427/7 3449/4024/7
f 6203/2424/7 1050/3752/7 3705/627/7
f 5323/2426/7 3705/627/7 2375/4023/7
f 2871/4019/7 6203/2424/7 5323/2426/7
f 6204/2421/7 2870/4025/7 5318/2416/7
f 4494/637/7 5318/2416/7 2380/4026/7
f 1051/3746/7 6204/2421/7 4494/637/7
f 6205/2418/7 1319/4027/7 4004/4028/7
f 3710/2405/7 4004/4028/7 603/4029/7
f 2380/4026/7 6205/2418/7 3710/2405/7
f 6206/2415/7 214/4030/7 3220/4031/7
f 5319/2417/7 3220/4031/7 1319/4027/7
f 2870/4025/7 6206/2415/7 5319/2417/7
f 6207/2412/7 2869/4032/7 5314/2407/7
f 3909/4033/7 5314/2407/7 1141/4034/7
f 387/4035/7 6207/2412/7 3909/4033/7
f 6208/2409/7 1783/4036/7 4256/4037/7
f 3125/4038/7 4256/4037/7 3/4039/7
f 1141/4034/7 6208/2409/7 3125/4038/7
f 6209/2406/7 603/4029/7 3472/4040/7
f 5315/2408/7 3472/4040/7 1783/4036/7
f 2869/4032/7 6209/2406/7 5315/2408/7
f 6210/2403/7 2868/4041/7 5310/2398/7
f 4161/4042/7 5310/2398/7 1606/4043/7
f 163/4018/7 6210/2403/7 4161/4042/7
f 6211/2400/7 2379/4044/7 4493/2410/7
f 3377/4045/7 4493/2410/7 387/4035/7
f 1606/4043/7 6211/2400/7 3377/4045/7
f 6212/2397/7 1051/3746/7 3709/636/7
f 5311/2399/7 3709/636/7 2379/4044/7
f 2868/4041/7 6212/2397/7 5311/2399/7
f 6213/2394/7 2867/4046/7 5306/2389/7
f 4498/646/7 5306/2389/7 2384/4047/7
f 1052/3740/7 6213/2394/7 4498/646/7
f 6214/2391/7 1178/4048/7 3932/4049/7
f 3714/2378/7 3932/4049/7 434/4050/7
f 2384/4047/7 6214/2391/7 3714/2378/7
f 6215/2388/7 77/3988/7 3148/4051/7
f 5307/2390/7 3148/4051/7 1178/4048/7
f 2867/4046/7 6215/2388/7 5307/2390/7
f 6216/2385/7 2866/4052/7 5302/2380/7
f 4098/634/7 5302/2380/7 1471/4053/7
f 778/3747/7 6216/2385/7 4098/634/7
f 6217/2382/7 1643/4054/7 4184/4055/7
f 3314/2414/7 4184/4055/7 214/4030/7
f 1471/4053/7 6217/2382/7 3314/2414/7
f 6218/2379/7 434/4050/7 3400/4056/7
f 5303/2381/7 3400/4056/7 1643/4054/7
f 2866/4052/7 6218/2379/7 5303/2381/7
f 6219/2376/7 2865/4057/7 5298/2371/7
f 4350/219/7 5298/2371/7 1936/4058/7
f 351/4011/7 6219/2376/7 4350/219/7
f 6220/2373/7 2383/4059/7 4497/2383/7
f 3566/3054/7 4497/2383/7 778/3747/7
f 1936/4058/7 6220/2373/7 3566/3054/7
f 6221/2370/7 1052/3740/7 3713/645/7
f 5299/2372/7 3713/645/7 2383/4059/7
f 2865/4057/7 6221/2370/7 5299/2372/7
f 6222/2367/7 2864/4060/7 5294/2362/7
f 4502/655/7 5294/2362/7 2388/4061/7
f 1053/3734/7 6222/2367/7 4502/655/7
f 6223/2364/7 1466/4062/7 4093/3086/7
f 3718/2351/7 4093/3086/7 773/3727/7
f 2388/4061/7 6223/2364/7 3718/2351/7
f 6224/2361/7 350/4063/7 3309/209/7
f 5295/2363/7 3309/209/7 1466/4062/7
f 2864/4060/7 6224/2361/7 5295/2363/7
f 6225/2358/7 2863/4064/7 5290/2353/7
f 4001/4065/7 5290/2353/7 1316/4066/7
f 600/4067/7 6225/2358/7 4001/4065/7
f 6226/2355/7 1931/4068/7 4345/2320/7
f 3217/4069/7 4345/2320/7 211/4070/7
f 1316/4066/7 6226/2355/7 3217/4069/7
f 6227/2352/7 773/3727/7 3561/666/7
f 5291/2354/7 3561/666/7 1931/4068/7
f 2863/4064/7 6227/2352/7 5291/2354/7
f 6228/2349/7 2862/4071/7 5286/2344/7
f 4253/4072/7 5286/2344/7 1780/4073/7
f 1/16/7 6228/2349/7 4253/4072/7
f 6229/2346/7 2387/4074/7 4501/2356/7
f 3469/4075/7 4501/2356/7 600/4067/7
f 1780/4073/7 6229/2346/7 3469/4075/7
f 6230/2343/7 1053/3734/7 3717/654/7
f 5287/2345/7 3717/654/7 2387/4074/7
f 2862/4071/7 6230/2343/7 5287/2345/7
f 6231/2340/7 2861/4076/7 5282/2335/7
f 4506/664/7 5282/2335/7 2392/4077/7
f 1054/3729/7 6231/2340/7 4506/664/7
f 6232/2337/7 1402/4078/7 4037/3050/7
f 3722/2324/7 4037/3050/7 705/3750/7
f 2392/4077/7 6232/2337/7 3722/2324/7
f 6233/2334/7 319/4079/7 3253/221/7
f 5283/2336/7 3253/221/7 1402/4078/7
f 2861/4076/7 6233/2334/7 5283/2336/7
f 6234/2331/7 2860/4080/7 5278/2326/7
f 3929/4081/7 5278/2326/7 1175/4082/7
f 431/4083/7 6234/2331/7 3929/4081/7
f 6235/2328/7 1867/4084/7 4289/2428/7
f 3145/4085/7 4289/2428/7 74/4022/7
f 1175/4082/7 6235/2328/7 3145/4085/7
f 6236/2325/7 705/3750/7 3505/630/7
f 5279/2327/7 3505/630/7 1867/4084/7
f 2860/4080/7 6236/2325/7 5279/2327/7
f 6237/2322/7 2859/4086/7 5274/2317/7
f 4181/4087/7 5274/2317/7 1640/4088/7
f 211/4070/7 6237/2322/7 4181/4087/7
f 6238/2319/7 2391/4089/7 4505/2329/7
f 3397/4090/7 4505/2329/7 431/4083/7
f 1640/4088/7 6238/2319/7 3397/4090/7
f 6239/2316/7 1054/3729/7 3721/663/7
f 5275/2318/7 3721/663/7 2391/4089/7
f 2859/4086/7 6239/2316/7 5275/2318/7
f 6240/2313/7 2858/4091/7 5270/2308/7
f 4510/673/7 5270/2308/7 2396/4092/7
f 1055/3723/7 6240/2313/7 4510/673/7
f 6241/2310/7 1262/4093/7 3965/3429/7
f 3726/2297/7 3965/3429/7 536/3502/7
f 2396/4092/7 6241/2310/7 3726/2297/7
f 6242/2307/7 157/3952/7 3181/89/7
f 5271/2309/7 3181/89/7 1262/4093/7
f 2858/4091/7 6242/2307/7 5271/2309/7
f 6243/2304/7 2857/4094/7 5266/2299/7
f 4094/661/7 5266/2299/7 1467/4095/7
f 774/3730/7 6243/2304/7 4094/661/7
f 6244/2301/7 1726/4096/7 4217/1270/7
f 3310/2333/7 4217/1270/7 319/4079/7
f 1467/4095/7 6244/2301/7 3310/2333/7
f 6245/2298/7 536/3502/7 3433/1016/7
f 5267/2300/7 3433/1016/7 1726/4096/7
f 2857/4094/7 6245/2298/7 5267/2300/7
f 6246/2295/7 2856/4097/7 5262/2290/7
f 4346/210/7 5262/2290/7 1932/4098/7
f 350/4063/7 6246/2295/7 4346/210/7
f 6247/2292/7 2395/4099/7 4509/2302/7
f 3562/3081/7 4509/2302/7 774/3730/7
f 1932/4098/7 6247/2292/7 3562/3081/7
f 6248/2289/7 1055/3723/7 3725/672/7
f 5263/2291/7 3725/672/7 2395/4099/7
f 2856/4097/7 6248/2289/7 5263/2291/7
f 2400/678/53 5259/680/92 5260/678/80
f 1407/678/76 5257/680/92 5258/678/35
f 3728/1319/76 5256/678/90 3307/1319/76
f 3307/1319/76 5256/678/90 1462/678/76
f 765/203/33 3307/1319/76 348/203/33
f 1462/678/76 5255/680/91 4091/680/55
f 2408/678/76 5255/680/91 5256/678/90
f 4180/1319/33 5254/678/13 3728/1319/76
f 3728/1319/76 5254/678/13 2408/678/76
f 210/203/33 3728/1319/76 765/203/33
f 2408/678/76 5253/680/90 4512/680/50
f 5254/678/13 5253/680/90 2408/678/76
f 5254/678/13 5252/680/46 5253/680/90
f 5252/680/46 2407/78/63 5253/680/90
f 1174/95/33 5251/205/55 2854/95/33
f 430/78/33 5250/1318/55 2407/78/63
f 2407/78/63 3729/1318/46 1059/78/33
f 609/31/92 3306/2286/55 220/31/92
f 1/31/49 3730/2286/12 609/31/92
f 599/235/33 3731/2285/51 1060/235/33
f 2416/417/45 5249/682/66 2853/417/44
f 761/30/45 5248/1077/39 1458/30/45
f 1458/30/45 3305/1077/39 347/30/45
f 1605/417/33 5247/682/88 2852/417/33
f 162/30/33 5246/1077/93 1923/30/45
f 1923/30/45 3732/1077/6 761/30/45
f 1140/96/33 5245/201/9 2851/96/45
f 386/10/33 5244/11/66 2415/10/45
f 2415/10/45 3733/11/40 1062/10/45
f 2420/418/45 5243/683/38 2850/418/45
f 709/77/45 5242/419/57 1406/77/45
f 1406/77/45 3304/419/70 323/77/45
f 1745/418/33 5241/683/38 2849/418/33
f 73/77/33 5240/419/70 1871/77/45
f 1871/77/45 3734/419/71 709/77/45
f 1281/199/33 5239/200/49 2848/199/33
f 555/29/33 5238/311/38 2419/29/33
f 2419/29/33 3735/311/62 1063/29/33
f 1459/418/45 5237/683/41 2846/418/79
f 323/77/45 5236/419/41 1730/77/75
f 1924/199/45 5235/200/76 2845/199/43
f 762/29/45 5234/311/41 2423/29/79
f 6249/2284/3 2844/4100/3 5231/2279/3
f 4522/688/3 5231/2279/3 2428/4101/3
f 1065/3717/3 6249/2284/3 4522/688/3
f 6250/2281/3 1454/4102/3 4085/3113/3
f 3738/2268/3 4085/3113/3 757/3709/3
f 2428/4101/3 6250/2281/3 3738/2268/3
f 6251/2278/3 346/4103/3 3301/193/3
f 5232/2280/3 3301/193/3 1454/4102/3
f 2844/4100/3 6251/2278/3 5232/2280/3
f 6252/2275/3 2843/4104/3 5227/2270/3
f 4042/985/3 5227/2270/3 1411/4105/3
f 714/3521/3 6252/2275/3 4042/985/3
f 6253/2272/3 1919/4106/3 4337/2237/3
f 3258/1365/3 4337/2237/3 328/4107/3
f 1411/4105/3 6253/2272/3 3258/1365/3
f 6254/2269/3 757/3709/3 3553/699/3
f 5228/2271/3 3553/699/3 1919/4106/3
f 2843/4104/3 6254/2269/3 5228/2271/3
f 6255/2266/3 2842/4108/3 5223/2261/3
f 4294/100/3 5223/2261/3 1876/4109/3
f 159/3921/3 6255/2266/3 4294/100/3
f 6256/2263/3 2427/4110/3 4521/2273/3
f 3510/3398/3 4521/2273/3 714/3521/3
f 1876/4109/3 6256/2263/3 3510/3398/3
f 6257/2260/3 1065/3717/3 3737/687/3
f 5224/2262/3 3737/687/3 2427/4110/3
f 2842/4108/3 6257/2260/3 5224/2262/3
f 6258/2257/3 2841/4111/3 5219/2252/3
f 4526/697/3 5219/2252/3 2432/4112/3
f 1066/3711/3 6258/2257/3 4526/697/3
f 6259/2254/3 1286/4113/3 3985/2932/3
f 3742/2241/3 3985/2932/3 560/3818/3
f 2432/4112/3 6259/2254/3 3742/2241/3
f 6260/2251/3 167/4114/3 3201/325/3
f 5220/2253/3 3201/325/3 1286/4113/3
f 2841/4111/3 6260/2251/3 5220/2253/3
f 6261/2248/3 2840/4115/3 5215/2243/3
f 3970/729/3 5215/2243/3 1271/4116/3
f 545/3689/3 6261/2248/3 3970/729/3
f 6262/2245/3 1750/4117/3 4237/2798/3
f 3186/2143/3 4237/2798/3 78/3881/3
f 1271/4116/3 6262/2245/3 3186/2143/3
f 6263/2242/3 560/3818/3 3453/369/3
f 5216/2244/3 3453/369/3 1750/4117/3
f 2840/4115/3 6263/2242/3 5216/2244/3
f 6264/2239/3 2839/4118/3 5211/2234/3
f 4222/183/3 5211/2234/3 1735/4119/3
f 328/4107/3 6264/2239/3 4222/183/3
f 6265/2236/3 2431/4120/3 4525/2246/3
f 3438/3143/3 4525/2246/3 545/3689/3
f 1735/4119/3 6265/2236/3 3438/3143/3
f 6266/2233/3 1066/3711/3 3741/696/3
f 5212/2235/3 3741/696/3 2431/4120/3
f 2839/4118/3 6266/2233/3 5212/2235/3
f 6267/2230/3 2838/4121/3 5207/2225/3
f 4530/705/3 5207/2225/3 2436/4122/3
f 1067/3706/3 6267/2230/3 4530/705/3
f 6268/2227/3 1145/4123/3 3913/3464/3
f 3746/2215/3 3913/3464/3 391/3482/3
f 2436/4122/3 6268/2227/3 3746/2215/3
f 6269/2224/3 8/43/3 3129/4/3
f 5208/2226/3 3129/4/3 1145/4123/3
f 2838/4121/3 6269/2224/3 5208/2226/3
f 6270/2222/3 2837/4124/3 5203/2217/3
f 4086/694/3 5203/2217/3 1455/4125/3
f 758/3712/3 6270/2222/3 4086/694/3
f 6271/2219/3 1610/4126/3 4165/1135/3
f 3302/2250/3 4165/1135/3 167/4114/3
f 1455/4125/3 6271/2219/3 3302/2250/3
f 6272/2216/3 391/3482/3 3381/1091/3
f 5204/2218/3 3381/1091/3 1610/4126/3
f 2837/4124/3 6272/2216/3 5204/2218/3
f 6273/2213/3 2836/4127/3 5199/2208/3
f 4338/194/3 5199/2208/3 1920/4128/3
f 346/4103/3 6273/2213/3 4338/194/3
f 6274/2210/3 2435/4129/3 4529/2220/3
f 3554/3108/3 4529/2220/3 758/3712/3
f 1920/4128/3 6274/2210/3 3554/3108/3
f 6275/2207/3 1067/3706/3 3745/704/3
f 5200/2209/3 3745/704/3 2435/4129/3
f 2836/4127/3 6275/2207/3 5200/2209/3
f 6276/2204/3 2835/4130/3 5195/2199/3
f 4534/714/3 5195/2199/3 2440/4131/3
f 1068/3700/3 6276/2204/3 4534/714/3
f 6277/2201/3 1450/4132/3 4081/3139/3
f 3750/2188/3 4081/3139/3 753/3692/3
f 2440/4131/3 6277/2201/3 3750/2188/3
f 6278/2198/3 345/4133/3 3297/185/3
f 5196/2200/3 3297/185/3 1450/4132/3
f 2835/4130/3 6278/2198/3 5196/2200/3
f 6279/2195/3 2834/4134/3 5191/2190/3
f 3987/1020/3 5191/2190/3 1288/4135/3
f 562/3499/3 6279/2195/3 3987/1020/3
f 6280/2192/3 1915/4136/3 4333/2157/3
f 3203/1256/3 4333/2157/3 169/4137/3
f 1288/4135/3 6280/2192/3 3203/1256/3
f 6281/2189/3 753/3692/3 3549/725/3
f 5192/2191/3 3549/725/3 1915/4136/3
f 2834/4134/3 6281/2189/3 5192/2191/3
f 6282/2186/3 2833/4138/3 5187/2181/3
f 4239/87/3 5187/2181/3 1752/4139/3
f 80/3959/3 6282/2186/3 4239/87/3
f 6283/2183/3 2439/4140/3 4533/2193/3
f 3455/3433/3 4533/2193/3 562/3499/3
f 1752/4139/3 6283/2183/3 3455/3433/3
f 6284/2180/3 1068/3700/3 3749/713/3
f 5188/2182/3 3749/713/3 2439/4140/3
f 2833/4138/3 6284/2180/3 5188/2182/3
f 6285/2177/3 2832/4141/3 5183/2172/3
f 4538/723/3 5183/2172/3 2444/4142/3
f 1069/3694/3 6285/2177/3 4538/723/3
f 6286/2174/3 1320/4143/3 4005/3236/3
f 3754/2161/3 4005/3236/3 604/3628/3
f 2444/4142/3 6286/2174/3 3754/2161/3
f 6287/2171/3 215/4144/3 3221/153/3
f 5184/2173/3 3221/153/3 1320/4143/3
f 2832/4141/3 6287/2171/3 5184/2173/3
f 6288/2168/3 2831/4145/3 5179/2163/3
f 3915/616/3 5179/2163/3 1147/4146/3
f 393/3759/3 6288/2168/3 3915/616/3
f 6289/2165/3 1784/4147/3 4257/1862/3
f 3131/2468/3 4257/1862/3 7/3998/3
f 1147/4146/3 6289/2165/3 3131/2468/3
f 6290/2162/3 604/3628/3 3473/823/3
f 5180/2164/3 3473/823/3 1784/4147/3
f 2831/4145/3 6290/2162/3 5180/2164/3
f 6291/2159/3 2830/4148/3 5175/2154/3
f 4167/225/3 5175/2154/3 1612/4149/3
f 169/4137/3 6291/2159/3 4167/225/3
f 6292/2156/3 2443/4150/3 4537/2166/3
f 3383/3036/3 4537/2166/3 393/3759/3
f 1612/4149/3 6292/2156/3 3383/3036/3
f 6293/2153/3 1069/3694/3 3753/722/3
f 5176/2155/3 3753/722/3 2443/4150/3
f 2830/4148/3 6293/2153/3 5176/2155/3
f 6294/2150/3 2829/4151/3 5171/2145/3
f 4542/732/3 5171/2145/3 2448/4152/3
f 1070/3688/3 6294/2150/3 4542/732/3
f 6295/2147/3 1179/4153/3 3933/3369/3
f 3758/2134/3 3933/3369/3 435/3540/3
f 2448/4152/3 6295/2147/3 3758/2134/3
f 6296/2144/3 78/3881/3 3149/110/3
f 5172/2146/3 3149/110/3 1179/4153/3
f 2829/4151/3 6296/2144/3 5172/2146/3
f 6297/2141/3 2828/4154/3 5167/2136/3
f 4082/720/3 5167/2136/3 1451/4155/3
f 754/3695/3 6297/2141/3 4082/720/3
f 6298/2138/3 1644/4156/3 4185/1459/3
f 3298/2170/3 4185/1459/3 215/4144/3
f 1451/4155/3 6298/2138/3 3298/2170/3
f 6299/2135/3 435/3540/3 3401/956/3
f 5168/2137/3 3401/956/3 1644/4156/3
f 2828/4154/3 6299/2135/3 5168/2137/3
f 6300/2132/3 2827/4157/3 5163/2127/3
f 4334/186/3 5163/2127/3 1916/4158/3
f 345/4133/3 6300/2132/3 4334/186/3
f 6301/2129/3 2447/4159/3 4541/2139/3
f 3550/3134/3 4541/2139/3 754/3695/3
f 1916/4158/3 6301/2129/3 3550/3134/3
f 6302/2126/3 1070/3688/3 3757/731/3
f 5164/2128/3 3757/731/3 2447/4159/3
f 2827/4157/3 6302/2126/3 5164/2128/3
f 6303/2123/3 2826/4160/3 5159/2118/3
f 4546/741/3 5159/2118/3 2452/4161/3
f 1071/3682/3 6303/2123/3 4546/741/3
f 6304/2120/3 1446/4162/3 4077/3165/3
f 3762/2107/3 4077/3165/3 749/3675/3
f 2452/4161/3 6304/2120/3 3762/2107/3
f 6305/2117/3 344/4163/3 3293/176/3
f 5160/2119/3 3293/176/3 1446/4162/3
f 2826/4160/3 6305/2117/3 5160/2119/3
f 6306/2114/3 2825/4164/3 5155/2109/3
f 4007/1069/3 5155/2109/3 1322/4165/3
f 606/3493/3 6306/2114/3 4007/1069/3
f 6307/2111/3 1911/4166/3 4329/2077/3
f 3223/1201/3 4329/2077/3 217/4167/3
f 1322/4165/3 6307/2111/3 3223/1201/3
f 6308/2108/3 749/3675/3 3545/752/3
f 5156/2110/3 3545/752/3 1911/4166/3
f 2825/4164/3 6308/2108/3 5156/2110/3
f 6309/2105/3 2824/4168/3 5151/2101/3
f 4259/13/3 5151/2101/3 1786/4169/3
f 5/17/3 6309/2105/3 4259/13/3
f 6310/2103/3 2451/4170/3 4545/2112/3
f 3475/3444/3 4545/2112/3 606/3493/3
f 1786/4169/3 6310/2103/3 3475/3444/3
f 6311/2100/3 1071/3682/3 3761/740/3
f 5152/2102/3 3761/740/3 2451/4170/3
f 2824/4168/3 6311/2100/3 5152/2102/3
f 6312/2097/3 2823/4171/3 5147/2092/3
f 4550/750/3 5147/2092/3 2456/4172/3
f 1072/3677/3 6312/2097/3 4550/750/3
f 6313/2094/3 1410/4173/3 4041/3130/3
f 3766/2081/3 4041/3130/3 713/3698/3
f 2456/4172/3 6313/2094/3 3766/2081/3
f 6314/2091/3 327/4174/3 3257/188/3
f 5148/2093/3 3257/188/3 1410/4173/3
f 2823/4171/3 6314/2091/3 5148/2093/3
f 6315/2088/3 2822/4175/3 5143/2083/3
f 3935/439/3 5143/2083/3 1181/4176/3
f 437/3777/3 6315/2088/3 3935/439/3
f 6316/2085/3 1875/4177/3 4293/2184/3
f 3151/2598/3 4293/2184/3 80/3959/3
f 1181/4176/3 6316/2085/3 3151/2598/3
f 6317/2082/3 713/3698/3 3509/716/3
f 5144/2084/3 3509/716/3 1875/4177/3
f 2822/4175/3 6317/2082/3 5144/2084/3
f 6318/2079/3 2821/4178/3 5139/2074/3
f 4187/303/3 5139/2074/3 1646/4179/3
f 217/4167/3 6318/2079/3 4187/303/3
f 6319/2076/3 2455/4180/3 4549/2086/3
f 3403/2998/3 4549/2086/3 437/3777/3
f 1646/4179/3 6319/2076/3 3403/2998/3
f 6320/2073/3 1072/3677/3 3765/749/3
f 5140/2075/3 3765/749/3 2455/4180/3
f 2821/4178/3 6320/2073/3 5140/2075/3
f 6321/2070/3 2820/4181/3 5135/2065/3
f 4554/759/3 5135/2065/3 2460/4182/3
f 1073/3671/3 6321/2070/3 4554/759/3
f 6322/2067/3 1270/4183/3 3969/3403/3
f 3770/2054/3 3969/3403/3 544/3518/3
f 2460/4182/3 6322/2067/3 3770/2054/3
f 6323/2064/3 159/3921/3 3185/99/3
f 5136/2066/3 3185/99/3 1270/4183/3
f 2820/4181/3 6323/2064/3 5136/2066/3
f 6324/2061/3 2819/4184/3 5131/2056/3
f 4078/747/3 5131/2056/3 1447/4185/3
f 750/3678/3 6324/2061/3 4078/747/3
f 6325/2058/3 1734/4186/3 4221/1352/3
f 3294/2090/3 4221/1352/3 327/4174/3
f 1447/4185/3 6325/2058/3 3294/2090/3
f 6326/2055/3 544/3518/3 3437/990/3
f 5132/2057/3 3437/990/3 1734/4186/3
f 2819/4184/3 6326/2055/3 5132/2057/3
f 6327/2052/3 2818/4187/3 5127/2047/3
f 4330/177/3 5127/2047/3 1912/4188/3
f 344/4163/3 6327/2052/3 4330/177/3
f 6328/2049/3 2459/4189/3 4553/2059/3
f 3546/3160/3 4553/2059/3 750/3678/3
f 1912/4188/3 6328/2049/3 3546/3160/3
f 6329/2046/3 1073/3671/3 3769/758/3
f 5128/2048/3 3769/758/3 2459/4189/3
f 2818/4187/3 6329/2046/3 5128/2048/3
f 6330/2043/2 2817/4190/2 5123/2038/2
f 4558/768/2 5123/2038/2 2464/4191/2
f 1074/3665/2 6330/2043/2 4558/768/2
f 6331/2040/2 1442/4192/2 4073/3192/2
f 3774/2027/2 4073/3192/2 745/3657/2
f 2464/4191/2 6331/2040/2 3774/2027/2
f 6332/2037/2 343/4193/2 3289/167/2
f 5124/2039/2 3289/167/2 1442/4192/2
f 2817/4190/2 6332/2037/2 5124/2039/2
f 6333/2034/2 2816/4194/2 5119/2029/2
f 4046/960/2 5119/2029/2 1415/4195/2
f 718/3537/2 6333/2034/2 4046/960/2
f 6334/2031/2 1907/4196/2 4325/1996/2
f 3262/1445/2 4325/1996/2 332/4197/2
f 1415/4195/2 6334/2031/2 3262/1445/2
f 6335/2028/2 745/3657/2 3541/779/2
f 5120/2030/2 3541/779/2 1907/4196/2
f 2816/4194/2 6335/2028/2 5120/2030/2
f 6336/2025/2 2815/4198/2 5115/2020/2
f 4298/108/2 5115/2020/2 1880/4199/2
f 160/3890/2 6336/2025/2 4298/108/2
f 6337/2022/2 2463/4200/2 4557/2032/2
f 3514/3373/2 4557/2032/2 718/3537/2
f 1880/4199/2 6337/2022/2 3514/3373/2
f 6338/2019/2 1074/3665/2 3773/767/2
f 5116/2021/2 3773/767/2 2463/4200/2
f 2815/4198/2 6338/2019/2 5116/2021/2
f 6339/2016/2 2814/4201/2 5111/2011/2
f 4562/777/2 5111/2011/2 2468/4202/2
f 1075/3659/2 6339/2016/2 4562/777/2
f 6340/2013/2 1283/4203/2 3982/2905/2
f 3778/2000/2 3982/2905/2 557/3835/2
f 2468/4202/2 6340/2013/2 3778/2000/2
f 6341/2010/2 164/4204/2 3198/333/2
f 5112/2012/2 3198/333/2 1283/4203/2
f 2814/4201/2 6341/2010/2 5112/2012/2
f 6342/2007/2 2813/4205/2 5107/2002/2
f 3974/809/2 5107/2002/2 1275/4206/2
f 549/3637/2 6342/2007/2 3974/809/2
f 6343/2004/2 1747/4207/2 4234/2878/2
f 3190/1902/2 4234/2878/2 75/3849/2
f 1275/4206/2 6343/2004/2 3190/1902/2
f 6344/2001/2 557/3835/2 3450/342/2
f 5108/2003/2 3450/342/2 1747/4207/2
f 2813/4205/2 6344/2001/2 5108/2003/2
f 6345/1998/2 2812/4208/2 5103/1993/2
f 4226/157/2 5103/1993/2 1739/4209/2
f 332/4197/2 6345/1998/2 4226/157/2
f 6346/1995/2 2467/4210/2 4561/2005/2
f 3442/3222/2 4561/2005/2 549/3637/2
f 1739/4209/2 6346/1995/2 3442/3222/2
f 6347/1992/2 1075/3659/2 3777/776/2
f 5104/1994/2 3777/776/2 2467/4210/2
f 2812/4208/2 6347/1992/2 5104/1994/2
f 6348/1989/2 2811/4211/2 5099/1984/2
f 4566/785/2 5099/1984/2 2472/4212/2
f 1076/3654/2 6348/1989/2 4566/785/2
f 6349/1986/2 1142/4213/2 3910/3472/2
f 3782/1974/2 3910/3472/2 388/3477/2
f 2472/4212/2 6349/1986/2 3782/1974/2
f 6350/1983/2 4/41/2 3126/1/2
f 5100/1985/2 3126/1/2 1142/4213/2
f 2811/4211/2 6350/1983/2 5100/1985/2
f 6351/1981/2 2810/4214/2 5095/1976/2
f 4074/774/2 5095/1976/2 1443/4215/2
f 746/3660/2 6351/1981/2 4074/774/2
f 6352/1978/2 1607/4216/2 4162/1108/2
f 3290/2009/2 4162/1108/2 164/4204/2
f 1443/4215/2 6352/1978/2 3290/2009/2
f 6353/1975/2 388/3477/2 3378/1099/2
f 5096/1977/2 3378/1099/2 1607/4216/2
f 2810/4214/2 6353/1975/2 5096/1977/2
f 6354/1972/2 2809/4217/2 5091/1967/2
f 4326/168/2 5091/1967/2 1908/4218/2
f 343/4193/2 6354/1972/2 4326/168/2
f 6355/1969/2 2471/4219/2 4565/1979/2
f 3542/3187/2 4565/1979/2 746/3660/2
f 1908/4218/2 6355/1969/2 3542/3187/2
f 6356/1966/2 1076/3654/2 3781/784/2
f 5092/1968/2 3781/784/2 2471/4219/2
f 2809/4217/2 6356/1966/2 5092/1968/2
f 6357/1963/2 2808/4220/2 5087/1958/2
f 4570/794/2 5087/1958/2 2476/4221/2
f 1077/3648/2 6357/1963/2 4570/794/2
f 6358/1960/2 1438/4222/2 4069/3218/2
f 3786/1947/2 4069/3218/2 741/3640/2
f 2476/4221/2 6358/1960/2 3786/1947/2
f 6359/1957/2 342/4223/2 3285/159/2
f 5088/1959/2 3285/159/2 1438/4222/2
f 2808/4220/2 6359/1957/2 5088/1959/2
f 6360/1954/2 2807/4224/2 5083/1949/2
f 3400/4225/2 5083/1949/2 1643/4226/2
f 434/4227/2 6360/1954/2 3400/4225/2
f 6361/1951/2 1903/4228/2 4321/1916/2
f 4184/4229/2 4321/1916/2 214/4230/2
f 1643/4226/2 6361/1951/2 4184/4229/2
f 6362/1948/2 741/3640/2 3537/805/2
f 5084/1950/2 3537/805/2 1903/4228/2
f 2807/4224/2 6362/1948/2 5084/1950/2
f 6363/1945/2 2806/4231/2 5079/1940/2
f 3148/4232/2 5079/1940/2 1178/4233/2
f 77/4234/2 6363/1945/2 3148/4232/2
f 6364/1942/2 2475/4235/2 4569/1952/2
f 3932/4236/2 4569/1952/2 434/4227/2
f 1178/4233/2 6364/1942/2 3932/4236/2
f 6365/1939/2 1077/3648/2 3785/793/2
f 5080/1941/2 3785/793/2 2475/4235/2
f 2806/4231/2 6365/1939/2 5080/1941/2
f 6366/1936/2 2805/4237/2 5075/1931/2
f 4574/803/2 5075/1931/2 2480/4238/2
f 1078/3642/2 6366/1936/2 4574/803/2
f 6367/1933/2 1317/4239/2 4002/3316/2
f 3790/1920/2 4002/3316/2 601/3575/2
f 2480/4238/2 6367/1933/2 3790/1920/2
f 6368/1930/2 212/4240/2 3218/127/2
f 5076/1932/2 3218/127/2 1317/4239/2
f 2805/4237/2 6368/1930/2 5076/1932/2
f 6369/1927/2 2804/4241/2 5071/1922/2
f 3472/4242/2 5071/1922/2 1783/4243/2
f 603/4244/2 6369/1927/2 3472/4242/2
f 6370/1924/2 1781/4245/2 4254/1620/2
f 4256/4246/2 4254/1620/2 3/4247/2
f 1783/4243/2 6370/1924/2 4256/4246/2
f 6371/1921/2 601/3575/2 3470/903/2
f 5072/1923/2 3470/903/2 1781/4245/2
f 2804/4241/2 6371/1921/2 5072/1923/2
f 6372/1918/2 2803/4248/2 5067/1913/2
f 3220/4249/2 5067/1913/2 1319/4250/2
f 214/4230/2 6372/1918/2 3220/4249/2
f 6373/1915/2 2479/4251/2 4573/1925/2
f 4004/4252/2 4573/1925/2 603/4244/2
f 1319/4250/2 6373/1915/2 4004/4252/2
f 6374/1912/2 1078/3642/2 3789/802/2
f 5068/1914/2 3789/802/2 2479/4251/2
f 2803/4248/2 6374/1912/2 5068/1914/2
f 6375/1909/2 2802/4253/2 5063/1904/2
f 4578/812/2 5063/1904/2 2484/4254/2
f 1079/3636/2 6375/1909/2 4578/812/2
f 6376/1906/2 1176/4255/2 3930/3343/2
f 3794/1893/2 3930/3343/2 432/3557/2
f 2484/4254/2 6376/1906/2 3794/1893/2
f 6377/1903/2 75/3849/2 3146/118/2
f 5064/1905/2 3146/118/2 1176/4255/2
f 2802/4253/2 6377/1903/2 5064/1905/2
f 6378/1900/2 2801/4256/2 5059/1895/2
f 4070/800/2 5059/1895/2 1439/4257/2
f 742/3643/2 6378/1900/2 4070/800/2
f 6379/1897/2 1641/4258/2 4182/1539/2
f 3286/1929/2 4182/1539/2 212/4240/2
f 1439/4257/2 6379/1897/2 3286/1929/2
f 6380/1894/2 432/3557/2 3398/930/2
f 5060/1896/2 3398/930/2 1641/4258/2
f 2801/4256/2 6380/1894/2 5060/1896/2
f 6381/1891/2 2800/4259/2 5055/1886/2
f 4322/160/2 5055/1886/2 1904/4260/2
f 342/4223/2 6381/1891/2 4322/160/2
f 6382/1888/2 2483/4261/2 4577/1898/2
f 3538/3213/2 4577/1898/2 742/3643/2
f 1904/4260/2 6382/1888/2 3538/3213/2
f 6383/1885/2 1079/3636/2 3793/811/2
f 5056/1887/2 3793/811/2 2483/4261/2
f 2800/4259/2 6383/1885/2 5056/1887/2
f 6384/1882/2 2799/4262/2 5051/1877/2
f 4582/821/2 5051/1877/2 2488/4263/2
f 1080/3630/2 6384/1882/2 4582/821/2
f 6385/1879/2 1434/4264/2 4065/3245/2
f 3798/1866/2 4065/3245/2 737/3622/2
f 2488/4263/2 6385/1879/2 3798/1866/2
f 6386/1876/2 341/4265/2 3281/150/2
f 5052/1878/2 3281/150/2 1434/4264/2
f 2799/4262/2 6386/1876/2 5052/1878/2
f 6387/1873/2 2798/4266/2 5047/1868/2
f 3380/4267/2 5047/1868/2 1609/4268/2
f 390/4269/2 6387/1873/2 3380/4267/2
f 6388/1870/2 1899/4270/2 4317/1835/2
f 4164/4271/2 4317/1835/2 166/4272/2
f 1609/4268/2 6388/1870/2 4164/4271/2
f 6389/1867/2 737/3622/2 3533/832/2
f 5048/1869/2 3533/832/2 1899/4270/2
f 2798/4266/2 6389/1867/2 5048/1869/2
f 6390/1864/2 2797/4273/2 5043/1859/2
f 3128/4274/2 5043/1859/2 1144/4275/2
f 7/3998/2 6390/1864/2 3128/4274/2
f 6391/1861/2 2487/4276/2 4581/1871/2
f 3912/4277/2 4581/1871/2 390/4269/2
f 1144/4275/2 6391/1861/2 3912/4277/2
f 6392/1858/2 1080/3630/2 3797/820/2
f 5044/1860/2 3797/820/2 2487/4276/2
f 2797/4273/2 6392/1858/2 5044/1860/2
f 6393/1855/2 2796/4278/2 5039/1850/2
f 4586/830/2 5039/1850/2 2492/4279/2
f 1081/3624/2 6393/1855/2 4586/830/2
f 6394/1852/2 1414/4280/2 4045/3209/2
f 3802/1839/2 4045/3209/2 717/3646/2
f 2492/4279/2 6394/1852/2 3802/1839/2
f 6395/1849/2 331/4281/2 3261/162/2
f 5040/1851/2 3261/162/2 1414/4280/2
f 2796/4278/2 6395/1849/2 5040/1851/2
f 6396/1846/2 2795/4282/2 5035/1841/2
f 3452/4283/2 5035/1841/2 1749/4284/2
f 559/4285/2 6396/1846/2 3452/4283/2
f 6397/1843/2 1879/4286/2 4297/1943/2
f 4236/4287/2 4297/1943/2 77/4234/2
f 1749/4284/2 6397/1843/2 4236/4287/2
f 6398/1840/2 717/3646/2 3513/796/2
f 5036/1842/2 3513/796/2 1879/4286/2
f 2795/4282/2 6398/1840/2 5036/1842/2
f 6399/1837/2 2794/4288/2 5031/1832/2
f 3200/4289/2 5031/1832/2 1285/4290/2
f 166/4272/2 6399/1837/2 3200/4289/2
f 6400/1834/2 2491/4291/2 4585/1844/2
f 3984/4292/2 4585/1844/2 559/4285/2
f 1285/4290/2 6400/1834/2 3984/4292/2
f 6401/1831/2 1081/3624/2 3801/829/2
f 5032/1833/2 3801/829/2 2491/4291/2
f 2794/4288/2 6401/1831/2 5032/1833/2
f 6402/1828/2 2793/4293/2 5027/1823/2
f 4590/839/2 5027/1823/2 2496/4294/2
f 1082/3618/2 6402/1828/2 4590/839/2
f 6403/1825/2 1274/4295/2 3973/3378/2
f 3806/1812/2 3973/3378/2 548/3534/2
f 2496/4294/2 6403/1825/2 3806/1812/2
f 6404/1822/2 160/3890/2 3189/107/2
f 5028/1824/2 3189/107/2 1274/4295/2
f 2793/4293/2 6404/1822/2 5028/1824/2
f 6405/1819/2 2792/4296/2 5023/1814/2
f 4066/827/2 5023/1814/2 1435/4297/2
f 738/3625/2 6405/1819/2 4066/827/2
f 6406/1816/2 1738/4298/2 4225/1432/2
f 3282/1848/2 4225/1432/2 331/4281/2
f 1435/4297/2 6406/1816/2 3282/1848/2
f 6407/1813/2 548/3534/2 3441/965/2
f 5024/1815/2 3441/965/2 1738/4298/2
f 2792/4296/2 6407/1813/2 5024/1815/2
f 6408/1810/2 2791/4299/2 5019/1805/2
f 4318/151/2 5019/1805/2 1900/4300/2
f 341/4265/2 6408/1810/2 4318/151/2
f 6409/1807/2 2495/4301/2 4589/1817/2
f 3534/3240/2 4589/1817/2 738/3625/2
f 1900/4300/2 6409/1807/2 3534/3240/2
f 6410/1804/2 1082/3618/2 3805/838/2
f 5020/1806/2 3805/838/2 2495/4301/2
f 2791/4299/2 6410/1804/2 5020/1806/2
f 6411/1801/1 2790/4302/1 5015/1796/1
f 4594/848/1 5015/1796/1 2500/4303/1
f 1083/3612/1 6411/1801/1 4594/848/1
f 6412/1798/1 1430/4304/1 4061/3272/1
f 3810/1785/1 4061/3272/1 733/3604/1
f 2500/4303/1 6412/1798/1 3810/1785/1
f 6413/1795/1 340/4305/1 3277/141/1
f 5016/1797/1 3277/141/1 1430/4304/1
f 2790/4302/1 6413/1795/1 5016/1797/1
f 6414/1792/1 2789/4306/1 5011/1787/1
f 4050/934/1 5011/1787/1 1419/4307/1
f 722/3554/1 6414/1792/1 4050/934/1
f 6415/1789/1 1895/4308/1 4313/1754/1
f 3266/1525/1 4313/1754/1 336/4309/1
f 1419/4307/1 6415/1789/1 3266/1525/1
f 6416/1786/1 733/3604/1 3529/859/1
f 5012/1788/1 3529/859/1 1895/4308/1
f 2789/4306/1 6416/1786/1 5012/1788/1
f 6417/1783/1 2788/4310/1 5007/1778/1
f 4302/116/1 5007/1778/1 1884/4311/1
f 161/3858/1 6417/1783/1 4302/116/1
f 6418/1780/1 2499/4312/1 4593/1790/1
f 3518/3347/1 4593/1790/1 722/3554/1
f 1884/4311/1 6418/1780/1 3518/3347/1
f 6419/1777/1 1083/3612/1 3809/847/1
f 5008/1779/1 3809/847/1 2499/4312/1
f 2788/4310/1 6419/1777/1 5008/1779/1
f 6420/1774/1 2787/4313/1 5003/1769/1
f 4598/857/1 5003/1769/1 2504/4314/1
f 1084/3606/1 6420/1774/1 4598/857/1
f 6421/1771/1 1281/199/1 3980/311/1
f 3814/1758/1 3980/311/1 555/29/1
f 2504/4314/1 6421/1771/1 3814/1758/1
f 6422/1768/1 162/30/1 3196/200/1
f 5004/1770/1 3196/200/1 1281/199/1
f 2787/4313/1 6422/1768/1 5004/1770/1
f 6423/1765/1 2786/4315/1 4999/1760/1
f 3978/889/1 4999/1760/1 1279/4316/1
f 553/3584/1 6423/1765/1 3978/889/1
f 6424/1762/1 1745/418/1 4232/419/1
f 3194/1660/1 4232/419/1 73/77/1
f 1279/4316/1 6424/1762/1 3194/1660/1
f 6425/1759/1 555/29/1 3448/683/1
f 5000/1761/1 3448/683/1 1745/418/1
f 2786/4315/1 6425/1759/1 5000/1761/1
f 6426/1756/1 2785/4317/1 4995/1751/1
f 4230/131/1 4995/1751/1 1743/4318/1
f 336/4309/1 6426/1756/1 4230/131/1
f 6427/1753/1 2503/4319/1 4597/1763/1
f 3446/3302/1 4597/1763/1 553/3584/1
f 1743/4318/1 6427/1753/1 3446/3302/1
f 6428/1750/1 1084/3606/1 3813/856/1
f 4996/1752/1 3813/856/1 2503/4319/1
f 2785/4317/1 6428/1750/1 4996/1752/1
f 6429/1747/1 2784/4320/1 4991/1742/1
f 4602/865/1 4991/1742/1 2508/4321/1
f 1085/3601/1 6429/1747/1 4602/865/1
f 6430/1744/1 1140/96/1 3908/11/1
f 3818/1732/1 3908/11/1 386/10/1
f 2508/4321/1 6430/1744/1 3818/1732/1
f 6431/1741/1 2/22/1 3124/201/1
f 4992/1743/1 3124/201/1 1140/96/1
f 2784/4320/1 6431/1741/1 4992/1743/1
f 6432/1739/1 2783/4322/1 4987/1734/1
f 4062/854/1 4987/1734/1 1431/4323/1
f 734/3607/1 6432/1739/1 4062/854/1
f 6433/1736/1 1605/417/1 4160/1077/1
f 3278/1767/1 4160/1077/1 162/30/1
f 1431/4323/1 6433/1736/1 3278/1767/1
f 6434/1733/1 386/10/1 3376/682/1
f 4988/1735/1 3376/682/1 1605/417/1
f 2783/4322/1 6434/1733/1 4988/1735/1
f 6435/1730/1 2782/4324/1 4983/1725/1
f 4314/142/1 4983/1725/1 1896/4325/1
f 340/4305/1 6435/1730/1 4314/142/1
f 6436/1727/1 2507/4326/1 4601/1737/1
f 3530/3267/1 4601/1737/1 734/3607/1
f 1896/4325/1 6436/1727/1 3530/3267/1
f 6437/1724/1 1085/3601/1 3817/864/1
f 4984/1726/1 3817/864/1 2507/4326/1
f 2782/4324/1 6437/1724/1 4984/1726/1
f 6438/1721/1 2781/4327/1 4979/1716/1
f 4606/874/1 4979/1716/1 2512/4328/1
f 1086/3595/1 6438/1721/1 4606/874/1
f 6439/1718/1 1426/4329/1 4057/3298/1
f 3822/1705/1 4057/3298/1 729/3587/1
f 2512/4328/1 6439/1718/1 3822/1705/1
f 6440/1715/1 339/4330/1 3273/133/1
f 4980/1717/1 3273/133/1 1426/4329/1
f 2781/4327/1 6440/1715/1 4980/1717/1
f 6441/1712/1 2780/4331/1 4975/1707/1
f 3397/4332/1 4975/1707/1 1640/4333/1
f 431/4334/1 6441/1712/1 3397/4332/1
f 6442/1709/1 1891/4335/1 4309/1674/1
f 4181/4336/1 4309/1674/1 211/4337/1
f 1640/4333/1 6442/1709/1 4181/4336/1
f 6443/1706/1 729/3587/1 3525/885/1
f 4976/1708/1 3525/885/1 1891/4335/1
f 2780/4331/1 6443/1706/1 4976/1708/1
f 6444/1703/1 2779/4338/1 4971/1698/1
f 3145/4339/1 4971/1698/1 1175/4340/1
f 74/4341/1 6444/1703/1 3145/4339/1
f 6445/1700/1 2511/4342/1 4605/1710/1
f 3929/4343/1 4605/1710/1 431/4334/1
f 1175/4340/1 6445/1700/1 3929/4343/1
f 6446/1697/1 1086/3595/1 3821/873/1
f 4972/1699/1 3821/873/1 2511/4342/1
f 2779/4338/1 6446/1697/1 4972/1699/1
f 6447/1694/1 2778/4344/1 4967/1689/1
f 4610/883/1 4967/1689/1 2516/4345/1
f 1087/3589/1 6447/1694/1 4610/883/1
f 6448/1691/1 1315/202/1 4000/2285/1
f 3826/1678/1 4000/2285/1 599/235/1
f 2516/4345/1 6448/1691/1 3826/1678/1
f 6449/1688/1 210/203/1 3216/204/1
f 4968/1690/1 3216/204/1 1315/202/1
f 2778/4344/1 6449/1688/1 4968/1690/1
f 6450/1685/1 2777/4346/1 4963/1680/1
f 3469/4347/1 4963/1680/1 1780/4348/1
f 600/4349/1 6450/1685/1 3469/4347/1
f 6451/1682/1 1779/679/1 4252/2286/1
f 4253/4350/1 4252/2286/1 1/31/1
f 1780/4348/1 6451/1682/1 4253/4350/1
f 6452/1679/1 599/235/1 3468/681/1
f 4964/1681/1 3468/681/1 1779/679/1
f 2777/4346/1 6452/1679/1 4964/1681/1
f 6453/1676/1 2776/4351/1 4959/1671/1
f 3217/4352/1 4959/1671/1 1316/4353/1
f 211/4337/1 6453/1676/1 3217/4352/1
f 6454/1673/1 2515/4354/1 4609/1683/1
f 4001/4355/1 4609/1683/1 600/4349/1
f 1316/4353/1 6454/1673/1 4001/4355/1
f 6455/1670/1 1087/3589/1 3825/882/1
f 4960/1672/1 3825/882/1 2515/4354/1
f 2776/4351/1 6455/1670/1 4960/1672/1
f 6456/1667/1 2775/4356/1 4955/1662/1
f 4614/892/1 4955/1662/1 2520/4357/1
f 1088/3583/1 6456/1667/1 4614/892/1
f 6457/1664/1 1174/95/1 3928/1318/1
f 3830/1651/1 3928/1318/1 430/78/1
f 2520/4357/1 6457/1664/1 3830/1651/1
f 6458/1661/1 73/77/1 3144/205/1
f 4956/1663/1 3144/205/1 1174/95/1
f 2775/4356/1 6458/1661/1 4956/1663/1
f 6459/1658/1 2774/4358/1 4951/1653/1
f 4058/880/1 4951/1653/1 1427/4359/1
f 730/3590/1 6459/1658/1 4058/880/1
f 6460/1655/1 1639/678/1 4180/1319/1
f 3274/1687/1 4180/1319/1 210/203/1
f 1427/4359/1 6460/1655/1 3274/1687/1
f 6461/1652/1 430/78/1 3396/680/1
f 4952/1654/1 3396/680/1 1639/678/1
f 2774/4358/1 6461/1652/1 4952/1654/1
f 6462/1649/1 2773/4360/1 4947/1644/1
f 4310/134/1 4947/1644/1 1892/4361/1
f 339/4330/1 6462/1649/1 4310/134/1
f 6463/1646/1 2519/4362/1 4613/1656/1
f 3526/3293/1 4613/1656/1 730/3590/1
f 1892/4361/1 6463/1646/1 3526/3293/1
f 6464/1643/1 1088/3583/1 3829/891/1
f 4948/1645/1 3829/891/1 2519/4362/1
f 2773/4360/1 6464/1643/1 4948/1645/1
f 6465/1640/1 2772/4363/1 4943/1635/1
f 4618/901/1 4943/1635/1 2524/4364/1
f 1089/3577/1 6465/1640/1 4618/901/1
f 6466/1637/1 1422/4365/1 4053/3325/1
f 3834/1624/1 4053/3325/1 725/3569/1
f 2524/4364/1 6466/1637/1 3834/1624/1
f 6467/1634/1 338/4366/1 3269/124/1
f 4944/1636/1 3269/124/1 1422/4365/1
f 2772/4363/1 6467/1634/1 4944/1636/1
f 6468/1631/1 2771/4367/1 4939/1626/1
f 3377/4368/1 4939/1626/1 1606/4369/1
f 387/4370/1 6468/1631/1 3377/4368/1
f 6469/1628/1 1887/4371/1 4305/1593/1
f 4161/4372/1 4305/1593/1 163/4373/1
f 1606/4369/1 6469/1628/1 4161/4372/1
f 6470/1625/1 725/3569/1 3521/912/1
f 4940/1627/1 3521/912/1 1887/4371/1
f 2771/4367/1 6470/1625/1 4940/1627/1
f 6471/1622/1 2770/4374/1 4935/1617/1
f 3125/4375/1 4935/1617/1 1141/4376/1
f 3/4247/1 6471/1622/1 3125/4375/1
f 6472/1619/1 2523/4377/1 4617/1629/1
f 3909/4378/1 4617/1629/1 387/4370/1
f 1141/4376/1 6472/1619/1 3909/4378/1
f 6473/1616/1 1089/3577/1 3833/900/1
f 4936/1618/1 3833/900/1 2523/4377/1
f 2770/4374/1 6473/1616/1 4936/1618/1
f 6474/1613/1 2769/4379/1 4931/1608/1
f 4622/910/1 4931/1608/1 2528/4380/1
f 1090/3571/1 6474/1613/1 4622/910/1
f 6475/1610/1 1418/4381/1 4049/3289/1
f 3838/1597/1 4049/3289/1 721/3593/1
f 2528/4380/1 6475/1610/1 3838/1597/1
f 6476/1607/1 335/4382/1 3265/136/1
f 4932/1609/1 3265/136/1 1418/4381/1
f 2769/4379/1 6476/1607/1 4932/1609/1
f 6477/1604/1 2768/4383/1 4927/1599/1
f 3449/4384/1 4927/1599/1 1746/4385/1
f 556/4386/1 6477/1604/1 3449/4384/1
f 6478/1601/1 1883/4387/1 4301/1701/1
f 4233/4388/1 4301/1701/1 74/4341/1
f 1746/4385/1 6478/1601/1 4233/4388/1
f 6479/1598/1 721/3593/1 3517/876/1
f 4928/1600/1 3517/876/1 1883/4387/1
f 2768/4383/1 6479/1598/1 4928/1600/1
f 6480/1595/1 2767/4389/1 4923/1590/1
f 3197/4390/1 4923/1590/1 1282/4391/1
f 163/4373/1 6480/1595/1 3197/4390/1
f 6481/1592/1 2527/4392/1 4621/1602/1
f 3981/4393/1 4621/1602/1 556/4386/1
f 1282/4391/1 6481/1592/1 3981/4393/1
f 6482/1589/1 1090/3571/1 3837/909/1
f 4924/1591/1 3837/909/1 2527/4392/1
f 2767/4389/1 6482/1589/1 4924/1591/1
f 6483/1586/1 2766/4394/1 4919/1581/1
f 4626/919/1 4919/1581/1 2532/4395/1
f 1091/3565/1 6483/1586/1 4626/919/1
f 6484/1583/1 1278/4396/1 3977/3352/1
f 3842/1570/1 3977/3352/1 552/3551/1
f 2532/4395/1 6484/1583/1 3842/1570/1
f 6485/1580/1 161/3858/1 3193/115/1
f 4920/1582/1 3193/115/1 1278/4396/1
f 2766/4394/1 6485/1580/1 4920/1582/1
f 6486/1577/1 2765/4397/1 4915/1572/1
f 4054/907/1 4915/1572/1 1423/4398/1
f 726/3572/1 6486/1577/1 4054/907/1
f 6487/1574/1 1742/4399/1 4229/1512/1
f 3270/1606/1 4229/1512/1 335/4382/1
f 1423/4398/1 6487/1574/1 3270/1606/1
f 6488/1571/1 552/3551/1 3445/939/1
f 4916/1573/1 3445/939/1 1742/4399/1
f 2765/4397/1 6488/1571/1 4916/1573/1
f 6489/1568/1 2764/4400/1 4911/1563/1
f 4306/125/1 4911/1563/1 1888/4401/1
f 338/4366/1 6489/1568/1 4306/125/1
f 6490/1565/1 2531/4402/1 4625/1575/1
f 3522/3320/1 4625/1575/1 726/3572/1
f 1888/4401/1 6490/1565/1 3522/3320/1
f 6491/1562/1 1091/3565/1 3841/918/1
f 4912/1564/1 3841/918/1 2531/4402/1
f 2764/4400/1 6491/1562/1 4912/1564/1
f 6492/1559/1 2763/4403/1 4907/1554/1
f 4630/928/1 4907/1554/1 2536/4404/1
f 1092/3559/1 6492/1559/1 4630/928/1
f 6493/1556/1 1421/4405/1 4052/3334/1
f 3846/1543/1 4052/3334/1 724/3563/1
f 2536/4404/1 6493/1556/1 3846/1543/1
f 6494/1553/1 337/3846/1 3268/121/1
f 4908/1555/1 3268/121/1 1421/4405/1
f 2763/4403/1 6494/1553/1 4908/1555/1
f 6495/1550/1 2762/4406/1 4903/1545/1
f 4055/898/1 4903/1545/1 1424/4407/1
f 727/3578/1 6495/1550/1 4055/898/1
f 6496/1547/1 1886/4408/1 4304/1566/1
f 3271/1633/1 4304/1566/1 338/4366/1
f 1424/4407/1 6496/1547/1 3271/1633/1
f 6497/1544/1 724/3563/1 3520/921/1
f 4904/1546/1 3520/921/1 1886/4408/1
f 2762/4406/1 6497/1544/1 4904/1546/1
f 6498/1541/1 2761/4409/1 4899/1536/1
f 4307/128/1 4899/1536/1 1889/4410/1
f 212/4240/1 6498/1541/1 4307/128/1
f 6499/1538/1 2535/4411/1 4629/1548/1
f 3523/3311/1 4629/1548/1 727/3578/1
f 1889/4410/1 6499/1538/1 3523/3311/1
f 6500/1535/1 1092/3559/1 3845/927/1
f 4900/1537/1 3845/927/1 2535/4411/1
f 2761/4409/1 6500/1535/1 4900/1537/1
f 6501/1532/1 2760/4412/1 4895/1527/1
f 4634/937/1 4895/1527/1 2540/4413/1
f 1093/3553/1 6501/1532/1 4634/937/1
f 6502/1529/1 1425/4414/1 4056/3307/1
f 3850/1516/1 4056/3307/1 728/3581/1
f 2540/4413/1 6502/1529/1 3850/1516/1
f 6503/1526/1 336/4309/1 3272/130/1
f 4896/1528/1 3272/130/1 1425/4414/1
f 2760/4412/1 6503/1526/1 4896/1528/1
f 6504/1523/1 2759/4415/1 4891/1518/1
f 4059/871/1 4891/1518/1 1428/4416/1
f 731/3596/1 6504/1523/1 4059/871/1
f 6505/1520/1 1890/4417/1 4308/1647/1
f 3275/1714/1 4308/1647/1 339/4330/1
f 1428/4416/1 6505/1520/1 3275/1714/1
f 6506/1517/1 728/3581/1 3524/894/1
f 4892/1519/1 3524/894/1 1890/4417/1
f 2759/4415/1 6506/1517/1 4892/1519/1
f 6507/1514/1 2758/4418/1 4887/1509/1
f 4311/137/1 4887/1509/1 1893/4419/1
f 335/4382/1 6507/1514/1 4311/137/1
f 6508/1511/1 2539/4420/1 4633/1521/1
f 3527/3284/1 4633/1521/1 731/3596/1
f 1893/4419/1 6508/1511/1 3527/3284/1
f 6509/1508/1 1093/3553/1 3849/936/1
f 4888/1510/1 3849/936/1 2539/4420/1
f 2758/4418/1 6509/1508/1 4888/1510/1
f 6510/1505/1 2757/4421/1 4883/1500/1
f 4638/945/1 4883/1500/1 2544/4422/1
f 1094/3548/1 6510/1505/1 4638/945/1
f 6511/1502/1 1429/4423/1 4060/3280/1
f 3854/1490/1 4060/3280/1 732/3599/1
f 2544/4422/1 6511/1502/1 3854/1490/1
f 6512/1499/1 213/74/1 3276/139/1
f 4884/1501/1 3276/139/1 1429/4423/1
f 2757/4421/1 6512/1499/1 4884/1501/1
f 6513/1497/1 2756/4424/1 4879/1492/1
f 4063/845/1 4879/1492/1 1432/4425/1
f 735/3613/1 6513/1497/1 4063/845/1
f 6514/1494/1 1894/4426/1 4312/1728/1
f 3279/1794/1 4312/1728/1 340/4305/1
f 1432/4425/1 6514/1494/1 3279/1794/1
f 6515/1491/1 732/3599/1 3528/867/1
f 4880/1493/1 3528/867/1 1894/4426/1
f 2756/4424/1 6515/1491/1 4880/1493/1
f 6516/1488/1 2755/4427/1 4875/1483/1
f 4315/145/1 4875/1483/1 1897/4428/1
f 334/3854/1 6516/1488/1 4315/145/1
f 6517/1485/1 2543/4429/1 4637/1495/1
f 3531/3258/1 4637/1495/1 735/3613/1
f 1897/4428/1 6517/1485/1 3531/3258/1
f 6518/1482/1 1094/3548/1 3853/944/1
f 4876/1484/1 3853/944/1 2543/4429/1
f 2755/4427/1 6518/1482/1 4876/1484/1
f 6519/1479/2 2754/4430/2 4871/1474/2
f 4642/954/2 4871/1474/2 2548/4431/2
f 1095/3542/2 6519/1479/2 4642/954/2
f 6520/1476/2 1433/4432/2 4064/3254/2
f 3858/1463/2 4064/3254/2 736/3616/2
f 2548/4431/2 6520/1476/2 3858/1463/2
f 6521/1473/2 333/3878/2 3280/147/2
f 4872/1475/2 3280/147/2 1433/4432/2
f 2754/4430/2 6521/1473/2 4872/1475/2
f 6522/1470/2 2753/4433/2 4867/1465/2
f 4067/818/2 4867/1465/2 1436/4434/2
f 739/3631/2 6522/1470/2 4067/818/2
f 6523/1467/2 1898/4435/2 4316/1808/2
f 3283/1875/2 4316/1808/2 341/4265/2
f 1436/4434/2 6523/1467/2 3283/1875/2
f 6524/1464/2 736/3616/2 3532/841/2
f 4868/1466/2 3532/841/2 1898/4435/2
f 2753/4433/2 6524/1464/2 4868/1466/2
f 6525/1461/2 2752/4436/2 4863/1456/2
f 4319/154/2 4863/1456/2 1901/4437/2
f 215/4144/2 6525/1461/2 4319/154/2
f 6526/1458/2 2547/4438/2 4641/1468/2
f 3535/3231/2 4641/1468/2 739/3631/2
f 1901/4437/2 6526/1458/2 3535/3231/2
f 6527/1455/2 1095/3542/2 3857/953/2
f 4864/1457/2 3857/953/2 2547/4438/2
f 2752/4436/2 6527/1455/2 4864/1457/2
f 6528/1452/2 2751/4439/2 4859/1447/2
f 4646/963/2 4859/1447/2 2552/4440/2
f 1096/3536/2 6528/1452/2 4646/963/2
f 6529/1449/2 1437/4441/2 4068/3227/2
f 3862/1436/2 4068/3227/2 740/3634/2
f 2552/4440/2 6529/1449/2 3862/1436/2
f 6530/1446/2 332/4197/2 3284/156/2
f 4860/1448/2 3284/156/2 1437/4441/2
f 2751/4439/2 6530/1446/2 4860/1448/2
f 6531/1443/2 2750/4442/2 4855/1438/2
f 4071/791/2 4855/1438/2 1440/4443/2
f 743/3649/2 6531/1443/2 4071/791/2
f 6532/1440/2 1902/4444/2 4320/1889/2
f 3287/1956/2 4320/1889/2 342/4223/2
f 1440/4443/2 6532/1440/2 3287/1956/2
f 6533/1437/2 740/3634/2 3536/814/2
f 4856/1439/2 3536/814/2 1902/4444/2
f 2750/4442/2 6533/1437/2 4856/1439/2
f 6534/1434/2 2749/4445/2 4851/1429/2
f 4323/163/2 4851/1429/2 1905/4446/2
f 331/4281/2 6534/1434/2 4323/163/2
f 6535/1431/2 2551/4447/2 4645/1441/2
f 3539/3204/2 4645/1441/2 743/3649/2
f 1905/4446/2 6535/1431/2 3539/3204/2
f 6536/1428/2 1096/3536/2 3861/962/2
f 4852/1430/2 3861/962/2 2551/4447/2
f 2749/4445/2 6536/1428/2 4852/1430/2
f 6537/1425/2 2748/4448/2 4847/1420/2
f 4650/971/2 4847/1420/2 2556/4449/2
f 1097/3531/2 6537/1425/2 4650/971/2
f 6538/1422/2 1441/4450/2 4072/3200/2
f 3866/1410/2 4072/3200/2 744/3652/2
f 2556/4449/2 6538/1422/2 3866/1410/2
f 6539/1419/2 216/70/2 3288/165/2
f 4848/1421/2 3288/165/2 1441/4450/2
f 2748/4448/2 6539/1419/2 4848/1421/2
f 6540/1417/2 2747/4451/2 4843/1412/2
f 4075/765/2 4843/1412/2 1444/4452/2
f 747/3666/2 6540/1417/2 4075/765/2
f 6541/1414/2 1906/4453/2 4324/1970/2
f 3291/2036/2 4324/1970/2 343/4193/2
f 1444/4452/2 6541/1414/2 3291/2036/2
f 6542/1411/2 744/3652/2 3540/787/2
f 4844/1413/2 3540/787/2 1906/4453/2
f 2747/4451/2 6542/1411/2 4844/1413/2
f 6543/1408/2 2746/4454/2 4839/1403/2
f 4327/171/2 4839/1403/2 1909/4455/2
f 330/3886/2 6543/1408/2 4327/171/2
f 6544/1405/2 2555/4456/2 4649/1415/2
f 3543/3178/2 4649/1415/2 747/3666/2
f 1909/4455/2 6544/1405/2 3543/3178/2
f 6545/1402/2 1097/3531/2 3865/970/2
f 4840/1404/2 3865/970/2 2555/4456/2
f 2746/4454/2 6545/1402/2 4840/1404/2
f 6546/1399/3 2745/4457/3 4835/1394/3
f 4654/980/3 4835/1394/3 2560/4458/3
f 1098/3525/3 6546/1399/3 4654/980/3
f 6547/1396/3 1445/4459/3 4076/3174/3
f 3870/1383/3 4076/3174/3 748/3669/3
f 2560/4458/3 6547/1396/3 3870/1383/3
f 6548/1393/3 329/3910/3 3292/173/3
f 4836/1395/3 3292/173/3 1445/4459/3
f 2745/4457/3 6548/1393/3 4836/1395/3
f 6549/1390/3 2744/4460/3 4831/1385/3
f 4079/738/3 4831/1385/3 1448/4461/3
f 751/3683/3 6549/1390/3 4079/738/3
f 6550/1387/3 1910/4462/3 4328/2050/3
f 3295/2116/3 4328/2050/3 344/4163/3
f 1448/4461/3 6550/1387/3 3295/2116/3
f 6551/1384/3 748/3669/3 3544/761/3
f 4832/1386/3 3544/761/3 1910/4462/3
f 2744/4460/3 6551/1384/3 4832/1386/3
f 6552/1381/3 2743/4463/3 4827/1376/3
f 4331/180/3 4827/1376/3 1913/4464/3
f 218/236/3 6552/1381/3 4331/180/3
f 6553/1378/3 2559/4465/3 4653/1388/3
f 3547/3152/3 4653/1388/3 751/3683/3
f 1913/4464/3 6553/1378/3 3547/3152/3
f 6554/1375/3 1098/3525/3 3869/979/3
f 4828/1377/3 3869/979/3 2559/4465/3
f 2743/4463/3 6554/1375/3 4828/1377/3
f 6555/1372/3 2742/4466/3 4823/1367/3
f 4658/988/3 4823/1367/3 2564/4467/3
f 1099/3520/3 6555/1372/3 4658/988/3
f 6556/1369/3 1449/4468/3 4080/3148/3
f 3874/1356/3 4080/3148/3 752/3686/3
f 2564/4467/3 6556/1369/3 3874/1356/3
f 6557/1366/3 328/4107/3 3296/182/3
f 4824/1368/3 3296/182/3 1449/4468/3
f 2742/4466/3 6557/1366/3 4824/1368/3
f 6558/1363/3 2741/4469/3 4819/1358/3
f 4083/711/3 4819/1358/3 1452/4470/3
f 755/3701/3 6558/1363/3 4083/711/3
f 6559/1360/3 1914/4471/3 4332/2130/3
f 3299/2197/3 4332/2130/3 345/4133/3
f 1452/4470/3 6559/1360/3 3299/2197/3
f 6560/1357/3 752/3686/3 3548/734/3
f 4820/1359/3 3548/734/3 1914/4471/3
f 2741/4469/3 6560/1357/3 4820/1359/3
f 6561/1354/3 2740/4472/3 4815/1349/3
f 4335/189/3 4815/1349/3 1917/4473/3
f 327/4174/3 6561/1354/3 4335/189/3
f 6562/1351/3 2563/4474/3 4657/1361/3
f 3551/3125/3 4657/1361/3 755/3701/3
f 1917/4473/3 6562/1351/3 3551/3125/3
f 6563/1348/3 1099/3520/3 3873/987/3
f 4816/1350/3 3873/987/3 2563/4474/3
f 2740/4472/3 6563/1348/3 4816/1350/3
f 6564/1345/3 2739/4475/3 4811/1340/3
f 4662/996/3 4811/1340/3 2568/4476/3
f 1100/3515/3 6564/1345/3 4662/996/3
f 6565/1342/3 1453/4477/3 4084/3121/3
f 3878/1330/3 4084/3121/3 756/3704/3
f 2568/4476/3 6565/1342/3 3878/1330/3
f 6566/1339/3 171/85/3 3300/191/3
f 4812/1341/3 3300/191/3 1453/4477/3
f 2739/4475/3 6566/1339/3 4812/1341/3
f 6567/1337/3 2738/4478/3 4807/1332/3
f 4087/685/3 4807/1332/3 1456/4479/3
f 759/3718/3 6567/1337/3 4087/685/3
f 6568/1334/3 1918/4480/3 4336/2211/3
f 3303/2277/3 4336/2211/3 346/4103/3
f 1456/4479/3 6568/1334/3 3303/2277/3
f 6569/1331/3 756/3704/3 3552/707/3
f 4808/1333/3 3552/707/3 1918/4480/3
f 2738/4478/3 6569/1331/3 4808/1333/3
f 6570/1328/3 2737/4481/3 4803/1323/3
f 4339/197/3 4803/1323/3 1921/4482/3
f 326/3917/3 6570/1328/3 4339/197/3
f 6571/1325/3 2567/4483/3 4661/1335/3
f 3555/3099/3 4661/1335/3 759/3718/3
f 1921/4482/3 6571/1325/3 3555/3099/3
f 6572/1322/3 1100/3515/3 3877/995/3
f 4804/1324/3 3877/995/3 2567/4483/3
f 2737/4481/3 6572/1322/3 4804/1324/3
f 1460/417/44 4801/682/61 2735/417/59
f 347/30/45 4800/1077/61 1922/30/43
f 1925/96/44 4799/201/61 2734/96/59
f 763/10/44 4798/11/61 2571/10/59
f 2576/678/76 4796/680/92 4797/678/35
f 3307/1319/76 4795/678/90 2576/678/76
f 1462/678/76 4794/680/91 4795/678/90
f 1927/95/33 4793/205/76 2733/95/84
f 767/78/33 4792/1318/76 2575/78/63
f 6573/1317/7 2731/4484/7 4788/1312/7
f 4666/1005/7 4788/1312/7 2584/4485/7
f 1104/3509/7 6573/1317/7 4666/1005/7
f 6574/1314/7 1465/4486/7 4092/3095/7
f 3882/1301/7 4092/3095/7 772/3721/7
f 2584/4485/7 6574/1314/7 3882/1301/7
f 6575/1311/7 321/3941/7 3308/206/7
f 4789/1313/7 3308/206/7 1465/4486/7
f 2731/4484/7 6575/1311/7 4789/1313/7
f 6576/1308/7 2730/4487/7 4784/1303/7
f 4095/652/7 4784/1303/7 1468/4488/7
f 775/3735/7 6576/1308/7 4095/652/7
f 6577/1305/7 1930/4489/7 4344/2293/7
f 3311/2360/7 4344/2293/7 350/4063/7
f 1468/4488/7 6577/1305/7 3311/2360/7
f 6578/1302/7 772/3721/7 3560/675/7
f 4785/1304/7 3560/675/7 1930/4489/7
f 2730/4487/7 6578/1302/7 4785/1304/7
f 6579/1299/7 2729/4490/7 4780/1294/7
f 4347/213/7 4780/1294/7 1933/4491/7
f 223/83/7 6579/1299/7 4347/213/7
f 6580/1296/7 2583/4492/7 4665/1306/7
f 3563/3072/7 4665/1306/7 775/3735/7
f 1933/4491/7 6580/1296/7 3563/3072/7
f 6581/1293/7 1104/3509/7 3881/1004/7
f 4781/1295/7 3881/1004/7 2583/4492/7
f 2729/4490/7 6581/1293/7 4781/1295/7
f 6582/1290/7 2728/4493/7 4776/1285/7
f 4670/1014/7 4776/1285/7 2588/4494/7
f 1105/3504/7 6582/1290/7 4670/1014/7
f 6583/1287/7 1469/4495/7 4096/3068/7
f 3886/1274/7 4096/3068/7 776/3738/7
f 2588/4494/7 6583/1287/7 3886/1274/7
f 6584/1284/7 320/3973/7 3312/215/7
f 4777/1286/7 3312/215/7 1469/4495/7
f 2728/4493/7 6584/1284/7 4777/1286/7
f 6585/1281/7 2727/4496/7 4772/1276/7
f 4099/625/7 4772/1276/7 1472/4497/7
f 779/3753/7 6585/1281/7 4099/625/7
f 6586/1278/7 1934/4498/7 4348/2374/7
f 3315/2441/7 4348/2374/7 351/4011/7
f 1472/4497/7 6586/1278/7 3315/2441/7
f 6587/1275/7 776/3738/7 3564/648/7
f 4773/1277/7 3564/648/7 1934/4498/7
f 2727/4496/7 6587/1275/7 4773/1277/7
f 6588/1272/7 2726/4499/7 4768/1267/7
f 4351/222/7 4768/1267/7 1937/4500/7
f 319/4079/7 6588/1272/7 4351/222/7
f 6589/1269/7 2587/4501/7 4669/1279/7
f 3567/3045/7 4669/1279/7 779/3753/7
f 1937/4500/7 6589/1269/7 3567/3045/7
f 6590/1266/7 1105/3504/7 3885/1013/7
f 4769/1268/7 3885/1013/7 2587/4501/7
f 2726/4499/7 6590/1266/7 4769/1268/7
f 6591/1263/7 2725/4502/7 4764/1258/7
f 4674/1023/7 4764/1258/7 2592/4503/7
f 1106/3498/7 6591/1263/7 4674/1023/7
f 6592/1260/7 1473/4504/7 4100/3041/7
f 3890/1247/7 4100/3041/7 780/3756/7
f 2592/4503/7 6592/1260/7 3890/1247/7
f 6593/1257/7 169/4137/7 3316/224/7
f 4765/1259/7 3316/224/7 1473/4504/7
f 2725/4502/7 6593/1257/7 4765/1259/7
f 6594/1254/7 2724/4505/7 4760/1249/7
f 4103/598/7 4760/1249/7 1476/4506/7
f 783/3771/7 6594/1254/7 4103/598/7
f 6595/1251/7 1938/4507/7 4352/2455/7
f 3319/2522/7 4352/2455/7 352/3969/7
f 1476/4506/7 6595/1251/7 3319/2522/7
f 6596/1248/7 780/3756/7 3568/621/7
f 4761/1250/7 3568/621/7 1938/4507/7
f 2724/4505/7 6596/1248/7 4761/1250/7
f 6597/1245/7 2723/4508/7 4756/1240/7
f 4355/231/7 4756/1240/7 1941/4509/7
f 318/3948/7 6597/1245/7 4355/231/7
f 6598/1242/7 2591/4510/7 4673/1252/7
f 3571/3018/7 4673/1252/7 783/3771/7
f 1941/4509/7 6598/1242/7 3571/3018/7
f 6599/1239/7 1106/3498/7 3889/1022/7
f 4757/1241/7 3889/1022/7 2591/4510/7
f 2723/4508/7 6599/1239/7 4757/1241/7
f 219/234/8 3225/1174/8 4356/1174/8
f 3322/1236/8 87/43/8 224/43/8
f 3324/1236/8 59/43/8 176/43/8
f 1956/238/60 4753/591/43 4754/260/56
f 4117/587/59 2715/585/40 1500/585/43
f 3333/317/37 1962/248/40 357/248/79
f 4369/251/58 2714/80/4 1965/80/5
f 3585/396/37 2607/75/4 809/75/43
f 1501/248/42 4746/587/63 4747/585/49
f 4171/1174/3 291/234/3 178/234/3
f 4191/1232/3 290/85/3 226/85/3
f 3248/1232/3 241/85/3 290/85/3
f 165/256/8 4163/1121/8 4370/1121/8
f 3336/1235/8 107/22/8 242/22/8
f 3338/1235/8 57/22/8 194/22/8
f 229/238/8 3228/243/8 4376/243/8
f 3342/241/8 88/15/8 225/15/8
f 3344/241/8 60/15/8 177/15/8
f 168/259/8 4166/1148/8 4382/1148/8
f 3348/1234/8 108/41/8 243/41/8
f 3350/1234/8 58/41/8 195/41/8
f 4174/1121/1 281/256/1 196/256/1
f 4194/1231/1 280/74/1 244/74/1
f 3240/1231/1 249/74/1 280/74/1
f 3231/243/17 279/238/17 245/238/17
f 3211/240/17 278/72/17 197/72/17
f 3238/240/17 199/72/17 278/72/17
f 4176/1148/2 277/259/2 198/259/2
f 4196/1233/2 276/70/2 246/70/2
f 3236/1233/2 250/70/2 276/70/2
f 3237/1148/2 202/259/2 277/259/2
f 3239/243/17 247/238/17 279/238/17
f 3241/1121/1 201/256/1 281/256/1
f 285/259/8 3243/1148/8 4388/1148/8
f 287/238/8 3245/243/8 4390/243/8
f 289/256/8 3247/1121/8 4392/1121/8
f 3249/1174/3 193/234/3 291/234/3
f 2044/72/56 4744/71/39 4745/261/60
f 2665/18/56 4742/578/9 4743/82/68
f 317/234/8 3251/1174/8 4394/1174/8
f 6600/1208/7 2699/4511/7 4739/1203/7
f 4678/1072/7 4739/1203/7 2668/4512/7
f 1135/3492/7 6600/1208/7 4678/1072/7
f 6601/1205/7 1585/4513/7 4144/3003/7
f 3894/1192/7 4144/3003/7 928/3774/7
f 2668/4512/7 6601/1205/7 3894/1192/7
f 6602/1202/7 217/4167/7 3360/302/7
f 4740/1204/7 3360/302/7 1585/4513/7
f 2699/4511/7 6602/1202/7 4740/1204/7
f 6603/1199/7 2698/4514/7 4735/1194/7
f 4147/421/7 4735/1194/7 1588/4515/7
f 931/3788/7 6603/1199/7 4147/421/7
f 6604/1196/7 2050/4516/7 4396/2585/7
f 3363/2652/7 4396/2585/7 381/3937/7
f 1588/4515/7 6604/1196/7 3363/2652/7
f 6605/1193/7 928/3774/7 3612/444/7
f 4736/1195/7 3612/444/7 2050/4516/7
f 2698/4514/7 6605/1193/7 4736/1195/7
f 6606/1190/7 2697/4517/7 4731/1185/7
f 4399/309/7 4731/1185/7 2053/4518/7
f 175/253/7 6606/1190/7 4399/309/7
f 6607/1187/7 2667/4519/7 4677/1197/7
f 3615/2980/7 4677/1197/7 931/3788/7
f 2053/4518/7 6607/1187/7 3615/2980/7
f 6608/1184/7 1135/3492/7 3893/1071/7
f 4732/1186/7 3893/1071/7 2667/4519/7
f 2697/4517/7 6608/1184/7 4732/1186/7
f 1589/30/6 4728/1077/5 4729/417/58
f 6609/1181/3 2694/4520/3 4725/1176/3
f 4682/1081/3 4725/1176/3 2676/4521/3
f 1137/3488/3 6609/1181/3 4682/1081/3
f 6610/1178/3 1593/4522/3 4148/2976/3
f 3898/1165/3 4148/2976/3 936/3791/3
f 2676/4521/3 6610/1178/3 3898/1165/3
f 6611/1175/3 219/234/3 3364/312/3
f 4726/1177/3 3364/312/3 1593/4522/3
f 2694/4520/3 6611/1175/3 4726/1177/3
f 6612/1172/3 2693/4523/3 4721/1167/3
f 4151/391/3 4721/1167/3 1596/4524/3
f 939/3804/3 6612/1172/3 4151/391/3
f 6613/1169/3 2058/4525/3 4400/2666/3
f 3367/2731/3 4400/2666/3 383/3906/3
f 1596/4524/3 6613/1169/3 3367/2731/3
f 6614/1166/3 936/3791/3 3616/414/3
f 4722/1168/3 3616/414/3 2058/4525/3
f 2693/4523/3 6614/1166/3 4722/1168/3
f 6615/1163/3 2692/4526/3 4717/1159/3
f 4403/318/3 4717/1159/3 2061/4527/3
f 170/248/3 6615/1163/3 4403/318/3
f 6616/1161/3 2675/4528/3 4681/1170/3
f 3619/2954/3 4681/1170/3 939/3804/3
f 2061/4527/3 6616/1161/3 3619/2954/3
f 6617/1158/3 1137/3488/3 3897/1080/3
f 4718/1160/3 3897/1080/3 2675/4528/3
f 2692/4526/3 6617/1158/3 4718/1160/3
f 6618/1155/2 2691/4529/2 4713/1150/2
f 4686/1089/2 4713/1150/2 2680/4530/2
f 1138/3484/2 6618/1155/2 4686/1089/2
f 6619/1152/2 1597/4531/2 4152/2950/2
f 3902/1139/2 4152/2950/2 940/3807/2
f 2680/4530/2 6619/1152/2 3902/1139/2
f 6620/1149/2 168/259/2 3368/320/2
f 4714/1151/2 3368/320/2 1597/4531/2
f 2691/4529/2 6620/1149/2 4714/1151/2
f 6621/1146/2 2690/4532/2 4709/1141/2
f 4155/364/2 4709/1141/2 1600/4533/2
f 943/3821/2 6621/1146/2 4155/364/2
f 6622/1143/2 2062/4534/2 4404/2745/2
f 3371/2811/2 4404/2745/2 384/3874/2
f 1600/4533/2 6622/1143/2 3371/2811/2
f 6623/1140/2 940/3807/2 3620/387/2
f 4710/1142/2 3620/387/2 2062/4534/2
f 2690/4532/2 6623/1140/2 4710/1142/2
f 6624/1137/2 2689/4535/2 4705/1132/2
f 4407/326/2 4705/1132/2 2065/4536/2
f 167/4114/2 6624/1137/2 4407/326/2
f 6625/1134/2 2679/4537/2 4685/1144/2
f 3623/2927/2 4685/1144/2 943/3821/2
f 2065/4536/2 6625/1134/2 3623/2927/2
f 6626/1131/2 1138/3484/2 3901/1088/2
f 4706/1133/2 3901/1088/2 2679/4537/2
f 2689/4535/2 6626/1131/2 4706/1133/2
f 6627/1128/1 2688/4538/1 4701/1123/1
f 4690/1097/1 4701/1123/1 2684/4539/1
f 1139/3479/1 6627/1128/1 4690/1097/1
f 6628/1125/1 1601/4540/1 4156/2923/1
f 3906/1112/1 4156/2923/1 944/3824/1
f 2684/4539/1 6628/1125/1 3906/1112/1
f 6629/1122/1 165/256/1 3372/328/1
f 4702/1124/1 3372/328/1 1601/4540/1
f 2688/4538/1 6629/1122/1 4702/1124/1
f 6630/1119/1 2687/4541/1 4697/1114/1
f 4159/337/1 4697/1114/1 1604/4542/1
f 947/3838/1 6630/1119/1 4159/337/1
f 6631/1116/1 2066/4543/1 4408/2825/1
f 3375/2891/1 4408/2825/1 385/3842/1
f 1604/4542/1 6631/1116/1 3375/2891/1
f 6632/1113/1 944/3824/1 3624/360/1
f 4698/1115/1 3624/360/1 2066/4543/1
f 2687/4541/1 6632/1113/1 4698/1115/1
f 6633/1110/1 2686/4544/1 4693/1105/1
f 4411/334/1 4693/1105/1 2069/4545/1
f 164/4204/1 6633/1110/1 4411/334/1
f 6634/1107/1 2683/4546/1 4689/1117/1
f 3627/2900/1 4689/1117/1 947/3838/1
f 2069/4545/1 6634/1107/1 3627/2900/1
f 6635/1104/1 1139/3479/1 3905/1096/1
f 4694/1106/1 3905/1096/1 2683/4546/1
f 2686/4544/1 6635/1104/1 4694/1106/1
f 6636/1101/1 2685/3476/1 4692/1102/1
f 4695/1109/1 4692/1102/1 2686/4544/1
f 1607/4216/1 6636/1101/1 4695/1109/1
f 6637/1098/1 2684/4539/1 4696/1111/1
f 4699/1118/1 4696/1111/1 2687/4541/1
f 2683/4546/1 6637/1098/1 4699/1118/1
f 6638/1095/1 1608/1058/1 4700/1120/1
f 4703/1127/1 4700/1120/1 2688/4538/1
f 2682/3478/1 6638/1095/1 4703/1127/1
f 6639/1093/2 2681/3481/2 4704/1129/2
f 4707/1136/2 4704/1129/2 2689/4535/2
f 1610/4126/2 6639/1093/2 4707/1136/2
f 6640/1090/2 2680/4530/2 4708/1138/2
f 4711/1145/2 4708/1138/2 2690/4532/2
f 2679/4537/2 6640/1090/2 4711/1145/2
f 6641/1087/2 1611/1059/2 4712/1147/2
f 4715/1154/2 4712/1147/2 2691/4529/2
f 2678/3483/2 6641/1087/2 4715/1154/2
f 6642/1085/3 2677/3486/3 4716/1156/3
f 4719/1162/3 4716/1156/3 2692/4526/3
f 1613/249/3 6642/1085/3 4719/1162/3
f 6643/1082/3 2676/4521/3 4720/1164/3
f 4723/1171/3 4720/1164/3 2693/4523/3
f 2675/4528/3 6643/1082/3 4723/1171/3
f 6644/1079/3 1324/1028/3 4724/1173/3
f 4727/1180/3 4724/1173/3 2694/4520/3
f 2674/3487/3 6644/1079/3 4727/1180/3
f 6645/1076/7 2669/3490/7 4730/1182/7
f 4733/1189/7 4730/1182/7 2697/4517/7
f 1616/4547/7 6645/1076/7 4733/1189/7
f 6646/1073/7 2668/4512/7 4734/1191/7
f 4737/1198/7 4734/1191/7 2698/4514/7
f 2667/4519/7 6646/1073/7 4737/1198/7
f 6647/1070/7 1322/4165/7 4738/1200/7
f 4741/1207/7 4738/1200/7 2699/4511/7
f 2666/3491/7 6647/1070/7 4741/1207/7
f 1400/1028/8 3610/448/8 2048/1028/8
f 4033/448/3 1624/1028/3 1382/1028/3
f 1380/1058/8 3608/455/8 2032/1058/8
f 1378/242/8 3606/458/8 2030/242/8
f 1376/1059/8 3604/460/8 2028/1059/8
f 4025/455/1 1630/1058/1 1372/1058/1
f 4023/458/17 1338/242/17 1370/242/17
f 4021/460/2 1631/1059/2 1368/1059/2
f 4020/581/2 1665/1030/2 1367/1030/2
f 3412/581/2 1367/1030/2 1661/1030/2
f 3392/460/2 1368/1059/2 1627/1059/2
f 4022/451/17 1304/239/17 1369/239/17
f 3995/451/17 1369/239/17 1302/239/17
f 4015/458/17 1370/242/17 1336/242/17
f 4024/583/1 1664/1031/1 1371/1031/1
f 3410/583/1 1371/1031/1 1659/1031/1
f 3390/455/1 1372/1058/1 1625/1058/1
f 4134/577/8 1801/492/8 1545/492/8
f 4132/577/8 1234/492/8 1543/492/8
f 1611/1059/8 3598/460/8 2006/1059/8
f 4128/578/8 1161/82/8 1539/82/8
f 4126/578/8 1236/82/8 1537/82/8
f 1328/242/8 3592/458/8 2000/242/8
f 4122/579/8 1799/494/8 1533/494/8
f 4120/579/8 1238/494/8 1531/494/8
f 1608/1058/8 3586/455/8 1994/1058/8
f 4032/596/3 1658/1029/3 1381/1029/3
f 3407/596/3 1381/1029/3 1651/1029/3
f 3387/448/3 1382/1028/3 1617/1028/3
f 4108/584/8 1791/576/8 1481/576/8
f 4106/584/8 1259/576/8 1479/576/8
f 1324/1028/8 3572/448/8 1942/1028/8
f 6648/1027/7 2593/3495/7 4755/1237/7
f 4758/1244/7 4755/1237/7 2723/4508/7
f 1725/3962/7 6648/1027/7 4758/1244/7
f 6649/1024/7 2592/4503/7 4759/1246/7
f 4762/1253/7 4759/1246/7 2724/4505/7
f 2591/4510/7 6649/1024/7 4762/1253/7
f 6650/1021/7 1288/4135/7 4763/1255/7
f 4766/1262/7 4763/1255/7 2725/4502/7
f 2590/3497/7 6650/1021/7 4766/1262/7
f 6651/1018/7 2589/3501/7 4767/1264/7
f 4770/1271/7 4767/1264/7 2726/4499/7
f 1726/4096/7 6651/1018/7 4770/1271/7
f 6652/1015/7 2588/4494/7 4771/1273/7
f 4774/1280/7 4771/1273/7 2727/4496/7
f 2587/4501/7 6652/1015/7 4774/1280/7
f 6653/1012/7 1403/3971/7 4775/1282/7
f 4778/1289/7 4775/1282/7 2728/4493/7
f 2586/3503/7 6653/1012/7 4778/1289/7
f 6654/1009/7 2585/3507/7 4779/1291/7
f 4782/1298/7 4779/1291/7 2729/4490/7
f 1650/4548/7 6654/1009/7 4782/1298/7
f 6655/1006/7 2584/4485/7 4783/1300/7
f 4786/1307/7 4783/1300/7 2730/4487/7
f 2583/4492/7 6655/1006/7 4786/1307/7
f 6656/1003/7 1404/3939/7 4787/1309/7
f 4790/1316/7 4787/1309/7 2731/4484/7
f 2582/3508/7 6656/1003/7 4790/1316/7
f 6657/1000/3 2569/3512/3 4802/1320/3
f 4805/1327/3 4802/1320/3 2737/4481/3
f 1733/3930/3 6657/1000/3 4805/1327/3
f 6658/997/3 2568/4476/3 4806/1329/3
f 4809/1336/3 4806/1329/3 2738/4478/3
f 2567/4483/3 6658/997/3 4809/1336/3
f 6659/994/3 1290/1029/3 4810/1338/3
f 4813/1344/3 4810/1338/3 2739/4475/3
f 2566/3514/3 6659/994/3 4813/1344/3
f 6660/992/3 2565/3517/3 4814/1346/3
f 4817/1353/3 4814/1346/3 2740/4472/3
f 1734/4186/3 6660/992/3 4817/1353/3
f 6661/989/3 2564/4467/3 4818/1355/3
f 4821/1362/3 4818/1355/3 2741/4469/3
f 2563/4474/3 6661/989/3 4821/1362/3
f 6662/986/3 1411/4105/3 4822/1364/3
f 4825/1371/3 4822/1364/3 2742/4466/3
f 2562/3519/3 6662/986/3 4825/1371/3
f 6663/983/3 2561/3523/3 4826/1373/3
f 4829/1380/3 4826/1373/3 2743/4463/3
f 1647/246/3 6663/983/3 4829/1380/3
f 6664/981/3 2560/4458/3 4830/1382/3
f 4833/1389/3 4830/1382/3 2744/4460/3
f 2559/4465/3 6664/981/3 4833/1389/3
f 6665/978/3 1412/3908/3 4834/1391/3
f 4837/1398/3 4834/1391/3 2745/4457/3
f 2558/3524/3 6665/978/3 4837/1398/3
f 6666/975/2 2557/3528/2 4838/1400/2
f 4841/1407/2 4838/1400/2 2746/4454/2
f 1737/3899/2 6666/975/2 4841/1407/2
f 6667/972/2 2556/4449/2 4842/1409/2
f 4845/1416/2 4842/1409/2 2747/4451/2
f 2555/4456/2 6667/972/2 4845/1416/2
f 6668/969/2 1645/1030/2 4846/1418/2
f 4849/1424/2 4846/1418/2 2748/4448/2
f 2554/3530/2 6668/969/2 4849/1424/2
f 6669/967/2 2553/3533/2 4850/1426/2
f 4853/1433/2 4850/1426/2 2749/4445/2
f 1738/4298/2 6669/967/2 4853/1433/2
f 6670/964/2 2552/4440/2 4854/1435/2
f 4857/1442/2 4854/1435/2 2750/4442/2
f 2551/4447/2 6670/964/2 4857/1442/2
f 6671/961/2 1415/4195/2 4858/1444/2
f 4861/1451/2 4858/1444/2 2751/4439/2
f 2550/3535/2 6671/961/2 4861/1451/2
f 6672/958/2 2549/3539/2 4862/1453/2
f 4865/1460/2 4862/1453/2 2752/4436/2
f 1644/4156/2 6672/958/2 4865/1460/2
f 6673/955/2 2548/4431/2 4866/1462/2
f 4869/1469/2 4866/1462/2 2753/4433/2
f 2547/4438/2 6673/955/2 4869/1469/2
f 6674/952/2 1416/3876/2 4870/1471/2
f 4873/1478/2 4870/1471/2 2754/4430/2
f 2546/3541/2 6674/952/2 4873/1478/2
f 6675/949/1 2545/3545/1 4874/1480/1
f 4877/1487/1 4874/1480/1 2755/4427/1
f 1741/3867/1 6675/949/1 4877/1487/1
f 6676/946/1 2544/4422/1 4878/1489/1
f 4881/1496/1 4878/1489/1 2756/4424/1
f 2543/4429/1 6676/946/1 4881/1496/1
f 6677/943/1 1642/1031/1 4882/1498/1
f 4885/1504/1 4882/1498/1 2757/4421/1
f 2542/3547/1 6677/943/1 4885/1504/1
f 6678/941/1 2541/3550/1 4886/1506/1
f 4889/1513/1 4886/1506/1 2758/4418/1
f 1742/4399/1 6678/941/1 4889/1513/1
f 6679/938/1 2540/4413/1 4890/1515/1
f 4893/1522/1 4890/1515/1 2759/4415/1
f 2539/4420/1 6679/938/1 4893/1522/1
f 6680/935/1 1419/4307/1 4894/1524/1
f 4897/1531/1 4894/1524/1 2760/4412/1
f 2538/3552/1 6680/935/1 4897/1531/1
f 6681/932/1 2537/3556/1 4898/1533/1
f 4901/1540/1 4898/1533/1 2761/4409/1
f 1641/4258/1 6681/932/1 4901/1540/1
f 6682/929/1 2536/4404/1 4902/1542/1
f 4905/1549/1 4902/1542/1 2762/4406/1
f 2535/4411/1 6682/929/1 4905/1549/1
f 6683/926/1 1420/3844/1 4906/1551/1
f 4909/1558/1 4906/1551/1 2763/4403/1
f 2534/3558/1 6683/926/1 4909/1558/1
f 6684/923/1 2533/3562/1 4910/1560/1
f 4913/1567/1 4910/1560/1 2764/4400/1
f 1886/4408/1 6684/923/1 4913/1567/1
f 6685/920/1 2532/4395/1 4914/1569/1
f 4917/1576/1 4914/1569/1 2765/4397/1
f 2531/4402/1 6685/920/1 4917/1576/1
f 6686/917/1 1280/3856/1 4918/1578/1
f 4921/1585/1 4918/1578/1 2766/4394/1
f 2530/3564/1 6686/917/1 4921/1585/1
f 6687/914/1 2529/3568/1 4922/1587/1
f 4925/1594/1 4922/1587/1 2767/4389/1
f 1887/4371/1 6687/914/1 4925/1594/1
f 6688/911/1 2528/4380/1 4926/1596/1
f 4929/1603/1 4926/1596/1 2768/4383/1
f 2527/4392/1 6688/911/1 4929/1603/1
f 6689/908/1 1423/4398/1 4930/1605/1
f 4933/1612/1 4930/1605/1 2769/4379/1
f 2526/3570/1 6689/908/1 4933/1612/1
f 6690/905/1 2525/3574/1 4934/1614/1
f 4937/1621/1 4934/1614/1 2770/4374/1
f 1781/4245/1 6690/905/1 4937/1621/1
f 6691/902/1 2524/4364/1 4938/1623/1
f 4941/1630/1 4938/1623/1 2771/4367/1
f 2523/4377/1 6691/902/1 4941/1630/1
f 6692/899/1 1424/4407/1 4942/1632/1
f 4945/1639/1 4942/1632/1 2772/4363/1
f 2522/3576/1 6692/899/1 4945/1639/1
f 6693/896/1 2521/3580/1 4946/1641/1
f 4949/1648/1 4946/1641/1 2773/4360/1
f 1890/4417/1 6693/896/1 4949/1648/1
f 6694/893/1 2520/4357/1 4950/1650/1
f 4953/1657/1 4950/1650/1 2774/4358/1
f 2519/4362/1 6694/893/1 4953/1657/1
f 6695/890/1 1279/4316/1 4954/1659/1
f 4957/1666/1 4954/1659/1 2775/4356/1
f 2518/3582/1 6695/890/1 4957/1666/1
f 6696/887/1 2517/3586/1 4958/1668/1
f 4961/1675/1 4958/1668/1 2776/4351/1
f 1891/4335/1 6696/887/1 4961/1675/1
f 6697/884/1 2516/4345/1 4962/1677/1
f 4965/1684/1 4962/1677/1 2777/4346/1
f 2515/4354/1 6697/884/1 4965/1684/1
f 6698/881/1 1427/4359/1 4966/1686/1
f 4969/1693/1 4966/1686/1 2778/4344/1
f 2514/3588/1 6698/881/1 4969/1693/1
f 6699/878/1 2513/3592/1 4970/1695/1
f 4973/1702/1 4970/1695/1 2779/4338/1
f 1883/4387/1 6699/878/1 4973/1702/1
f 6700/875/1 2512/4328/1 4974/1704/1
f 4977/1711/1 4974/1704/1 2780/4331/1
f 2511/4342/1 6700/875/1 4977/1711/1
f 6701/872/1 1428/4416/1 4978/1713/1
f 4981/1720/1 4978/1713/1 2781/4327/1
f 2510/3594/1 6701/872/1 4981/1720/1
f 6702/869/1 2509/3598/1 4982/1722/1
f 4985/1729/1 4982/1722/1 2782/4324/1
f 1894/4426/1 6702/869/1 4985/1729/1
f 6703/866/1 2508/4321/1 4986/1731/1
f 4989/1738/1 4986/1731/1 2783/4322/1
f 2507/4326/1 6703/866/1 4989/1738/1
f 6704/863/1 1782/494/1 4990/1740/1
f 4993/1746/1 4990/1740/1 2784/4320/1
f 2506/3600/1 6704/863/1 4993/1746/1
f 6705/861/1 2505/3603/1 4994/1748/1
f 4997/1755/1 4994/1748/1 2785/4317/1
f 1895/4308/1 6705/861/1 4997/1755/1
f 6706/858/1 2504/4314/1 4998/1757/1
f 5001/1764/1 4998/1757/1 2786/4315/1
f 2503/4319/1 6706/858/1 5001/1764/1
f 6707/855/1 1431/4323/1 5002/1766/1
f 5005/1773/1 5002/1766/1 2787/4313/1
f 2502/3605/1 6707/855/1 5005/1773/1
f 6708/852/1 2501/3609/1 5006/1775/1
f 5009/1782/1 5006/1775/1 2788/4310/1
f 1882/3857/1 6708/852/1 5009/1782/1
f 6709/849/1 2500/4303/1 5010/1784/1
f 5013/1791/1 5010/1784/1 2789/4306/1
f 2499/4312/1 6709/849/1 5013/1791/1
f 6710/846/1 1432/4425/1 5014/1793/1
f 5017/1800/1 5014/1793/1 2790/4302/1
f 2498/3611/1 6710/846/1 5017/1800/1
f 6711/843/2 2497/3615/2 5018/1802/2
f 5021/1809/2 5018/1802/2 2791/4299/2
f 1898/4435/2 6711/843/2 5021/1809/2
f 6712/840/2 2496/4294/2 5022/1811/2
f 5025/1818/2 5022/1811/2 2792/4296/2
f 2495/4301/2 6712/840/2 5025/1818/2
f 6713/837/2 1276/3888/2 5026/1820/2
f 5029/1827/2 5026/1820/2 2793/4293/2
f 2494/3617/2 6713/837/2 5029/1827/2
f 6714/834/2 2493/3621/2 5030/1829/2
f 5033/1836/2 5030/1829/2 2794/4288/2
f 1899/4270/2 6714/834/2 5033/1836/2
f 6715/831/2 2492/4279/2 5034/1838/2
f 5037/1845/2 5034/1838/2 2795/4282/2
f 2491/4291/2 6715/831/2 5037/1845/2
f 6716/828/2 1435/4297/2 5038/1847/2
f 5041/1854/2 5038/1847/2 2796/4278/2
f 2490/3623/2 6716/828/2 5041/1854/2
f 6717/825/2 2489/3627/2 5042/1856/2
f 5045/1863/2 5042/1856/2 2797/4273/2
f 1784/4147/2 6717/825/2 5045/1863/2
f 6718/822/2 2488/4263/2 5046/1865/2
f 5049/1872/2 5046/1865/2 2798/4266/2
f 2487/4276/2 6718/822/2 5049/1872/2
f 6719/819/2 1436/4434/2 5050/1874/2
f 5053/1881/2 5050/1874/2 2799/4262/2
f 2486/3629/2 6719/819/2 5053/1881/2
f 6720/816/2 2485/3633/2 5054/1883/2
f 5057/1890/2 5054/1883/2 2800/4259/2
f 1902/4444/2 6720/816/2 5057/1890/2
f 6721/813/2 2484/4254/2 5058/1892/2
f 5061/1899/2 5058/1892/2 2801/4256/2
f 2483/4261/2 6721/813/2 5061/1899/2
f 6722/810/2 1275/4206/2 5062/1901/2
f 5065/1908/2 5062/1901/2 2802/4253/2
f 2482/3635/2 6722/810/2 5065/1908/2
f 6723/807/2 2481/3639/2 5066/1910/2
f 5069/1917/2 5066/1910/2 2803/4248/2
f 1903/4228/2 6723/807/2 5069/1917/2
f 6724/804/2 2480/4238/2 5070/1919/2
f 5073/1926/2 5070/1919/2 2804/4241/2
f 2479/4251/2 6724/804/2 5073/1926/2
f 6725/801/2 1439/4257/2 5074/1928/2
f 5077/1935/2 5074/1928/2 2805/4237/2
f 2478/3641/2 6725/801/2 5077/1935/2
f 6726/798/2 2477/3645/2 5078/1937/2
f 5081/1944/2 5078/1937/2 2806/4231/2
f 1879/4286/2 6726/798/2 5081/1944/2
f 6727/795/2 2476/4221/2 5082/1946/2
f 5085/1953/2 5082/1946/2 2807/4224/2
f 2475/4235/2 6727/795/2 5085/1953/2
f 6728/792/2 1440/4443/2 5086/1955/2
f 5089/1962/2 5086/1955/2 2808/4220/2
f 2474/3647/2 6728/792/2 5089/1962/2
f 6729/789/2 2473/3651/2 5090/1964/2
f 5093/1971/2 5090/1964/2 2809/4217/2
f 1906/4453/2 6729/789/2 5093/1971/2
f 6730/786/2 2472/4212/2 5094/1973/2
f 5097/1980/2 5094/1973/2 2810/4214/2
f 2471/4219/2 6730/786/2 5097/1980/2
f 6731/783/2 1785/492/2 5098/1982/2
f 5101/1988/2 5098/1982/2 2811/4211/2
f 2470/3653/2 6731/783/2 5101/1988/2
f 6732/781/2 2469/3656/2 5102/1990/2
f 5105/1997/2 5102/1990/2 2812/4208/2
f 1907/4196/2 6732/781/2 5105/1997/2
f 6733/778/2 2468/4202/2 5106/1999/2
f 5109/2006/2 5106/1999/2 2813/4205/2
f 2467/4210/2 6733/778/2 5109/2006/2
f 6734/775/2 1443/4215/2 5110/2008/2
f 5113/2015/2 5110/2008/2 2814/4201/2
f 2466/3658/2 6734/775/2 5113/2015/2
f 6735/772/2 2465/3662/2 5114/2017/2
f 5117/2024/2 5114/2017/2 2815/4198/2
f 1878/3889/2 6735/772/2 5117/2024/2
f 6736/769/2 2464/4191/2 5118/2026/2
f 5121/2033/2 5118/2026/2 2816/4194/2
f 2463/4200/2 6736/769/2 5121/2033/2
f 6737/766/2 1444/4452/2 5122/2035/2
f 5125/2042/2 5122/2035/2 2817/4190/2
f 2462/3664/2 6737/766/2 5125/2042/2
f 6738/763/3 2461/3668/3 5126/2044/3
f 5129/2051/3 5126/2044/3 2818/4187/3
f 1910/4462/3 6738/763/3 5129/2051/3
f 6739/760/3 2460/4182/3 5130/2053/3
f 5133/2060/3 5130/2053/3 2819/4184/3
f 2459/4189/3 6739/760/3 5133/2060/3
f 6740/757/3 1272/3919/3 5134/2062/3
f 5137/2069/3 5134/2062/3 2820/4181/3
f 2458/3670/3 6740/757/3 5137/2069/3
f 6741/754/3 2457/3674/3 5138/2071/3
f 5141/2078/3 5138/2071/3 2821/4178/3
f 1911/4166/3 6741/754/3 5141/2078/3
f 6742/751/3 2456/4172/3 5142/2080/3
f 5145/2087/3 5142/2080/3 2822/4175/3
f 2455/4180/3 6742/751/3 5145/2087/3
f 6743/748/3 1447/4185/3 5146/2089/3
f 5149/2096/3 5146/2089/3 2823/4171/3
f 2454/3676/3 6743/748/3 5149/2096/3
f 6744/745/3 2453/3680/3 5150/2098/3
f 5153/2104/3 5150/2098/3 2824/4168/3
f 1787/19/3 6744/745/3 5153/2104/3
f 6745/742/3 2452/4161/3 5154/2106/3
f 5157/2113/3 5154/2106/3 2825/4164/3
f 2451/4170/3 6745/742/3 5157/2113/3
f 6746/739/3 1448/4461/3 5158/2115/3
f 5161/2122/3 5158/2115/3 2826/4160/3
f 2450/3681/3 6746/739/3 5161/2122/3
f 6747/736/3 2449/3685/3 5162/2124/3
f 5165/2131/3 5162/2124/3 2827/4157/3
f 1914/4471/3 6747/736/3 5165/2131/3
f 6748/733/3 2448/4152/3 5166/2133/3
f 5169/2140/3 5166/2133/3 2828/4154/3
f 2447/4159/3 6748/733/3 5169/2140/3
f 6749/730/3 1271/4116/3 5170/2142/3
f 5173/2149/3 5170/2142/3 2829/4151/3
f 2446/3687/3 6749/730/3 5173/2149/3
f 6750/727/3 2445/3691/3 5174/2151/3
f 5177/2158/3 5174/2151/3 2830/4148/3
f 1915/4136/3 6750/727/3 5177/2158/3
f 6751/724/3 2444/4142/3 5178/2160/3
f 5181/2167/3 5178/2160/3 2831/4145/3
f 2443/4150/3 6751/724/3 5181/2167/3
f 6752/721/3 1451/4155/3 5182/2169/3
f 5185/2176/3 5182/2169/3 2832/4141/3
f 2442/3693/3 6752/721/3 5185/2176/3
f 6753/718/3 2441/3697/3 5186/2178/3
f 5189/2185/3 5186/2178/3 2833/4138/3
f 1875/4177/3 6753/718/3 5189/2185/3
f 6754/715/3 2440/4131/3 5190/2187/3
f 5193/2194/3 5190/2187/3 2834/4134/3
f 2439/4140/3 6754/715/3 5193/2194/3
f 6755/712/3 1452/4470/3 5194/2196/3
f 5197/2203/3 5194/2196/3 2835/4130/3
f 2438/3699/3 6755/712/3 5197/2203/3
f 6756/709/3 2437/3703/3 5198/2205/3
f 5201/2212/3 5198/2205/3 2836/4127/3
f 1918/4480/3 6756/709/3 5201/2212/3
f 6757/706/3 2436/4122/3 5202/2214/3
f 5205/2221/3 5202/2214/3 2837/4124/3
f 2435/4129/3 6757/706/3 5205/2221/3
f 6758/703/3 1149/576/3 5206/2223/3
f 5209/2229/3 5206/2223/3 2838/4121/3
f 2434/3705/3 6758/703/3 5209/2229/3
f 6759/701/3 2433/3708/3 5210/2231/3
f 5213/2238/3 5210/2231/3 2839/4118/3
f 1919/4106/3 6759/701/3 5213/2238/3
f 6760/698/3 2432/4112/3 5214/2240/3
f 5217/2247/3 5214/2240/3 2840/4115/3
f 2431/4120/3 6760/698/3 5217/2247/3
f 6761/695/3 1455/4125/3 5218/2249/3
f 5221/2256/3 5218/2249/3 2841/4111/3
f 2430/3710/3 6761/695/3 5221/2256/3
f 6762/692/3 2429/3714/3 5222/2258/3
f 5225/2265/3 5222/2258/3 2842/4108/3
f 1874/3920/3 6762/692/3 5225/2265/3
f 6763/689/3 2428/4101/3 5226/2267/3
f 5229/2274/3 5226/2267/3 2843/4104/3
f 2427/4110/3 6763/689/3 5229/2274/3
f 6764/686/3 1456/4479/3 5230/2276/3
f 5233/2283/3 5230/2276/3 2844/4100/3
f 2426/3716/3 6764/686/3 5233/2283/3
f 2848/199/33 4519/200/62 2421/199/33
f 2849/418/33 4518/683/71 2420/418/45
f 2850/418/45 4088/683/71 1459/418/45
f 2851/96/45 4517/201/40 2417/96/44
f 2852/417/33 4516/682/6 2416/417/45
f 2853/417/44 4089/682/40 1460/417/44
f 1315/202/33 4515/204/38 2411/202/33
f 1779/679/33 4514/681/55 2410/679/33
f 2410/679/33 4090/681/51 1461/679/33
f 2854/95/33 4513/205/46 2409/95/33
f 1639/678/33 3396/680/33 5252/680/46
f 6765/677/7 2397/3720/7 5261/2287/7
f 5264/2294/7 5261/2287/7 2856/4097/7
f 1930/4489/7 6765/677/7 5264/2294/7
f 6766/674/7 2396/4092/7 5265/2296/7
f 5268/2303/7 5265/2296/7 2857/4094/7
f 2395/4099/7 6766/674/7 5268/2303/7
f 6767/671/7 1264/3950/7 5269/2305/7
f 5272/2312/7 5269/2305/7 2858/4091/7
f 2394/3722/7 6767/671/7 5272/2312/7
f 6768/668/7 2393/3726/7 5273/2314/7
f 5276/2321/7 5273/2314/7 2859/4086/7
f 1931/4068/7 6768/668/7 5276/2321/7
f 6769/665/7 2392/4077/7 5277/2323/7
f 5280/2330/7 5277/2323/7 2860/4080/7
f 2391/4089/7 6769/665/7 5280/2330/7
f 6770/662/7 1467/4095/7 5281/2332/7
f 5284/2339/7 5281/2332/7 2861/4076/7
f 2390/3728/7 6770/662/7 5284/2339/7
f 6771/659/7 2389/3732/7 5285/2341/7
f 5288/2348/7 5285/2341/7 2862/4071/7
f 1790/4549/7 6771/659/7 5288/2348/7
f 6772/656/7 2388/4061/7 5289/2350/7
f 5292/2357/7 5289/2350/7 2863/4064/7
f 2387/4074/7 6772/656/7 5292/2357/7
f 6773/653/7 1468/4488/7 5293/2359/7
f 5296/2366/7 5293/2359/7 2864/4060/7
f 2386/3733/7 6773/653/7 5296/2366/7
f 6774/650/7 2385/3737/7 5297/2368/7
f 5300/2375/7 5297/2368/7 2865/4057/7
f 1934/4498/7 6774/650/7 5300/2375/7
f 6775/647/7 2384/4047/7 5301/2377/7
f 5304/2384/7 5301/2377/7 2866/4052/7
f 2383/4059/7 6775/647/7 5304/2384/7
f 6776/644/7 1263/3985/7 5305/2386/7
f 5308/2393/7 5305/2386/7 2867/4046/7
f 2382/3739/7 6776/644/7 5308/2393/7
f 6777/641/7 2381/3743/7 5309/2395/7
f 5312/2402/7 5309/2395/7 2868/4041/7
f 1935/4016/7 6777/641/7 5312/2402/7
f 6778/638/7 2380/4026/7 5313/2404/7
f 5316/2411/7 5313/2404/7 2869/4032/7
f 2379/4044/7 6778/638/7 5316/2411/7
f 6779/635/7 1471/4053/7 5317/2413/7
f 5320/2420/7 5317/2413/7 2870/4025/7
f 2378/3745/7 6779/635/7 5320/2420/7
f 6780/632/7 2377/3749/7 5321/2422/7
f 5324/2429/7 5321/2422/7 2871/4019/7
f 1867/4084/7 6780/632/7 5324/2429/7
f 6781/629/7 2376/4009/7 5325/2431/7
f 5328/2438/7 5325/2431/7 2872/4012/7
f 2375/4023/7 6781/629/7 5328/2438/7
f 6782/626/7 1472/4497/7 5329/2440/7
f 5332/2447/7 5329/2440/7 2873/4008/7
f 2374/3751/7 6782/626/7 5332/2447/7
f 6783/623/7 2373/3755/7 5333/2449/7
f 5336/2456/7 5333/2449/7 2874/4005/7
f 1938/4507/7 6783/623/7 5336/2456/7
f 6784/620/7 2372/3994/7 5337/2458/7
f 5340/2465/7 5337/2458/7 2875/4000/7
f 2371/4007/7 6784/620/7 5340/2465/7
f 6785/617/7 1147/4146/7 5341/2467/7
f 5344/2474/7 5341/2467/7 2876/3993/7
f 2370/3757/7 6785/617/7 5344/2474/7
f 6786/614/7 2369/3761/7 5345/2476/7
f 5348/2483/7 5345/2476/7 2877/3990/7
f 1939/3972/7 6786/614/7 5348/2483/7
f 6787/611/7 2368/3978/7 5349/2485/7
f 5352/2492/7 5349/2485/7 2878/3984/7
f 2367/3992/7 6787/611/7 5352/2492/7
f 6788/608/7 1475/4001/7 5353/2494/7
f 5356/2501/7 5353/2494/7 2879/3977/7
f 2366/3763/7 6788/608/7 5356/2501/7
f 6789/605/7 2365/3767/7 5357/2503/7
f 5360/2510/7 5357/2503/7 2880/3974/7
f 1866/3951/7 6789/605/7 5360/2510/7
f 6790/602/7 2364/3967/7 5361/2512/7
f 5364/2519/7 5361/2512/7 2881/3970/7
f 2363/3976/7 6790/602/7 5364/2519/7
f 6791/599/7 1476/4506/7 5365/2521/7
f 5368/2528/7 5365/2521/7 2882/3966/7
f 2362/3769/7 6791/599/7 5368/2528/7
f 1942/1028/8 3573/448/8 1943/1028/8
f 1943/1028/8 4035/448/8 1400/1028/8
f 1183/462/8 3963/409/8 1260/462/8
f 4107/584/8 1479/576/8 1480/576/8
f 3917/584/8 1480/576/8 1149/576/8
f 3989/596/8 1399/1029/8 1290/1029/8
f 4109/584/8 1481/576/8 1482/576/8
f 3962/584/8 1482/576/8 1259/576/8
f 4034/596/8 1651/1029/8 1399/1029/8
f 2886/239/42 4475/240/79 2357/239/42
f 2887/52/42 4474/594/41 2356/52/59
f 2888/52/59 4110/594/41 1485/52/58
f 2889/82/40 4473/241/59 2353/82/43
f 2890/261/42 4472/593/47 2352/261/40
f 2891/261/43 4111/593/77 1486/261/43
f 5382/243/10 2345/242/6 2895/242/6
f 5384/592/10 2344/44/47 2896/44/69
f 5386/592/10 1489/44/43 2897/44/47
f 5388/244/10 2341/81/60 2898/81/60
f 5390/591/10 2340/260/6 2899/260/6
f 5392/591/10 1490/260/4 2900/260/6
f 5401/245/57 1036/25/48 2321/25/48
f 5405/590/37 2322/453/53 2909/453/48
f 5407/590/37 1495/453/34 2910/453/34
f 4260/247/44 2319/19/13 1787/19/44
f 4008/589/44 2318/452/80 1323/452/44
f 4464/589/44 1496/452/87 2318/452/80
f 5413/250/37 2313/249/79 2914/249/43
f 5415/588/37 2312/586/44 2915/586/61
f 5417/588/37 1499/586/44 2916/586/44
f 5419/251/37 2309/80/5 2917/80/5
f 5421/587/37 2308/585/43 2918/585/43
f 5423/587/37 1500/585/43 2919/585/43
f 3459/409/3 1241/462/3 1757/462/3
f 3479/584/3 1240/576/3 1791/576/3
f 3960/584/3 1798/576/3 1240/576/3
f 1994/1058/8 3587/455/8 1995/1058/8
f 1995/1058/8 4031/455/8 1380/1058/8
f 1748/464/8 3959/355/8 1239/464/8
f 4121/579/8 1531/494/8 1532/494/8
f 3471/579/8 1532/494/8 1782/494/8
f 3399/583/8 1379/1031/8 1642/1031/8
f 4123/579/8 1533/494/8 1534/494/8
f 3958/579/8 1534/494/8 1238/494/8
f 4030/583/8 1659/1031/8 1379/1031/8
f 2000/242/8 3593/458/8 2001/242/8
f 2001/242/8 4029/458/8 1378/242/8
f 1187/81/8 3957/457/8 1237/81/8
f 4127/578/8 1537/82/8 1538/82/8
f 3920/578/8 1538/82/8 1153/82/8
f 3992/451/8 1377/239/8 1294/239/8
f 4129/578/8 1539/82/8 1540/82/8
f 3956/578/8 1540/82/8 1236/82/8
f 4028/451/8 1302/239/8 1377/239/8
f 2006/1059/8 3599/460/8 2007/1059/8
f 2007/1059/8 4027/460/8 1376/1059/8
f 1751/463/8 3955/382/8 1235/463/8
f 4133/577/8 1543/492/8 1544/492/8
f 3474/577/8 1544/492/8 1785/492/8
f 3402/581/8 1375/1030/8 1645/1030/8
f 4135/577/8 1545/492/8 1546/492/8
f 3954/577/8 1546/492/8 1234/492/8
f 4026/581/8 1661/1030/8 1375/1030/8
f 3462/355/1 1231/464/1 1765/464/1
f 3482/579/1 1230/494/1 1799/494/1
f 3952/579/1 1804/494/1 1230/494/1
f 3943/457/17 1229/81/17 1195/81/17
f 3923/578/17 1228/82/17 1161/82/17
f 3950/578/17 1163/82/17 1228/82/17
f 3464/382/2 1227/463/2 1767/463/2
f 3484/577/2 1226/492/2 1801/492/2
f 3948/577/2 1805/492/2 1226/492/2
f 3949/382/2 1771/463/2 1227/463/2
f 3951/457/17 1197/81/17 1229/81/17
f 3953/355/1 1770/464/1 1231/464/1
f 2028/1059/8 3605/460/8 2029/1059/8
f 2029/1059/8 3392/460/8 1627/1059/8
f 1235/463/8 3464/382/8 1767/463/8
f 2030/242/8 3607/458/8 2031/242/8
f 2031/242/8 4015/458/8 1336/242/8
f 1237/81/8 3943/457/8 1195/81/8
f 2032/1058/8 3609/455/8 2033/1058/8
f 2033/1058/8 3390/455/8 1625/1058/8
f 1239/464/8 3462/355/8 1765/464/8
f 3961/409/3 1764/462/3 1241/462/3
f 2048/1028/8 3611/448/8 2049/1028/8
f 2049/1028/8 3387/448/8 1617/1028/8
f 1260/462/8 3459/409/8 1757/462/8
f 6792/446/7 2129/3773/7 5433/2579/7
f 5436/2586/7 5433/2579/7 2973/3963/7
f 2050/4516/7 6792/446/7 5436/2586/7
f 6793/443/7 2128/3957/7 5437/2588/7
f 5440/2595/7 5437/2588/7 2974/3960/7
f 2127/3965/7 6793/443/7 5440/2595/7
f 6794/440/7 1181/4176/7 5441/2597/7
f 5444/2604/7 5441/2597/7 2975/3956/7
f 2126/3775/7 6794/440/7 5444/2604/7
f 6795/437/7 2125/3779/7 5445/2606/7
f 5448/2613/7 5445/2606/7 2976/3953/7
f 2051/3940/7 6795/437/7 5448/2613/7
f 6796/434/7 2124/3946/7 5449/2615/7
f 5452/2622/7 5449/2615/7 2977/3949/7
f 2123/3955/7 6796/434/7 5452/2622/7
f 6797/431/7 1587/3961/7 5453/2624/7
f 5456/2631/7 5453/2624/7 2978/3945/7
f 2122/3781/7 6797/431/7 5456/2631/7
f 6798/428/7 2121/3785/7 5457/2633/7
f 5460/2640/7 5457/2633/7 2979/3942/7
f 1756/4550/7 6798/428/7 5460/2640/7
f 6799/425/7 2120/3935/7 5461/2642/7
f 5464/2649/7 5461/2642/7 2980/3938/7
f 2119/3944/7 6799/425/7 5464/2649/7
f 6800/422/7 1588/4515/7 5465/2651/7
f 5468/2658/7 5465/2651/7 2981/3934/7
f 2118/3786/7 6800/422/7 5468/2658/7
f 6801/416/3 2105/3790/3 5471/2660/3
f 5474/2667/3 5471/2660/3 2990/3931/3
f 2058/4525/3 6801/416/3 5474/2667/3
f 6802/413/3 2104/3926/3 5475/2669/3
f 5478/2676/3 5475/2669/3 2991/3928/3
f 2103/3933/3 6802/413/3 5478/2676/3
f 6803/410/3 1183/462/3 5479/2678/3
f 5482/2684/3 5479/2678/3 2992/3925/3
f 2102/3792/3 6803/410/3 5482/2684/3
f 6804/407/3 2101/3795/3 5483/2686/3
f 5486/2693/3 5483/2686/3 2993/3922/3
f 2059/3909/3 6804/407/3 5486/2693/3
f 6805/404/3 2100/3915/3 5487/2695/3
f 5490/2702/3 5487/2695/3 2994/3918/3
f 2099/3924/3 6805/404/3 5490/2702/3
f 6806/401/3 1595/3929/3 5491/2704/3
f 5494/2711/3 5491/2704/3 2995/3914/3
f 2098/3797/3 6806/401/3 5494/2711/3
f 6807/398/3 2097/3801/3 5495/2713/3
f 5498/2719/3 5495/2713/3 2996/3911/3
f 1753/80/3 6807/398/3 5498/2719/3
f 6808/395/3 2096/3904/3 5499/2721/3
f 5502/2728/3 5499/2721/3 2997/3907/3
f 2095/3913/3 6808/395/3 5502/2728/3
f 6809/392/3 1596/4524/3 5503/2730/3
f 5506/2737/3 5503/2730/3 2998/3903/3
f 2094/3802/3 6809/392/3 5506/2737/3
f 6810/389/2 2093/3806/2 5507/2739/2
f 5510/2746/2 5507/2739/2 2999/3900/2
f 2062/4534/2 6810/389/2 5510/2746/2
f 6811/386/2 2092/3895/2 5511/2748/2
f 5514/2755/2 5511/2748/2 3000/3897/2
f 2091/3902/2 6811/386/2 5514/2755/2
f 6812/383/2 1751/463/2 5515/2757/2
f 5518/2763/2 5515/2757/2 3001/3894/2
f 2090/3808/2 6812/383/2 5518/2763/2
f 6813/380/2 2089/3811/2 5519/2765/2
f 5522/2772/2 5519/2765/2 3002/3891/2
f 2063/3877/2 6813/380/2 5522/2772/2
f 6814/377/2 2088/3884/2 5523/2774/2
f 5526/2781/2 5523/2774/2 3003/3887/2
f 2087/3893/2 6814/377/2 5526/2781/2
f 6815/374/2 1599/3898/2 5527/2783/2
f 5530/2790/2 5527/2783/2 3004/3883/2
f 2086/3813/2 6815/374/2 5530/2790/2
f 6816/371/2 2085/3817/2 5531/2792/2
f 5534/2799/2 5531/2792/2 3005/3879/2
f 1750/4117/2 6816/371/2 5534/2799/2
f 6817/368/2 2084/3872/2 5535/2801/2
f 5538/2808/2 5535/2801/2 3006/3875/2
f 2083/3882/2 6817/368/2 5538/2808/2
f 6818/365/2 1600/4533/2 5539/2810/2
f 5542/2817/2 5539/2810/2 3007/3871/2
f 2082/3819/2 6818/365/2 5542/2817/2
f 6819/362/1 2081/3823/1 5543/2819/1
f 5546/2826/1 5543/2819/1 3008/3868/1
f 2066/4543/1 6819/362/1 5546/2826/1
f 6820/359/1 2080/3863/1 5547/2828/1
f 5550/2835/1 5547/2828/1 3009/3865/1
f 2079/3870/1 6820/359/1 5550/2835/1
f 6821/356/1 1748/464/1 5551/2837/1
f 5554/2843/1 5551/2837/1 3010/3862/1
f 2078/3825/1 6821/356/1 5554/2843/1
f 6822/353/1 2077/3828/1 5555/2845/1
f 5558/2852/1 5555/2845/1 3011/3859/1
f 2067/3845/1 6822/353/1 5558/2852/1
f 6823/350/1 2076/3852/1 5559/2854/1
f 5562/2861/1 5559/2854/1 3012/3855/1
f 2075/3861/1 6823/350/1 5562/2861/1
f 6824/347/1 1603/3866/1 5563/2863/1
f 5566/2870/1 5563/2863/1 3013/3851/1
f 2074/3830/1 6824/347/1 5566/2870/1
f 6825/344/1 2073/3834/1 5567/2872/1
f 5570/2879/1 5567/2872/1 3014/3847/1
f 1747/4207/1 6825/344/1 5570/2879/1
f 6826/341/1 2072/3840/1 5571/2881/1
f 5574/2888/1 5571/2881/1 3015/3843/1
f 2071/3850/1 6826/341/1 5574/2888/1
f 6827/338/1 1604/4542/1 5575/2890/1
f 5578/2897/1 5575/2890/1 3016/3839/1
f 2070/3836/1 6827/338/1 5578/2897/1
f 6828/335/1 2069/4545/1 5579/2899/1
f 5582/2906/1 5579/2899/1 3017/3833/1
f 1283/4203/1 6828/335/1 5582/2906/1
f 6829/332/1 2068/3869/1 5583/2908/1
f 5586/2915/1 5583/2908/1 3018/3827/1
f 1602/3841/1 6829/332/1 5586/2915/1
f 6830/329/1 1284/266/1 5587/2917/1
f 5590/2924/1 5587/2917/1 3019/3822/1
f 1601/4540/1 6830/329/1 5590/2924/1
f 6831/327/2 2065/4536/2 5591/2926/2
f 5594/2933/2 5591/2926/2 3020/3816/2
f 1286/4113/2 6831/327/2 5594/2933/2
f 6832/324/2 2064/3901/2 5595/2935/2
f 5598/2942/2 5595/2935/2 3021/3810/2
f 1598/3873/2 6832/324/2 5598/2942/2
f 6833/321/2 1287/264/2 5599/2944/2
f 5602/2951/2 5599/2944/2 3022/3805/2
f 1597/4531/2 6833/321/2 5602/2951/2
f 6834/319/3 2061/4527/3 5603/2953/3
f 5606/2959/3 5603/2953/3 3023/3800/3
f 1289/585/3 6834/319/3 5606/2959/3
f 6835/316/3 2060/3932/3 5607/2961/3
f 5610/2968/3 5607/2961/3 3024/3794/3
f 1594/3905/3 6835/316/3 5610/2968/3
f 6836/313/3 1648/262/3 5611/2970/3
f 5614/2977/3 5611/2970/3 3025/3789/3
f 1593/4522/3 6836/313/3 5614/2977/3
f 6837/310/7 2053/4518/7 5617/2979/7
f 5620/2986/7 5617/2979/7 3028/3784/7
f 1292/4551/7 6837/310/7 5620/2986/7
f 6838/307/7 2052/3964/7 5621/2988/7
f 5624/2995/7 5621/2988/7 3029/3778/7
f 1586/3936/7 6838/307/7 5624/2995/7
f 6839/304/7 1646/4179/7 5625/2997/7
f 5628/3004/7 5625/2997/7 3030/3772/7
f 1585/4513/7 6839/304/7 5628/3004/7
f 1724/262/8 3207/233/8 1293/262/8
f 1584/45/8 3135/8/8 1152/45/8
f 1583/45/8 3359/8/8 1584/45/8
f 4213/233/3 1300/262/3 1706/262/3
f 1704/266/8 3210/255/8 1301/266/8
f 1568/47/8 3138/2/8 1160/47/8
f 1567/47/8 3357/2/8 1568/47/8
f 1702/260/8 4195/257/8 1660/260/8
f 1566/44/8 4267/42/8 1800/44/8
f 1565/44/8 3355/42/8 1566/44/8
f 1700/264/8 3212/258/8 1303/264/8
f 1564/46/8 3140/5/8 1162/46/8
f 1563/46/8 3353/5/8 1564/46/8
f 4205/255/1 1306/266/1 1696/266/1
f 4203/257/17 1662/260/17 1694/260/17
f 4201/258/2 1307/264/2 1692/264/2
f 4200/69/2 1341/265/2 1691/265/2
f 3232/69/2 1691/265/2 1337/265/2
f 3212/258/2 1692/264/2 1303/264/2
f 4202/71/17 1628/261/17 1693/261/17
f 4175/71/17 1693/261/17 1626/261/17
f 4195/257/17 1694/260/17 1660/260/17
f 4204/73/1 1340/267/1 1695/267/1
f 3230/73/1 1695/267/1 1335/267/1
f 3210/255/1 1696/266/1 1301/266/1
f 4278/67/8 1196/51/8 1839/51/8
f 4206/69/8 2011/265/8 1699/265/8
f 4387/69/8 2010/265/8 2011/265/8
f 3150/67/8 1839/51/8 1180/51/8
f 3222/69/8 2009/265/8 1321/265/8
f 4385/69/8 2008/265/8 2009/265/8
f 1287/264/8 4207/258/8 1700/264/8
f 1542/46/8 4279/5/8 1840/46/8
f 1541/46/8 3347/5/8 1542/46/8
f 4280/68/8 1766/52/8 1841/52/8
f 4208/71/8 2005/261/8 1701/261/8
f 4381/71/8 2004/261/8 2005/261/8
f 4244/68/8 1841/52/8 1758/52/8
f 4172/71/8 2003/261/8 1618/261/8
f 4379/71/8 2002/261/8 2003/261/8
f 1652/260/8 4209/257/8 1702/260/8
f 1536/44/8 4281/42/8 1842/44/8
f 1535/44/8 3341/42/8 1536/44/8
f 4282/63/8 1194/54/8 1843/54/8
f 4210/73/8 1999/267/8 1703/267/8
f 4375/73/8 1998/267/8 1999/267/8
f 3147/63/8 1843/54/8 1177/54/8
f 3219/73/8 1997/267/8 1318/267/8
f 4373/73/8 1996/267/8 1997/267/8
f 1284/266/8 4211/255/8 1704/266/8
f 1530/47/8 4283/2/8 1844/47/8
f 1529/47/8 3335/2/8 1530/47/8
f 4212/84/3 1334/263/3 1705/263/3
f 3227/84/3 1705/263/3 1327/263/3
f 3207/233/3 1706/262/3 1293/262/3
f 5634/251/37 1965/80/5 3047/80/5
f 5636/250/37 1964/249/44 3048/249/79
f 4465/247/33 1961/19/38 2319/19/13
f 5637/245/57 804/25/9 2320/25/48
f 5642/244/10 1955/81/61 3052/81/60
f 5644/243/10 1954/242/5 3053/242/6
f 3055/82/43 4363/241/59 1951/82/40
f 3056/239/42 4362/240/56 1950/239/58
f 4286/66/8 1186/65/8 1864/65/8
f 4214/84/8 1947/263/8 1723/263/8
f 4361/84/8 1946/263/8 1947/263/8
f 4241/66/8 1864/65/8 1754/65/8
f 4169/84/8 1945/263/8 1614/263/8
f 4359/84/8 1944/263/8 1945/263/8
f 1648/262/8 4215/233/8 1724/262/8
f 1478/45/8 4287/8/8 1865/45/8
f 1477/45/8 3321/8/8 1478/45/8
f 6840/232/7 1941/4509/7 5649/3017/7
f 5652/3024/7 5649/3017/7 3058/3766/7
f 1401/3947/7 6840/232/7 5652/3024/7
f 6841/229/7 1940/4006/7 5653/3026/7
f 5656/3033/7 5653/3026/7 3059/3760/7
f 1474/3968/7 6841/229/7 5656/3033/7
f 6842/226/7 1612/4149/7 5657/3035/7
f 5660/3042/7 5657/3035/7 3060/3754/7
f 1473/4504/7 6842/226/7 5660/3042/7
f 6843/223/7 1937/4500/7 5661/3044/7
f 5664/3051/7 5661/3044/7 3061/3748/7
f 1402/4078/7 6843/223/7 5664/3051/7
f 6844/220/7 1936/4058/7 5665/3053/7
f 5668/3060/7 5665/3053/7 3062/3742/7
f 1470/4010/7 6844/220/7 5668/3060/7
f 6845/217/7 1727/3991/7 5669/3062/7
f 5672/3069/7 5669/3062/7 3063/3736/7
f 1469/4495/7 6845/217/7 5672/3069/7
f 6846/214/7 1933/4491/7 5673/3071/7
f 5676/3078/7 5673/3071/7 3064/3731/7
f 1326/4552/7 6846/214/7 5676/3078/7
f 6847/211/7 1932/4098/7 5677/3080/7
f 5680/3087/7 5677/3080/7 3065/3725/7
f 1466/4062/7 6847/211/7 5680/3087/7
f 6848/208/7 1728/3954/7 5681/3089/7
f 5684/3096/7 5681/3089/7 3066/3719/7
f 1465/4486/7 6848/208/7 5684/3096/7
f 3068/95/33 4343/205/46 1927/95/33
f 2411/202/33 4342/204/13 1926/202/33
f 3069/96/44 4341/201/40 1925/96/44
f 3070/199/33 4340/200/6 1924/199/45
f 6849/198/3 1921/4482/3 5691/3098/3
f 5694/3105/3 5691/3098/3 3072/3713/3
f 1409/3916/3 6849/198/3 5694/3105/3
f 6850/195/3 1920/4128/3 5695/3107/3
f 5698/3114/3 5695/3107/3 3073/3707/3
f 1454/4102/3 6850/195/3 5698/3114/3
f 6851/192/3 1614/263/3 5699/3116/3
f 5702/3122/3 5699/3116/3 3074/3702/3
f 1453/4477/3 6851/192/3 5702/3122/3
f 6852/190/3 1917/4473/3 5703/3124/3
f 5706/3131/3 5703/3124/3 3075/3696/3
f 1410/4173/3 6852/190/3 5706/3131/3
f 6853/187/3 1916/4158/3 5707/3133/3
f 5710/3140/3 5707/3133/3 3076/3690/3
f 1450/4132/3 6853/187/3 5710/3140/3
f 6854/184/3 1735/4119/3 5711/3142/3
f 5714/3149/3 5711/3142/3 3077/3684/3
f 1449/4468/3 6854/184/3 5714/3149/3
f 6855/181/3 1913/4464/3 5715/3151/3
f 5718/3157/3 5715/3151/3 3078/3679/3
f 1323/452/3 6855/181/3 5718/3157/3
f 6856/178/3 1912/4188/3 5719/3159/3
f 5722/3166/3 5719/3159/3 3079/3673/3
f 1446/4162/3 6856/178/3 5722/3166/3
f 6857/175/3 1736/3923/3 5723/3168/3
f 5726/3175/3 5723/3168/3 3080/3667/3
f 1445/4459/3 6857/175/3 5726/3175/3
f 6858/172/2 1909/4455/2 5727/3177/2
f 5730/3184/2 5727/3177/2 3081/3661/2
f 1413/3885/2 6858/172/2 5730/3184/2
f 6859/169/2 1908/4218/2 5731/3186/2
f 5734/3193/2 5731/3186/2 3082/3655/2
f 1442/4192/2 6859/169/2 5734/3193/2
f 6860/166/2 1321/265/2 5735/3195/2
f 5738/3201/2 5735/3195/2 3083/3650/2
f 1441/4450/2 6860/166/2 5738/3201/2
f 6861/164/2 1905/4446/2 5739/3203/2
f 5742/3210/2 5739/3203/2 3084/3644/2
f 1414/4280/2 6861/164/2 5742/3210/2
f 6862/161/2 1904/4260/2 5743/3212/2
f 5746/3219/2 5743/3212/2 3085/3638/2
f 1438/4222/2 6862/161/2 5746/3219/2
f 6863/158/2 1739/4209/2 5747/3221/2
f 5750/3228/2 5747/3221/2 3086/3632/2
f 1437/4441/2 6863/158/2 5750/3228/2
f 6864/155/2 1901/4437/2 5751/3230/2
f 5754/3237/2 5751/3230/2 3087/3626/2
f 1320/4143/2 6864/155/2 5754/3237/2
f 6865/152/2 1900/4300/2 5755/3239/2
f 5758/3246/2 5755/3239/2 3088/3620/2
f 1434/4264/2 6865/152/2 5758/3246/2
f 6866/149/2 1740/3892/2 5759/3248/2
f 5762/3255/2 5759/3248/2 3089/3614/2
f 1433/4432/2 6866/149/2 5762/3255/2
f 6867/146/1 1897/4428/1 5763/3257/1
f 5766/3264/1 5763/3257/1 3090/3608/1
f 1417/3853/1 6867/146/1 5766/3264/1
f 6868/143/1 1896/4325/1 5767/3266/1
f 5770/3273/1 5767/3266/1 3091/3602/1
f 1430/4304/1 6868/143/1 5770/3273/1
f 6869/140/1 1318/267/1 5771/3275/1
f 5774/3281/1 5771/3275/1 3092/3597/1
f 1429/4423/1 6869/140/1 5774/3281/1
f 6870/138/1 1893/4419/1 5775/3283/1
f 5778/3290/1 5775/3283/1 3093/3591/1
f 1418/4381/1 6870/138/1 5778/3290/1
f 6871/135/1 1892/4361/1 5779/3292/1
f 5782/3299/1 5779/3292/1 3094/3585/1
f 1426/4329/1 6871/135/1 5782/3299/1
f 6872/132/1 1743/4318/1 5783/3301/1
f 5786/3308/1 5783/3301/1 3095/3579/1
f 1425/4414/1 6872/132/1 5786/3308/1
f 6873/129/1 1889/4410/1 5787/3310/1
f 5790/3317/1 5787/3310/1 3096/3573/1
f 1317/4239/1 6873/129/1 5790/3317/1
f 6874/126/1 1888/4401/1 5791/3319/1
f 5794/3326/1 5791/3319/1 3097/3567/1
f 1422/4365/1 6874/126/1 5794/3326/1
f 6875/123/1 1744/3860/1 5795/3328/1
f 5798/3335/1 5795/3328/1 3098/3561/1
f 1421/4405/1 6875/123/1 5798/3335/1
f 6876/120/1 1885/3848/1 5799/3337/1
f 5802/3344/1 5799/3337/1 3099/3555/1
f 1176/4255/1 6876/120/1 5802/3344/1
f 6877/117/1 1884/4311/1 5803/3346/1
f 5806/3353/1 5803/3346/1 3100/3549/1
f 1278/4396/1 6877/117/1 5806/3353/1
f 6878/114/1 1177/54/1 5807/3355/1
f 5810/3361/1 5807/3355/1 3101/3544/1
f 1277/3864/1 6878/114/1 5810/3361/1
f 6879/112/2 1881/3880/2 5811/3363/2
f 5814/3370/2 5811/3363/2 3102/3538/2
f 1179/4153/2 6879/112/2 5814/3370/2
f 6880/109/2 1880/4199/2 5815/3372/2
f 5818/3379/2 5815/3372/2 3103/3532/2
f 1274/4295/2 6880/109/2 5818/3379/2
f 6881/106/2 1180/51/2 5819/3381/2
f 5822/3387/2 5819/3381/2 3104/3527/2
f 1273/3896/2 6881/106/2 5822/3387/2
f 6882/104/3 1877/3912/3 5823/3389/3
f 5826/3395/3 5823/3389/3 3105/3522/3
f 1182/453/3 6882/104/3 5826/3395/3
f 6883/101/3 1876/4109/3 5827/3397/3
f 5830/3404/3 5827/3397/3 3106/3516/3
f 1270/4183/3 6883/101/3 5830/3404/3
f 6884/98/3 1754/65/3 5831/3406/3
f 5834/3412/3 5831/3406/3 3107/3511/3
f 1269/3927/3 6884/98/3 5834/3412/3
f 6885/94/7 1869/3943/7 5836/3414/7
f 5839/3421/7 5836/3414/7 3110/3506/7
f 1185/450/7 6885/94/7 5839/3421/7
f 6886/91/7 1868/3975/7 5840/3423/7
f 5843/3430/7 5840/3423/7 3111/3500/7
f 1262/4093/7 6886/91/7 5843/3430/7
f 6887/88/7 1752/4139/7 5844/3432/7
f 5847/3439/7 5844/3432/7 3112/3494/7
f 1261/3958/7 6887/88/7 5847/3439/7
f 1788/45/8 3320/8/8 1477/45/8
f 4358/84/8 1723/263/8 1944/263/8
f 4360/84/8 1327/263/8 1946/263/8
f 3135/8/3 1846/45/3 1152/45/3
f 3155/66/3 1845/65/3 1186/65/3
f 4284/66/3 1193/65/3 1845/65/3
f 1143/47/8 3334/2/8 1529/47/8
f 4372/73/8 1703/267/8 1996/267/8
f 4374/73/8 1335/267/8 1998/267/8
f 1792/44/8 3340/42/8 1535/44/8
f 4378/71/8 1701/261/8 2002/261/8
f 4380/71/8 1626/261/8 2004/261/8
f 1146/46/8 3346/5/8 1541/46/8
f 4384/69/8 1699/265/8 2008/265/8
f 4386/69/8 1337/265/8 2010/265/8
f 3138/2/1 1836/47/1 1160/47/1
f 3158/63/1 1835/54/1 1194/54/1
f 4276/63/1 1199/54/1 1835/54/1
f 4267/42/17 1834/44/17 1800/44/17
f 4247/68/17 1833/52/17 1766/52/17
f 4274/68/17 1768/52/17 1833/52/17
f 3140/5/2 1832/46/2 1162/46/2
f 3160/67/2 1831/51/2 1196/51/2
f 4272/67/2 1200/51/2 1831/51/2
f 4273/5/2 1166/46/2 1832/46/2
f 4275/42/17 1802/44/17 1834/44/17
f 4277/2/1 1165/47/1 1836/47/1
f 1840/46/8 3352/5/8 1563/46/8
f 1842/44/8 3354/42/8 1565/44/8
f 1844/47/8 3356/2/8 1567/47/8
f 4285/8/3 1159/45/3 1846/45/3
f 1865/45/8 3358/8/8 1583/45/8
f 6888/14/7 1786/4169/7 5850/3443/7
f 5853/3450/7 5850/3443/7 3120/3489/7
f 1151/4553/7 6888/14/7 5853/3450/7
f 6889/9/3 1788/45/3 5856/3452/3
f 5859/3457/3 5856/3452/3 3121/3485/3
f 1148/586/3 6889/9/3 5859/3457/3
f 6890/6/2 1146/46/2 5860/3459/2
f 5863/3465/2 5860/3459/2 3122/3480/2
f 1145/4123/2 6890/6/2 5863/3465/2
f 6891/3/1 1143/47/1 5864/3467/1
f 5867/3473/1 5864/3467/1 3123/3475/1
f 1142/4213/1 6891/3/1 5867/3473/1
f 34/22/1 38/22/1 37/31/1
f 33/16/7 37/16/7 39/17/7
f 28/39/21 31/22/21 34/22/21
f 33/31/21 30/40/21 28/39/21
f 30/16/7 33/16/7 35/17/7
f 6895/38/20 6894/37/20 35/17/20
f 36/15/20 32/15/20 6895/38/20
f 570/17/96 4170/1188/97 175/253/97
f 38/22/22 34/22/22 42/22/22
f 40/15/23 43/15/23 41/15/23
f 38/34/24 44/34/24 43/15/24
f 48/22/25 46/22/25 50/22/25
f 41/15/2 45/15/2 46/34/2
f 43/15/3 47/15/3 45/15/3
f 44/34/17 48/34/17 47/15/17
f 50/22/3 54/22/3 56/22/3
f 45/15/26 49/15/26 50/34/26
f 47/15/27 51/15/27 49/15/27
f 48/34/28 52/34/28 51/15/28
f 53/15/8 55/15/8 56/34/8
f 49/15/17 53/15/17 54/34/17
f 51/15/1 55/15/1 53/15/1
f 52/34/2 56/34/2 55/15/2
f 105/15/3 64/15/3 3137/8/3
f 4283/2/8 108/41/8 195/41/8
f 4281/42/8 107/34/8 194/34/8
f 4279/5/8 87/43/8 176/43/8
f 1838/44/29 114/34/29 65/34/29
f 117/41/1 62/41/1 3142/2/1
f 116/34/17 61/34/17 4269/42/17
f 104/43/2 63/43/2 3143/5/2
f 122/15/1 72/15/1 1168/45/1
f 1828/46/30 125/43/30 67/43/30
f 1826/45/31 112/15/31 68/15/31
f 1824/47/32 124/41/32 66/41/32
f 1811/44/8 69/34/8 1812/48/8
f 132/41/3 70/41/3 1173/47/3
f 131/34/2 69/34/2 1811/44/2
f 120/43/17 71/43/17 1171/46/17
f 133/50/17 128/50/17 1205/51/17
f 126/50/17 133/50/17 1813/51/17
f 67/43/17 120/43/17 1814/46/17
f 134/24/2 129/24/2 1777/52/2
f 115/24/2 134/24/2 1815/52/2
f 65/34/2 131/34/2 1816/44/2
f 135/53/3 130/53/3 1207/54/3
f 127/53/3 135/53/3 1817/54/3
f 66/41/3 132/41/3 1818/47/3
f 1214/55/8 130/2572/8 1778/56/8
f 1215/58/8 136/2536/8 1821/59/8
f 1777/52/8 129/24/8 1822/61/8
f 137/53/32 127/53/32 1204/54/32
f 1823/54/32 1199/54/32 3162/63/32
f 3162/63/32 118/53/32 137/53/32
f 1824/47/32 1165/47/32 124/41/32
f 1165/47/32 3142/2/32 124/41/32
f 138/64/31 121/64/31 1201/65/31
f 1825/65/31 1193/65/31 3157/66/31
f 3157/66/31 106/64/31 138/64/31
f 1826/45/31 1159/45/31 112/15/31
f 1159/45/31 3137/8/31 112/15/31
f 139/50/30 126/50/30 1203/51/30
f 1827/51/30 1200/51/30 3163/67/30
f 3163/67/30 119/50/30 139/50/30
f 1828/46/30 1166/46/30 125/43/30
f 1166/46/30 3143/5/30 125/43/30
f 140/64/1 123/64/1 1202/65/1
f 121/64/1 140/64/1 1829/65/1
f 68/15/1 122/15/1 1830/45/1
f 141/50/2 119/50/2 3163/67/2
f 111/50/2 141/50/2 4272/67/2
f 59/43/2 104/43/2 4273/5/2
f 142/24/17 113/24/17 4249/68/17
f 110/24/17 142/24/17 4274/68/17
f 57/34/17 116/34/17 4275/42/17
f 143/53/1 118/53/1 3162/63/1
f 109/53/1 143/53/1 4276/63/1
f 58/41/1 117/41/1 4277/2/1
f 144/24/29 115/24/29 1769/52/29
f 1837/52/29 1768/52/29 4249/68/29
f 4249/68/29 113/24/29 144/24/29
f 1838/44/29 1802/44/29 114/34/29
f 1802/44/29 4269/42/29 114/34/29
f 3130/5/8 8/43/8 224/43/8
f 4264/42/8 2/34/8 242/34/8
f 3127/2/8 4/41/8 243/41/8
f 148/64/3 106/64/3 3157/66/3
f 89/64/3 148/64/3 4284/66/3
f 60/15/3 105/15/3 4285/8/3
f 1242/26/3 103/26/3 583/75/3
f 1243/26/3 149/26/3 679/75/3
f 1189/17/3 96/17/3 680/20/3
f 1244/24/8 102/24/8 457/76/8
f 1245/24/8 150/24/8 683/76/8
f 1192/15/8 101/15/8 684/18/8
f 1246/77/1 100/77/1 455/78/1
f 1247/77/1 151/77/1 687/78/1
f 1191/22/1 99/22/1 688/10/1
f 1248/28/7 98/28/14 578/79/14
f 1249/28/7 152/28/7 691/79/7
f 1190/16/7 97/16/7 692/21/7
f 1251/26/36 153/26/66 1857/80/4
f 445/17/12 90/17/12 1858/19/38
f 1254/24/39 94/24/10 449/76/10
f 1255/24/39 154/24/41 1861/81/41
f 3113/82/42 1188/15/9 93/15/6
f 4261/8/8 6/15/8 225/15/8
f 3180/86/7 80/3959/7 4239/87/7
f 3181/89/7 157/3952/7 4290/90/7
f 3154/92/7 86/28/7 4291/93/7
f 3109/95/35 1266/77/80 158/77/45
f 3108/96/47 1184/22/40 84/22/48
f 3184/97/3 82/64/3 4241/66/3
f 3185/99/3 159/3921/3 4294/100/3
f 3152/102/3 81/26/3 4295/103/3
f 3188/105/2 79/50/2 3150/67/2
f 3189/107/2 160/3890/2 4298/108/2
f 3149/110/2 78/3881/2 4299/111/2
f 3192/113/1 76/53/1 3147/63/1
f 3193/115/1 161/3858/1 4302/116/1
f 3146/118/1 75/3849/1 4303/119/1
f 3268/121/1 337/3846/1 4231/122/1
f 3269/124/1 338/4366/1 4306/125/1
f 3218/127/1 212/4240/1 4307/128/1
f 3272/130/1 336/4309/1 4230/131/1
f 3273/133/1 339/4330/1 4310/134/1
f 3265/136/1 335/4382/1 4311/137/1
f 3276/139/1 213/74/1 3219/73/1
f 3277/141/1 340/4305/1 4314/142/1
f 3264/144/1 334/3854/1 4315/145/1
f 3280/147/2 333/3878/2 4227/148/2
f 3281/150/2 341/4265/2 4318/151/2
f 3221/153/2 215/4144/2 4319/154/2
f 3284/156/2 332/4197/2 4226/157/2
f 3285/159/2 342/4223/2 4322/160/2
f 3261/162/2 331/4281/2 4323/163/2
f 3288/165/2 216/70/2 3222/69/2
f 3289/167/2 343/4193/2 4326/168/2
f 3260/170/2 330/3886/2 4327/171/2
f 3292/173/3 329/3910/3 4223/174/3
f 3293/176/3 344/4163/3 4330/177/3
f 3224/179/3 218/236/3 4331/180/3
f 3296/182/3 328/4107/3 4222/183/3
f 3297/185/3 345/4133/3 4334/186/3
f 3257/188/3 327/4174/3 4335/189/3
f 3300/191/3 171/85/3 4169/84/3
f 3301/193/3 346/4103/3 4338/194/3
f 3256/196/3 326/3917/3 4339/197/3
f 3071/199/48 1457/30/37 325/30/48
f 5690/200/49 1458/30/45 347/30/45
f 5688/201/9 1325/22/48 221/22/48
f 2413/202/50 764/203/87 324/203/33
f 4515/204/38 765/203/33 348/203/33
f 5686/205/52 1406/77/45 323/77/45
f 611/235/37 1058/235/45 222/203/37
f 1058/235/45 2405/202/53 222/203/37
f 2403/202/55 769/203/45 349/203/45
f 3067/95/50 1405/77/37 322/77/45
f 3308/206/7 321/3941/7 4219/207/7
f 3309/209/7 350/4063/7 4346/210/7
f 3226/212/7 223/83/7 4347/213/7
f 3312/215/7 320/3973/7 4218/216/7
f 3313/218/7 351/4011/7 4350/219/7
f 3253/221/7 319/4079/7 4351/222/7
f 3316/224/7 169/4137/7 4167/225/7
f 3317/227/7 352/3969/7 4354/228/7
f 3252/230/7 318/3948/7 4355/231/7
f 3321/8/8 225/15/8 88/15/8
f 4189/233/8 219/234/8 317/234/8
f 171/85/8 316/85/8 4358/84/8
f 82/64/8 156/64/8 4286/66/8
f 316/85/8 226/85/8 4360/84/8
f 156/64/8 89/64/8 3155/66/8
f 3057/239/56 1483/72/6 315/72/6
f 5648/240/58 1484/72/40 353/72/57
f 5646/241/37 1329/15/6 230/15/6
f 1487/238/60 314/238/60 1721/242/60
f 1488/238/6 354/238/4 4364/243/60
f 1396/24/10 313/24/41 4365/244/61
f 1491/238/10 231/238/10 618/237/10
f 1492/238/47 355/238/40 1958/242/60
f 1395/24/10 312/24/40 1959/81/41
f 5639/245/62 1718/246/62 527/25/50
f 614/17/12 227/17/12 4367/247/49
f 1497/248/48 310/248/40 1717/249/40
f 1498/248/43 357/248/79 4368/250/40
f 1392/26/34 309/26/34 4369/251/58
f 1502/248/65 358/248/45 1968/249/42
f 1391/26/53 308/26/53 1969/80/66
f 1505/83/7 307/83/7 523/27/7
f 1506/83/7 359/83/7 816/27/7
f 1331/16/7 234/16/7 817/21/7
f 1507/253/7 306/253/7 522/254/7
f 1508/253/7 360/253/7 820/254/7
f 1390/28/7 305/28/7 821/79/7
f 1509/253/7 187/253/14 409/254/14
f 1510/253/7 361/253/7 824/254/7
f 1389/28/7 304/28/7 825/79/7
f 1511/30/1 303/30/1 519/29/1
f 1512/30/1 362/30/1 828/29/1
f 1332/22/1 236/22/1 829/10/1
f 1513/203/1 302/203/1 518/235/1
f 1514/203/1 363/203/1 832/235/1
f 1388/77/1 301/77/1 833/78/1
f 1515/203/1 237/203/1 624/235/1
f 1516/203/1 364/203/1 836/235/1
f 1387/77/1 300/77/1 837/78/1
f 1517/72/8 299/72/8 515/23/8
f 1518/72/8 365/72/8 840/23/8
f 1333/15/8 238/15/8 841/18/8
f 1519/238/8 298/238/8 514/237/8
f 1520/238/8 366/238/8 844/237/8
f 1386/24/8 297/24/8 845/76/8
f 1521/238/8 239/238/8 626/237/8
f 1522/238/8 367/238/8 848/237/8
f 1385/24/8 296/24/8 849/76/8
f 1523/236/3 295/236/3 511/25/3
f 1524/236/3 368/236/3 852/25/3
f 1330/17/3 233/17/3 853/20/3
f 1525/248/3 294/248/3 510/252/3
f 1526/248/3 369/248/3 856/252/3
f 1384/26/3 293/26/3 857/75/3
f 1527/248/3 192/248/3 414/252/3
f 1528/248/3 370/248/3 860/252/3
f 1383/26/3 292/26/3 861/75/3
f 178/234/3 291/234/3 4213/233/3
f 226/85/3 290/85/3 4212/84/3
f 290/85/3 241/85/3 3229/84/3
f 3335/2/8 243/41/8 108/41/8
f 3199/255/8 165/256/8 289/256/8
f 213/74/8 288/74/8 4372/73/8
f 76/53/8 147/53/8 4282/63/8
f 288/74/8 244/74/8 4374/73/8
f 147/53/8 109/53/8 3158/63/8
f 3341/42/8 242/34/8 107/34/8
f 4192/257/8 229/238/8 287/238/8
f 181/72/8 286/72/8 4378/71/8
f 92/24/8 146/24/8 4280/68/8
f 286/72/8 197/72/8 4380/71/8
f 146/24/8 110/24/8 4247/68/8
f 3347/5/8 224/43/8 87/43/8
f 3202/258/8 168/259/8 285/259/8
f 216/70/8 284/70/8 4384/69/8
f 79/50/8 145/50/8 4278/67/8
f 284/70/8 246/70/8 4386/69/8
f 145/50/8 111/50/8 3160/67/8
f 1698/260/29 1662/260/29 4197/257/29
f 4197/257/29 247/238/29 283/238/29
f 1697/261/29 1628/261/29 4177/71/29
f 4177/71/29 199/72/29 1697/261/29
f 282/72/29 200/72/29 1629/261/29
f 196/256/1 281/256/1 4205/255/1
f 244/74/1 280/74/1 4204/73/1
f 280/74/1 249/74/1 3234/73/1
f 245/238/17 279/238/17 4203/257/17
f 197/72/17 278/72/17 4202/71/17
f 278/72/17 199/72/17 4177/71/17
f 198/259/2 277/259/2 4201/258/2
f 246/70/2 276/70/2 4200/69/2
f 276/70/2 250/70/2 3235/69/2
f 203/234/1 275/234/1 1690/262/1
f 251/85/1 274/85/1 1689/263/1
f 274/85/1 252/85/1 1343/263/1
f 1688/264/30 1307/264/30 3215/258/30
f 3215/258/30 202/259/30 273/259/30
f 1687/265/30 1341/265/30 3235/69/30
f 3235/69/30 250/70/30 1687/265/30
f 272/70/30 253/70/30 1344/265/30
f 1686/262/31 1300/262/31 3209/233/31
f 3209/233/31 193/234/31 271/234/31
f 1685/263/31 1334/263/31 3229/84/31
f 3229/84/31 241/85/31 1685/263/31
f 270/85/31 251/85/31 1342/263/31
f 1684/266/32 1306/266/32 3214/255/32
f 3214/255/32 201/256/32 269/256/32
f 1683/267/32 1340/267/32 3234/73/32
f 3234/73/32 249/74/32 1683/267/32
f 268/74/32 254/74/32 1345/267/32
f 1547/268/8 267/1230/8 1682/269/8
f 1548/271/8 371/1229/8 2014/272/8
f 1637/261/8 208/72/8 2015/274/8
f 1551/276/8 266/1225/8 1681/277/8
f 1552/279/8 372/1224/8 2018/280/8
f 1356/282/8 265/1222/8 2019/283/8
f 1555/285/8 209/1219/8 1638/286/8
f 1556/288/8 373/1218/8 2022/289/8
f 1355/291/8 264/1216/8 2023/292/8
f 206/256/3 263/256/3 1678/266/3
f 254/74/3 262/74/3 1677/267/3
f 262/74/3 257/74/3 1348/267/3
f 248/238/2 261/238/2 1676/260/2
f 200/72/2 260/72/2 1675/261/2
f 260/72/2 208/72/2 1637/261/2
f 205/259/17 259/259/17 1674/264/17
f 253/70/17 258/70/17 1673/265/17
f 258/70/17 255/70/17 1346/265/17
f 259/259/17 207/259/17 1312/264/17
f 261/238/2 256/238/2 1671/260/2
f 263/256/3 209/256/3 1314/266/3
f 1559/294/8 257/1213/8 1672/295/8
f 1560/297/8 374/1212/8 2026/298/8
f 1671/260/8 256/238/8 2027/300/8
f 1684/266/32 269/256/32 206/256/32
f 1686/262/31 271/234/31 203/234/31
f 1688/264/30 273/259/30 205/259/30
f 275/234/1 204/234/1 1309/262/1
f 277/259/2 202/259/2 3215/258/2
f 279/238/17 247/238/17 4197/257/17
f 281/256/1 201/256/1 3214/255/1
f 1698/260/29 283/238/29 248/238/29
f 3353/5/8 176/43/8 59/43/8
f 4207/258/8 285/259/8 198/259/8
f 3355/42/8 194/34/8 57/34/8
f 4209/257/8 287/238/8 245/238/8
f 3357/2/8 195/41/8 58/41/8
f 4211/255/8 289/256/8 196/256/8
f 291/234/3 193/234/3 3209/233/3
f 1569/236/3 240/236/3 458/25/3
f 1570/236/3 375/236/3 904/25/3
f 1296/17/3 185/17/3 905/20/3
f 1571/72/8 191/72/8 582/23/8
f 1572/72/8 376/72/8 908/23/8
f 1299/15/8 190/15/8 909/18/8
f 1573/30/1 189/30/1 580/29/1
f 1574/30/1 377/30/1 912/29/1
f 1298/22/1 188/22/1 913/10/1
f 1575/83/7 235/83/14 453/27/14
f 1576/83/7 378/83/7 916/27/7
f 1297/16/7 186/16/7 917/21/7
f 2146/25/90 2149/246/76 450/25/13
f 2149/246/76 918/236/67 450/25/13
f 5629/245/46 2042/246/46 920/25/50
f 570/17/12 179/17/12 2043/19/38
f 2138/23/43 1579/72/43 183/72/10
f 3032/239/43 1580/72/5 380/72/59
f 3031/82/68 1295/15/9 182/15/6
f 3359/8/8 177/15/8 60/15/8
f 4215/233/8 317/234/8 178/234/8
f 3360/302/7 217/4167/7 4187/303/7
f 3361/305/7 381/3937/7 4398/306/7
f 3206/308/7 175/253/7 4399/309/7
f 959/29/57 2117/199/6 5615/311/5
f 3027/199/57 1590/30/57 382/30/48
f 3026/96/39 1291/22/40 173/22/48
f 3364/312/3 219/234/3 4189/233/3
f 3365/314/3 383/3906/3 4402/315/3
f 3204/317/3 170/248/3 4403/318/3
f 3368/320/2 168/259/2 3202/258/2
f 3369/322/2 384/3874/2 4406/323/2
f 3201/325/2 167/4114/2 4407/326/2
f 3372/328/1 165/256/1 3199/255/1
f 3373/330/1 385/3842/1 4410/331/1
f 3198/333/1 164/4204/1 4411/334/1
f 3628/336/1 947/3838/1 4159/337/1
f 3629/339/1 948/3837/1 4414/340/1
f 3450/342/1 557/3835/1 4415/343/1
f 3632/345/1 946/3832/1 4158/346/1
f 3633/348/1 949/3831/1 4418/349/1
f 3625/351/1 945/3829/1 4419/352/1
f 3636/354/1 558/454/1 3451/355/1
f 3637/357/1 950/3826/1 4422/358/1
f 3624/360/1 944/3824/1 4423/361/1
f 3640/363/2 943/3821/2 4155/364/2
f 3641/366/2 951/3820/2 4426/367/2
f 3453/369/2 560/3818/2 4427/370/2
f 3644/372/2 942/3815/2 4154/373/2
f 3645/375/2 952/3814/2 4430/376/2
f 3621/378/2 941/3812/2 4431/379/2
f 3648/381/2 561/459/2 3454/382/2
f 3649/384/2 953/3809/2 4434/385/2
f 3620/387/2 940/3807/2 4435/388/2
f 3652/390/3 939/3804/3 4151/391/3
f 3653/393/3 954/3803/3 4438/394/3
f 3456/396/3 563/75/3 4439/397/3
f 3656/399/3 938/3799/3 4150/400/3
f 3657/402/3 955/3798/3 4442/403/3
f 3617/405/3 937/3796/3 4443/406/3
f 3660/408/3 439/447/3 3937/409/3
f 3661/411/3 956/3793/3 4446/412/3
f 3616/414/3 936/3791/3 4447/415/3
f 2989/417/40 2106/10/48 935/10/48
f 2988/417/57 2107/10/57 957/10/48
f 2987/96/40 1755/22/40 566/22/48
f 2986/418/57 2110/29/48 934/29/48
f 2985/418/37 2111/29/37 958/29/48
f 2984/199/57 2055/30/48 933/30/48
f 539/77/70 2116/418/69 5469/419/5
f 2983/418/57 2115/29/57 959/29/57
f 2982/199/40 2054/30/40 932/30/48
f 3664/420/7 931/3788/7 4147/421/7
f 3665/423/7 960/3787/7 4450/424/7
f 3458/426/7 568/79/7 4451/427/7
f 3668/429/7 930/3783/7 4146/430/7
f 3669/432/7 961/3782/7 4454/433/7
f 3613/435/7 929/3780/7 4455/436/7
f 3672/438/7 437/3777/7 3935/439/7
f 3673/441/7 962/3776/7 4458/442/7
f 3612/444/7 928/3774/7 4459/445/7
f 3963/409/8 534/447/8 569/447/8
f 3611/448/8 927/449/8 400/449/8
f 3610/448/8 926/449/8 927/449/8
f 91/28/74 155/28/82 446/27/74
f 155/28/82 1258/450/72 446/27/74
f 2972/261/10 2130/18/6 925/18/6
f 2971/261/43 2131/18/10 963/18/6
f 2970/82/10 1759/15/9 573/15/6
f 2969/52/43 2134/23/59 924/23/59
f 2968/52/43 2135/23/43 964/23/59
f 2967/239/43 2045/72/59 923/72/59
f 1254/24/39 2138/23/43 574/23/10
f 924/23/59 2046/239/56 5430/451/10
f 966/20/13 921/20/13 1578/452/38
f 696/20/46 966/20/13 2140/452/33
f 90/17/12 570/17/12 2141/19/33
f 2142/25/63 920/25/50 1577/453/50
f 2143/25/71 967/25/50 2144/453/50
f 5428/245/71 2145/246/90 967/25/50
f 2147/25/13 968/25/50 2148/453/13
f 2150/21/7 917/21/7 378/83/7
f 2151/21/7 969/21/7 915/83/7
f 1761/16/7 577/16/7 969/21/7
f 2152/27/7 916/27/7 304/28/7
f 2153/27/7 970/27/7 689/28/7
f 2041/83/7 915/83/7 970/27/7
f 2154/27/7 453/27/14 98/28/14
f 2155/27/7 971/27/7 520/28/7
f 2040/83/7 914/83/7 971/27/7
f 2156/10/1 913/10/1 377/30/1
f 2157/10/1 972/10/1 911/30/1
f 1762/22/1 579/22/1 972/10/1
f 2158/29/1 912/29/1 300/77/1
f 2159/29/1 973/29/1 685/77/1
f 2039/30/1 911/30/1 973/29/1
f 2160/29/1 580/29/1 100/77/1
f 2161/29/1 974/29/1 516/77/1
f 2038/30/1 910/30/1 974/29/1
f 2162/18/8 909/18/8 376/72/8
f 2163/18/8 975/18/8 907/72/8
f 1763/15/8 581/15/8 975/18/8
f 2164/23/8 908/23/8 296/24/8
f 2165/23/8 976/23/8 681/24/8
f 2037/72/8 907/72/8 976/23/8
f 2166/23/8 582/23/8 102/24/8
f 2167/23/8 977/23/8 512/24/8
f 2036/72/8 906/72/8 977/23/8
f 2168/20/3 905/20/3 375/236/3
f 2169/20/3 978/20/3 903/236/3
f 1760/17/3 576/17/3 978/20/3
f 2170/25/3 904/25/3 292/26/3
f 2171/25/3 979/25/3 677/26/3
f 2035/236/3 903/236/3 979/25/3
f 2172/25/3 458/25/3 103/26/3
f 2173/25/3 980/25/3 508/26/3
f 2034/236/3 902/236/3 980/25/3
f 507/447/3 584/447/3 3461/409/3
f 3959/355/8 505/454/8 585/454/8
f 3609/455/8 901/456/8 416/456/8
f 3608/455/8 900/456/8 901/456/8
f 3957/457/8 503/76/8 461/76/8
f 3607/458/8 899/237/8 630/237/8
f 3606/458/8 898/237/8 899/237/8
f 3955/382/8 501/459/8 587/459/8
f 3605/460/8 897/461/8 418/461/8
f 3604/460/8 896/461/8 897/461/8
f 1233/81/29 499/76/29 464/76/29
f 497/454/1 590/454/1 3466/355/1
f 495/76/17 463/76/17 3945/457/17
f 493/459/2 591/459/2 3467/382/2
f 491/447/1 593/447/1 1773/462/1
f 1223/463/30 489/459/30 594/459/30
f 1221/462/31 487/447/31 592/447/31
f 1219/464/32 485/454/32 595/454/32
f 2174/465/8 895/1210/8 1562/466/8
f 2175/468/8 981/2576/8 2176/469/8
f 1206/81/8 472/76/8 2177/471/8
f 2178/473/8 894/2570/8 1561/474/8
f 2179/476/8 982/2573/8 2180/477/8
f 2025/479/8 893/2578/8 2181/480/8
f 2182/482/8 473/3009/8 1207/483/8
f 2183/485/8 983/2569/8 2184/486/8
f 2024/488/8 892/1211/8 2185/489/8
f 479/454/3 598/454/3 1778/464/3
f 477/76/2 472/76/2 1206/81/2
f 475/459/17 596/459/17 1776/463/17
f 474/491/17 640/491/17 1810/492/17
f 638/491/17 474/491/17 1208/492/17
f 594/459/17 475/459/17 1209/463/17
f 476/18/2 428/18/2 1172/82/2
f 420/18/2 476/18/2 1210/82/2
f 464/76/2 477/76/2 1211/81/2
f 478/493/3 642/493/3 1812/494/3
f 639/493/3 478/493/3 1212/494/3
f 595/454/3 479/454/3 1213/464/3
f 2186/495/8 891/1215/8 1558/496/8
f 2187/498/8 984/2566/8 2188/499/8
f 1819/501/8 649/2575/8 2189/502/8
f 2190/504/8 890/2555/8 1557/505/8
f 2191/507/8 985/2561/8 2192/508/8
f 2021/510/8 889/2568/8 2193/511/8
f 2194/513/8 429/3010/8 1173/514/8
f 2195/516/8 986/2554/8 2196/517/8
f 2020/519/8 888/1217/8 2197/520/8
f 2198/522/8 887/1221/8 1554/523/8
f 2199/525/8 987/2552/8 2200/526/8
f 1820/528/8 650/2538/8 2201/529/8
f 2202/531/8 886/2542/8 1553/532/8
f 2203/534/8 988/2548/8 2204/535/8
f 2017/537/8 885/2553/8 2205/538/8
f 2206/540/8 482/2562/8 1216/541/8
f 2207/543/8 989/2541/8 2208/544/8
f 2016/546/8 884/1223/8 2209/547/8
f 2210/549/8 883/1227/8 1550/550/8
f 2211/552/8 990/2539/8 2212/553/8
f 1172/82/8 428/18/8 2213/555/8
f 2214/557/8 882/2534/8 1549/558/8
f 2215/560/8 991/2537/8 2216/561/8
f 2013/563/8 881/2540/8 2217/564/8
f 2218/566/8 483/2574/8 1217/567/8
f 2219/569/8 992/2533/8 2220/570/8
f 2012/572/8 880/1228/8 2221/573/8
f 484/493/32 639/493/32 1809/494/32
f 1218/494/32 1804/494/32 3486/579/32
f 3486/579/32 634/493/32 1218/494/32
f 1219/464/32 1770/464/32 3466/355/32
f 3466/355/32 590/454/32 485/454/32
f 486/575/31 636/575/31 1806/576/31
f 1220/576/31 1798/576/31 3481/584/31
f 3481/584/31 628/575/31 1220/576/31
f 1221/462/31 1764/462/31 3461/409/31
f 3461/409/31 584/447/31 487/447/31
f 488/491/30 638/491/30 1808/492/30
f 1222/492/30 1805/492/30 3487/577/30
f 3487/577/30 635/491/30 1222/492/30
f 1223/463/30 1771/463/30 3467/382/30
f 3467/382/30 591/459/30 489/459/30
f 490/575/1 637/575/1 1807/576/1
f 636/575/1 490/575/1 1224/576/1
f 592/447/1 491/447/1 1225/462/1
f 492/491/2 635/491/2 3487/577/2
f 631/491/2 492/491/2 3948/577/2
f 587/459/2 493/459/2 3949/382/2
f 494/18/17 419/18/17 3925/578/17
f 417/18/17 494/18/17 3950/578/17
f 461/76/17 495/76/17 3951/457/17
f 496/493/1 634/493/1 3486/579/1
f 629/493/1 496/493/1 3952/579/1
f 585/454/1 497/454/1 3953/355/1
f 498/18/29 420/18/29 1164/82/29
f 1232/82/29 1163/82/29 3925/578/29
f 3925/578/29 419/18/29 1232/82/29
f 1233/81/29 1197/81/29 3945/457/29
f 3945/457/29 463/76/29 499/76/29
f 669/580/8 462/580/8 3412/581/8
f 500/491/8 879/491/8 4135/577/8
f 879/491/8 878/491/8 4134/577/8
f 436/580/8 669/580/8 4026/581/8
f 605/491/8 877/491/8 4133/577/8
f 877/491/8 876/491/8 4132/577/8
f 3454/382/8 561/459/8 501/459/8
f 3599/460/8 875/461/8 670/461/8
f 3598/460/8 874/461/8 875/461/8
f 671/23/8 586/23/8 3995/451/8
f 502/18/8 873/18/8 4129/578/8
f 873/18/8 872/18/8 4128/578/8
f 572/23/8 671/23/8 4028/451/8
f 403/18/8 871/18/8 4127/578/8
f 871/18/8 870/18/8 4126/578/8
f 3940/457/8 447/76/8 503/76/8
f 3593/458/8 869/237/8 672/237/8
f 3592/458/8 868/237/8 869/237/8
f 673/582/8 460/582/8 3410/583/8
f 504/493/8 867/493/8 4123/579/8
f 867/493/8 866/493/8 4122/579/8
f 433/582/8 673/582/8 4030/583/8
f 602/493/8 865/493/8 4121/579/8
f 865/493/8 864/493/8 4120/579/8
f 3451/355/8 558/454/8 505/454/8
f 3587/455/8 863/456/8 674/456/8
f 3586/455/8 862/456/8 863/456/8
f 506/575/3 628/575/3 3481/584/3
f 613/575/3 506/575/3 3960/584/3
f 569/447/3 507/447/3 3961/409/3
f 2222/75/3 861/75/3 370/248/3
f 2223/75/3 993/75/3 859/248/3
f 1847/26/3 677/26/3 993/75/3
f 2224/252/3 860/252/3 190/15/3
f 2225/252/3 994/252/3 581/15/3
f 1993/248/3 859/248/3 994/252/3
f 2226/252/3 414/252/3 16/15/3
f 2227/252/3 995/252/3 412/15/3
f 1992/248/3 858/248/3 995/252/3
f 2228/75/3 857/75/3 369/248/3
f 2229/75/3 996/75/3 855/248/3
f 1848/26/3 678/26/3 996/75/3
f 2230/252/3 856/252/3 238/15/3
f 2231/252/3 997/252/3 625/15/3
f 1991/248/3 855/248/3 997/252/3
f 2232/252/3 510/252/3 101/15/3
f 2233/252/3 998/252/3 456/15/3
f 1990/248/3 854/248/3 998/252/3
f 2234/20/3 853/20/3 368/236/3
f 2235/20/3 999/20/3 851/236/3
f 1794/17/3 620/17/3 999/20/3
f 2236/25/3 852/25/3 293/26/3
f 2237/25/3 1000/25/3 678/26/3
f 1989/236/3 851/236/3 1000/25/3
f 2238/25/3 511/25/3 149/26/3
f 2239/25/3 1001/25/3 509/26/3
f 1988/236/3 850/236/3 1001/25/3
f 2240/76/8 849/76/8 367/238/8
f 2241/76/8 1002/76/8 847/238/8
f 1849/24/8 681/24/8 1002/76/8
f 2242/237/8 848/237/8 188/34/8
f 2243/237/8 1003/237/8 579/34/8
f 1987/238/8 847/238/8 1003/237/8
f 2244/237/8 626/237/8 14/34/8
f 2245/237/8 1004/237/8 410/34/8
f 1986/238/8 846/238/8 1004/237/8
f 2246/76/8 845/76/8 366/238/8
f 2247/76/8 1005/76/8 843/238/8
f 1850/24/8 682/24/8 1005/76/8
f 2248/237/8 844/237/8 236/34/8
f 2249/237/8 1006/237/8 623/34/8
f 1985/238/8 843/238/8 1006/237/8
f 2250/237/8 514/237/8 99/34/8
f 2251/237/8 1007/237/8 454/34/8
f 1984/238/8 842/238/8 1007/237/8
f 2252/18/8 841/18/8 365/72/8
f 2253/18/8 1008/18/8 839/72/8
f 1797/15/8 625/15/8 1008/18/8
f 2254/23/8 840/23/8 297/24/8
f 2255/23/8 1009/23/8 682/24/8
f 1983/72/8 839/72/8 1009/23/8
f 2256/23/8 515/23/8 150/24/8
f 2257/23/8 1010/23/8 513/24/8
f 1982/72/8 838/72/8 1010/23/8
f 2258/78/1 837/78/1 364/203/1
f 2259/78/1 1011/78/1 835/203/1
f 1851/77/1 685/77/1 1011/78/1
f 2260/235/1 836/235/1 186/31/1
f 2261/235/1 1012/235/1 577/31/1
f 1981/203/1 835/203/1 1012/235/1
f 2262/235/1 624/235/1 13/31/1
f 2263/235/1 1013/235/1 408/31/1
f 1980/203/1 834/203/1 1013/235/1
f 2264/78/1 833/78/1 363/203/1
f 2265/78/1 1014/78/1 831/203/1
f 1852/77/1 686/77/1 1014/78/1
f 2266/235/1 832/235/1 234/31/1
f 2267/235/1 1015/235/1 621/31/1
f 1979/203/1 831/203/1 1015/235/1
f 2268/235/1 518/235/1 97/31/1
f 2269/235/1 1016/235/1 452/31/1
f 1978/203/1 830/203/1 1016/235/1
f 2270/10/1 829/10/1 362/30/1
f 2271/10/1 1017/10/1 827/30/1
f 1796/22/1 623/22/1 1017/10/1
f 2272/29/1 828/29/1 301/77/1
f 2273/29/1 1018/29/1 686/77/1
f 1977/30/1 827/30/1 1018/29/1
f 2274/29/1 519/29/1 151/77/1
f 2275/29/1 1019/29/1 517/77/1
f 1976/30/1 826/30/1 1019/29/1
f 2276/79/7 825/79/7 361/253/7
f 2277/79/7 1020/79/7 823/253/7
f 1853/28/7 689/28/7 1020/79/7
f 2278/254/7 824/254/7 185/17/7
f 2279/254/7 1021/254/7 576/17/7
f 1975/253/7 823/253/7 1021/254/7
f 2280/254/7 409/254/14 15/17/14
f 2281/254/7 1022/254/7 407/17/7
f 1974/253/7 822/253/7 1022/254/7
f 2282/79/7 821/79/7 360/253/7
f 2283/79/7 1023/79/7 819/253/7
f 1854/28/7 690/28/7 1023/79/7
f 2284/254/7 820/254/7 233/17/7
f 2285/254/7 1024/254/7 620/17/7
f 1973/253/7 819/253/7 1024/254/7
f 2286/254/7 522/254/7 96/17/7
f 2287/254/7 1025/254/7 451/17/7
f 1972/253/7 818/253/7 1025/254/7
f 2288/21/7 817/21/7 359/83/7
f 2289/21/7 1026/21/7 815/83/7
f 1795/16/7 621/16/7 1026/21/7
f 2290/27/7 816/27/7 305/28/7
f 2291/27/7 1027/27/7 690/28/7
f 1971/83/7 815/83/7 1027/27/7
f 2292/27/7 523/27/7 152/28/7
f 2293/27/7 1028/27/7 521/28/7
f 1970/83/7 814/83/7 1028/27/7
f 2294/75/60 813/75/9 1504/585/66
f 2295/75/41 1029/75/4 2296/585/42
f 1855/26/53 693/26/66 2297/80/58
f 2298/252/59 812/252/48 1503/586/42
f 2299/252/58 1030/252/42 2300/586/42
f 1967/248/65 811/248/42 2301/249/42
f 2303/252/64 1031/252/45 2304/586/77
f 1966/248/78 810/248/45 2305/249/64
f 2306/75/43 809/75/43 4117/587/59
f 2307/75/5 1032/75/5 4460/587/59
f 1856/26/34 694/26/34 4461/251/58
f 2310/252/61 808/252/44 4116/588/40
f 2311/252/79 1033/252/61 4462/588/40
f 1963/248/43 807/248/43 4463/250/59
f 2314/252/60 526/252/9 1252/586/40
f 2316/586/61 2912/586/10 5411/588/42
f 5411/588/42 2315/252/59 2316/586/61
f 2317/249/41 2911/249/59 5409/250/59
f 5409/250/59 1962/248/40 2317/249/41
f 1035/20/80 805/20/38 4115/589/38
f 607/20/44 1035/20/80 4464/589/44
f 5/17/12 614/17/12 4465/247/33
f 2320/25/48 804/25/9 4114/590/66
f 2321/25/48 1036/25/48 4466/590/66
f 2324/25/63 527/25/50 1253/453/50
f 2326/453/81 2907/453/11 5400/590/50
f 5400/590/50 2325/25/11 2326/453/81
f 5397/245/66 2327/246/43 1037/25/76
f 2328/76/10 801/76/40 1494/260/60
f 2329/76/10 1038/76/41 2330/260/60
f 1859/24/10 697/24/41 2331/81/61
f 2332/237/47 800/237/40 1493/44/6
f 2333/237/47 1039/237/60 2334/44/6
f 1957/238/10 799/238/60 2335/242/60
f 2336/237/40 618/237/10 10/34/61
f 2338/76/6 797/76/4 4113/591/4
f 2339/76/60 1041/76/6 4468/591/4
f 1860/24/10 698/24/10 4469/244/61
f 2342/237/69 796/237/5 4112/592/60
f 2343/237/6 1042/237/6 4470/592/60
f 1953/238/6 795/238/6 4471/243/4
f 2346/237/10 530/237/40 1256/44/6
f 2347/237/10 1043/237/60 2348/44/6
f 1952/238/60 794/238/4 2349/242/4
f 5380/593/60 2350/18/40 793/18/43
f 5378/593/58 2351/18/40 1044/18/40
f 5376/241/68 1793/15/6 617/15/6
f 5374/594/59 2354/23/42 792/23/58
f 5372/594/59 2355/23/42 1045/23/42
f 5370/240/59 1949/72/40 791/72/40
f 2885/52/47 2358/23/6 531/23/6
f 2884/52/79 2359/23/10 1046/23/6
f 2883/239/5 1948/72/6 790/72/40
f 571/79/74 701/79/98 1863/4550/99
f 1863/4550/99 155/28/82 571/79/74
f 702/595/8 444/595/8 3407/596/8
f 533/575/8 789/575/8 4109/584/8
f 789/575/8 788/575/8 4108/584/8
f 564/595/8 702/595/8 4034/596/8
f 395/575/8 787/575/8 4107/584/8
f 787/575/8 786/575/8 4106/584/8
f 3937/409/8 439/447/8 534/447/8
f 3573/448/8 785/449/8 703/449/8
f 3572/448/8 784/449/8 785/449/8
f 3692/597/7 783/3771/7 4103/598/7
f 3693/600/7 1047/3770/7 4478/601/7
f 3504/603/7 704/3768/7 4479/604/7
f 3696/606/7 782/3765/7 4102/607/7
f 3697/609/7 1048/3764/7 4482/610/7
f 3569/612/7 781/3762/7 4483/613/7
f 3700/615/7 393/3759/7 3915/616/7
f 3701/618/7 1049/3758/7 4486/619/7
f 3568/621/7 780/3756/7 4487/622/7
f 3704/624/7 779/3753/7 4099/625/7
f 3705/627/7 1050/3752/7 4490/628/7
f 3505/630/7 705/3750/7 4491/631/7
f 3708/633/7 778/3747/7 4098/634/7
f 3709/636/7 1051/3746/7 4494/637/7
f 3565/639/7 777/3744/7 4495/640/7
f 3712/642/7 537/3741/7 3966/643/7
f 3713/645/7 1052/3740/7 4498/646/7
f 3564/648/7 776/3738/7 4499/649/7
f 3716/651/7 775/3735/7 4095/652/7
f 3717/654/7 1053/3734/7 4502/655/7
f 3478/657/7 612/21/7 4503/658/7
f 3720/660/7 774/3730/7 4094/661/7
f 3721/663/7 1054/3729/7 4506/664/7
f 3561/666/7 773/3727/7 4507/667/7
f 3724/669/7 538/3724/7 3967/670/7
f 3725/672/7 1055/3723/7 4510/673/7
f 3560/675/7 772/3721/7 4511/676/7
f 2855/95/50 1870/77/45 708/77/45
f 2402/679/50 1057/235/33 770/235/33
f 1267/679/50 541/235/33 1057/235/33
f 1731/202/51 324/203/33 769/203/45
f 9/31/49 396/31/92 2404/679/55
f 2404/679/55 1058/235/45 611/235/37
f 1463/679/51 770/235/33 1058/235/45
f 1928/202/51 349/203/45 768/203/54
f 4512/680/50 1059/78/33 2406/78/63
f 3396/680/33 430/78/33 2407/78/63
f 5251/205/55 1871/77/45 709/77/45
f 4514/681/55 1060/235/33 766/235/33
f 3468/681/33 599/235/33 1060/235/33
f 3216/204/33 210/203/33 765/203/33
f 2412/679/50 1061/235/33 541/235/33
f 2412/679/50 1461/679/33 4090/681/51
f 4090/681/51 766/235/33 1061/235/33
f 2413/202/50 1926/202/33 764/203/87
f 1926/202/33 4342/204/13 764/203/87
f 5249/682/66 2414/10/45 763/10/44
f 5247/682/88 2415/10/45 1062/10/45
f 5245/201/9 1789/22/48 610/22/48
f 5243/683/38 2418/29/33 762/29/45
f 5241/683/38 2419/29/33 1063/29/33
f 5239/200/49 1923/30/45 761/30/45
f 2847/418/68 2422/29/48 542/29/48
f 2424/418/59 2846/418/79 1064/29/59
f 2846/418/79 5237/683/41 1064/29/59
f 2425/199/78 2845/199/43 760/30/65
f 2845/199/43 5235/200/76 760/30/65
f 3736/684/3 759/3718/3 4087/685/3
f 3737/687/3 1065/3717/3 4522/688/3
f 3508/690/3 712/3715/3 4523/691/3
f 3740/693/3 758/3712/3 4086/694/3
f 3741/696/3 1066/3711/3 4526/697/3
f 3553/699/3 757/3709/3 4527/700/3
f 3744/702/3 395/575/3 3917/584/3
f 3745/704/3 1067/3706/3 4530/705/3
f 3552/707/3 756/3704/3 4531/708/3
f 3748/710/3 755/3701/3 4083/711/3
f 3749/713/3 1068/3700/3 4534/714/3
f 3509/716/3 713/3698/3 4535/717/3
f 3752/719/3 754/3695/3 4082/720/3
f 3753/722/3 1069/3694/3 4538/723/3
f 3549/725/3 753/3692/3 4539/726/3
f 3756/728/3 545/3689/3 3970/729/3
f 3757/731/3 1070/3688/3 4542/732/3
f 3548/734/3 752/3686/3 4543/735/3
f 3760/737/3 751/3683/3 4079/738/3
f 3761/740/3 1071/3682/3 4546/741/3
f 3476/743/3 607/20/3 4547/744/3
f 3764/746/3 750/3678/3 4078/747/3
f 3765/749/3 1072/3677/3 4550/750/3
f 3545/752/3 749/3675/3 4551/753/3
f 3768/755/3 546/3672/3 3971/756/3
f 3769/758/3 1073/3671/3 4554/759/3
f 3544/761/3 748/3669/3 4555/762/3
f 3772/764/2 747/3666/2 4075/765/2
f 3773/767/2 1074/3665/2 4558/768/2
f 3512/770/2 716/3663/2 4559/771/2
f 3776/773/2 746/3660/2 4074/774/2
f 3777/776/2 1075/3659/2 4562/777/2
f 3541/779/2 745/3657/2 4563/780/2
f 3780/782/2 605/491/2 3474/577/2
f 3781/784/2 1076/3654/2 4566/785/2
f 3540/787/2 744/3652/2 4567/788/2
f 3784/790/2 743/3649/2 4071/791/2
f 3785/793/2 1077/3648/2 4570/794/2
f 3513/796/2 717/3646/2 4571/797/2
f 3788/799/2 742/3643/2 4070/800/2
f 3789/802/2 1078/3642/2 4574/803/2
f 3537/805/2 741/3640/2 4575/806/2
f 3792/808/2 549/3637/2 3974/809/2
f 3793/811/2 1079/3636/2 4578/812/2
f 3536/814/2 740/3634/2 4579/815/2
f 3796/817/2 739/3631/2 4067/818/2
f 3797/820/2 1080/3630/2 4582/821/2
f 3473/823/2 604/3628/2 4583/824/2
f 3800/826/2 738/3625/2 4066/827/2
f 3801/829/2 1081/3624/2 4586/830/2
f 3533/832/2 737/3622/2 4587/833/2
f 3804/835/2 550/3619/2 3975/836/2
f 3805/838/2 1082/3618/2 4590/839/2
f 3532/841/2 736/3616/2 4591/842/2
f 3808/844/1 735/3613/1 4063/845/1
f 3809/847/1 1083/3612/1 4594/848/1
f 3516/850/1 720/3610/1 4595/851/1
f 3812/853/1 734/3607/1 4062/854/1
f 3813/856/1 1084/3606/1 4598/857/1
f 3529/859/1 733/3604/1 4599/860/1
f 3816/862/1 602/493/1 3471/579/1
f 3817/864/1 1085/3601/1 4602/865/1
f 3528/867/1 732/3599/1 4603/868/1
f 3820/870/1 731/3596/1 4059/871/1
f 3821/873/1 1086/3595/1 4606/874/1
f 3517/876/1 721/3593/1 4607/877/1
f 3824/879/1 730/3590/1 4058/880/1
f 3825/882/1 1087/3589/1 4610/883/1
f 3525/885/1 729/3587/1 4611/886/1
f 3828/888/1 553/3584/1 3978/889/1
f 3829/891/1 1088/3583/1 4614/892/1
f 3524/894/1 728/3581/1 4615/895/1
f 3832/897/1 727/3578/1 4055/898/1
f 3833/900/1 1089/3577/1 4618/901/1
f 3470/903/1 601/3575/1 4619/904/1
f 3836/906/1 726/3572/1 4054/907/1
f 3837/909/1 1090/3571/1 4622/910/1
f 3521/912/1 725/3569/1 4623/913/1
f 3840/915/1 554/3566/1 3979/916/1
f 3841/918/1 1091/3565/1 4626/919/1
f 3520/921/1 724/3563/1 4627/922/1
f 3844/924/1 723/3560/1 4051/925/1
f 3845/927/1 1092/3559/1 4630/928/1
f 3398/930/1 432/3557/1 4631/931/1
f 3848/933/1 722/3554/1 4050/934/1
f 3849/936/1 1093/3553/1 4634/937/1
f 3445/939/1 552/3551/1 4635/940/1
f 3852/942/1 433/582/1 3399/583/1
f 3853/944/1 1094/3548/1 4638/945/1
f 3444/947/1 551/3546/1 4639/948/1
f 3856/950/2 719/3543/2 4047/951/2
f 3857/953/2 1095/3542/2 4642/954/2
f 3401/956/2 435/3540/2 4643/957/2
f 3860/959/2 718/3537/2 4046/960/2
f 3861/962/2 1096/3536/2 4646/963/2
f 3441/965/2 548/3534/2 4647/966/2
f 3864/968/2 436/580/2 3402/581/2
f 3865/970/2 1097/3531/2 4650/971/2
f 3440/973/2 547/3529/2 4651/974/2
f 3868/976/3 715/3526/3 4043/977/3
f 3869/979/3 1098/3525/3 4654/980/3
f 3404/245/3 438/25/3 4655/982/3
f 3872/984/3 714/3521/3 4042/985/3
f 3873/987/3 1099/3520/3 4658/988/3
f 3437/990/3 544/3518/3 4659/991/3
f 3876/993/3 564/595/3 3989/596/3
f 3877/995/3 1100/3515/3 4662/996/3
f 3436/998/3 543/3513/3 4663/999/3
f 2736/417/48 2570/10/44 711/10/48
f 2572/417/37 2735/417/59 1101/10/37
f 2735/417/59 4801/682/61 1101/10/37
f 2573/96/37 2734/96/59 441/22/44
f 2734/96/59 4799/201/61 441/22/44
f 4091/680/55 767/78/33 2575/78/63
f 2577/95/89 2733/95/84 540/77/64
f 2733/95/84 4793/205/76 540/77/64
f 2732/95/37 1729/77/45 539/77/70
f 3880/1001/7 707/3510/7 4039/1002/7
f 3881/1004/7 1104/3509/7 4666/1005/7
f 3406/1007/7 443/27/7 4667/1008/7
f 3884/1010/7 706/3505/7 4038/1011/7
f 3885/1013/7 1105/3504/7 4670/1014/7
f 3433/1016/7 536/3502/7 4671/1017/7
f 3888/1019/7 562/3499/7 3987/1020/7
f 3889/1022/7 1106/3498/7 4674/1023/7
f 3432/1025/7 535/3496/7 4675/1026/7
f 4009/448/8 608/449/8 784/449/8
f 786/575/8 533/575/8 3962/584/8
f 788/575/8 613/575/8 3479/584/8
f 2722/261/56 2594/18/43 700/18/6
f 2721/261/56 2595/18/56 1107/18/43
f 2720/82/56 1653/15/57 448/15/44
f 2598/76/60 699/76/40 1397/260/60
f 2599/76/60 1108/76/4 2600/260/4
f 1720/24/9 529/24/41 2601/81/61
f 2602/76/40 449/76/10 231/238/10
f 1110/20/46 696/20/46 1394/452/33
f 2604/452/33 1496/452/87 4115/589/38
f 4115/589/38 805/20/38 1110/20/46
f 2605/19/33 1961/19/38 4367/247/49
f 4367/247/49 227/17/12 445/17/12
f 2606/75/48 695/75/9 1393/585/40
f 2608/585/56 2715/585/40 4751/587/59
f 4751/587/59 2607/75/4 2608/585/56
f 2609/80/56 2714/80/4 4749/251/58
f 4749/251/58 1716/26/65 2609/80/56
f 2611/75/51 1112/75/33 2612/585/12
f 1715/26/34 524/26/9 2613/80/34
f 2614/21/7 692/21/7 307/83/7
f 2615/21/7 1113/21/7 814/83/7
f 1655/16/7 452/16/7 1113/21/7
f 2616/79/7 691/79/7 306/253/7
f 2617/79/7 1114/79/7 818/253/7
f 1714/28/7 521/28/7 1114/79/7
f 2618/79/7 578/79/14 187/253/14
f 2619/79/7 1115/79/7 822/253/7
f 1713/28/7 520/28/7 1115/79/7
f 2620/10/1 688/10/1 303/30/1
f 2621/10/1 1116/10/1 826/30/1
f 1656/22/1 454/22/1 1116/10/1
f 2622/78/1 687/78/1 302/203/1
f 2623/78/1 1117/78/1 830/203/1
f 1712/77/1 517/77/1 1117/78/1
f 2624/78/1 455/78/1 237/203/1
f 2625/78/1 1118/78/1 834/203/1
f 1711/77/1 516/77/1 1118/78/1
f 2626/18/8 684/18/8 299/72/8
f 2627/18/8 1119/18/8 838/72/8
f 1657/15/8 456/15/8 1119/18/8
f 2628/76/8 683/76/8 298/238/8
f 2629/76/8 1120/76/8 842/238/8
f 1710/24/8 513/24/8 1120/76/8
f 2630/76/8 457/76/8 239/238/8
f 2631/76/8 1121/76/8 846/238/8
f 1709/24/8 512/24/8 1121/76/8
f 2632/20/3 680/20/3 295/236/3
f 2633/20/3 1122/20/3 850/236/3
f 1654/17/3 451/17/3 1122/20/3
f 2634/75/3 679/75/3 294/248/3
f 2635/75/3 1123/75/3 854/248/3
f 1708/26/3 509/26/3 1123/75/3
f 2636/75/3 583/75/3 192/248/3
f 2637/75/3 1124/75/3 858/248/3
f 1707/26/3 508/26/3 1124/75/3
f 400/449/3 676/449/3 4033/448/3
f 444/595/3 675/595/3 4032/596/3
f 675/595/3 459/595/3 3409/596/3
f 3379/455/8 389/456/8 862/456/8
f 864/493/8 504/493/8 3958/579/8
f 866/493/8 629/493/8 3482/579/8
f 4012/458/8 616/237/8 868/237/8
f 870/18/8 502/18/8 3956/578/8
f 872/18/8 417/18/8 3923/578/8
f 3382/460/8 392/461/8 874/461/8
f 876/491/8 500/491/8 3954/577/8
f 878/491/8 631/491/8 3484/577/8
f 1374/242/29 1338/242/29 668/237/29
f 1338/242/29 4017/458/29 668/237/29
f 1373/239/29 1304/239/29 3997/451/29
f 3997/451/29 588/23/29 667/23/29
f 667/23/29 589/23/29 1305/239/29
f 416/456/1 666/456/1 4025/455/1
f 460/582/1 665/582/1 4024/583/1
f 665/582/1 465/582/1 3414/583/1
f 630/237/17 664/237/17 4023/458/17
f 586/23/17 663/23/17 4022/451/17
f 663/23/17 588/23/17 3997/451/17
f 418/461/2 662/461/2 4021/460/2
f 462/580/2 661/580/2 4020/581/2
f 661/580/2 466/580/2 3415/581/2
f 423/449/1 660/449/1 1366/1028/1
f 467/595/1 659/595/1 1365/1029/1
f 659/595/1 468/595/1 1667/1029/1
f 1364/1059/30 1631/1059/30 658/461/30
f 1631/1059/30 3395/460/30 658/461/30
f 1363/1030/30 1665/1030/30 3415/581/30
f 3415/581/30 466/580/30 657/580/30
f 657/580/30 469/580/30 1668/1030/30
f 1362/1028/31 1624/1028/31 656/449/31
f 1624/1028/31 3389/448/31 656/449/31
f 1361/1029/31 1658/1029/31 3409/596/31
f 3409/596/31 459/595/31 655/595/31
f 655/595/31 467/595/31 1666/1029/31
f 1360/1058/32 1630/1058/32 654/456/32
f 1630/1058/32 3394/455/32 654/456/32
f 1359/1031/32 1664/1031/32 3414/583/32
f 3414/583/32 465/582/32 653/582/32
f 653/582/32 470/582/32 1669/1031/32
f 2638/1032/8 652/2577/8 1358/1033/8
f 2639/1035/8 1125/1226/8 2640/1036/8
f 1313/239/8 597/23/8 2641/1038/8
f 2642/1040/8 651/2567/8 1357/1041/8
f 2643/1043/8 1126/1220/8 2644/1044/8
f 1680/1046/8 481/2535/8 2645/1047/8
f 2646/1049/8 598/3441/8 1314/1050/8
f 2647/1052/8 1127/1214/8 2648/1053/8
f 1679/1055/8 480/2571/8 2649/1056/8
f 426/456/3 648/456/3 1354/1058/3
f 470/582/3 647/582/3 1353/1031/3
f 647/582/3 473/582/3 1672/1031/3
f 633/237/2 646/237/2 1352/242/2
f 589/23/2 645/23/2 1351/239/2
f 645/23/2 597/23/2 1313/239/2
f 425/461/17 644/461/17 1350/1059/17
f 469/580/17 643/580/17 1349/1030/17
f 643/580/17 471/580/17 1670/1030/17
f 644/461/17 427/461/17 1636/1059/17
f 646/237/2 641/237/2 1347/242/2
f 648/456/3 429/456/3 1638/1058/3
f 2650/1060/8 642/3442/8 1348/1061/8
f 2651/1063/8 1128/1209/8 2652/1064/8
f 1347/242/8 641/237/8 2653/1066/8
f 1360/1058/32 654/456/32 426/456/32
f 1362/1028/31 656/449/31 423/449/31
f 1364/1059/30 658/461/30 425/461/30
f 660/449/1 424/449/1 1633/1028/1
f 662/461/2 422/461/2 3395/460/2
f 664/237/17 632/237/17 4017/458/17
f 666/456/1 421/456/1 3394/455/1
f 1374/242/29 668/237/29 633/237/29
f 4027/460/8 670/461/8 896/461/8
f 4029/458/8 672/237/8 898/237/8
f 4031/455/8 674/456/8 900/456/8
f 676/449/3 415/449/3 3389/448/3
f 2654/20/3 627/20/3 240/236/3
f 2655/20/3 1129/20/3 902/236/3
f 1620/17/3 407/17/3 1129/20/3
f 2656/18/8 413/18/8 191/72/8
f 2657/18/8 1130/18/8 906/72/8
f 1623/15/8 412/15/8 1130/18/8
f 2658/10/1 411/10/1 189/30/1
f 2659/10/1 1131/10/1 910/30/1
f 1622/22/1 410/22/1 1131/10/1
f 2660/21/7 622/21/14 235/83/14
f 2661/21/7 1132/21/7 914/83/7
f 1621/16/7 408/16/7 1132/21/7
f 232/236/13 918/236/67 2662/452/38
f 2662/452/38 1133/20/33 232/236/13
f 921/20/13 1133/20/33 2662/452/38
f 179/17/12 401/17/12 2663/19/11
f 1579/72/43 2664/18/5 405/18/10
f 380/72/59 1582/261/57 4744/71/39
f 925/18/6 2047/82/40 4742/578/9
f 4035/448/8 703/449/8 926/449/8
f 3892/1068/7 606/3493/7 4007/1069/7
f 3893/1071/7 1135/3492/7 4678/1072/7
f 3386/1074/7 399/254/7 4679/1075/7
f 932/30/48 2672/417/6 4728/1077/5
f 2696/417/4 2671/10/4 1136/10/4
f 2695/96/4 1615/22/6 397/22/48
f 3896/1078/3 608/449/3 4009/448/3
f 3897/1080/3 1137/3488/3 4682/1081/3
f 3384/1083/3 394/252/3 4683/1084/3
f 3900/1086/2 392/461/2 3382/460/2
f 3901/1088/2 1138/3484/2 4686/1089/2
f 3381/1091/2 391/3482/2 4687/1092/2
f 3904/1094/1 389/456/1 3379/455/1
f 3905/1096/1 1139/3479/1 4690/1097/1
f 3378/1099/1 388/3477/1 4691/1100/1
f 4692/1102/1 2685/3476/1 3907/1103/1
f 4693/1105/1 2686/4544/1 4694/1106/1
f 4162/1108/1 1607/4216/1 4695/1109/1
f 4696/1111/1 2684/4539/1 3906/1112/1
f 4697/1114/1 2687/4541/1 4698/1115/1
f 4689/1117/1 2683/4546/1 4699/1118/1
f 4700/1120/1 1608/1058/1 4163/1121/1
f 4701/1123/1 2688/4538/1 4702/1124/1
f 4688/1126/1 2682/3478/1 4703/1127/1
f 4704/1129/2 2681/3481/2 3903/1130/2
f 4705/1132/2 2689/4535/2 4706/1133/2
f 4165/1135/2 1610/4126/2 4707/1136/2
f 4708/1138/2 2680/4530/2 3902/1139/2
f 4709/1141/2 2690/4532/2 4710/1142/2
f 4685/1144/2 2679/4537/2 4711/1145/2
f 4712/1147/2 1611/1059/2 4166/1148/2
f 4713/1150/2 2691/4529/2 4714/1151/2
f 4684/1153/2 2678/3483/2 4715/1154/2
f 4716/1156/3 2677/3486/3 3899/1157/3
f 4717/1159/3 2692/4526/3 4718/1160/3
f 4168/250/3 1613/249/3 4719/1162/3
f 4720/1164/3 2676/4521/3 3898/1165/3
f 4721/1167/3 2693/4523/3 4722/1168/3
f 4681/1170/3 2675/4528/3 4723/1171/3
f 4724/1173/3 1324/1028/3 3225/1174/3
f 4725/1176/3 2694/4520/3 4726/1177/3
f 4680/1179/3 2674/3487/3 4727/1180/3
f 2671/10/4 2695/96/4 2673/96/5
f 935/10/48 2057/96/6 2695/96/4
f 2057/96/6 173/22/48 1615/22/6
f 2054/30/40 2696/417/4 2672/417/6
f 382/30/48 1592/417/6 2696/417/4
f 1592/417/6 935/10/48 2671/10/4
f 4728/1077/5 2672/417/6 2670/10/6
f 398/10/37 174/30/37 1589/30/6
f 4729/417/58 2670/10/6 398/10/37
f 4730/1182/7 2669/3490/7 3895/1183/7
f 4731/1185/7 2697/4517/7 4732/1186/7
f 4170/1188/7 1616/4547/7 4733/1189/7
f 4734/1191/7 2668/4512/7 3894/1192/7
f 4735/1194/7 2698/4514/7 4736/1195/7
f 4677/1197/7 2667/4519/7 4737/1198/7
f 4738/1200/7 1322/4165/7 3223/1201/7
f 4739/1203/7 2699/4511/7 4740/1204/7
f 4676/1206/7 2666/3491/7 4741/1207/7
f 3251/1174/8 1400/1028/8 2048/1028/8
f 4742/578/9 2047/82/40 1619/15/41
f 404/15/59 1134/18/69 2665/18/56
f 4743/82/68 1619/15/41 404/15/59
f 4744/71/39 1582/261/57 2665/18/56
f 1134/18/69 922/72/43 2044/72/56
f 4745/261/60 2665/18/56 1134/18/69
f 922/72/43 1134/18/69 2664/18/5
f 2043/19/38 2663/19/11 1133/20/33
f 1578/452/38 2662/452/38 918/236/67
f 186/16/7 1621/16/7 2661/21/7
f 917/21/7 2661/21/7 2040/83/7
f 1132/21/7 2660/21/7 1575/83/7
f 188/22/1 1622/22/1 2659/10/1
f 913/10/1 2659/10/1 2038/30/1
f 1131/10/1 2658/10/1 1573/30/1
f 190/15/8 1623/15/8 2657/18/8
f 909/18/8 2657/18/8 2036/72/8
f 1130/18/8 2656/18/8 1571/72/8
f 185/17/3 1620/17/3 2655/20/3
f 905/20/3 2655/20/3 2034/236/3
f 1129/20/3 2654/20/3 1569/236/3
f 1382/1028/3 1624/1028/3 4173/1174/3
f 3247/1121/8 1380/1058/8 2032/1058/8
f 3245/243/8 1378/242/8 2030/242/8
f 3243/1148/8 1376/1059/8 2028/1059/8
f 283/238/29 1374/242/29 1339/242/29
f 1372/1058/1 1630/1058/1 4178/1121/1
f 1370/242/17 1338/242/17 3233/243/17
f 1368/1059/2 1631/1059/2 4179/1148/2
f 1366/1028/1 1633/1028/1 204/234/1
f 273/259/30 1364/1059/30 1634/1059/30
f 271/234/31 1362/1028/31 1632/1028/31
f 269/256/32 1360/1058/32 1635/1058/32
f 2700/1067/8 2653/1066/8 1128/1209/8
f 2027/300/8 2700/1067/8 2651/1063/8
f 256/238/8 1347/242/8 2700/1067/8
f 2701/1065/8 2652/1064/8 892/1211/8
f 1562/466/8 2701/1065/8 2024/488/8
f 895/1210/8 2651/1063/8 2701/1065/8
f 2702/1062/8 1348/1061/8 257/1213/8
f 2652/1064/8 2702/1062/8 1559/294/8
f 1128/1209/8 2650/1060/8 2702/1062/8
f 1354/1058/3 1638/1058/3 209/256/3
f 1352/242/2 1347/242/2 256/238/2
f 1350/1059/17 1636/1059/17 207/259/17
f 1349/1030/17 1670/1030/17 255/70/17
f 1668/1030/17 1349/1030/17 258/70/17
f 1634/1059/17 1350/1059/17 259/259/17
f 1351/239/2 1313/239/2 208/72/2
f 1305/239/2 1351/239/2 260/72/2
f 1339/242/2 1352/242/2 261/238/2
f 1353/1031/3 1672/1031/3 257/74/3
f 1669/1031/3 1353/1031/3 262/74/3
f 1635/1058/3 1354/1058/3 263/256/3
f 2703/1057/8 2649/1056/8 1127/1214/8
f 2023/292/8 2703/1057/8 2647/1052/8
f 264/1216/8 1679/1055/8 2703/1057/8
f 2704/1054/8 2648/1053/8 888/1217/8
f 1558/496/8 2704/1054/8 2020/519/8
f 891/1215/8 2647/1052/8 2704/1054/8
f 2705/1051/8 1314/1050/8 209/1219/8
f 2648/1053/8 2705/1051/8 1555/285/8
f 1127/1214/8 2646/1049/8 2705/1051/8
f 2706/1048/8 2645/1047/8 1126/1220/8
f 2019/283/8 2706/1048/8 2643/1043/8
f 265/1222/8 1680/1046/8 2706/1048/8
f 2707/1045/8 2644/1044/8 884/1223/8
f 1554/523/8 2707/1045/8 2016/546/8
f 887/1221/8 2643/1043/8 2707/1045/8
f 2708/1042/8 1357/1041/8 266/1225/8
f 2644/1044/8 2708/1042/8 1551/276/8
f 1126/1220/8 2642/1040/8 2708/1042/8
f 2709/1039/8 2641/1038/8 1125/1226/8
f 2015/274/8 2709/1039/8 2639/1035/8
f 208/72/8 1313/239/8 2709/1039/8
f 2710/1037/8 2640/1036/8 880/1228/8
f 1550/550/8 2710/1037/8 2012/572/8
f 883/1227/8 2639/1035/8 2710/1037/8
f 2711/1034/8 1358/1033/8 267/1230/8
f 2640/1036/8 2711/1034/8 1547/268/8
f 1125/1226/8 2638/1032/8 2711/1034/8
f 1359/1031/32 1669/1031/32 254/74/32
f 268/74/32 249/74/32 4198/1231/32
f 4198/1231/32 1664/1031/32 1359/1031/32
f 269/256/32 201/256/32 1360/1058/32
f 201/256/32 4178/1121/32 1360/1058/32
f 1361/1029/31 1666/1029/31 251/85/31
f 270/85/31 241/85/31 4193/1232/31
f 4193/1232/31 1658/1029/31 1361/1029/31
f 271/234/31 193/234/31 1362/1028/31
f 193/234/31 4173/1174/31 1362/1028/31
f 1363/1030/30 1668/1030/30 253/70/30
f 272/70/30 250/70/30 4199/1233/30
f 4199/1233/30 1665/1030/30 1363/1030/30
f 273/259/30 202/259/30 1364/1059/30
f 202/259/30 4179/1148/30 1364/1059/30
f 1365/1029/1 1667/1029/1 252/85/1
f 1666/1029/1 1365/1029/1 274/85/1
f 1632/1028/1 1366/1028/1 275/234/1
f 1367/1030/2 1665/1030/2 4199/1233/2
f 1661/1030/2 1367/1030/2 3236/1233/2
f 1627/1059/2 1368/1059/2 3237/1148/2
f 1369/239/17 1304/239/17 3213/240/17
f 1302/239/17 1369/239/17 3238/240/17
f 1336/242/17 1370/242/17 3239/243/17
f 1371/1031/1 1664/1031/1 4198/1231/1
f 1659/1031/1 1371/1031/1 3240/1231/1
f 1625/1058/1 1372/1058/1 3241/1121/1
f 1373/239/29 1305/239/29 200/72/29
f 282/72/29 199/72/29 3213/240/29
f 3213/240/29 1304/239/29 1373/239/29
f 283/238/29 247/238/29 1374/242/29
f 247/238/29 3233/243/29 1374/242/29
f 1545/492/8 1801/492/8 4268/1234/8
f 1543/492/8 1234/492/8 3170/1234/8
f 4166/1148/8 1611/1059/8 2006/1059/8
f 1539/82/8 1161/82/8 3139/241/8
f 1537/82/8 1236/82/8 3172/241/8
f 3228/243/8 1328/242/8 2000/242/8
f 1533/494/8 1799/494/8 4266/1235/8
f 1531/494/8 1238/494/8 3174/1235/8
f 4163/1121/8 1608/1058/8 1994/1058/8
f 1381/1029/3 1658/1029/3 4193/1232/3
f 1651/1029/3 1381/1029/3 3248/1232/3
f 1617/1028/3 1382/1028/3 3249/1174/3
f 292/26/3 1707/26/3 2637/75/3
f 861/75/3 2637/75/3 1992/248/3
f 1124/75/3 2636/75/3 1527/248/3
f 293/26/3 1708/26/3 2635/75/3
f 857/75/3 2635/75/3 1990/248/3
f 1123/75/3 2634/75/3 1525/248/3
f 233/17/3 1654/17/3 2633/20/3
f 853/20/3 2633/20/3 1988/236/3
f 1122/20/3 2632/20/3 1523/236/3
f 296/24/8 1709/24/8 2631/76/8
f 849/76/8 2631/76/8 1986/238/8
f 1121/76/8 2630/76/8 1521/238/8
f 297/24/8 1710/24/8 2629/76/8
f 845/76/8 2629/76/8 1984/238/8
f 1120/76/8 2628/76/8 1519/238/8
f 238/15/8 1657/15/8 2627/18/8
f 841/18/8 2627/18/8 1982/72/8
f 1119/18/8 2626/18/8 1517/72/8
f 300/77/1 1711/77/1 2625/78/1
f 837/78/1 2625/78/1 1980/203/1
f 1118/78/1 2624/78/1 1515/203/1
f 301/77/1 1712/77/1 2623/78/1
f 833/78/1 2623/78/1 1978/203/1
f 1117/78/1 2622/78/1 1513/203/1
f 236/22/1 1656/22/1 2621/10/1
f 829/10/1 2621/10/1 1976/30/1
f 1116/10/1 2620/10/1 1511/30/1
f 304/28/7 1713/28/7 2619/79/7
f 825/79/7 2619/79/7 1974/253/7
f 1115/79/7 2618/79/7 1509/253/7
f 305/28/7 1714/28/7 2617/79/7
f 821/79/7 2617/79/7 1972/253/7
f 1114/79/7 2616/79/7 1507/253/7
f 234/16/7 1655/16/7 2615/21/7
f 817/21/7 2615/21/7 1970/83/7
f 1113/21/7 2614/21/7 1505/83/7
f 2712/80/9 2613/80/34 1112/75/33
f 1969/80/66 2712/80/9 2611/75/51
f 308/26/53 1715/26/34 2712/80/9
f 2713/585/33 2612/585/12 810/248/45
f 1504/585/66 2713/585/33 1966/248/78
f 813/75/9 2611/75/51 2713/585/33
f 1112/75/33 2610/75/35 4746/587/63
f 575/75/13 184/248/13 2610/75/35
f 184/248/13 1501/248/42 4747/585/49
f 1111/75/9 2607/75/4 4748/396/58
f 4748/396/58 2714/80/4 1111/75/9
f 1965/80/5 2714/80/4 4748/396/58
f 309/26/34 1716/26/65 4749/251/58
f 806/248/9 1962/248/40 4750/317/59
f 4750/317/59 2715/585/40 806/248/9
f 1500/585/43 2715/585/40 4750/317/59
f 809/75/43 2607/75/4 4751/587/59
f 2716/585/37 1393/585/40 310/248/40
f 2608/585/56 2716/585/37 1497/248/48
f 1111/75/9 2606/75/48 2716/585/37
f 1110/20/46 805/20/38 3583/743/11
f 3583/743/11 1961/19/38 2605/19/33
f 802/236/9 356/236/53 3331/179/55
f 3331/179/55 1496/452/87 802/236/9
f 2604/452/33 1394/452/33 311/236/55
f 1959/81/41 1719/24/41 4752/81/59
f 528/24/6 1109/76/6 4752/81/59
f 1109/76/6 2603/76/41 4752/81/59
f 801/76/40 2603/76/41 4753/591/43
f 1109/76/6 798/238/40 4754/260/56
f 798/238/40 1956/238/60 4754/260/56
f 1109/76/6 2602/76/40 1491/238/10
f 2717/81/10 2601/81/61 1108/76/4
f 2599/76/60 797/76/4 3581/457/59
f 3581/457/59 1955/81/61 2717/81/10
f 2717/81/10 1955/81/61 4365/244/61
f 4365/244/61 313/24/41 1720/24/9
f 2718/260/10 2600/260/4 794/238/4
f 1952/238/60 354/238/4 3329/257/59
f 3329/257/59 1490/260/4 2718/260/10
f 2718/260/10 1490/260/4 4113/591/4
f 4113/591/4 797/76/4 2599/76/60
f 2719/260/10 1397/260/60 314/238/60
f 2600/260/4 2719/260/10 1487/238/60
f 1108/76/4 2598/76/60 2719/260/10
f 2595/18/56 2720/82/56 2597/82/59
f 2595/18/56 793/18/43 2720/82/56
f 793/18/43 3579/578/6 2720/82/56
f 2720/82/56 1951/82/40 1653/15/57
f 1951/82/40 4363/241/59 1653/15/57
f 1948/72/6 2721/261/56 2596/261/77
f 1948/72/6 353/72/57 3327/71/42
f 3327/71/42 1486/261/43 2721/261/56
f 2721/261/56 1486/261/43 2595/18/56
f 1486/261/43 4111/593/77 2595/18/56
f 1483/72/6 2722/261/56 1398/261/57
f 790/72/40 2596/261/77 2722/261/56
f 2596/261/77 1107/18/43 2594/18/43
f 1481/576/8 1791/576/8 4263/1236/8
f 1479/576/8 1259/576/8 3178/1236/8
f 3225/1174/8 1324/1028/8 1942/1028/8
f 4755/1237/7 2593/3495/7 3891/1238/7
f 4756/1240/7 2723/4508/7 4757/1241/7
f 4216/1243/7 1725/3962/7 4758/1244/7
f 4759/1246/7 2592/4503/7 3890/1247/7
f 4760/1249/7 2724/4505/7 4761/1250/7
f 4673/1252/7 2591/4510/7 4762/1253/7
f 4763/1255/7 1288/4135/7 3203/1256/7
f 4764/1258/7 2725/4502/7 4765/1259/7
f 4672/1261/7 2590/3497/7 4766/1262/7
f 4767/1264/7 2589/3501/7 3887/1265/7
f 4768/1267/7 2726/4499/7 4769/1268/7
f 4217/1270/7 1726/4096/7 4770/1271/7
f 4771/1273/7 2588/4494/7 3886/1274/7
f 4772/1276/7 2727/4496/7 4773/1277/7
f 4669/1279/7 2587/4501/7 4774/1280/7
f 4775/1282/7 1403/3971/7 3254/1283/7
f 4776/1285/7 2728/4493/7 4777/1286/7
f 4668/1288/7 2586/3503/7 4778/1289/7
f 4779/1291/7 2585/3507/7 3883/1292/7
f 4780/1294/7 2729/4490/7 4781/1295/7
f 4190/1297/7 1650/4548/7 4782/1298/7
f 4783/1300/7 2584/4485/7 3882/1301/7
f 4784/1303/7 2730/4487/7 4785/1304/7
f 4665/1306/7 2583/4492/7 4786/1307/7
f 4787/1309/7 1404/3939/7 3255/1310/7
f 4788/1312/7 2731/4484/7 4789/1313/7
f 4664/1315/7 2582/3508/7 4790/1316/7
f 2579/78/9 2732/95/37 2581/95/43
f 771/78/61 1929/95/44 2732/95/37
f 1929/95/44 322/77/45 1729/77/45
f 2579/78/9 2580/678/41 4791/678/44
f 768/203/54 349/203/45 2580/678/41
f 349/203/45 1464/678/53 4791/678/44
f 222/203/37 768/203/54 442/78/37
f 768/203/54 2580/678/41 442/78/37
f 1102/78/84 2575/78/63 2577/95/89
f 2575/78/63 4792/1318/76 2577/95/89
f 3559/1318/55 1927/95/33 2733/95/84
f 4343/205/46 323/77/45 1730/77/75
f 4794/680/91 2575/78/63 1102/78/84
f 4796/680/92 2574/78/86 710/78/84
f 324/203/33 764/203/87 1407/678/76
f 764/203/87 2576/678/76 4797/678/35
f 1101/10/37 2571/10/59 2573/96/37
f 2571/10/59 4798/11/61 2573/96/37
f 3557/11/9 1925/96/44 2734/96/59
f 4341/201/40 221/22/48 1649/22/43
f 760/30/65 1922/30/43 2572/417/37
f 1922/30/43 4800/1077/61 2572/417/37
f 3305/1077/39 1460/417/44 2735/417/59
f 4089/682/40 763/10/44 2571/10/59
f 1457/30/37 2736/417/48 1408/417/6
f 760/30/65 2572/417/37 2736/417/48
f 2572/417/37 1101/10/37 2570/10/44
f 4802/1320/3 2569/3512/3 3879/1321/3
f 4803/1323/3 2737/4481/3 4804/1324/3
f 4220/1326/3 1733/3930/3 4805/1327/3
f 4806/1329/3 2568/4476/3 3878/1330/3
f 4807/1332/3 2738/4478/3 4808/1333/3
f 4661/1335/3 2567/4483/3 4809/1336/3
f 4810/1338/3 1290/1029/3 3205/1232/3
f 4811/1340/3 2739/4475/3 4812/1341/3
f 4660/1343/3 2566/3514/3 4813/1344/3
f 4814/1346/3 2565/3517/3 3875/1347/3
f 4815/1349/3 2740/4472/3 4816/1350/3
f 4221/1352/3 1734/4186/3 4817/1353/3
f 4818/1355/3 2564/4467/3 3874/1356/3
f 4819/1358/3 2741/4469/3 4820/1359/3
f 4657/1361/3 2563/4474/3 4821/1362/3
f 4822/1364/3 1411/4105/3 3258/1365/3
f 4823/1367/3 2742/4466/3 4824/1368/3
f 4656/1370/3 2562/3519/3 4825/1371/3
f 4826/1373/3 2561/3523/3 3871/1374/3
f 4827/1376/3 2743/4463/3 4828/1377/3
f 4188/1379/3 1647/246/3 4829/1380/3
f 4830/1382/3 2560/4458/3 3870/1383/3
f 4831/1385/3 2744/4460/3 4832/1386/3
f 4653/1388/3 2559/4465/3 4833/1389/3
f 4834/1391/3 1412/3908/3 3259/1392/3
f 4835/1394/3 2745/4457/3 4836/1395/3
f 4652/1397/3 2558/3524/3 4837/1398/3
f 4838/1400/2 2557/3528/2 3867/1401/2
f 4839/1403/2 2746/4454/2 4840/1404/2
f 4224/1406/2 1737/3899/2 4841/1407/2
f 4842/1409/2 2556/4449/2 3866/1410/2
f 4843/1412/2 2747/4451/2 4844/1413/2
f 4649/1415/2 2555/4456/2 4845/1416/2
f 4846/1418/2 1645/1030/2 4186/1233/2
f 4847/1420/2 2748/4448/2 4848/1421/2
f 4648/1423/2 2554/3530/2 4849/1424/2
f 4850/1426/2 2553/3533/2 3863/1427/2
f 4851/1429/2 2749/4445/2 4852/1430/2
f 4225/1432/2 1738/4298/2 4853/1433/2
f 4854/1435/2 2552/4440/2 3862/1436/2
f 4855/1438/2 2750/4442/2 4856/1439/2
f 4645/1441/2 2551/4447/2 4857/1442/2
f 4858/1444/2 1415/4195/2 3262/1445/2
f 4859/1447/2 2751/4439/2 4860/1448/2
f 4644/1450/2 2550/3535/2 4861/1451/2
f 4862/1453/2 2549/3539/2 3859/1454/2
f 4863/1456/2 2752/4436/2 4864/1457/2
f 4185/1459/2 1644/4156/2 4865/1460/2
f 4866/1462/2 2548/4431/2 3858/1463/2
f 4867/1465/2 2753/4433/2 4868/1466/2
f 4641/1468/2 2547/4438/2 4869/1469/2
f 4870/1471/2 1416/3876/2 3263/1472/2
f 4871/1474/2 2754/4430/2 4872/1475/2
f 4640/1477/2 2546/3541/2 4873/1478/2
f 4874/1480/1 2545/3545/1 3855/1481/1
f 4875/1483/1 2755/4427/1 4876/1484/1
f 4228/1486/1 1741/3867/1 4877/1487/1
f 4878/1489/1 2544/4422/1 3854/1490/1
f 4879/1492/1 2756/4424/1 4880/1493/1
f 4637/1495/1 2543/4429/1 4881/1496/1
f 4882/1498/1 1642/1031/1 4183/1231/1
f 4883/1500/1 2757/4421/1 4884/1501/1
f 4636/1503/1 2542/3547/1 4885/1504/1
f 4886/1506/1 2541/3550/1 3851/1507/1
f 4887/1509/1 2758/4418/1 4888/1510/1
f 4229/1512/1 1742/4399/1 4889/1513/1
f 4890/1515/1 2540/4413/1 3850/1516/1
f 4891/1518/1 2759/4415/1 4892/1519/1
f 4633/1521/1 2539/4420/1 4893/1522/1
f 4894/1524/1 1419/4307/1 3266/1525/1
f 4895/1527/1 2760/4412/1 4896/1528/1
f 4632/1530/1 2538/3552/1 4897/1531/1
f 4898/1533/1 2537/3556/1 3847/1534/1
f 4899/1536/1 2761/4409/1 4900/1537/1
f 4182/1539/1 1641/4258/1 4901/1540/1
f 4902/1542/1 2536/4404/1 3846/1543/1
f 4903/1545/1 2762/4406/1 4904/1546/1
f 4629/1548/1 2535/4411/1 4905/1549/1
f 4906/1551/1 1420/3844/1 3267/1552/1
f 4907/1554/1 2763/4403/1 4908/1555/1
f 4628/1557/1 2534/3558/1 4909/1558/1
f 4910/1560/1 2533/3562/1 3843/1561/1
f 4911/1563/1 2764/4400/1 4912/1564/1
f 4304/1566/1 1886/4408/1 4913/1567/1
f 4914/1569/1 2532/4395/1 3842/1570/1
f 4915/1572/1 2765/4397/1 4916/1573/1
f 4625/1575/1 2531/4402/1 4917/1576/1
f 4918/1578/1 1280/3856/1 3195/1579/1
f 4919/1581/1 2766/4394/1 4920/1582/1
f 4624/1584/1 2530/3564/1 4921/1585/1
f 4922/1587/1 2529/3568/1 3839/1588/1
f 4923/1590/1 2767/4389/1 4924/1591/1
f 4305/1593/1 1887/4371/1 4925/1594/1
f 4926/1596/1 2528/4380/1 3838/1597/1
f 4927/1599/1 2768/4383/1 4928/1600/1
f 4621/1602/1 2527/4392/1 4929/1603/1
f 4930/1605/1 1423/4398/1 3270/1606/1
f 4931/1608/1 2769/4379/1 4932/1609/1
f 4620/1611/1 2526/3570/1 4933/1612/1
f 4934/1614/1 2525/3574/1 3835/1615/1
f 4935/1617/1 2770/4374/1 4936/1618/1
f 4254/1620/1 1781/4245/1 4937/1621/1
f 4938/1623/1 2524/4364/1 3834/1624/1
f 4939/1626/1 2771/4367/1 4940/1627/1
f 4617/1629/1 2523/4377/1 4941/1630/1
f 4942/1632/1 1424/4407/1 3271/1633/1
f 4943/1635/1 2772/4363/1 4944/1636/1
f 4616/1638/1 2522/3576/1 4945/1639/1
f 4946/1641/1 2521/3580/1 3831/1642/1
f 4947/1644/1 2773/4360/1 4948/1645/1
f 4308/1647/1 1890/4417/1 4949/1648/1
f 4950/1650/1 2520/4357/1 3830/1651/1
f 4951/1653/1 2774/4358/1 4952/1654/1
f 4613/1656/1 2519/4362/1 4953/1657/1
f 4954/1659/1 1279/4316/1 3194/1660/1
f 4955/1662/1 2775/4356/1 4956/1663/1
f 4612/1665/1 2518/3582/1 4957/1666/1
f 4958/1668/1 2517/3586/1 3827/1669/1
f 4959/1671/1 2776/4351/1 4960/1672/1
f 4309/1674/1 1891/4335/1 4961/1675/1
f 4962/1677/1 2516/4345/1 3826/1678/1
f 4963/1680/1 2777/4346/1 4964/1681/1
f 4609/1683/1 2515/4354/1 4965/1684/1
f 4966/1686/1 1427/4359/1 3274/1687/1
f 4967/1689/1 2778/4344/1 4968/1690/1
f 4608/1692/1 2514/3588/1 4969/1693/1
f 4970/1695/1 2513/3592/1 3823/1696/1
f 4971/1698/1 2779/4338/1 4972/1699/1
f 4301/1701/1 1883/4387/1 4973/1702/1
f 4974/1704/1 2512/4328/1 3822/1705/1
f 4975/1707/1 2780/4331/1 4976/1708/1
f 4605/1710/1 2511/4342/1 4977/1711/1
f 4978/1713/1 1428/4416/1 3275/1714/1
f 4979/1716/1 2781/4327/1 4980/1717/1
f 4604/1719/1 2510/3594/1 4981/1720/1
f 4982/1722/1 2509/3598/1 3819/1723/1
f 4983/1725/1 2782/4324/1 4984/1726/1
f 4312/1728/1 1894/4426/1 4985/1729/1
f 4986/1731/1 2508/4321/1 3818/1732/1
f 4987/1734/1 2783/4322/1 4988/1735/1
f 4601/1737/1 2507/4326/1 4989/1738/1
f 4990/1740/1 1782/494/1 4255/1235/1
f 4991/1742/1 2784/4320/1 4992/1743/1
f 4600/1745/1 2506/3600/1 4993/1746/1
f 4994/1748/1 2505/3603/1 3815/1749/1
f 4995/1751/1 2785/4317/1 4996/1752/1
f 4313/1754/1 1895/4308/1 4997/1755/1
f 4998/1757/1 2504/4314/1 3814/1758/1
f 4999/1760/1 2786/4315/1 5000/1761/1
f 4597/1763/1 2503/4319/1 5001/1764/1
f 5002/1766/1 1431/4323/1 3278/1767/1
f 5003/1769/1 2787/4313/1 5004/1770/1
f 4596/1772/1 2502/3605/1 5005/1773/1
f 5006/1775/1 2501/3609/1 3811/1776/1
f 5007/1778/1 2788/4310/1 5008/1779/1
f 4300/1781/1 1882/3857/1 5009/1782/1
f 5010/1784/1 2500/4303/1 3810/1785/1
f 5011/1787/1 2789/4306/1 5012/1788/1
f 4593/1790/1 2499/4312/1 5013/1791/1
f 5014/1793/1 1432/4425/1 3279/1794/1
f 5015/1796/1 2790/4302/1 5016/1797/1
f 4592/1799/1 2498/3611/1 5017/1800/1
f 5018/1802/2 2497/3615/2 3807/1803/2
f 5019/1805/2 2791/4299/2 5020/1806/2
f 4316/1808/2 1898/4435/2 5021/1809/2
f 5022/1811/2 2496/4294/2 3806/1812/2
f 5023/1814/2 2792/4296/2 5024/1815/2
f 4589/1817/2 2495/4301/2 5025/1818/2
f 5026/1820/2 1276/3888/2 3191/1821/2
f 5027/1823/2 2793/4293/2 5028/1824/2
f 4588/1826/2 2494/3617/2 5029/1827/2
f 5030/1829/2 2493/3621/2 3803/1830/2
f 5031/1832/2 2794/4288/2 5032/1833/2
f 4317/1835/2 1899/4270/2 5033/1836/2
f 5034/1838/2 2492/4279/2 3802/1839/2
f 5035/1841/2 2795/4282/2 5036/1842/2
f 4585/1844/2 2491/4291/2 5037/1845/2
f 5038/1847/2 1435/4297/2 3282/1848/2
f 5039/1850/2 2796/4278/2 5040/1851/2
f 4584/1853/2 2490/3623/2 5041/1854/2
f 5042/1856/2 2489/3627/2 3799/1857/2
f 5043/1859/2 2797/4273/2 5044/1860/2
f 4257/1862/2 1784/4147/2 5045/1863/2
f 5046/1865/2 2488/4263/2 3798/1866/2
f 5047/1868/2 2798/4266/2 5048/1869/2
f 4581/1871/2 2487/4276/2 5049/1872/2
f 5050/1874/2 1436/4434/2 3283/1875/2
f 5051/1877/2 2799/4262/2 5052/1878/2
f 4580/1880/2 2486/3629/2 5053/1881/2
f 5054/1883/2 2485/3633/2 3795/1884/2
f 5055/1886/2 2800/4259/2 5056/1887/2
f 4320/1889/2 1902/4444/2 5057/1890/2
f 5058/1892/2 2484/4254/2 3794/1893/2
f 5059/1895/2 2801/4256/2 5060/1896/2
f 4577/1898/2 2483/4261/2 5061/1899/2
f 5062/1901/2 1275/4206/2 3190/1902/2
f 5063/1904/2 2802/4253/2 5064/1905/2
f 4576/1907/2 2482/3635/2 5065/1908/2
f 5066/1910/2 2481/3639/2 3791/1911/2
f 5067/1913/2 2803/4248/2 5068/1914/2
f 4321/1916/2 1903/4228/2 5069/1917/2
f 5070/1919/2 2480/4238/2 3790/1920/2
f 5071/1922/2 2804/4241/2 5072/1923/2
f 4573/1925/2 2479/4251/2 5073/1926/2
f 5074/1928/2 1439/4257/2 3286/1929/2
f 5075/1931/2 2805/4237/2 5076/1932/2
f 4572/1934/2 2478/3641/2 5077/1935/2
f 5078/1937/2 2477/3645/2 3787/1938/2
f 5079/1940/2 2806/4231/2 5080/1941/2
f 4297/1943/2 1879/4286/2 5081/1944/2
f 5082/1946/2 2476/4221/2 3786/1947/2
f 5083/1949/2 2807/4224/2 5084/1950/2
f 4569/1952/2 2475/4235/2 5085/1953/2
f 5086/1955/2 1440/4443/2 3287/1956/2
f 5087/1958/2 2808/4220/2 5088/1959/2
f 4568/1961/2 2474/3647/2 5089/1962/2
f 5090/1964/2 2473/3651/2 3783/1965/2
f 5091/1967/2 2809/4217/2 5092/1968/2
f 4324/1970/2 1906/4453/2 5093/1971/2
f 5094/1973/2 2472/4212/2 3782/1974/2
f 5095/1976/2 2810/4214/2 5096/1977/2
f 4565/1979/2 2471/4219/2 5097/1980/2
f 5098/1982/2 1785/492/2 4258/1234/2
f 5099/1984/2 2811/4211/2 5100/1985/2
f 4564/1987/2 2470/3653/2 5101/1988/2
f 5102/1990/2 2469/3656/2 3779/1991/2
f 5103/1993/2 2812/4208/2 5104/1994/2
f 4325/1996/2 1907/4196/2 5105/1997/2
f 5106/1999/2 2468/4202/2 3778/2000/2
f 5107/2002/2 2813/4205/2 5108/2003/2
f 4561/2005/2 2467/4210/2 5109/2006/2
f 5110/2008/2 1443/4215/2 3290/2009/2
f 5111/2011/2 2814/4201/2 5112/2012/2
f 4560/2014/2 2466/3658/2 5113/2015/2
f 5114/2017/2 2465/3662/2 3775/2018/2
f 5115/2020/2 2815/4198/2 5116/2021/2
f 4296/2023/2 1878/3889/2 5117/2024/2
f 5118/2026/2 2464/4191/2 3774/2027/2
f 5119/2029/2 2816/4194/2 5120/2030/2
f 4557/2032/2 2463/4200/2 5121/2033/2
f 5122/2035/2 1444/4452/2 3291/2036/2
f 5123/2038/2 2817/4190/2 5124/2039/2
f 4556/2041/2 2462/3664/2 5125/2042/2
f 5126/2044/3 2461/3668/3 3771/2045/3
f 5127/2047/3 2818/4187/3 5128/2048/3
f 4328/2050/3 1910/4462/3 5129/2051/3
f 5130/2053/3 2460/4182/3 3770/2054/3
f 5131/2056/3 2819/4184/3 5132/2057/3
f 4553/2059/3 2459/4189/3 5133/2060/3
f 5134/2062/3 1272/3919/3 3187/2063/3
f 5135/2065/3 2820/4181/3 5136/2066/3
f 4552/2068/3 2458/3670/3 5137/2069/3
f 5138/2071/3 2457/3674/3 3767/2072/3
f 5139/2074/3 2821/4178/3 5140/2075/3
f 4329/2077/3 1911/4166/3 5141/2078/3
f 5142/2080/3 2456/4172/3 3766/2081/3
f 5143/2083/3 2822/4175/3 5144/2084/3
f 4549/2086/3 2455/4180/3 5145/2087/3
f 5146/2089/3 1447/4185/3 3294/2090/3
f 5147/2092/3 2823/4171/3 5148/2093/3
f 4548/2095/3 2454/3676/3 5149/2096/3
f 5150/2098/3 2453/3680/3 3763/2099/3
f 5151/2101/3 2824/4168/3 5152/2102/3
f 4260/247/3 1787/19/3 5153/2104/3
f 5154/2106/3 2452/4161/3 3762/2107/3
f 5155/2109/3 2825/4164/3 5156/2110/3
f 4545/2112/3 2451/4170/3 5157/2113/3
f 5158/2115/3 1448/4461/3 3295/2116/3
f 5159/2118/3 2826/4160/3 5160/2119/3
f 4544/2121/3 2450/3681/3 5161/2122/3
f 5162/2124/3 2449/3685/3 3759/2125/3
f 5163/2127/3 2827/4157/3 5164/2128/3
f 4332/2130/3 1914/4471/3 5165/2131/3
f 5166/2133/3 2448/4152/3 3758/2134/3
f 5167/2136/3 2828/4154/3 5168/2137/3
f 4541/2139/3 2447/4159/3 5169/2140/3
f 5170/2142/3 1271/4116/3 3186/2143/3
f 5171/2145/3 2829/4151/3 5172/2146/3
f 4540/2148/3 2446/3687/3 5173/2149/3
f 5174/2151/3 2445/3691/3 3755/2152/3
f 5175/2154/3 2830/4148/3 5176/2155/3
f 4333/2157/3 1915/4136/3 5177/2158/3
f 5178/2160/3 2444/4142/3 3754/2161/3
f 5179/2163/3 2831/4145/3 5180/2164/3
f 4537/2166/3 2443/4150/3 5181/2167/3
f 5182/2169/3 1451/4155/3 3298/2170/3
f 5183/2172/3 2832/4141/3 5184/2173/3
f 4536/2175/3 2442/3693/3 5185/2176/3
f 5186/2178/3 2441/3697/3 3751/2179/3
f 5187/2181/3 2833/4138/3 5188/2182/3
f 4293/2184/3 1875/4177/3 5189/2185/3
f 5190/2187/3 2440/4131/3 3750/2188/3
f 5191/2190/3 2834/4134/3 5192/2191/3
f 4533/2193/3 2439/4140/3 5193/2194/3
f 5194/2196/3 1452/4470/3 3299/2197/3
f 5195/2199/3 2835/4130/3 5196/2200/3
f 4532/2202/3 2438/3699/3 5197/2203/3
f 5198/2205/3 2437/3703/3 3747/2206/3
f 5199/2208/3 2836/4127/3 5200/2209/3
f 4336/2211/3 1918/4480/3 5201/2212/3
f 5202/2214/3 2436/4122/3 3746/2215/3
f 5203/2217/3 2837/4124/3 5204/2218/3
f 4529/2220/3 2435/4129/3 5205/2221/3
f 5206/2223/3 1149/576/3 3133/1236/3
f 5207/2225/3 2838/4121/3 5208/2226/3
f 4528/2228/3 2434/3705/3 5209/2229/3
f 5210/2231/3 2433/3708/3 3743/2232/3
f 5211/2234/3 2839/4118/3 5212/2235/3
f 4337/2237/3 1919/4106/3 5213/2238/3
f 5214/2240/3 2432/4112/3 3742/2241/3
f 5215/2243/3 2840/4115/3 5216/2244/3
f 4525/2246/3 2431/4120/3 5217/2247/3
f 5218/2249/3 1455/4125/3 3302/2250/3
f 5219/2252/3 2841/4111/3 5220/2253/3
f 4524/2255/3 2430/3710/3 5221/2256/3
f 5222/2258/3 2429/3714/3 3739/2259/3
f 5223/2261/3 2842/4108/3 5224/2262/3
f 4292/2264/3 1874/3920/3 5225/2265/3
f 5226/2267/3 2428/4101/3 3738/2268/3
f 5227/2270/3 2843/4104/3 5228/2271/3
f 4521/2273/3 2427/4110/3 5229/2274/3
f 5230/2276/3 1456/4479/3 3303/2277/3
f 5231/2279/3 2844/4100/3 5232/2280/3
f 4520/2282/3 2426/3716/3 5233/2283/3
f 1064/29/59 2423/29/79 2425/199/78
f 2423/29/79 5234/311/41 2425/199/78
f 3556/311/93 1924/199/45 2845/199/43
f 4340/200/6 347/30/45 1922/30/43
f 540/77/64 1730/77/75 2424/418/59
f 1730/77/75 5236/419/41 2424/418/59
f 3304/419/70 1459/418/45 2846/418/79
f 4088/683/71 762/29/45 2423/29/79
f 1266/77/80 2847/418/68 1268/418/69
f 540/77/64 2424/418/59 2847/418/68
f 2424/418/59 1064/29/59 2422/29/48
f 5238/311/38 2848/199/33 2421/199/33
f 3980/311/33 1281/199/33 2848/199/33
f 3196/200/33 162/30/33 1923/30/45
f 5240/419/70 2849/418/33 2420/418/45
f 4232/419/33 1745/418/33 2849/418/33
f 3448/683/33 555/29/33 2419/29/33
f 5242/419/57 2850/418/45 1459/418/45
f 3734/419/71 2420/418/45 2850/418/45
f 4518/683/71 1063/29/33 2418/29/33
f 5244/11/66 2851/96/45 2417/96/44
f 3908/11/33 1140/96/33 2851/96/45
f 3124/201/33 2/22/61 1789/22/48
f 5246/1077/93 2852/417/33 2416/417/45
f 4160/1077/33 1605/417/33 2852/417/33
f 3376/682/33 386/10/33 2415/10/45
f 5248/1077/39 2853/417/44 1460/417/44
f 3732/1077/6 2416/417/45 2853/417/44
f 4516/682/6 1062/10/45 2414/10/45
f 1061/235/33 766/235/33 3558/2285/38
f 3558/2285/38 1926/202/33 2413/202/50
f 440/31/92 220/31/92 3306/2286/55
f 3306/2286/55 1461/679/33 2412/679/50
f 440/31/92 2412/679/50 1267/679/50
f 4000/2285/33 1315/202/33 2411/202/33
f 4252/2286/33 1779/679/33 2410/679/33
f 3730/2286/12 2410/679/33 1461/679/33
f 5250/1318/55 2854/95/33 2409/95/33
f 3928/1318/33 1174/95/33 2854/95/33
f 3144/205/33 73/77/33 1871/77/45
f 5253/680/90 2407/78/63 1059/78/33
f 5255/680/91 2406/78/63 767/78/33
f 770/235/33 1928/202/51 2405/202/53
f 172/31/92 1463/679/51 2404/679/55
f 541/235/33 1731/202/51 2403/202/55
f 83/31/92 1267/679/50 2402/679/50
f 565/31/92 2402/679/50 1463/679/51
f 2399/78/86 2855/95/50 2401/95/46
f 710/78/84 1872/95/46 2855/95/50
f 1872/95/46 158/77/45 1870/77/45
f 5257/680/92 2399/78/86 1056/78/84
f 769/203/45 324/203/33 2400/678/53
f 324/203/33 1407/678/76 5258/678/35
f 5259/680/92 2398/78/85 771/78/61
f 349/203/45 769/203/45 1464/678/53
f 769/203/45 2400/678/53 5260/678/80
f 5261/2287/7 2397/3720/7 3727/2288/7
f 5262/2290/7 2856/4097/7 5263/2291/7
f 4344/2293/7 1930/4489/7 5264/2294/7
f 5265/2296/7 2396/4092/7 3726/2297/7
f 5266/2299/7 2857/4094/7 5267/2300/7
f 4509/2302/7 2395/4099/7 5268/2303/7
f 5269/2305/7 1264/3950/7 3183/2306/7
f 5270/2308/7 2858/4091/7 5271/2309/7
f 4508/2311/7 2394/3722/7 5272/2312/7
f 5273/2314/7 2393/3726/7 3723/2315/7
f 5274/2317/7 2859/4086/7 5275/2318/7
f 4345/2320/7 1931/4068/7 5276/2321/7
f 5277/2323/7 2392/4077/7 3722/2324/7
f 5278/2326/7 2860/4080/7 5279/2327/7
f 4505/2329/7 2391/4089/7 5280/2330/7
f 5281/2332/7 1467/4095/7 3310/2333/7
f 5282/2335/7 2861/4076/7 5283/2336/7
f 4504/2338/7 2390/3728/7 5284/2339/7
f 5285/2341/7 2389/3732/7 3719/2342/7
f 5286/2344/7 2862/4071/7 5287/2345/7
f 4262/2347/7 1790/4549/7 5288/2348/7
f 5289/2350/7 2388/4061/7 3718/2351/7
f 5290/2353/7 2863/4064/7 5291/2354/7
f 4501/2356/7 2387/4074/7 5292/2357/7
f 5293/2359/7 1468/4488/7 3311/2360/7
f 5294/2362/7 2864/4060/7 5295/2363/7
f 4500/2365/7 2386/3733/7 5296/2366/7
f 5297/2368/7 2385/3737/7 3715/2369/7
f 5298/2371/7 2865/4057/7 5299/2372/7
f 4348/2374/7 1934/4498/7 5300/2375/7
f 5301/2377/7 2384/4047/7 3714/2378/7
f 5302/2380/7 2866/4052/7 5303/2381/7
f 4497/2383/7 2383/4059/7 5304/2384/7
f 5305/2386/7 1263/3985/7 3182/2387/7
f 5306/2389/7 2867/4046/7 5307/2390/7
f 4496/2392/7 2382/3739/7 5308/2393/7
f 5309/2395/7 2381/3743/7 3711/2396/7
f 5310/2398/7 2868/4041/7 5311/2399/7
f 4349/2401/7 1935/4016/7 5312/2402/7
f 5313/2404/7 2380/4026/7 3710/2405/7
f 5314/2407/7 2869/4032/7 5315/2408/7
f 4493/2410/7 2379/4044/7 5316/2411/7
f 5317/2413/7 1471/4053/7 3314/2414/7
f 5318/2416/7 2870/4025/7 5319/2417/7
f 4492/2419/7 2378/3745/7 5320/2420/7
f 5321/2422/7 2377/3749/7 3707/2423/7
f 5322/2425/7 2871/4019/7 5323/2426/7
f 4289/2428/7 1867/4084/7 5324/2429/7
f 5325/2431/7 2376/4009/7 3706/2432/7
f 5326/2434/7 2872/4012/7 5327/2435/7
f 4489/2437/7 2375/4023/7 5328/2438/7
f 5329/2440/7 1472/4497/7 3315/2441/7
f 5330/2443/7 2873/4008/7 5331/2444/7
f 4488/2446/7 2374/3751/7 5332/2447/7
f 5333/2449/7 2373/3755/7 3703/2450/7
f 5334/2452/7 2874/4005/7 5335/2453/7
f 4352/2455/7 1938/4507/7 5336/2456/7
f 5337/2458/7 2372/3994/7 3702/2459/7
f 5338/2461/7 2875/4000/7 5339/2462/7
f 4485/2464/7 2371/4007/7 5340/2465/7
f 5341/2467/7 1147/4146/7 3131/2468/7
f 5342/2470/7 2876/3993/7 5343/2471/7
f 4484/2473/7 2370/3757/7 5344/2474/7
f 5345/2476/7 2369/3761/7 3699/2477/7
f 5346/2479/7 2877/3990/7 5347/2480/7
f 4353/2482/7 1939/3972/7 5348/2483/7
f 5349/2485/7 2368/3978/7 3698/2486/7
f 5350/2488/7 2878/3984/7 5351/2489/7
f 4481/2491/7 2367/3992/7 5352/2492/7
f 5353/2494/7 1475/4001/7 3318/2495/7
f 5354/2497/7 2879/3977/7 5355/2498/7
f 4480/2500/7 2366/3763/7 5356/2501/7
f 5357/2503/7 2365/3767/7 3695/2504/7
f 5358/2506/7 2880/3974/7 5359/2507/7
f 4288/2509/7 1866/3951/7 5360/2510/7
f 5361/2512/7 2364/3967/7 3694/2513/7
f 5362/2515/7 2881/3970/7 5363/2516/7
f 4477/2518/7 2363/3976/7 5364/2519/7
f 5365/2521/7 1476/4506/7 3319/2522/7
f 5366/2524/7 2882/3966/7 5367/2525/7
f 4476/2527/7 2362/3769/7 5368/2528/7
f 4356/1174/8 1942/1028/8 1943/1028/8
f 4357/1174/8 1943/1028/8 1400/1028/8
f 3153/2530/8 1183/462/8 1260/462/8
f 1480/576/8 1479/576/8 3322/1236/8
f 1149/576/8 1480/576/8 3323/1236/8
f 1290/1029/8 1399/1029/8 3250/1232/8
f 1482/576/8 1481/576/8 3324/1236/8
f 1259/576/8 1482/576/8 3325/1236/8
f 1399/1029/8 1651/1029/8 4191/1232/8
f 2359/23/10 2883/239/5 2361/239/47
f 2359/23/10 792/23/58 3578/451/5
f 3578/451/5 1950/239/58 2883/239/5
f 2883/239/5 1950/239/58 4362/240/56
f 4362/240/56 353/72/57 1948/72/6
f 1720/24/9 2884/52/79 2360/52/41
f 1720/24/9 313/24/41 3326/68/43
f 3326/68/43 1485/52/58 2884/52/79
f 2884/52/79 1485/52/58 4110/594/41
f 4110/594/41 792/23/58 2359/23/10
f 1255/24/39 2885/52/47 1257/52/37
f 529/24/41 2360/52/41 2885/52/47
f 2360/52/41 1046/23/6 2358/23/6
f 5369/451/59 2886/239/42 2357/239/42
f 3992/451/43 1294/239/43 2886/239/42
f 3208/240/43 181/72/43 1949/72/40
f 5371/68/43 2887/52/42 2356/52/59
f 4244/68/43 1758/52/43 2887/52/42
f 3460/594/43 572/23/43 2355/23/42
f 5373/68/43 2888/52/59 1485/52/58
f 3690/68/41 2356/52/59 2888/52/59
f 4474/594/41 1045/23/42 2354/23/42
f 5375/578/60 2889/82/40 2353/82/43
f 3920/578/43 1153/82/43 2889/82/40
f 3136/241/43 6/15/9 1793/15/6
f 5377/71/60 2890/261/42 2352/261/40
f 4172/71/43 1618/261/43 2890/261/42
f 3388/593/43 403/18/43 2351/18/40
f 5379/71/42 2891/261/43 1486/261/43
f 3688/71/47 2352/261/40 2891/261/43
f 4472/593/47 1044/18/40 2350/18/40
f 2892/242/40 2349/242/4 1043/237/60
f 2347/237/10 796/237/5 3580/458/60
f 3580/458/60 1954/242/5 2347/237/10
f 2892/242/40 1954/242/5 4364/243/60
f 4364/243/60 354/238/4 1952/238/60
f 2893/44/40 2348/44/6 441/34/44
f 1649/34/43 221/34/48 3328/42/6
f 3328/42/6 1489/44/43 1649/34/43
f 2893/44/40 1489/44/43 4112/592/60
f 4112/592/60 796/237/5 2893/44/40
f 2894/44/40 1256/44/6 84/34/48
f 2348/44/6 2894/44/40 1184/34/40
f 1043/237/60 2346/237/10 2894/44/40
f 2895/242/6 2345/242/6 3687/458/4
f 1328/242/43 2895/242/6 5381/458/10
f 229/238/43 1953/238/6 5382/243/10
f 2896/44/69 2344/44/47 3686/42/6
f 1792/44/43 2896/44/69 5383/42/40
f 616/237/43 2343/237/6 5384/592/10
f 2897/44/47 1489/44/43 3328/42/6
f 2344/44/47 2897/44/47 5385/42/40
f 1042/237/6 2342/237/69 5386/592/10
f 2898/81/60 2341/81/60 3685/457/61
f 1187/81/43 2898/81/60 5387/457/10
f 92/24/43 1860/24/10 5388/244/10
f 2899/260/6 2340/260/6 3684/257/4
f 1652/260/43 2899/260/6 5389/257/10
f 447/76/43 2339/76/60 5390/591/10
f 2900/260/6 1490/260/4 3329/257/59
f 2340/260/6 2900/260/6 5391/257/10
f 1041/76/6 2338/76/6 5392/591/10
f 355/238/40 1956/238/60 5393/243/79
f 798/238/40 1040/237/56 1956/238/60
f 1040/237/56 2337/237/60 5394/242/56
f 800/237/40 2337/237/60 5395/592/61
f 1040/237/56 397/34/48 2337/237/60
f 397/34/48 1615/34/6 5396/44/56
f 1040/237/56 2336/237/40 1150/34/40
f 2901/242/40 2335/242/60 1039/237/60
f 1721/242/60 2901/242/40 2333/237/47
f 314/238/60 1957/238/10 2901/242/40
f 2902/44/40 2334/44/6 566/34/48
f 1256/44/6 2902/44/40 1755/34/40
f 530/237/40 2333/237/47 2902/44/40
f 2903/44/40 1493/44/6 173/34/48
f 2334/44/6 2903/44/40 1291/34/40
f 1039/237/60 2332/237/47 2903/44/40
f 2904/81/40 2331/81/61 1038/76/41
f 1861/81/41 2904/81/40 2329/76/10
f 154/24/41 1859/24/10 2904/81/40
f 2905/260/40 2330/260/60 799/238/60
f 1397/260/60 2905/260/40 1957/238/10
f 699/76/40 2329/76/10 2905/260/40
f 2906/260/40 1494/260/60 355/238/40
f 2330/260/60 2906/260/40 1492/238/47
f 1038/76/41 2328/76/10 2906/260/40
f 3582/245/61 1960/246/42 2325/25/11
f 5398/246/44 4366/1379/93 2327/246/43
f 4366/1379/93 356/236/53 2327/246/43
f 525/26/42 1716/26/65 5399/102/50
f 5399/102/50 2907/453/11 525/26/42
f 1495/453/34 2907/453/11 5399/102/50
f 804/25/9 2325/25/11 5400/590/50
f 2908/453/33 1253/453/50 153/26/66
f 2326/453/81 2908/453/33 1251/26/36
f 1037/25/76 2324/25/63 2908/453/33
f 2909/453/48 2322/453/53 3682/102/66
f 1182/453/44 2909/453/48 5404/102/9
f 438/25/44 2321/25/48 5405/590/37
f 2910/453/34 1495/453/34 3330/102/9
f 2322/453/53 2910/453/34 5406/102/33
f 1036/25/48 2320/25/48 5407/590/37
f 1787/19/44 2319/19/13 3681/743/38
f 1323/452/44 2318/452/80 3680/179/45
f 2318/452/80 1496/452/87 3331/179/55
f 1034/252/40 2315/252/59 5408/1083/37
f 5408/1083/37 2911/249/59 1034/252/40
f 1964/249/44 2911/249/59 5408/1083/37
f 357/248/79 1962/248/40 5409/250/59
f 448/15/44 1653/15/57 5410/7/42
f 5410/7/42 2912/586/10 448/15/44
f 1499/586/44 2912/586/10 5410/7/42
f 808/252/44 2315/252/59 5411/588/42
f 2913/586/9 1252/586/40 93/15/6
f 2316/586/61 2913/586/9 1188/15/9
f 1034/252/40 2314/252/60 2913/586/9
f 2914/249/43 2313/249/79 3679/1083/59
f 1613/249/44 2914/249/43 5412/1083/37
f 170/248/44 1963/248/43 5413/250/37
f 2915/586/61 2312/586/44 3678/7/40
f 1148/586/44 2915/586/61 5414/7/9
f 394/252/44 2311/252/79 5415/588/37
f 2916/586/44 1499/586/44 3332/7/9
f 2312/586/44 2916/586/44 5416/7/48
f 1033/252/61 2310/252/61 5417/588/37
f 2917/80/5 2309/80/5 3677/396/58
f 1753/80/44 2917/80/5 5418/396/37
f 81/26/44 1856/26/34 5419/251/37
f 2918/585/43 2308/585/43 3676/317/59
f 1289/585/44 2918/585/43 5420/317/37
f 563/75/44 2307/75/5 5421/587/37
f 2919/585/43 1500/585/43 3333/317/37
f 2308/585/43 2919/585/43 5422/317/37
f 1032/75/5 2306/75/43 5423/587/37
f 2920/249/48 2305/249/64 1031/252/45
f 1968/249/42 2920/249/48 2303/252/64
f 358/248/45 1966/248/78 2920/249/48
f 2921/586/48 2304/586/77 404/15/59
f 1503/586/42 2921/586/48 1619/15/41
f 812/252/48 2303/252/64 2921/586/48
f 1031/252/45 2302/252/42 5424/588/47
f 406/252/13 12/15/9 2302/252/42
f 12/15/9 1154/15/9 5425/586/57
f 2922/249/48 2301/249/42 1030/252/42
f 1717/249/40 2922/249/48 2299/252/58
f 310/248/40 1967/248/65 2922/249/48
f 2923/586/48 2300/586/42 573/15/6
f 1252/586/40 2923/586/48 1759/15/9
f 526/252/9 2299/252/58 2923/586/48
f 2924/586/48 1503/586/42 182/15/6
f 2300/586/42 2924/586/48 1295/15/9
f 1030/252/42 2298/252/59 2924/586/48
f 2925/80/9 2297/80/58 1029/75/4
f 1857/80/4 2925/80/9 2295/75/41
f 153/26/66 1855/26/53 2925/80/9
f 2926/585/48 2296/585/42 811/248/42
f 1393/585/40 2926/585/48 1967/248/65
f 695/75/9 2295/75/41 2926/585/48
f 2927/585/9 1504/585/66 358/248/45
f 2296/585/42 2927/585/9 1502/248/65
f 1029/75/4 2294/75/60 2927/585/9
f 359/83/7 1970/83/7 2293/27/7
f 816/27/7 2293/27/7 1714/28/7
f 1028/27/7 2292/27/7 1249/28/7
f 228/83/7 1971/83/7 2291/27/7
f 446/27/7 2291/27/7 1854/28/7
f 1027/27/7 2290/27/7 1390/28/7
f 9/16/7 1795/16/7 2289/21/7
f 615/21/7 2289/21/7 1971/83/7
f 1026/21/7 2288/21/7 1506/83/7
f 360/253/7 1972/253/7 2287/254/7
f 820/254/7 2287/254/7 1654/17/7
f 1025/254/7 2286/254/7 1189/17/7
f 180/253/7 1973/253/7 2285/254/7
f 402/254/7 2285/254/7 1794/17/7
f 1024/254/7 2284/254/7 1330/17/7
f 91/28/7 1854/28/7 2283/79/7
f 571/79/7 2283/79/7 1973/253/7
f 1023/79/7 2282/79/7 1508/253/7
f 361/253/7 1974/253/7 2281/254/7
f 824/254/7 2281/254/7 1620/17/7
f 1022/254/7 2280/254/7 1155/17/7
f 306/253/7 1975/253/7 2279/254/7
f 522/254/7 2279/254/7 1760/17/7
f 1021/254/7 2278/254/7 1296/17/7
f 152/28/7 1853/28/7 2277/79/7
f 691/79/7 2277/79/7 1975/253/7
f 1020/79/7 2276/79/7 1510/253/7
f 362/30/1 1976/30/1 2275/29/1
f 828/29/1 2275/29/1 1712/77/1
f 1019/29/1 2274/29/1 1247/77/1
f 174/30/1 1977/30/1 2273/29/1
f 567/29/1 2273/29/1 1852/77/1
f 1018/29/1 2272/29/1 1388/77/1
f 10/22/1 1796/22/1 2271/10/1
f 398/10/1 2271/10/1 1977/30/1
f 1017/10/1 2270/10/1 1512/30/1
f 363/203/1 1978/203/1 2269/235/1
f 832/235/1 2269/235/1 1655/31/1
f 1016/235/1 2268/235/1 1190/31/1
f 222/203/1 1979/203/1 2267/235/1
f 611/235/1 2267/235/1 1795/31/1
f 1015/235/1 2266/235/1 1331/31/1
f 85/77/1 1852/77/1 2265/78/1
f 442/78/1 2265/78/1 1979/203/1
f 1014/78/1 2264/78/1 1514/203/1
f 364/203/1 1980/203/1 2263/235/1
f 836/235/1 2263/235/1 1621/31/1
f 1013/235/1 2262/235/1 1156/31/1
f 302/203/1 1981/203/1 2261/235/1
f 518/235/1 2261/235/1 1761/31/1
f 1012/235/1 2260/235/1 1297/31/1
f 151/77/1 1851/77/1 2259/78/1
f 687/78/1 2259/78/1 1981/203/1
f 1011/78/1 2258/78/1 1516/203/1
f 365/72/8 1982/72/8 2257/23/8
f 840/23/8 2257/23/8 1710/24/8
f 1010/23/8 2256/23/8 1245/24/8
f 183/72/8 1983/72/8 2255/23/8
f 574/23/8 2255/23/8 1850/24/8
f 1009/23/8 2254/23/8 1386/24/8
f 12/15/8 1797/15/8 2253/18/8
f 405/18/8 2253/18/8 1983/72/8
f 1008/18/8 2252/18/8 1518/72/8
f 366/238/8 1984/238/8 2251/237/8
f 844/237/8 2251/237/8 1656/34/8
f 1007/237/8 2250/237/8 1191/34/8
f 231/238/8 1985/238/8 2249/237/8
f 618/237/8 2249/237/8 1796/34/8
f 1006/237/8 2248/237/8 1332/34/8
f 94/24/8 1850/24/8 2247/76/8
f 449/76/8 2247/76/8 1985/238/8
f 1005/76/8 2246/76/8 1520/238/8
f 367/238/8 1986/238/8 2245/237/8
f 848/237/8 2245/237/8 1622/34/8
f 1004/237/8 2244/237/8 1157/34/8
f 298/238/8 1987/238/8 2243/237/8
f 514/237/8 2243/237/8 1762/34/8
f 1003/237/8 2242/237/8 1298/34/8
f 150/24/8 1849/24/8 2241/76/8
f 683/76/8 2241/76/8 1987/238/8
f 1002/76/8 2240/76/8 1522/238/8
f 368/236/3 1988/236/3 2239/25/3
f 852/25/3 2239/25/3 1708/26/3
f 1001/25/3 2238/25/3 1243/26/3
f 232/236/3 1989/236/3 2237/25/3
f 450/25/3 2237/25/3 1848/26/3
f 1000/25/3 2236/25/3 1384/26/3
f 11/17/3 1794/17/3 2235/20/3
f 619/20/3 2235/20/3 1989/236/3
f 999/20/3 2234/20/3 1524/236/3
f 369/248/3 1990/248/3 2233/252/3
f 856/252/3 2233/252/3 1657/15/3
f 998/252/3 2232/252/3 1192/15/3
f 184/248/3 1991/248/3 2231/252/3
f 406/252/3 2231/252/3 1797/15/3
f 997/252/3 2230/252/3 1333/15/3
f 95/26/3 1848/26/3 2229/75/3
f 575/75/3 2229/75/3 1991/248/3
f 996/75/3 2228/75/3 1526/248/3
f 370/248/3 1992/248/3 2227/252/3
f 860/252/3 2227/252/3 1623/15/3
f 995/252/3 2226/252/3 1158/15/3
f 294/248/3 1993/248/3 2225/252/3
f 510/252/3 2225/252/3 1763/15/3
f 994/252/3 2224/252/3 1299/15/3
f 149/26/3 1847/26/3 2223/75/3
f 679/75/3 2223/75/3 1993/248/3
f 993/75/3 2222/75/3 1528/248/3
f 1757/462/3 1241/462/3 3177/2530/3
f 1791/576/3 1240/576/3 3176/1236/3
f 1240/576/3 1798/576/3 4265/1236/3
f 4370/1121/8 1994/1058/8 1995/1058/8
f 4371/1121/8 1995/1058/8 1380/1058/8
f 4235/2531/8 1748/464/8 1239/464/8
f 1532/494/8 1531/494/8 3336/1235/8
f 1782/494/8 1532/494/8 3337/1235/8
f 1642/1031/8 1379/1031/8 3246/1231/8
f 1534/494/8 1533/494/8 3338/1235/8
f 1238/494/8 1534/494/8 3339/1235/8
f 1379/1031/8 1659/1031/8 4194/1231/8
f 4376/243/8 2000/242/8 2001/242/8
f 4377/243/8 2001/242/8 1378/242/8
f 3156/244/8 1187/81/8 1237/81/8
f 1538/82/8 1537/82/8 3342/241/8
f 1153/82/8 1538/82/8 3343/241/8
f 1294/239/8 1377/239/8 3244/240/8
f 1540/82/8 1539/82/8 3344/241/8
f 1236/82/8 1540/82/8 3345/241/8
f 1377/239/8 1302/239/8 3211/240/8
f 4382/1148/8 2006/1059/8 2007/1059/8
f 4383/1148/8 2007/1059/8 1376/1059/8
f 4238/2532/8 1751/463/8 1235/463/8
f 1544/492/8 1543/492/8 3348/1234/8
f 1785/492/8 1544/492/8 3349/1234/8
f 1645/1030/8 1375/1030/8 3242/1233/8
f 1546/492/8 1545/492/8 3350/1234/8
f 1234/492/8 1546/492/8 3351/1234/8
f 1375/1030/8 1661/1030/8 4196/1233/8
f 144/24/29 113/24/29 3161/244/29
f 3161/244/29 1197/81/29 1233/81/29
f 112/15/29 64/15/29 3141/241/29
f 3141/241/29 1163/82/29 112/15/29
f 1232/82/29 1164/82/29 68/15/29
f 1765/464/1 1231/464/1 3169/2531/1
f 1799/494/1 1230/494/1 3168/1235/1
f 1230/494/1 1804/494/1 4270/1235/1
f 1195/81/17 1229/81/17 3167/244/17
f 1161/82/17 1228/82/17 3166/241/17
f 1228/82/17 1163/82/17 3141/241/17
f 1767/463/2 1227/463/2 3165/2532/2
f 1801/492/2 1226/492/2 3164/1234/2
f 1226/492/2 1805/492/2 4271/1234/2
f 1772/462/1 1225/462/1 140/64/1
f 1806/576/1 1224/576/1 120/43/1
f 1224/576/1 1807/576/1 71/43/1
f 139/50/30 119/50/30 4251/2532/30
f 4251/2532/30 1771/463/30 1223/463/30
f 124/41/30 62/41/30 4271/1234/30
f 4271/1234/30 1805/492/30 124/41/30
f 1222/492/30 1808/492/30 66/41/30
f 138/64/31 106/64/31 4245/2530/31
f 4245/2530/31 1764/462/31 1221/462/31
f 125/43/31 63/43/31 4265/1236/31
f 4265/1236/31 1798/576/31 125/43/31
f 1220/576/31 1806/576/31 67/43/31
f 137/53/32 118/53/32 4250/2531/32
f 4250/2531/32 1770/464/32 1219/464/32
f 114/22/32 61/22/32 4270/1235/32
f 4270/1235/32 1804/494/32 114/22/32
f 1218/494/32 1809/494/32 65/22/32
f 2928/574/8 2221/573/8 992/2533/8
f 2014/272/8 2928/574/8 2219/569/8
f 371/1229/8 2012/572/8 2928/574/8
f 2929/571/8 2220/570/8 481/2535/8
f 1549/558/8 2929/571/8 1680/1046/8
f 882/2534/8 2219/569/8 2929/571/8
f 2930/568/8 1217/567/8 136/2536/8
f 2220/570/8 2930/568/8 1215/58/8
f 992/2533/8 2218/566/8 2930/568/8
f 2931/565/8 2217/564/8 991/2537/8
f 1309/262/8 2931/565/8 2215/560/8
f 204/234/8 2013/563/8 2931/565/8
f 2932/562/8 2216/561/8 650/2538/8
f 1773/462/8 2932/562/8 1820/528/8
f 593/447/8 2215/560/8 2932/562/8
f 2933/559/8 1549/558/8 265/1222/8
f 2216/561/8 2933/559/8 1356/282/8
f 991/2537/8 2214/557/8 2933/559/8
f 2934/556/8 2213/555/8 990/2539/8
f 1168/45/8 2934/556/8 2211/552/8
f 72/15/8 1172/82/8 2934/556/8
f 2935/554/8 2212/553/8 881/2540/8
f 1633/1028/8 2935/554/8 2013/563/8
f 424/449/8 2211/552/8 2935/554/8
f 2936/551/8 1550/550/8 371/1229/8
f 2212/553/8 2936/551/8 1548/271/8
f 990/2539/8 2210/549/8 2936/551/8
f 2937/548/8 2209/547/8 989/2541/8
f 2018/280/8 2937/548/8 2207/543/8
f 372/1224/8 2016/546/8 2937/548/8
f 2938/545/8 2208/544/8 596/2543/8
f 1553/532/8 2938/545/8 1312/2544/8
f 886/2542/8 2207/543/8 2938/545/8
f 2939/542/8 1216/541/8 128/2546/8
f 2208/544/8 2939/542/8 1776/2547/8
f 989/2541/8 2206/540/8 2939/542/8
f 2940/539/8 2205/538/8 988/2548/8
f 1343/263/8 2940/539/8 2203/534/8
f 252/85/8 2017/537/8 2940/539/8
f 2941/536/8 2204/535/8 427/2549/8
f 1807/576/8 2941/536/8 1171/2550/8
f 637/575/8 2203/534/8 2941/536/8
f 2942/533/8 1553/532/8 207/2545/8
f 2204/535/8 2942/533/8 1636/2551/8
f 988/2548/8 2202/531/8 2942/533/8
f 2943/530/8 2201/529/8 987/2552/8
f 1202/65/8 2943/530/8 2199/525/8
f 123/64/8 1820/528/8 2943/530/8
f 2944/527/8 2200/526/8 885/2553/8
f 1667/1029/8 2944/527/8 2017/537/8
f 468/595/8 2199/525/8 2944/527/8
f 2945/524/8 1554/523/8 372/1224/8
f 2200/526/8 2945/524/8 1552/279/8
f 987/2552/8 2198/522/8 2945/524/8
f 2946/521/8 2197/520/8 986/2554/8
f 2022/289/8 2946/521/8 2195/516/8
f 373/1218/8 2020/519/8 2946/521/8
f 2947/518/8 2196/517/8 640/2556/8
f 1557/505/8 2947/518/8 1346/2557/8
f 890/2555/8 2195/516/8 2947/518/8
f 2948/515/8 1173/514/8 70/2559/8
f 2196/517/8 2948/515/8 1810/2560/8
f 986/2554/8 2194/513/8 2948/515/8
f 2949/512/8 2193/511/8 985/2561/8
f 1681/277/8 2949/512/8 2191/507/8
f 266/1225/8 2021/510/8 2949/512/8
f 2950/509/8 2192/508/8 471/2563/8
f 1216/541/8 2950/509/8 1205/2564/8
f 482/2562/8 2191/507/8 2950/509/8
f 2951/506/8 1557/505/8 255/2558/8
f 2192/508/8 2951/506/8 1670/2565/8
f 985/2561/8 2190/504/8 2951/506/8
f 2952/503/8 2189/502/8 984/2566/8
f 1821/59/8 2952/503/8 2187/498/8
f 136/2536/8 1819/501/8 2952/503/8
f 2953/500/8 2188/499/8 889/2568/8
f 1357/1041/8 2953/500/8 2021/510/8
f 651/2567/8 2187/498/8 2953/500/8
f 2954/497/8 1558/496/8 373/1218/8
f 2188/499/8 2954/497/8 1556/288/8
f 984/2566/8 2186/495/8 2954/497/8
f 1775/464/3 1213/464/3 135/53/3
f 1809/494/3 1212/494/3 131/22/3
f 1212/494/3 1812/494/3 69/22/3
f 1198/81/2 1211/81/2 134/24/2
f 1164/82/2 1210/82/2 122/15/2
f 1210/82/2 1172/82/2 72/15/2
f 1774/463/17 1209/463/17 133/50/17
f 1808/492/17 1208/492/17 132/41/17
f 1208/492/17 1810/492/17 70/41/17
f 1209/463/17 1776/463/17 128/50/17
f 1211/81/2 1206/81/2 129/24/2
f 1213/464/3 1778/464/3 130/53/3
f 2955/490/8 2185/489/8 983/2569/8
f 2026/298/8 2955/490/8 2183/485/8
f 374/1212/8 2024/488/8 2955/490/8
f 2956/487/8 2184/486/8 480/2571/8
f 1561/474/8 2956/487/8 1679/1055/8
f 894/2570/8 2183/485/8 2956/487/8
f 2957/484/8 1207/483/8 130/2572/8
f 2184/486/8 2957/484/8 1214/55/8
f 983/2569/8 2182/482/8 2957/484/8
f 2958/481/8 2181/480/8 982/2573/8
f 1682/269/8 2958/481/8 2179/476/8
f 267/1230/8 2025/479/8 2958/481/8
f 2959/478/8 2180/477/8 649/2575/8
f 1217/567/8 2959/478/8 1819/501/8
f 483/2574/8 2179/476/8 2959/478/8
f 2960/475/8 1561/474/8 264/1216/8
f 2180/477/8 2960/475/8 1355/291/8
f 982/2573/8 2178/473/8 2960/475/8
f 2961/472/8 2177/471/8 981/2576/8
f 1822/61/8 2961/472/8 2175/468/8
f 129/24/8 1206/81/8 2961/472/8
f 2962/470/8 2176/469/8 893/2578/8
f 1358/1033/8 2962/470/8 2025/479/8
f 652/2577/8 2175/468/8 2962/470/8
f 2963/467/8 1562/466/8 374/1212/8
f 2176/469/8 2963/467/8 1560/297/8
f 981/2576/8 2174/465/8 2963/467/8
f 137/53/32 1219/464/32 1775/464/32
f 138/64/31 1221/462/31 1772/462/31
f 139/50/30 1223/463/30 1774/463/30
f 1225/462/1 1773/462/1 123/64/1
f 1227/463/2 1771/463/2 4251/2532/2
f 1229/81/17 1197/81/17 3161/244/17
f 1231/464/1 1770/464/1 4250/2531/1
f 144/24/29 1233/81/29 1198/81/29
f 4388/1148/8 2028/1059/8 2029/1059/8
f 4389/1148/8 2029/1059/8 1627/1059/8
f 3171/2532/8 1235/463/8 1767/463/8
f 4390/243/8 2030/242/8 2031/242/8
f 4391/243/8 2031/242/8 1336/242/8
f 3173/244/8 1237/81/8 1195/81/8
f 4392/1121/8 2032/1058/8 2033/1058/8
f 4393/1121/8 2033/1058/8 1625/1058/8
f 3175/2531/8 1239/464/8 1765/464/8
f 1241/462/3 1764/462/3 4245/2530/3
f 375/236/3 2034/236/3 2173/25/3
f 904/25/3 2173/25/3 1707/26/3
f 980/25/3 2172/25/3 1242/26/3
f 295/236/3 2035/236/3 2171/25/3
f 511/25/3 2171/25/3 1847/26/3
f 979/25/3 2170/25/3 1383/26/3
f 96/17/3 1760/17/3 2169/20/3
f 680/20/3 2169/20/3 2035/236/3
f 978/20/3 2168/20/3 1570/236/3
f 376/72/8 2036/72/8 2167/23/8
f 908/23/8 2167/23/8 1709/24/8
f 977/23/8 2166/23/8 1244/24/8
f 299/72/8 2037/72/8 2165/23/8
f 515/23/8 2165/23/8 1849/24/8
f 976/23/8 2164/23/8 1385/24/8
f 101/15/8 1763/15/8 2163/18/8
f 684/18/8 2163/18/8 2037/72/8
f 975/18/8 2162/18/8 1572/72/8
f 377/30/1 2038/30/1 2161/29/1
f 912/29/1 2161/29/1 1711/77/1
f 974/29/1 2160/29/1 1246/77/1
f 303/30/1 2039/30/1 2159/29/1
f 519/29/1 2159/29/1 1851/77/1
f 973/29/1 2158/29/1 1387/77/1
f 99/22/1 1762/22/1 2157/10/1
f 688/10/1 2157/10/1 2039/30/1
f 972/10/1 2156/10/1 1574/30/1
f 378/83/7 2040/83/7 2155/27/7
f 916/27/7 2155/27/7 1713/28/7
f 971/27/7 2154/27/7 1248/28/7
f 307/83/7 2041/83/7 2153/27/7
f 523/27/7 2153/27/7 1853/28/7
f 970/27/7 2152/27/7 1389/28/7
f 97/16/7 1761/16/7 2151/21/7
f 692/21/7 2151/21/7 2041/83/7
f 969/21/7 2150/21/7 1576/83/7
f 2147/25/13 2042/246/46 5426/246/67
f 5426/246/67 2042/246/46 379/236/33
f 379/236/33 918/236/67 2149/246/76
f 2964/453/33 2148/453/13 524/26/9
f 1577/453/50 2964/453/33 1715/26/34
f 920/25/50 2147/25/13 2964/453/33
f 2148/453/13 2146/25/90 5427/453/76
f 450/25/13 95/26/13 2146/25/90
f 95/26/13 1250/26/75 5427/453/76
f 5429/246/67 1718/246/62 311/236/55
f 311/236/55 919/236/55 2145/246/90
f 2965/453/33 2144/453/50 693/26/66
f 1253/453/50 2965/453/33 1855/26/53
f 527/25/50 2143/25/71 2965/453/33
f 2966/453/33 1577/453/50 308/26/53
f 2144/453/50 2966/453/33 1391/26/53
f 967/25/50 2142/25/63 2966/453/33
f 1858/19/38 2141/19/33 966/20/13
f 1394/452/33 2140/452/33 919/236/55
f 2140/452/33 1578/452/38 379/236/33
f 5430/451/10 2046/239/56 2044/72/56
f 922/72/43 965/23/6 5431/239/60
f 965/23/6 2139/23/41 5431/239/60
f 1581/52/41 2139/23/41 5432/52/59
f 965/23/6 528/24/6 5432/52/59
f 528/24/6 1719/24/41 5432/52/59
f 528/24/6 965/23/6 2138/23/43
f 2135/23/43 2967/239/43 2137/239/56
f 531/23/6 1722/239/57 2967/239/43
f 1722/239/57 315/72/6 2045/72/59
f 1859/24/10 2968/52/43 2136/52/41
f 154/24/41 1257/52/37 2968/52/43
f 1257/52/37 531/23/6 2135/23/43
f 1395/24/10 2969/52/43 1581/52/41
f 697/24/41 2136/52/41 2969/52/43
f 2136/52/41 964/23/59 2134/23/59
f 2131/18/10 2970/82/10 2133/82/59
f 700/18/6 1862/82/40 2970/82/10
f 1862/82/40 93/15/6 1759/15/9
f 2045/72/59 2971/261/43 2132/261/56
f 315/72/6 1398/261/57 2971/261/43
f 1398/261/57 700/18/6 2131/18/10
f 1580/72/5 2972/261/10 1582/261/57
f 923/72/59 2132/261/56 2972/261/10
f 2132/261/56 963/18/6 2130/18/6
f 4394/1174/8 2048/1028/8 2049/1028/8
f 4395/1174/8 2049/1028/8 1617/1028/8
f 3179/2530/8 1260/462/8 1757/462/8
f 5433/2579/7 2129/3773/7 3675/2580/7
f 5434/2582/7 2973/3963/7 5435/2583/7
f 4396/2585/7 2050/4516/7 5436/2586/7
f 5437/2588/7 2128/3957/7 3674/2589/7
f 5438/2591/7 2974/3960/7 5439/2592/7
f 4457/2594/7 2127/3965/7 5440/2595/7
f 5441/2597/7 1181/4176/7 3151/2598/7
f 5442/2600/7 2975/3956/7 5443/2601/7
f 4456/2603/7 2126/3775/7 5444/2604/7
f 5445/2606/7 2125/3779/7 3671/2607/7
f 5446/2609/7 2976/3953/7 5447/2610/7
f 4397/2612/7 2051/3940/7 5448/2613/7
f 5449/2615/7 2124/3946/7 3670/2616/7
f 5450/2618/7 2977/3949/7 5451/2619/7
f 4453/2621/7 2123/3955/7 5452/2622/7
f 5453/2624/7 1587/3961/7 3362/2625/7
f 5454/2627/7 2978/3945/7 5455/2628/7
f 4452/2630/7 2122/3781/7 5456/2631/7
f 5457/2633/7 2121/3785/7 3667/2634/7
f 5458/2636/7 2979/3942/7 5459/2637/7
f 4242/2639/7 1756/4550/7 5460/2640/7
f 5461/2642/7 2120/3935/7 3666/2643/7
f 5462/2645/7 2980/3938/7 5463/2646/7
f 4449/2648/7 2119/3944/7 5464/2649/7
f 5465/2651/7 1588/4515/7 3363/2652/7
f 5466/2654/7 2981/3934/7 5467/2655/7
f 4448/2657/7 2118/3786/7 5468/2658/7
f 2115/29/57 2982/199/40 2117/199/6
f 934/29/48 2056/199/6 2982/199/40
f 2056/199/6 382/30/48 2054/30/40
f 1729/77/45 2983/418/57 2116/418/69
f 322/77/45 1591/418/69 2983/418/57
f 1591/418/69 934/29/48 2115/29/57
f 5469/419/5 2116/418/69 2114/29/69
f 567/29/37 85/77/37 1265/77/71
f 5470/418/77 2114/29/69 567/29/37
f 2111/29/37 2984/199/57 2113/199/6
f 542/29/48 1732/199/6 2984/199/57
f 1732/199/6 325/30/48 2055/30/48
f 1870/77/45 2985/418/37 2112/418/69
f 158/77/45 1268/418/69 2985/418/37
f 1268/418/69 542/29/48 2111/29/37
f 1405/77/37 2986/418/57 1591/418/69
f 708/77/45 2112/418/69 2986/418/57
f 2112/418/69 958/29/48 2110/29/48
f 2107/10/57 2987/96/40 2109/96/40
f 711/10/48 1873/96/6 2987/96/40
f 1873/96/6 84/22/48 1755/22/40
f 2055/30/48 2988/417/57 2108/417/6
f 325/30/48 1408/417/6 2988/417/57
f 1408/417/6 711/10/48 2107/10/57
f 1590/30/57 2989/417/40 1592/417/6
f 933/30/48 2108/417/6 2989/417/40
f 2108/417/6 957/10/48 2106/10/48
f 5471/2660/3 2105/3790/3 3663/2661/3
f 5472/2663/3 2990/3931/3 5473/2664/3
f 4400/2666/3 2058/4525/3 5474/2667/3
f 5475/2669/3 2104/3926/3 3662/2670/3
f 5476/2672/3 2991/3928/3 5477/2673/3
f 4445/2675/3 2103/3933/3 5478/2676/3
f 5479/2678/3 1183/462/3 3153/2530/3
f 5480/2680/3 2992/3925/3 5481/2681/3
f 4444/2683/3 2102/3792/3 5482/2684/3
f 5483/2686/3 2101/3795/3 3659/2687/3
f 5484/2689/3 2993/3922/3 5485/2690/3
f 4401/2692/3 2059/3909/3 5486/2693/3
f 5487/2695/3 2100/3915/3 3658/2696/3
f 5488/2698/3 2994/3918/3 5489/2699/3
f 4441/2701/3 2099/3924/3 5490/2702/3
f 5491/2704/3 1595/3929/3 3366/2705/3
f 5492/2707/3 2995/3914/3 5493/2708/3
f 4440/2710/3 2098/3797/3 5494/2711/3
f 5495/2713/3 2097/3801/3 3655/2714/3
f 5496/2716/3 2996/3911/3 5497/2717/3
f 4240/251/3 1753/80/3 5498/2719/3
f 5499/2721/3 2096/3904/3 3654/2722/3
f 5500/2724/3 2997/3907/3 5501/2725/3
f 4437/2727/3 2095/3913/3 5502/2728/3
f 5503/2730/3 1596/4524/3 3367/2731/3
f 5504/2733/3 2998/3903/3 5505/2734/3
f 4436/2736/3 2094/3802/3 5506/2737/3
f 5507/2739/2 2093/3806/2 3651/2740/2
f 5508/2742/2 2999/3900/2 5509/2743/2
f 4404/2745/2 2062/4534/2 5510/2746/2
f 5511/2748/2 2092/3895/2 3650/2749/2
f 5512/2751/2 3000/3897/2 5513/2752/2
f 4433/2754/2 2091/3902/2 5514/2755/2
f 5515/2757/2 1751/463/2 4238/2532/2
f 5516/2759/2 3001/3894/2 5517/2760/2
f 4432/2762/2 2090/3808/2 5518/2763/2
f 5519/2765/2 2089/3811/2 3647/2766/2
f 5520/2768/2 3002/3891/2 5521/2769/2
f 4405/2771/2 2063/3877/2 5522/2772/2
f 5523/2774/2 2088/3884/2 3646/2775/2
f 5524/2777/2 3003/3887/2 5525/2778/2
f 4429/2780/2 2087/3893/2 5526/2781/2
f 5527/2783/2 1599/3898/2 3370/2784/2
f 5528/2786/2 3004/3883/2 5529/2787/2
f 4428/2789/2 2086/3813/2 5530/2790/2
f 5531/2792/2 2085/3817/2 3643/2793/2
f 5532/2795/2 3005/3879/2 5533/2796/2
f 4237/2798/2 1750/4117/2 5534/2799/2
f 5535/2801/2 2084/3872/2 3642/2802/2
f 5536/2804/2 3006/3875/2 5537/2805/2
f 4425/2807/2 2083/3882/2 5538/2808/2
f 5539/2810/2 1600/4533/2 3371/2811/2
f 5540/2813/2 3007/3871/2 5541/2814/2
f 4424/2816/2 2082/3819/2 5542/2817/2
f 5543/2819/1 2081/3823/1 3639/2820/1
f 5544/2822/1 3008/3868/1 5545/2823/1
f 4408/2825/1 2066/4543/1 5546/2826/1
f 5547/2828/1 2080/3863/1 3638/2829/1
f 5548/2831/1 3009/3865/1 5549/2832/1
f 4421/2834/1 2079/3870/1 5550/2835/1
f 5551/2837/1 1748/464/1 4235/2531/1
f 5552/2839/1 3010/3862/1 5553/2840/1
f 4420/2842/1 2078/3825/1 5554/2843/1
f 5555/2845/1 2077/3828/1 3635/2846/1
f 5556/2848/1 3011/3859/1 5557/2849/1
f 4409/2851/1 2067/3845/1 5558/2852/1
f 5559/2854/1 2076/3852/1 3634/2855/1
f 5560/2857/1 3012/3855/1 5561/2858/1
f 4417/2860/1 2075/3861/1 5562/2861/1
f 5563/2863/1 1603/3866/1 3374/2864/1
f 5564/2866/1 3013/3851/1 5565/2867/1
f 4416/2869/1 2074/3830/1 5566/2870/1
f 5567/2872/1 2073/3834/1 3631/2873/1
f 5568/2875/1 3014/3847/1 5569/2876/1
f 4234/2878/1 1747/4207/1 5570/2879/1
f 5571/2881/1 2072/3840/1 3630/2882/1
f 5572/2884/1 3015/3843/1 5573/2885/1
f 4413/2887/1 2071/3850/1 5574/2888/1
f 5575/2890/1 1604/4542/1 3375/2891/1
f 5576/2893/1 3016/3839/1 5577/2894/1
f 4412/2896/1 2070/3836/1 5578/2897/1
f 5579/2899/1 2069/4545/1 3627/2900/1
f 5580/2902/1 3017/3833/1 5581/2903/1
f 3982/2905/1 1283/4203/1 5582/2906/1
f 5583/2908/1 2068/3869/1 3626/2909/1
f 5584/2911/1 3018/3827/1 5585/2912/1
f 4157/2914/1 1602/3841/1 5586/2915/1
f 5587/2917/1 1284/266/1 3983/2918/1
f 5588/2920/1 3019/3822/1 5589/2921/1
f 4156/2923/1 1601/4540/1 5590/2924/1
f 5591/2926/2 2065/4536/2 3623/2927/2
f 5592/2929/2 3020/3816/2 5593/2930/2
f 3985/2932/2 1286/4113/2 5594/2933/2
f 5595/2935/2 2064/3901/2 3622/2936/2
f 5596/2938/2 3021/3810/2 5597/2939/2
f 4153/2941/2 1598/3873/2 5598/2942/2
f 5599/2944/2 1287/264/2 3986/2945/2
f 5600/2947/2 3022/3805/2 5601/2948/2
f 4152/2950/2 1597/4531/2 5602/2951/2
f 5603/2953/3 2061/4527/3 3619/2954/3
f 5604/2956/3 3023/3800/3 5605/2957/3
f 3988/587/3 1289/585/3 5606/2959/3
f 5607/2961/3 2060/3932/3 3618/2962/3
f 5608/2964/3 3024/3794/3 5609/2965/3
f 4149/2967/3 1594/3905/3 5610/2968/3
f 5611/2970/3 1648/262/3 3405/2971/3
f 5612/2973/3 3025/3789/3 5613/2974/3
f 4148/2976/3 1593/4522/3 5614/2977/3
f 2106/10/48 3026/96/39 2057/96/6
f 957/10/48 2109/96/40 3026/96/39
f 2109/96/40 566/22/48 1291/22/40
f 2110/29/48 3027/199/57 2056/199/6
f 958/29/48 2113/199/6 3027/199/57
f 2113/199/6 933/30/48 1590/30/57
f 5615/311/5 2117/199/6 1589/30/6
f 174/30/37 567/29/37 2114/29/69
f 5616/199/59 1589/30/6 174/30/37
f 5617/2979/7 2053/4518/7 3615/2980/7
f 5618/2982/7 3028/3784/7 5619/2983/7
f 3990/2985/7 1292/4551/7 5620/2986/7
f 5621/2988/7 2052/3964/7 3614/2989/7
f 5622/2991/7 3029/3778/7 5623/2992/7
f 4145/2994/7 1586/3936/7 5624/2995/7
f 5625/2997/7 1646/4179/7 3403/2998/7
f 5626/3000/7 3030/3772/7 5627/3001/7
f 4144/3003/7 1585/4513/7 5628/3004/7
f 3431/2971/8 1724/262/8 1293/262/8
f 4143/3006/8 1584/45/8 1152/45/8
f 4142/3006/8 1583/45/8 1584/45/8
f 2130/18/6 3031/82/68 2047/82/40
f 963/18/6 2133/82/59 3031/82/68
f 2133/82/59 573/15/6 1295/15/9
f 2134/23/59 3032/239/43 2046/239/56
f 964/23/59 2137/239/56 3032/239/43
f 2137/239/56 923/72/59 1580/72/5
f 965/23/6 922/72/43 1579/72/43
f 2141/19/33 2043/19/38 921/20/13
f 5630/246/67 2145/246/90 919/236/55
f 919/236/55 379/236/33 2042/246/46
f 577/16/7 1297/16/7 2150/21/7
f 915/83/7 1576/83/7 2152/27/7
f 914/83/7 1575/83/7 2154/27/7
f 579/22/1 1298/22/1 2156/10/1
f 911/30/1 1574/30/1 2158/29/1
f 910/30/1 1573/30/1 2160/29/1
f 581/15/8 1299/15/8 2162/18/8
f 907/72/8 1572/72/8 2164/23/8
f 906/72/8 1571/72/8 2166/23/8
f 576/17/3 1296/17/3 2168/20/3
f 903/236/3 1570/236/3 2170/25/3
f 902/236/3 1569/236/3 2172/25/3
f 1706/262/3 1300/262/3 3993/2971/3
f 3427/2918/8 1704/266/8 1301/266/8
f 4141/3007/8 1568/47/8 1160/47/8
f 4140/3007/8 1567/47/8 1568/47/8
f 3425/591/8 1702/260/8 1660/260/8
f 4139/592/8 1566/44/8 1800/44/8
f 4138/592/8 1565/44/8 1566/44/8
f 3423/2945/8 1700/264/8 1303/264/8
f 4137/3008/8 1564/46/8 1162/46/8
f 4136/3008/8 1563/46/8 1564/46/8
f 499/76/29 1698/260/29 1663/260/29
f 1696/266/1 1306/266/1 3998/2918/1
f 1694/260/17 1662/260/17 3413/591/17
f 1692/264/2 1307/264/2 3999/2945/2
f 1690/262/1 1309/262/1 593/447/1
f 489/459/30 1688/264/30 1310/264/30
f 487/447/31 1686/262/31 1308/262/31
f 485/454/32 1684/266/32 1311/266/32
f 3033/301/8 2027/300/8 895/1210/8
f 2177/471/8 3033/301/8 2174/465/8
f 472/76/8 1671/260/8 3033/301/8
f 3034/299/8 2026/298/8 894/2570/8
f 2181/480/8 3034/299/8 2178/473/8
f 893/2578/8 1560/297/8 3034/299/8
f 3035/296/8 1672/295/8 473/3009/8
f 2185/489/8 3035/296/8 2182/482/8
f 892/1211/8 1559/294/8 3035/296/8
f 1678/266/3 1314/266/3 598/454/3
f 1676/260/2 1671/260/2 472/76/2
f 1674/264/17 1312/264/17 596/459/17
f 1673/265/17 1346/265/17 640/491/17
f 1344/265/17 1673/265/17 474/491/17
f 1310/264/17 1674/264/17 475/459/17
f 1675/261/2 1637/261/2 428/18/2
f 1629/261/2 1675/261/2 476/18/2
f 1663/260/2 1676/260/2 477/76/2
f 1677/267/3 1348/267/3 642/493/3
f 1345/267/3 1677/267/3 478/493/3
f 1311/266/3 1678/266/3 479/454/3
f 3036/293/8 2023/292/8 891/1215/8
f 2189/502/8 3036/293/8 2186/495/8
f 649/2575/8 1355/291/8 3036/293/8
f 3037/290/8 2022/289/8 890/2555/8
f 2193/511/8 3037/290/8 2190/504/8
f 889/2568/8 1556/288/8 3037/290/8
f 3038/287/8 1638/286/8 429/3010/8
f 2197/520/8 3038/287/8 2194/513/8
f 888/1217/8 1555/285/8 3038/287/8
f 3039/284/8 2019/283/8 887/1221/8
f 2201/529/8 3039/284/8 2198/522/8
f 650/2538/8 1356/282/8 3039/284/8
f 3040/281/8 2018/280/8 886/2542/8
f 2205/538/8 3040/281/8 2202/531/8
f 885/2553/8 1552/279/8 3040/281/8
f 3041/278/8 1681/277/8 482/2562/8
f 2209/547/8 3041/278/8 2206/540/8
f 884/1223/8 1551/276/8 3041/278/8
f 3042/275/8 2015/274/8 883/1227/8
f 2213/555/8 3042/275/8 2210/549/8
f 428/18/8 1637/261/8 3042/275/8
f 3043/273/8 2014/272/8 882/2534/8
f 2217/564/8 3043/273/8 2214/557/8
f 881/2540/8 1548/271/8 3043/273/8
f 3044/270/8 1682/269/8 483/2574/8
f 2221/573/8 3044/270/8 2218/566/8
f 880/1228/8 1547/268/8 3044/270/8
f 1683/267/32 1345/267/32 639/493/32
f 484/493/32 634/493/32 4018/3012/32
f 4018/3012/32 1340/267/32 484/493/32
f 485/454/32 590/454/32 3998/2918/32
f 3998/2918/32 1306/266/32 1684/266/32
f 1685/263/31 1342/263/31 636/575/31
f 486/575/31 628/575/31 4013/3015/31
f 4013/3015/31 1334/263/31 486/575/31
f 487/447/31 584/447/31 3993/2971/31
f 3993/2971/31 1300/262/31 1686/262/31
f 1687/265/30 1344/265/30 638/491/30
f 488/491/30 635/491/30 4019/3011/30
f 4019/3011/30 1341/265/30 488/491/30
f 489/459/30 591/459/30 3999/2945/30
f 3999/2945/30 1307/264/30 1688/264/30
f 1689/263/1 1343/263/1 637/575/1
f 1342/263/1 1689/263/1 490/575/1
f 1308/262/1 1690/262/1 491/447/1
f 1691/265/2 1341/265/2 4019/3011/2
f 1337/265/2 1691/265/2 3416/3011/2
f 1303/264/2 1692/264/2 3417/2945/2
f 1693/261/17 1628/261/17 3393/593/17
f 1626/261/17 1693/261/17 3418/593/17
f 1660/260/17 1694/260/17 3419/591/17
f 1695/267/1 1340/267/1 4018/3012/1
f 1335/267/1 1695/267/1 3420/3012/1
f 1301/266/1 1696/266/1 3421/2918/1
f 1697/261/29 1629/261/29 420/18/29
f 498/18/29 419/18/29 3393/593/29
f 3393/593/29 1628/261/29 498/18/29
f 499/76/29 463/76/29 3413/591/29
f 3413/591/29 1662/260/29 1698/260/29
f 1839/51/8 1196/51/8 3944/3013/8
f 1699/265/8 2011/265/8 3603/3011/8
f 2011/265/8 2010/265/8 3602/3011/8
f 1180/51/8 1839/51/8 3494/3013/8
f 1321/265/8 2009/265/8 3601/3011/8
f 2009/265/8 2008/265/8 3600/3011/8
f 3986/2945/8 1287/264/8 1700/264/8
f 4131/3008/8 1542/46/8 1840/46/8
f 4130/3008/8 1541/46/8 1542/46/8
f 1841/52/8 1766/52/8 3463/594/8
f 1701/261/8 2005/261/8 3597/593/8
f 2005/261/8 2004/261/8 3596/593/8
f 1758/52/8 1841/52/8 3496/594/8
f 1618/261/8 2003/261/8 3595/593/8
f 2003/261/8 2002/261/8 3594/593/8
f 3408/591/8 1652/260/8 1702/260/8
f 4125/592/8 1536/44/8 1842/44/8
f 4124/592/8 1535/44/8 1536/44/8
f 1843/54/8 1194/54/8 3942/3014/8
f 1703/267/8 1999/267/8 3591/3012/8
f 1999/267/8 1998/267/8 3590/3012/8
f 1177/54/8 1843/54/8 3498/3014/8
f 1318/267/8 1997/267/8 3589/3012/8
f 1997/267/8 1996/267/8 3588/3012/8
f 3983/2918/8 1284/266/8 1704/266/8
f 4119/3007/8 1530/47/8 1844/47/8
f 4118/3007/8 1529/47/8 1530/47/8
f 1705/263/3 1334/263/3 4013/3015/3
f 1327/263/3 1705/263/3 3428/3015/3
f 1293/262/3 1706/262/3 3429/2971/3
f 677/26/3 1383/26/3 2222/75/3
f 859/248/3 1528/248/3 2224/252/3
f 858/248/3 1527/248/3 2226/252/3
f 678/26/3 1384/26/3 2228/75/3
f 855/248/3 1526/248/3 2230/252/3
f 854/248/3 1525/248/3 2232/252/3
f 620/17/3 1330/17/3 2234/20/3
f 851/236/3 1524/236/3 2236/25/3
f 850/236/3 1523/236/3 2238/25/3
f 681/24/8 1385/24/8 2240/76/8
f 847/238/8 1522/238/8 2242/237/8
f 846/238/8 1521/238/8 2244/237/8
f 682/24/8 1386/24/8 2246/76/8
f 843/238/8 1520/238/8 2248/237/8
f 842/238/8 1519/238/8 2250/237/8
f 625/15/8 1333/15/8 2252/18/8
f 839/72/8 1518/72/8 2254/23/8
f 838/72/8 1517/72/8 2256/23/8
f 685/77/1 1387/77/1 2258/78/1
f 835/203/1 1516/203/1 2260/235/1
f 834/203/1 1515/203/1 2262/235/1
f 686/77/1 1388/77/1 2264/78/1
f 831/203/1 1514/203/1 2266/235/1
f 830/203/1 1513/203/1 2268/235/1
f 623/22/1 1332/22/1 2270/10/1
f 827/30/1 1512/30/1 2272/29/1
f 826/30/1 1511/30/1 2274/29/1
f 689/28/7 1389/28/7 2276/79/7
f 823/253/7 1510/253/7 2278/254/7
f 822/253/7 1509/253/7 2280/254/7
f 690/28/7 1390/28/7 2282/79/7
f 819/253/7 1508/253/7 2284/254/7
f 818/253/7 1507/253/7 2286/254/7
f 621/16/7 1331/16/7 2288/21/7
f 815/83/7 1506/83/7 2290/27/7
f 814/83/7 1505/83/7 2292/27/7
f 3045/80/37 1969/80/66 813/75/9
f 2297/80/58 3045/80/37 2294/75/60
f 693/26/66 1391/26/53 3045/80/37
f 3046/249/48 1968/249/42 812/252/48
f 2301/249/42 3046/249/48 2298/252/59
f 811/248/42 1502/248/65 3046/249/48
f 810/248/45 1501/248/42 5631/250/94
f 184/248/13 406/252/13 1501/248/42
f 406/252/13 2302/252/42 5632/249/70
f 3047/80/5 1965/80/5 3585/396/37
f 2309/80/5 3047/80/5 5633/396/37
f 694/26/34 1392/26/34 5634/251/37
f 3048/249/79 1964/249/44 3584/1083/9
f 2313/249/79 3048/249/79 5635/1083/37
f 807/248/43 1498/248/43 5636/250/37
f 3049/249/37 1717/249/40 526/252/9
f 2317/249/41 3049/249/37 2314/252/60
f 806/248/9 1497/248/48 3049/249/37
f 2319/19/13 1961/19/38 3583/743/11
f 3683/245/58 2323/246/9 2320/25/48
f 5640/246/67 2327/246/43 802/236/9
f 802/236/9 311/236/55 1718/246/62
f 3050/81/10 1959/81/41 801/76/40
f 2331/81/61 3050/81/10 2328/76/10
f 697/24/41 1395/24/10 3050/81/10
f 3051/242/40 1958/242/60 800/237/40
f 2335/242/60 3051/242/40 2332/237/47
f 799/238/60 1492/238/47 3051/242/40
f 798/238/40 1491/238/10 2336/237/40
f 3052/81/60 1955/81/61 3581/457/59
f 2341/81/60 3052/81/60 5641/457/10
f 698/24/10 1396/24/10 5642/244/10
f 3053/242/6 1954/242/5 3580/458/60
f 2345/242/6 3053/242/6 5643/458/10
f 795/238/6 1488/238/6 5644/243/10
f 3054/242/10 1721/242/60 530/237/40
f 2349/242/4 3054/242/10 2346/237/10
f 794/238/4 1487/238/60 3054/242/10
f 5645/578/68 3055/82/43 1951/82/40
f 3689/578/77 2353/82/43 3055/82/43
f 4473/241/59 617/15/6 1329/15/6
f 5647/451/59 3056/239/42 1950/239/58
f 3691/451/79 2357/239/42 3056/239/42
f 4475/240/79 791/72/40 1484/72/40
f 2358/23/6 3057/239/56 1722/239/57
f 1046/23/6 2361/239/47 3057/239/56
f 2361/239/47 790/72/40 1483/72/6
f 1864/65/8 1186/65/8 3939/3016/8
f 1723/263/8 1947/263/8 3577/3015/8
f 1947/263/8 1946/263/8 3576/3015/8
f 1754/65/8 1864/65/8 3502/3016/8
f 1614/263/8 1945/263/8 3575/3015/8
f 1945/263/8 1944/263/8 3574/3015/8
f 3405/2971/8 1648/262/8 1724/262/8
f 4105/3006/8 1478/45/8 1865/45/8
f 4104/3006/8 1477/45/8 1478/45/8
f 5649/3017/7 1941/4509/7 3571/3018/7
f 5650/3020/7 3058/3766/7 5651/3021/7
f 4036/3023/7 1401/3947/7 5652/3024/7
f 5653/3026/7 1940/4006/7 3570/3027/7
f 5654/3029/7 3059/3760/7 5655/3030/7
f 4101/3032/7 1474/3968/7 5656/3033/7
f 5657/3035/7 1612/4149/7 3383/3036/7
f 5658/3038/7 3060/3754/7 5659/3039/7
f 4100/3041/7 1473/4504/7 5660/3042/7
f 5661/3044/7 1937/4500/7 3567/3045/7
f 5662/3047/7 3061/3748/7 5663/3048/7
f 4037/3050/7 1402/4078/7 5664/3051/7
f 5665/3053/7 1936/4058/7 3566/3054/7
f 5666/3056/7 3062/3742/7 5667/3057/7
f 4097/3059/7 1470/4010/7 5668/3060/7
f 5669/3062/7 1727/3991/7 3434/3063/7
f 5670/3065/7 3063/3736/7 5671/3066/7
f 4096/3068/7 1469/4495/7 5672/3069/7
f 5673/3071/7 1933/4491/7 3563/3072/7
f 5674/3074/7 3064/3731/7 5675/3075/7
f 4010/3077/7 1326/4552/7 5676/3078/7
f 5677/3080/7 1932/4098/7 3562/3081/7
f 5678/3083/7 3065/3725/7 5679/3084/7
f 4093/3086/7 1466/4062/7 5680/3087/7
f 5681/3089/7 1728/3954/7 3435/3090/7
f 5682/3092/7 3066/3719/7 5683/3093/7
f 4092/3095/7 1465/4486/7 5684/3096/7
f 2398/78/85 3067/95/50 1929/95/44
f 1056/78/84 2401/95/46 3067/95/50
f 2401/95/46 708/77/45 1405/77/37
f 1057/235/33 2403/202/55 1928/202/51
f 5685/1318/55 3068/95/33 1927/95/33
f 3729/1318/46 2409/95/33 3068/95/33
f 4513/205/46 709/77/45 1406/77/45
f 3731/2285/51 2411/202/33 1926/202/33
f 1061/235/33 2413/202/50 1731/202/51
f 5687/11/9 3069/96/44 1925/96/44
f 3733/11/40 2417/96/44 3069/96/44
f 4517/201/40 610/22/48 1325/22/48
f 5689/311/49 3070/199/33 1924/199/45
f 3735/311/62 2421/199/33 3070/199/33
f 4519/200/62 761/30/45 1458/30/45
f 2422/29/48 3071/199/48 1732/199/6
f 1064/29/59 2425/199/78 3071/199/48
f 2425/199/78 760/30/65 1457/30/37
f 5691/3098/3 1921/4482/3 3555/3099/3
f 5692/3101/3 3072/3713/3 5693/3102/3
f 4040/3104/3 1409/3916/3 5694/3105/3
f 5695/3107/3 1920/4128/3 3554/3108/3
f 5696/3110/3 3073/3707/3 5697/3111/3
f 4085/3113/3 1454/4102/3 5698/3114/3
f 5699/3116/3 1614/263/3 3385/3015/3
f 5700/3118/3 3074/3702/3 5701/3119/3
f 4084/3121/3 1453/4477/3 5702/3122/3
f 5703/3124/3 1917/4473/3 3551/3125/3
f 5704/3127/3 3075/3696/3 5705/3128/3
f 4041/3130/3 1410/4173/3 5706/3131/3
f 5707/3133/3 1916/4158/3 3550/3134/3
f 5708/3136/3 3076/3690/3 5709/3137/3
f 4081/3139/3 1450/4132/3 5710/3140/3
f 5711/3142/3 1735/4119/3 3438/3143/3
f 5712/3145/3 3077/3684/3 5713/3146/3
f 4080/3148/3 1449/4468/3 5714/3149/3
f 5715/3151/3 1913/4464/3 3547/3152/3
f 5716/3154/3 3078/3679/3 5717/3155/3
f 4008/589/3 1323/452/3 5718/3157/3
f 5719/3159/3 1912/4188/3 3546/3160/3
f 5720/3162/3 3079/3673/3 5721/3163/3
f 4077/3165/3 1446/4162/3 5722/3166/3
f 5723/3168/3 1736/3923/3 3439/3169/3
f 5724/3171/3 3080/3667/3 5725/3172/3
f 4076/3174/3 1445/4459/3 5726/3175/3
f 5727/3177/2 1909/4455/2 3543/3178/2
f 5728/3180/2 3081/3661/2 5729/3181/2
f 4044/3183/2 1413/3885/2 5730/3184/2
f 5731/3186/2 1908/4218/2 3542/3187/2
f 5732/3189/2 3082/3655/2 5733/3190/2
f 4073/3192/2 1442/4192/2 5734/3193/2
f 5735/3195/2 1321/265/2 4006/3011/2
f 5736/3197/2 3083/3650/2 5737/3198/2
f 4072/3200/2 1441/4450/2 5738/3201/2
f 5739/3203/2 1905/4446/2 3539/3204/2
f 5740/3206/2 3084/3644/2 5741/3207/2
f 4045/3209/2 1414/4280/2 5742/3210/2
f 5743/3212/2 1904/4260/2 3538/3213/2
f 5744/3215/2 3085/3638/2 5745/3216/2
f 4069/3218/2 1438/4222/2 5746/3219/2
f 5747/3221/2 1739/4209/2 3442/3222/2
f 5748/3224/2 3086/3632/2 5749/3225/2
f 4068/3227/2 1437/4441/2 5750/3228/2
f 5751/3230/2 1901/4437/2 3535/3231/2
f 5752/3233/2 3087/3626/2 5753/3234/2
f 4005/3236/2 1320/4143/2 5754/3237/2
f 5755/3239/2 1900/4300/2 3534/3240/2
f 5756/3242/2 3088/3620/2 5757/3243/2
f 4065/3245/2 1434/4264/2 5758/3246/2
f 5759/3248/2 1740/3892/2 3443/3249/2
f 5760/3251/2 3089/3614/2 5761/3252/2
f 4064/3254/2 1433/4432/2 5762/3255/2
f 5763/3257/1 1897/4428/1 3531/3258/1
f 5764/3260/1 3090/3608/1 5765/3261/1
f 4048/3263/1 1417/3853/1 5766/3264/1
f 5767/3266/1 1896/4325/1 3530/3267/1
f 5768/3269/1 3091/3602/1 5769/3270/1
f 4061/3272/1 1430/4304/1 5770/3273/1
f 5771/3275/1 1318/267/1 4003/3012/1
f 5772/3277/1 3092/3597/1 5773/3278/1
f 4060/3280/1 1429/4423/1 5774/3281/1
f 5775/3283/1 1893/4419/1 3527/3284/1
f 5776/3286/1 3093/3591/1 5777/3287/1
f 4049/3289/1 1418/4381/1 5778/3290/1
f 5779/3292/1 1892/4361/1 3526/3293/1
f 5780/3295/1 3094/3585/1 5781/3296/1
f 4057/3298/1 1426/4329/1 5782/3299/1
f 5783/3301/1 1743/4318/1 3446/3302/1
f 5784/3304/1 3095/3579/1 5785/3305/1
f 4056/3307/1 1425/4414/1 5786/3308/1
f 5787/3310/1 1889/4410/1 3523/3311/1
f 5788/3313/1 3096/3573/1 5789/3314/1
f 4002/3316/1 1317/4239/1 5790/3317/1
f 5791/3319/1 1888/4401/1 3522/3320/1
f 5792/3322/1 3097/3567/1 5793/3323/1
f 4053/3325/1 1422/4365/1 5794/3326/1
f 5795/3328/1 1744/3860/1 3447/3329/1
f 5796/3331/1 3098/3561/1 5797/3332/1
f 4052/3334/1 1421/4405/1 5798/3335/1
f 5799/3337/1 1885/3848/1 3519/3338/1
f 5800/3340/1 3099/3555/1 5801/3341/1
f 3930/3343/1 1176/4255/1 5802/3344/1
f 5803/3346/1 1884/4311/1 3518/3347/1
f 5804/3349/1 3100/3549/1 5805/3350/1
f 3977/3352/1 1278/4396/1 5806/3353/1
f 5807/3355/1 1177/54/1 3931/3014/1
f 5808/3357/1 3101/3544/1 5809/3358/1
f 3976/3360/1 1277/3864/1 5810/3361/1
f 5811/3363/2 1881/3880/2 3515/3364/2
f 5812/3366/2 3102/3538/2 5813/3367/2
f 3933/3369/2 1179/4153/2 5814/3370/2
f 5815/3372/2 1880/4199/2 3514/3373/2
f 5816/3375/2 3103/3532/2 5817/3376/2
f 3973/3378/2 1274/4295/2 5818/3379/2
f 5819/3381/2 1180/51/2 3934/3013/2
f 5820/3383/2 3104/3527/2 5821/3384/2
f 3972/3386/2 1273/3896/2 5822/3387/2
f 5823/3389/3 1877/3912/3 3511/3390/3
f 5824/3392/3 3105/3522/3 5825/3393/3
f 3936/590/3 1182/453/3 5826/3395/3
f 5827/3397/3 1876/4109/3 3510/3398/3
f 5828/3400/3 3106/3516/3 5829/3401/3
f 3969/3403/3 1270/4183/3 5830/3404/3
f 5831/3406/3 1754/65/3 3457/3016/3
f 5832/3408/3 3107/3511/3 5833/3409/3
f 3968/3411/3 1269/3927/3 5834/3412/3
f 2570/10/44 3108/96/47 1873/96/6
f 1101/10/37 2573/96/37 3108/96/47
f 2573/96/37 441/22/44 1184/22/40
f 2574/78/86 3109/95/35 1872/95/46
f 1102/78/84 2577/95/89 3109/95/35
f 2577/95/89 540/77/64 1266/77/80
f 2581/95/43 1265/77/71 5835/95/45
f 85/77/37 442/78/37 2578/78/44
f 5835/95/45 1265/77/71 85/77/37
f 5836/3414/7 1869/3943/7 3507/3415/7
f 5837/3417/7 3110/3506/7 5838/3418/7
f 3938/3420/7 1185/450/7 5839/3421/7
f 5840/3423/7 1868/3975/7 3506/3424/7
f 5841/3426/7 3111/3500/7 5842/3427/7
f 3965/3429/7 1262/4093/7 5843/3430/7
f 5844/3432/7 1752/4139/7 3455/3433/7
f 5845/3435/7 3112/3494/7 5846/3436/7
f 3964/3438/7 1261/3958/7 5847/3439/7
f 3477/3006/8 1788/45/8 1477/45/8
f 1944/263/8 1723/263/8 3430/3015/8
f 1946/263/8 1327/263/8 4011/3015/8
f 2594/18/43 3113/82/42 1862/82/40
f 1107/18/43 2597/82/59 3113/82/42
f 2597/82/59 448/15/44 1188/15/9
f 3114/81/10 1861/81/41 699/76/40
f 2601/81/61 3114/81/10 2598/76/60
f 529/24/41 1255/24/39 3114/81/10
f 528/24/6 1254/24/39 2602/76/40
f 2605/19/33 1858/19/38 696/20/46
f 3115/80/37 1857/80/4 695/75/9
f 2609/80/56 3115/80/37 2606/75/48
f 525/26/42 1251/26/36 3115/80/37
f 524/26/9 1250/26/75 5848/251/85
f 95/26/13 575/75/13 1250/26/75
f 575/75/13 2610/75/35 5849/80/95
f 452/16/7 1190/16/7 2614/21/7
f 521/28/7 1249/28/7 2616/79/7
f 520/28/7 1248/28/7 2618/79/7
f 454/22/1 1191/22/1 2620/10/1
f 517/77/1 1247/77/1 2622/78/1
f 516/77/1 1246/77/1 2624/78/1
f 456/15/8 1192/15/8 2626/18/8
f 513/24/8 1245/24/8 2628/76/8
f 512/24/8 1244/24/8 2630/76/8
f 451/17/3 1189/17/3 2632/20/3
f 509/26/3 1243/26/3 2634/75/3
f 508/26/3 1242/26/3 2636/75/3
f 1152/45/3 1846/45/3 3501/3006/3
f 1186/65/3 1845/65/3 3500/3016/3
f 1845/65/3 1193/65/3 3941/3016/3
f 3911/3007/8 1143/47/8 1529/47/8
f 1996/267/8 1703/267/8 3426/3012/8
f 1998/267/8 1335/267/8 4014/3012/8
f 3480/592/8 1792/44/8 1535/44/8
f 2002/261/8 1701/261/8 3424/593/8
f 2004/261/8 1626/261/8 3391/593/8
f 3914/3008/8 1146/46/8 1541/46/8
f 2008/265/8 1699/265/8 3422/3011/8
f 2010/265/8 1337/265/8 4016/3011/8
f 668/237/29 632/237/29 1838/44/29
f 632/237/29 3485/592/29 1838/44/29
f 667/23/29 588/23/29 3465/594/29
f 3465/594/29 1768/52/29 1837/52/29
f 1837/52/29 1769/52/29 589/23/29
f 1160/47/1 1836/47/1 3493/3007/1
f 1194/54/1 1835/54/1 3492/3014/1
f 1835/54/1 1199/54/1 3946/3014/1
f 1800/44/17 1834/44/17 3491/592/17
f 1766/52/17 1833/52/17 3490/594/17
f 1833/52/17 1768/52/17 3465/594/17
f 1162/46/2 1832/46/2 3489/3008/2
f 1196/51/2 1831/51/2 3488/3013/2
f 1831/51/2 1200/51/2 3947/3013/2
f 1167/45/1 1830/45/1 660/449/1
f 1201/65/1 1829/65/1 659/595/1
f 1829/65/1 1202/65/1 468/595/1
f 658/461/30 422/461/30 1828/46/30
f 422/461/30 3927/3008/30 1828/46/30
f 657/580/30 466/580/30 3947/3013/30
f 3947/3013/30 1200/51/30 1827/51/30
f 1827/51/30 1203/51/30 469/580/30
f 656/449/31 415/449/31 1826/45/31
f 415/449/31 3921/3006/31 1826/45/31
f 655/595/31 459/595/31 3941/3016/31
f 3941/3016/31 1193/65/31 1825/65/31
f 1825/65/31 1201/65/31 467/595/31
f 654/456/32 421/456/32 1824/47/32
f 421/456/32 3926/3007/32 1824/47/32
f 653/582/32 465/582/32 3946/3014/32
f 3946/3014/32 1199/54/32 1823/54/32
f 1823/54/32 1204/54/32 470/582/32
f 3116/62/8 1822/61/8 652/2577/8
f 2641/1038/8 3116/62/8 2638/1032/8
f 597/23/8 1777/52/8 3116/62/8
f 3117/60/8 1821/59/8 651/2567/8
f 2645/1047/8 3117/60/8 2642/1040/8
f 481/2535/8 1215/58/8 3117/60/8
f 3118/57/8 1778/56/8 598/3441/8
f 2649/1056/8 3118/57/8 2646/1049/8
f 480/2571/8 1214/55/8 3118/57/8
f 1170/47/3 1818/47/3 648/456/3
f 1204/54/3 1817/54/3 647/582/3
f 1817/54/3 1207/54/3 473/582/3
f 1803/44/2 1816/44/2 646/237/2
f 1769/52/2 1815/52/2 645/23/2
f 1815/52/2 1777/52/2 597/23/2
f 1169/46/17 1814/46/17 644/461/17
f 1203/51/17 1813/51/17 643/580/17
f 1813/51/17 1205/51/17 471/580/17
f 1814/46/17 1171/46/17 427/461/17
f 1816/44/2 1811/44/2 641/237/2
f 1818/47/3 1173/47/3 429/456/3
f 3119/49/8 1812/48/8 642/3442/8
f 2653/1066/8 3119/49/8 2650/1060/8
f 641/237/8 1811/44/8 3119/49/8
f 654/456/32 1824/47/32 1170/47/32
f 656/449/31 1826/45/31 1167/45/31
f 658/461/30 1828/46/30 1169/46/30
f 1830/45/1 1168/45/1 424/449/1
f 1832/46/2 1166/46/2 3927/3008/2
f 1834/44/17 1802/44/17 3485/592/17
f 1836/47/1 1165/47/1 3926/3007/1
f 668/237/29 1838/44/29 1803/44/29
f 3495/3008/8 1840/46/8 1563/46/8
f 3497/592/8 1842/44/8 1565/44/8
f 3499/3007/8 1844/47/8 1567/47/8
f 1846/45/3 1159/45/3 3921/3006/3
f 407/17/3 1155/17/3 2654/20/3
f 412/15/8 1158/15/8 2656/18/8
f 410/22/1 1157/22/1 2658/10/1
f 408/16/7 1156/16/7 2660/21/7
f 1134/18/69 404/15/59 1154/15/9
f 3503/3006/8 1865/45/8 1583/45/8
f 5850/3443/7 1786/4169/7 3475/3444/7
f 5851/3446/7 3120/3489/7 5852/3447/7
f 3918/3449/7 1151/4553/7 5853/3450/7
f 5854/11/5 2673/96/5 1150/22/40
f 10/22/61 398/10/37 2670/10/6
f 5855/96/58 1150/22/40 10/22/61
f 5856/3452/3 1788/45/3 3477/3006/3
f 5857/3454/3 3121/3485/3 5858/3455/3
f 3916/588/3 1148/586/3 5859/3457/3
f 5860/3459/2 1146/46/2 3914/3008/2
f 5861/3461/2 3122/3480/2 5862/3462/2
f 3913/3464/2 1145/4123/2 5863/3465/2
f 5864/3467/1 1143/47/1 3911/3007/1
f 5865/3469/1 3123/3475/1 5866/3470/1
f 3910/3472/1 1142/4213/1 5867/3473/1
f 5868/3474/1 5867/3473/1 3123/3475/1
f 4691/1100/1 5868/3474/1 5865/3469/1
f 388/3477/1 3910/3472/1 5868/3474/1
f 5869/3471/1 5866/3470/1 2682/3478/1
f 3907/1103/1 5869/3471/1 4688/1126/1
f 2685/3476/1 5865/3469/1 5869/3471/1
f 5870/3468/1 3911/3007/1 389/456/1
f 5866/3470/1 5870/3468/1 3904/1094/1
f 3123/3475/1 5864/3467/1 5870/3468/1
f 5871/3466/2 5863/3465/2 3122/3480/2
f 4687/1092/2 5871/3466/2 5861/3461/2
f 391/3482/2 3913/3464/2 5871/3466/2
f 5872/3463/2 5862/3462/2 2678/3483/2
f 3903/1130/2 5872/3463/2 4684/1153/2
f 2681/3481/2 5861/3461/2 5872/3463/2
f 5873/3460/2 3914/3008/2 392/461/2
f 5862/3462/2 5873/3460/2 3900/1086/2
f 3122/3480/2 5860/3459/2 5873/3460/2
f 5874/3458/3 5859/3457/3 3121/3485/3
f 4683/1084/3 5874/3458/3 5857/3454/3
f 394/252/3 3916/588/3 5874/3458/3
f 5875/3456/3 5858/3455/3 2674/3487/3
f 3899/1157/3 5875/3456/3 4680/1179/3
f 2677/3486/3 5857/3454/3 5875/3456/3
f 5876/3453/3 3477/3006/3 608/449/3
f 5858/3455/3 5876/3453/3 3896/1078/3
f 3121/3485/3 5856/3452/3 5876/3453/3
f 5877/3451/7 5853/3450/7 3120/3489/7
f 4679/1075/7 5877/3451/7 5851/3446/7
f 399/254/7 3918/3449/7 5877/3451/7
f 5878/3448/7 5852/3447/7 2666/3491/7
f 3895/1183/7 5878/3448/7 4676/1206/7
f 2669/3490/7 5851/3446/7 5878/3448/7
f 5879/3445/7 3475/3444/7 606/3493/7
f 5852/3447/7 5879/3445/7 3892/1068/7
f 3120/3489/7 5850/3443/7 5879/3445/7
f 703/449/8 3503/3006/8 4142/3006/8
f 3501/3006/3 3921/3006/3 415/449/3
f 674/456/8 3499/3007/8 4140/3007/8
f 672/237/8 3497/592/8 4138/592/8
f 670/461/8 3495/3008/8 4136/3008/8
f 3493/3007/1 3926/3007/1 421/456/1
f 3491/592/17 3485/592/17 632/237/17
f 3489/3008/2 3927/3008/2 422/461/2
f 3488/3013/2 3947/3013/2 466/580/2
f 3944/3013/2 3488/3013/2 661/580/2
f 3924/3008/2 3489/3008/2 662/461/2
f 3490/594/17 3465/594/17 588/23/17
f 3463/594/17 3490/594/17 663/23/17
f 3483/592/17 3491/592/17 664/237/17
f 3492/3014/1 3946/3014/1 465/582/1
f 3942/3014/1 3492/3014/1 665/582/1
f 3922/3007/1 3493/3007/1 666/456/1
f 3602/3011/8 4016/3011/8 631/491/8
f 3600/3011/8 3422/3011/8 500/491/8
f 392/461/8 3914/3008/8 4130/3008/8
f 3596/593/8 3391/593/8 417/18/8
f 3594/593/8 3424/593/8 502/18/8
f 616/237/8 3480/592/8 4124/592/8
f 3590/3012/8 4014/3012/8 629/493/8
f 3588/3012/8 3426/3012/8 504/493/8
f 389/456/8 3911/3007/8 4118/3007/8
f 3500/3016/3 3941/3016/3 459/595/3
f 3939/3016/3 3500/3016/3 675/595/3
f 3919/3006/3 3501/3006/3 676/449/3
f 2610/75/35 2613/80/34 5848/251/85
f 3576/3015/8 4011/3015/8 613/575/8
f 3574/3015/8 3430/3015/8 533/575/8
f 608/449/8 3477/3006/8 4104/3006/8
f 5880/3440/7 5847/3439/7 3112/3494/7
f 4675/1026/7 5880/3440/7 5845/3435/7
f 535/3496/7 3964/3438/7 5880/3440/7
f 5881/3437/7 5846/3436/7 2590/3497/7
f 3891/1238/7 5881/3437/7 4672/1261/7
f 2593/3495/7 5845/3435/7 5881/3437/7
f 5882/3434/7 3455/3433/7 562/3499/7
f 5846/3436/7 5882/3434/7 3888/1019/7
f 3112/3494/7 5844/3432/7 5882/3434/7
f 5883/3431/7 5843/3430/7 3111/3500/7
f 4671/1017/7 5883/3431/7 5841/3426/7
f 536/3502/7 3965/3429/7 5883/3431/7
f 5884/3428/7 5842/3427/7 2586/3503/7
f 3887/1265/7 5884/3428/7 4668/1288/7
f 2589/3501/7 5841/3426/7 5884/3428/7
f 5885/3425/7 3506/3424/7 706/3505/7
f 5842/3427/7 5885/3425/7 3884/1010/7
f 3111/3500/7 5840/3423/7 5885/3425/7
f 5886/3422/7 5839/3421/7 3110/3506/7
f 4667/1008/7 5886/3422/7 5837/3417/7
f 443/27/7 3938/3420/7 5886/3422/7
f 5887/3419/7 5838/3418/7 2582/3508/7
f 3883/1292/7 5887/3419/7 4664/1315/7
f 2585/3507/7 5837/3417/7 5887/3419/7
f 5888/3416/7 3507/3415/7 707/3510/7
f 5838/3418/7 5888/3416/7 3880/1001/7
f 3110/3506/7 5836/3414/7 5888/3416/7
f 5889/3413/3 5834/3412/3 3107/3511/3
f 4663/999/3 5889/3413/3 5832/3408/3
f 543/3513/3 3968/3411/3 5889/3413/3
f 5890/3410/3 5833/3409/3 2566/3514/3
f 3879/1321/3 5890/3410/3 4660/1343/3
f 2569/3512/3 5832/3408/3 5890/3410/3
f 5891/3407/3 3457/3016/3 564/595/3
f 5833/3409/3 5891/3407/3 3876/993/3
f 3107/3511/3 5831/3406/3 5891/3407/3
f 5892/3405/3 5830/3404/3 3106/3516/3
f 4659/991/3 5892/3405/3 5828/3400/3
f 544/3518/3 3969/3403/3 5892/3405/3
f 5893/3402/3 5829/3401/3 2562/3519/3
f 3875/1347/3 5893/3402/3 4656/1370/3
f 2565/3517/3 5828/3400/3 5893/3402/3
f 5894/3399/3 3510/3398/3 714/3521/3
f 5829/3401/3 5894/3399/3 3872/984/3
f 3106/3516/3 5827/3397/3 5894/3399/3
f 5895/3396/3 5826/3395/3 3105/3522/3
f 4655/982/3 5895/3396/3 5824/3392/3
f 438/25/3 3936/590/3 5895/3396/3
f 5896/3394/3 5825/3393/3 2558/3524/3
f 3871/1374/3 5896/3394/3 4652/1397/3
f 2561/3523/3 5824/3392/3 5896/3394/3
f 5897/3391/3 3511/3390/3 715/3526/3
f 5825/3393/3 5897/3391/3 3868/976/3
f 3105/3522/3 5823/3389/3 5897/3391/3
f 5898/3388/2 5822/3387/2 3104/3527/2
f 4651/974/2 5898/3388/2 5820/3383/2
f 547/3529/2 3972/3386/2 5898/3388/2
f 5899/3385/2 5821/3384/2 2554/3530/2
f 3867/1401/2 5899/3385/2 4648/1423/2
f 2557/3528/2 5820/3383/2 5899/3385/2
f 5900/3382/2 3934/3013/2 436/580/2
f 5821/3384/2 5900/3382/2 3864/968/2
f 3104/3527/2 5819/3381/2 5900/3382/2
f 5901/3380/2 5818/3379/2 3103/3532/2
f 4647/966/2 5901/3380/2 5816/3375/2
f 548/3534/2 3973/3378/2 5901/3380/2
f 5902/3377/2 5817/3376/2 2550/3535/2
f 3863/1427/2 5902/3377/2 4644/1450/2
f 2553/3533/2 5816/3375/2 5902/3377/2
f 5903/3374/2 3514/3373/2 718/3537/2
f 5817/3376/2 5903/3374/2 3860/959/2
f 3103/3532/2 5815/3372/2 5903/3374/2
f 5904/3371/2 5814/3370/2 3102/3538/2
f 4643/957/2 5904/3371/2 5812/3366/2
f 435/3540/2 3933/3369/2 5904/3371/2
f 5905/3368/2 5813/3367/2 2546/3541/2
f 3859/1454/2 5905/3368/2 4640/1477/2
f 2549/3539/2 5812/3366/2 5905/3368/2
f 5906/3365/2 3515/3364/2 719/3543/2
f 5813/3367/2 5906/3365/2 3856/950/2
f 3102/3538/2 5811/3363/2 5906/3365/2
f 5907/3362/1 5810/3361/1 3101/3544/1
f 4639/948/1 5907/3362/1 5808/3357/1
f 551/3546/1 3976/3360/1 5907/3362/1
f 5908/3359/1 5809/3358/1 2542/3547/1
f 3855/1481/1 5908/3359/1 4636/1503/1
f 2545/3545/1 5808/3357/1 5908/3359/1
f 5909/3356/1 3931/3014/1 433/582/1
f 5809/3358/1 5909/3356/1 3852/942/1
f 3101/3544/1 5807/3355/1 5909/3356/1
f 5910/3354/1 5806/3353/1 3100/3549/1
f 4635/940/1 5910/3354/1 5804/3349/1
f 552/3551/1 3977/3352/1 5910/3354/1
f 5911/3351/1 5805/3350/1 2538/3552/1
f 3851/1507/1 5911/3351/1 4632/1530/1
f 2541/3550/1 5804/3349/1 5911/3351/1
f 5912/3348/1 3518/3347/1 722/3554/1
f 5805/3350/1 5912/3348/1 3848/933/1
f 3100/3549/1 5803/3346/1 5912/3348/1
f 5913/3345/1 5802/3344/1 3099/3555/1
f 4631/931/1 5913/3345/1 5800/3340/1
f 432/3557/1 3930/3343/1 5913/3345/1
f 5914/3342/1 5801/3341/1 2534/3558/1
f 3847/1534/1 5914/3342/1 4628/1557/1
f 2537/3556/1 5800/3340/1 5914/3342/1
f 5915/3339/1 3519/3338/1 723/3560/1
f 5801/3341/1 5915/3339/1 3844/924/1
f 3099/3555/1 5799/3337/1 5915/3339/1
f 5916/3336/1 5798/3335/1 3098/3561/1
f 4627/922/1 5916/3336/1 5796/3331/1
f 724/3563/1 4052/3334/1 5916/3336/1
f 5917/3333/1 5797/3332/1 2530/3564/1
f 3843/1561/1 5917/3333/1 4624/1584/1
f 2533/3562/1 5796/3331/1 5917/3333/1
f 5918/3330/1 3447/3329/1 554/3566/1
f 5797/3332/1 5918/3330/1 3840/915/1
f 3098/3561/1 5795/3328/1 5918/3330/1
f 5919/3327/1 5794/3326/1 3097/3567/1
f 4623/913/1 5919/3327/1 5792/3322/1
f 725/3569/1 4053/3325/1 5919/3327/1
f 5920/3324/1 5793/3323/1 2526/3570/1
f 3839/1588/1 5920/3324/1 4620/1611/1
f 2529/3568/1 5792/3322/1 5920/3324/1
f 5921/3321/1 3522/3320/1 726/3572/1
f 5793/3323/1 5921/3321/1 3836/906/1
f 3097/3567/1 5791/3319/1 5921/3321/1
f 5922/3318/1 5790/3317/1 3096/3573/1
f 4619/904/1 5922/3318/1 5788/3313/1
f 601/3575/1 4002/3316/1 5922/3318/1
f 5923/3315/1 5789/3314/1 2522/3576/1
f 3835/1615/1 5923/3315/1 4616/1638/1
f 2525/3574/1 5788/3313/1 5923/3315/1
f 5924/3312/1 3523/3311/1 727/3578/1
f 5789/3314/1 5924/3312/1 3832/897/1
f 3096/3573/1 5787/3310/1 5924/3312/1
f 5925/3309/1 5786/3308/1 3095/3579/1
f 4615/895/1 5925/3309/1 5784/3304/1
f 728/3581/1 4056/3307/1 5925/3309/1
f 5926/3306/1 5785/3305/1 2518/3582/1
f 3831/1642/1 5926/3306/1 4612/1665/1
f 2521/3580/1 5784/3304/1 5926/3306/1
f 5927/3303/1 3446/3302/1 553/3584/1
f 5785/3305/1 5927/3303/1 3828/888/1
f 3095/3579/1 5783/3301/1 5927/3303/1
f 5928/3300/1 5782/3299/1 3094/3585/1
f 4611/886/1 5928/3300/1 5780/3295/1
f 729/3587/1 4057/3298/1 5928/3300/1
f 5929/3297/1 5781/3296/1 2514/3588/1
f 3827/1669/1 5929/3297/1 4608/1692/1
f 2517/3586/1 5780/3295/1 5929/3297/1
f 5930/3294/1 3526/3293/1 730/3590/1
f 5781/3296/1 5930/3294/1 3824/879/1
f 3094/3585/1 5779/3292/1 5930/3294/1
f 5931/3291/1 5778/3290/1 3093/3591/1
f 4607/877/1 5931/3291/1 5776/3286/1
f 721/3593/1 4049/3289/1 5931/3291/1
f 5932/3288/1 5777/3287/1 2510/3594/1
f 3823/1696/1 5932/3288/1 4604/1719/1
f 2513/3592/1 5776/3286/1 5932/3288/1
f 5933/3285/1 3527/3284/1 731/3596/1
f 5777/3287/1 5933/3285/1 3820/870/1
f 3093/3591/1 5775/3283/1 5933/3285/1
f 5934/3282/1 5774/3281/1 3092/3597/1
f 4603/868/1 5934/3282/1 5772/3277/1
f 732/3599/1 4060/3280/1 5934/3282/1
f 5935/3279/1 5773/3278/1 2506/3600/1
f 3819/1723/1 5935/3279/1 4600/1745/1
f 2509/3598/1 5772/3277/1 5935/3279/1
f 5936/3276/1 4003/3012/1 602/493/1
f 5773/3278/1 5936/3276/1 3816/862/1
f 3092/3597/1 5771/3275/1 5936/3276/1
f 5937/3274/1 5770/3273/1 3091/3602/1
f 4599/860/1 5937/3274/1 5768/3269/1
f 733/3604/1 4061/3272/1 5937/3274/1
f 5938/3271/1 5769/3270/1 2502/3605/1
f 3815/1749/1 5938/3271/1 4596/1772/1
f 2505/3603/1 5768/3269/1 5938/3271/1
f 5939/3268/1 3530/3267/1 734/3607/1
f 5769/3270/1 5939/3268/1 3812/853/1
f 3091/3602/1 5767/3266/1 5939/3268/1
f 5940/3265/1 5766/3264/1 3090/3608/1
f 4595/851/1 5940/3265/1 5764/3260/1
f 720/3610/1 4048/3263/1 5940/3265/1
f 5941/3262/1 5765/3261/1 2498/3611/1
f 3811/1776/1 5941/3262/1 4592/1799/1
f 2501/3609/1 5764/3260/1 5941/3262/1
f 5942/3259/1 3531/3258/1 735/3613/1
f 5765/3261/1 5942/3259/1 3808/844/1
f 3090/3608/1 5763/3257/1 5942/3259/1
f 5943/3256/2 5762/3255/2 3089/3614/2
f 4591/842/2 5943/3256/2 5760/3251/2
f 736/3616/2 4064/3254/2 5943/3256/2
f 5944/3253/2 5761/3252/2 2494/3617/2
f 3807/1803/2 5944/3253/2 4588/1826/2
f 2497/3615/2 5760/3251/2 5944/3253/2
f 5945/3250/2 3443/3249/2 550/3619/2
f 5761/3252/2 5945/3250/2 3804/835/2
f 3089/3614/2 5759/3248/2 5945/3250/2
f 5946/3247/2 5758/3246/2 3088/3620/2
f 4587/833/2 5946/3247/2 5756/3242/2
f 737/3622/2 4065/3245/2 5946/3247/2
f 5947/3244/2 5757/3243/2 2490/3623/2
f 3803/1830/2 5947/3244/2 4584/1853/2
f 2493/3621/2 5756/3242/2 5947/3244/2
f 5948/3241/2 3534/3240/2 738/3625/2
f 5757/3243/2 5948/3241/2 3800/826/2
f 3088/3620/2 5755/3239/2 5948/3241/2
f 5949/3238/2 5754/3237/2 3087/3626/2
f 4583/824/2 5949/3238/2 5752/3233/2
f 604/3628/2 4005/3236/2 5949/3238/2
f 5950/3235/2 5753/3234/2 2486/3629/2
f 3799/1857/2 5950/3235/2 4580/1880/2
f 2489/3627/2 5752/3233/2 5950/3235/2
f 5951/3232/2 3535/3231/2 739/3631/2
f 5753/3234/2 5951/3232/2 3796/817/2
f 3087/3626/2 5751/3230/2 5951/3232/2
f 5952/3229/2 5750/3228/2 3086/3632/2
f 4579/815/2 5952/3229/2 5748/3224/2
f 740/3634/2 4068/3227/2 5952/3229/2
f 5953/3226/2 5749/3225/2 2482/3635/2
f 3795/1884/2 5953/3226/2 4576/1907/2
f 2485/3633/2 5748/3224/2 5953/3226/2
f 5954/3223/2 3442/3222/2 549/3637/2
f 5749/3225/2 5954/3223/2 3792/808/2
f 3086/3632/2 5747/3221/2 5954/3223/2
f 5955/3220/2 5746/3219/2 3085/3638/2
f 4575/806/2 5955/3220/2 5744/3215/2
f 741/3640/2 4069/3218/2 5955/3220/2
f 5956/3217/2 5745/3216/2 2478/3641/2
f 3791/1911/2 5956/3217/2 4572/1934/2
f 2481/3639/2 5744/3215/2 5956/3217/2
f 5957/3214/2 3538/3213/2 742/3643/2
f 5745/3216/2 5957/3214/2 3788/799/2
f 3085/3638/2 5743/3212/2 5957/3214/2
f 5958/3211/2 5742/3210/2 3084/3644/2
f 4571/797/2 5958/3211/2 5740/3206/2
f 717/3646/2 4045/3209/2 5958/3211/2
f 5959/3208/2 5741/3207/2 2474/3647/2
f 3787/1938/2 5959/3208/2 4568/1961/2
f 2477/3645/2 5740/3206/2 5959/3208/2
f 5960/3205/2 3539/3204/2 743/3649/2
f 5741/3207/2 5960/3205/2 3784/790/2
f 3084/3644/2 5739/3203/2 5960/3205/2
f 5961/3202/2 5738/3201/2 3083/3650/2
f 4567/788/2 5961/3202/2 5736/3197/2
f 744/3652/2 4072/3200/2 5961/3202/2
f 5962/3199/2 5737/3198/2 2470/3653/2
f 3783/1965/2 5962/3199/2 4564/1987/2
f 2473/3651/2 5736/3197/2 5962/3199/2
f 5963/3196/2 4006/3011/2 605/491/2
f 5737/3198/2 5963/3196/2 3780/782/2
f 3083/3650/2 5735/3195/2 5963/3196/2
f 5964/3194/2 5734/3193/2 3082/3655/2
f 4563/780/2 5964/3194/2 5732/3189/2
f 745/3657/2 4073/3192/2 5964/3194/2
f 5965/3191/2 5733/3190/2 2466/3658/2
f 3779/1991/2 5965/3191/2 4560/2014/2
f 2469/3656/2 5732/3189/2 5965/3191/2
f 5966/3188/2 3542/3187/2 746/3660/2
f 5733/3190/2 5966/3188/2 3776/773/2
f 3082/3655/2 5731/3186/2 5966/3188/2
f 5967/3185/2 5730/3184/2 3081/3661/2
f 4559/771/2 5967/3185/2 5728/3180/2
f 716/3663/2 4044/3183/2 5967/3185/2
f 5968/3182/2 5729/3181/2 2462/3664/2
f 3775/2018/2 5968/3182/2 4556/2041/2
f 2465/3662/2 5728/3180/2 5968/3182/2
f 5969/3179/2 3543/3178/2 747/3666/2
f 5729/3181/2 5969/3179/2 3772/764/2
f 3081/3661/2 5727/3177/2 5969/3179/2
f 5970/3176/3 5726/3175/3 3080/3667/3
f 4555/762/3 5970/3176/3 5724/3171/3
f 748/3669/3 4076/3174/3 5970/3176/3
f 5971/3173/3 5725/3172/3 2458/3670/3
f 3771/2045/3 5971/3173/3 4552/2068/3
f 2461/3668/3 5724/3171/3 5971/3173/3
f 5972/3170/3 3439/3169/3 546/3672/3
f 5725/3172/3 5972/3170/3 3768/755/3
f 3080/3667/3 5723/3168/3 5972/3170/3
f 5973/3167/3 5722/3166/3 3079/3673/3
f 4551/753/3 5973/3167/3 5720/3162/3
f 749/3675/3 4077/3165/3 5973/3167/3
f 5974/3164/3 5721/3163/3 2454/3676/3
f 3767/2072/3 5974/3164/3 4548/2095/3
f 2457/3674/3 5720/3162/3 5974/3164/3
f 5975/3161/3 3546/3160/3 750/3678/3
f 5721/3163/3 5975/3161/3 3764/746/3
f 3079/3673/3 5719/3159/3 5975/3161/3
f 5976/3158/3 5718/3157/3 3078/3679/3
f 4547/744/3 5976/3158/3 5716/3154/3
f 607/20/3 4008/589/3 5976/3158/3
f 5977/3156/3 5717/3155/3 2450/3681/3
f 3763/2099/3 5977/3156/3 4544/2121/3
f 2453/3680/3 5716/3154/3 5977/3156/3
f 5978/3153/3 3547/3152/3 751/3683/3
f 5717/3155/3 5978/3153/3 3760/737/3
f 3078/3679/3 5715/3151/3 5978/3153/3
f 5979/3150/3 5714/3149/3 3077/3684/3
f 4543/735/3 5979/3150/3 5712/3145/3
f 752/3686/3 4080/3148/3 5979/3150/3
f 5980/3147/3 5713/3146/3 2446/3687/3
f 3759/2125/3 5980/3147/3 4540/2148/3
f 2449/3685/3 5712/3145/3 5980/3147/3
f 5981/3144/3 3438/3143/3 545/3689/3
f 5713/3146/3 5981/3144/3 3756/728/3
f 3077/3684/3 5711/3142/3 5981/3144/3
f 5982/3141/3 5710/3140/3 3076/3690/3
f 4539/726/3 5982/3141/3 5708/3136/3
f 753/3692/3 4081/3139/3 5982/3141/3
f 5983/3138/3 5709/3137/3 2442/3693/3
f 3755/2152/3 5983/3138/3 4536/2175/3
f 2445/3691/3 5708/3136/3 5983/3138/3
f 5984/3135/3 3550/3134/3 754/3695/3
f 5709/3137/3 5984/3135/3 3752/719/3
f 3076/3690/3 5707/3133/3 5984/3135/3
f 5985/3132/3 5706/3131/3 3075/3696/3
f 4535/717/3 5985/3132/3 5704/3127/3
f 713/3698/3 4041/3130/3 5985/3132/3
f 5986/3129/3 5705/3128/3 2438/3699/3
f 3751/2179/3 5986/3129/3 4532/2202/3
f 2441/3697/3 5704/3127/3 5986/3129/3
f 5987/3126/3 3551/3125/3 755/3701/3
f 5705/3128/3 5987/3126/3 3748/710/3
f 3075/3696/3 5703/3124/3 5987/3126/3
f 5988/3123/3 5702/3122/3 3074/3702/3
f 4531/708/3 5988/3123/3 5700/3118/3
f 756/3704/3 4084/3121/3 5988/3123/3
f 5989/3120/3 5701/3119/3 2434/3705/3
f 3747/2206/3 5989/3120/3 4528/2228/3
f 2437/3703/3 5700/3118/3 5989/3120/3
f 5990/3117/3 3385/3015/3 395/575/3
f 5701/3119/3 5990/3117/3 3744/702/3
f 3074/3702/3 5699/3116/3 5990/3117/3
f 5991/3115/3 5698/3114/3 3073/3707/3
f 4527/700/3 5991/3115/3 5696/3110/3
f 757/3709/3 4085/3113/3 5991/3115/3
f 5992/3112/3 5697/3111/3 2430/3710/3
f 3743/2232/3 5992/3112/3 4524/2255/3
f 2433/3708/3 5696/3110/3 5992/3112/3
f 5993/3109/3 3554/3108/3 758/3712/3
f 5697/3111/3 5993/3109/3 3740/693/3
f 3073/3707/3 5695/3107/3 5993/3109/3
f 5994/3106/3 5694/3105/3 3072/3713/3
f 4523/691/3 5994/3106/3 5692/3101/3
f 712/3715/3 4040/3104/3 5994/3106/3
f 5995/3103/3 5693/3102/3 2426/3716/3
f 3739/2259/3 5995/3103/3 4520/2282/3
f 2429/3714/3 5692/3101/3 5995/3103/3
f 5996/3100/3 3555/3099/3 759/3718/3
f 5693/3102/3 5996/3100/3 3736/684/3
f 3072/3713/3 5691/3098/3 5996/3100/3
f 2421/199/33 4519/200/62 5690/200/49
f 1063/29/33 3735/311/62 5689/311/49
f 2418/29/33 5689/311/49 3556/311/93
f 2417/96/44 4517/201/40 5688/201/9
f 1062/10/45 3733/11/40 5687/11/9
f 2414/10/45 5687/11/9 3557/11/9
f 1060/235/33 3731/2285/51 3558/2285/38
f 2409/95/33 4513/205/46 5686/205/52
f 1059/78/33 3729/1318/46 5685/1318/55
f 2406/78/63 5685/1318/55 3559/1318/55
f 5997/3097/7 5684/3096/7 3066/3719/7
f 4511/676/7 5997/3097/7 5682/3092/7
f 772/3721/7 4092/3095/7 5997/3097/7
f 5998/3094/7 5683/3093/7 2394/3722/7
f 3727/2288/7 5998/3094/7 4508/2311/7
f 2397/3720/7 5682/3092/7 5998/3094/7
f 5999/3091/7 3435/3090/7 538/3724/7
f 5683/3093/7 5999/3091/7 3724/669/7
f 3066/3719/7 5681/3089/7 5999/3091/7
f 6000/3088/7 5680/3087/7 3065/3725/7
f 4507/667/7 6000/3088/7 5678/3083/7
f 773/3727/7 4093/3086/7 6000/3088/7
f 6001/3085/7 5679/3084/7 2390/3728/7
f 3723/2315/7 6001/3085/7 4504/2338/7
f 2393/3726/7 5678/3083/7 6001/3085/7
f 6002/3082/7 3562/3081/7 774/3730/7
f 5679/3084/7 6002/3082/7 3720/660/7
f 3065/3725/7 5677/3080/7 6002/3082/7
f 6003/3079/7 5676/3078/7 3064/3731/7
f 4503/658/7 6003/3079/7 5674/3074/7
f 612/21/7 4010/3077/7 6003/3079/7
f 6004/3076/7 5675/3075/7 2386/3733/7
f 3719/2342/7 6004/3076/7 4500/2365/7
f 2389/3732/7 5674/3074/7 6004/3076/7
f 6005/3073/7 3563/3072/7 775/3735/7
f 5675/3075/7 6005/3073/7 3716/651/7
f 3064/3731/7 5673/3071/7 6005/3073/7
f 6006/3070/7 5672/3069/7 3063/3736/7
f 4499/649/7 6006/3070/7 5670/3065/7
f 776/3738/7 4096/3068/7 6006/3070/7
f 6007/3067/7 5671/3066/7 2382/3739/7
f 3715/2369/7 6007/3067/7 4496/2392/7
f 2385/3737/7 5670/3065/7 6007/3067/7
f 6008/3064/7 3434/3063/7 537/3741/7
f 5671/3066/7 6008/3064/7 3712/642/7
f 3063/3736/7 5669/3062/7 6008/3064/7
f 6009/3061/7 5668/3060/7 3062/3742/7
f 4495/640/7 6009/3061/7 5666/3056/7
f 777/3744/7 4097/3059/7 6009/3061/7
f 6010/3058/7 5667/3057/7 2378/3745/7
f 3711/2396/7 6010/3058/7 4492/2419/7
f 2381/3743/7 5666/3056/7 6010/3058/7
f 6011/3055/7 3566/3054/7 778/3747/7
f 5667/3057/7 6011/3055/7 3708/633/7
f 3062/3742/7 5665/3053/7 6011/3055/7
f 6012/3052/7 5664/3051/7 3061/3748/7
f 4491/631/7 6012/3052/7 5662/3047/7
f 705/3750/7 4037/3050/7 6012/3052/7
f 6013/3049/7 5663/3048/7 2374/3751/7
f 3707/2423/7 6013/3049/7 4488/2446/7
f 2377/3749/7 5662/3047/7 6013/3049/7
f 6014/3046/7 3567/3045/7 779/3753/7
f 5663/3048/7 6014/3046/7 3704/624/7
f 3061/3748/7 5661/3044/7 6014/3046/7
f 6015/3043/7 5660/3042/7 3060/3754/7
f 4487/622/7 6015/3043/7 5658/3038/7
f 780/3756/7 4100/3041/7 6015/3043/7
f 6016/3040/7 5659/3039/7 2370/3757/7
f 3703/2450/7 6016/3040/7 4484/2473/7
f 2373/3755/7 5658/3038/7 6016/3040/7
f 6017/3037/7 3383/3036/7 393/3759/7
f 5659/3039/7 6017/3037/7 3700/615/7
f 3060/3754/7 5657/3035/7 6017/3037/7
f 6018/3034/7 5656/3033/7 3059/3760/7
f 4483/613/7 6018/3034/7 5654/3029/7
f 781/3762/7 4101/3032/7 6018/3034/7
f 6019/3031/7 5655/3030/7 2366/3763/7
f 3699/2477/7 6019/3031/7 4480/2500/7
f 2369/3761/7 5654/3029/7 6019/3031/7
f 6020/3028/7 3570/3027/7 782/3765/7
f 5655/3030/7 6020/3028/7 3696/606/7
f 3059/3760/7 5653/3026/7 6020/3028/7
f 6021/3025/7 5652/3024/7 3058/3766/7
f 4479/604/7 6021/3025/7 5650/3020/7
f 704/3768/7 4036/3023/7 6021/3025/7
f 6022/3022/7 5651/3021/7 2362/3769/7
f 3695/2504/7 6022/3022/7 4476/2527/7
f 2365/3767/7 5650/3020/7 6022/3022/7
f 6023/3019/7 3571/3018/7 783/3771/7
f 5651/3021/7 6023/3019/7 3692/597/7
f 3058/3766/7 5649/3017/7 6023/3019/7
f 784/449/8 4104/3006/8 4105/3006/8
f 785/449/8 4105/3006/8 3503/3006/8
f 439/447/8 3405/2971/8 3431/2971/8
f 3575/3015/8 3574/3015/8 786/575/8
f 3385/3015/8 3575/3015/8 787/575/8
f 3457/3016/8 3502/3016/8 702/595/8
f 3577/3015/8 3576/3015/8 788/575/8
f 3430/3015/8 3577/3015/8 789/575/8
f 3502/3016/8 3939/3016/8 444/595/8
f 2357/239/42 4475/240/79 5648/240/58
f 1045/23/42 3691/451/79 5647/451/59
f 2354/23/42 5647/451/59 3578/451/5
f 2353/82/43 4473/241/59 5646/241/37
f 1044/18/40 3689/578/77 5645/578/68
f 2350/18/40 5645/578/68 3579/578/6
f 4471/243/4 5644/243/10 3053/242/6
f 3687/458/4 5643/458/10 2342/237/69
f 5643/458/10 3580/458/60 796/237/5
f 4469/244/61 5642/244/10 3052/81/60
f 3685/457/61 5641/457/10 2338/76/6
f 5641/457/10 3581/457/59 797/76/4
f 2327/246/43 5640/246/67 5639/245/62
f 803/236/42 356/236/53 4366/1379/93
f 2323/246/9 5638/246/61 5637/245/57
f 3681/743/38 3583/743/11 805/20/38
f 4463/250/59 5636/250/37 3048/249/79
f 3679/1083/59 5635/1083/37 2310/252/61
f 5635/1083/37 3584/1083/9 808/252/44
f 4461/251/58 5634/251/37 3047/80/5
f 3677/396/58 5633/396/37 2306/75/43
f 5633/396/37 3585/396/37 809/75/43
f 2302/252/42 2305/249/64 5631/250/94
f 3991/2971/3 3429/2971/3 507/447/3
f 4011/3015/3 3428/3015/3 506/575/3
f 3428/3015/3 4013/3015/3 628/575/3
f 862/456/8 4118/3007/8 4119/3007/8
f 863/456/8 4119/3007/8 3499/3007/8
f 558/454/8 3983/2918/8 3427/2918/8
f 3589/3012/8 3588/3012/8 864/493/8
f 4003/3012/8 3589/3012/8 865/493/8
f 3931/3014/8 3498/3014/8 673/582/8
f 3591/3012/8 3590/3012/8 866/493/8
f 3426/3012/8 3591/3012/8 867/493/8
f 3498/3014/8 3942/3014/8 460/582/8
f 868/237/8 4124/592/8 4125/592/8
f 869/237/8 4125/592/8 3497/592/8
f 447/76/8 3408/591/8 3425/591/8
f 3595/593/8 3594/593/8 870/18/8
f 3388/593/8 3595/593/8 871/18/8
f 3460/594/8 3496/594/8 671/23/8
f 3597/593/8 3596/593/8 872/18/8
f 3424/593/8 3597/593/8 873/18/8
f 3496/594/8 3463/594/8 586/23/8
f 874/461/8 4130/3008/8 4131/3008/8
f 875/461/8 4131/3008/8 3495/3008/8
f 561/459/8 3986/2945/8 3423/2945/8
f 3601/3011/8 3600/3011/8 876/491/8
f 4006/3011/8 3601/3011/8 877/491/8
f 3934/3013/8 3494/3013/8 669/580/8
f 3603/3011/8 3602/3011/8 878/491/8
f 3422/3011/8 3603/3011/8 879/491/8
f 3494/3013/8 3944/3013/8 462/580/8
f 3994/2918/1 3421/2918/1 497/454/1
f 4014/3012/1 3420/3012/1 496/493/1
f 3420/3012/1 4018/3012/1 634/493/1
f 3411/591/17 3419/591/17 495/76/17
f 3391/593/17 3418/593/17 494/18/17
f 3418/593/17 3393/593/17 419/18/17
f 3996/2945/2 3417/2945/2 493/459/2
f 4016/3011/2 3416/3011/2 492/491/2
f 3416/3011/2 4019/3011/2 635/491/2
f 3417/2945/2 3999/2945/2 591/459/2
f 3419/591/17 3413/591/17 463/76/17
f 3421/2918/1 3998/2918/1 590/454/1
f 896/461/8 4136/3008/8 4137/3008/8
f 897/461/8 4137/3008/8 3924/3008/8
f 501/459/8 3423/2945/8 3996/2945/8
f 898/237/8 4138/592/8 4139/592/8
f 899/237/8 4139/592/8 3483/592/8
f 503/76/8 3425/591/8 3411/591/8
f 900/456/8 4140/3007/8 4141/3007/8
f 901/456/8 4141/3007/8 3922/3007/8
f 505/454/8 3427/2918/8 3994/2918/8
f 3429/2971/3 3993/2971/3 584/447/3
f 2145/246/90 5630/246/67 5629/245/46
f 926/449/8 4142/3006/8 4143/3006/8
f 927/449/8 4143/3006/8 3919/3006/8
f 534/447/8 3431/2971/8 3991/2971/8
f 6024/3005/7 5628/3004/7 3030/3772/7
f 4459/445/7 6024/3005/7 5626/3000/7
f 928/3774/7 4144/3003/7 6024/3005/7
f 6025/3002/7 5627/3001/7 2126/3775/7
f 3675/2580/7 6025/3002/7 4456/2603/7
f 2129/3773/7 5626/3000/7 6025/3002/7
f 6026/2999/7 3403/2998/7 437/3777/7
f 5627/3001/7 6026/2999/7 3672/438/7
f 3030/3772/7 5625/2997/7 6026/2999/7
f 6027/2996/7 5624/2995/7 3029/3778/7
f 4455/436/7 6027/2996/7 5622/2991/7
f 929/3780/7 4145/2994/7 6027/2996/7
f 6028/2993/7 5623/2992/7 2122/3781/7
f 3671/2607/7 6028/2993/7 4452/2630/7
f 2125/3779/7 5622/2991/7 6028/2993/7
f 6029/2990/7 3614/2989/7 930/3783/7
f 5623/2992/7 6029/2990/7 3668/429/7
f 3029/3778/7 5621/2988/7 6029/2990/7
f 6030/2987/7 5620/2986/7 3028/3784/7
f 4451/427/7 6030/2987/7 5618/2982/7
f 568/79/7 3990/2985/7 6030/2987/7
f 6031/2984/7 5619/2983/7 2118/3786/7
f 3667/2634/7 6031/2984/7 4448/2657/7
f 2121/3785/7 5618/2982/7 6031/2984/7
f 6032/2981/7 3615/2980/7 931/3788/7
f 5619/2983/7 6032/2981/7 3664/420/7
f 3028/3784/7 5617/2979/7 6032/2981/7
f 6033/2978/3 5614/2977/3 3025/3789/3
f 4447/415/3 6033/2978/3 5612/2973/3
f 936/3791/3 4148/2976/3 6033/2978/3
f 6034/2975/3 5613/2974/3 2102/3792/3
f 3663/2661/3 6034/2975/3 4444/2683/3
f 2105/3790/3 5612/2973/3 6034/2975/3
f 6035/2972/3 3405/2971/3 439/447/3
f 5613/2974/3 6035/2972/3 3660/408/3
f 3025/3789/3 5611/2970/3 6035/2972/3
f 6036/2969/3 5610/2968/3 3024/3794/3
f 4443/406/3 6036/2969/3 5608/2964/3
f 937/3796/3 4149/2967/3 6036/2969/3
f 6037/2966/3 5609/2965/3 2098/3797/3
f 3659/2687/3 6037/2966/3 4440/2710/3
f 2101/3795/3 5608/2964/3 6037/2966/3
f 6038/2963/3 3618/2962/3 938/3799/3
f 5609/2965/3 6038/2963/3 3656/399/3
f 3024/3794/3 5607/2961/3 6038/2963/3
f 6039/2960/3 5606/2959/3 3023/3800/3
f 4439/397/3 6039/2960/3 5604/2956/3
f 563/75/3 3988/587/3 6039/2960/3
f 6040/2958/3 5605/2957/3 2094/3802/3
f 3655/2714/3 6040/2958/3 4436/2736/3
f 2097/3801/3 5604/2956/3 6040/2958/3
f 6041/2955/3 3619/2954/3 939/3804/3
f 5605/2957/3 6041/2955/3 3652/390/3
f 3023/3800/3 5603/2953/3 6041/2955/3
f 6042/2952/2 5602/2951/2 3022/3805/2
f 4435/388/2 6042/2952/2 5600/2947/2
f 940/3807/2 4152/2950/2 6042/2952/2
f 6043/2949/2 5601/2948/2 2090/3808/2
f 3651/2740/2 6043/2949/2 4432/2762/2
f 2093/3806/2 5600/2947/2 6043/2949/2
f 6044/2946/2 3986/2945/2 561/459/2
f 5601/2948/2 6044/2946/2 3648/381/2
f 3022/3805/2 5599/2944/2 6044/2946/2
f 6045/2943/2 5598/2942/2 3021/3810/2
f 4431/379/2 6045/2943/2 5596/2938/2
f 941/3812/2 4153/2941/2 6045/2943/2
f 6046/2940/2 5597/2939/2 2086/3813/2
f 3647/2766/2 6046/2940/2 4428/2789/2
f 2089/3811/2 5596/2938/2 6046/2940/2
f 6047/2937/2 3622/2936/2 942/3815/2
f 5597/2939/2 6047/2937/2 3644/372/2
f 3021/3810/2 5595/2935/2 6047/2937/2
f 6048/2934/2 5594/2933/2 3020/3816/2
f 4427/370/2 6048/2934/2 5592/2929/2
f 560/3818/2 3985/2932/2 6048/2934/2
f 6049/2931/2 5593/2930/2 2082/3819/2
f 3643/2793/2 6049/2931/2 4424/2816/2
f 2085/3817/2 5592/2929/2 6049/2931/2
f 6050/2928/2 3623/2927/2 943/3821/2
f 5593/2930/2 6050/2928/2 3640/363/2
f 3020/3816/2 5591/2926/2 6050/2928/2
f 6051/2925/1 5590/2924/1 3019/3822/1
f 4423/361/1 6051/2925/1 5588/2920/1
f 944/3824/1 4156/2923/1 6051/2925/1
f 6052/2922/1 5589/2921/1 2078/3825/1
f 3639/2820/1 6052/2922/1 4420/2842/1
f 2081/3823/1 5588/2920/1 6052/2922/1
f 6053/2919/1 3983/2918/1 558/454/1
f 5589/2921/1 6053/2919/1 3636/354/1
f 3019/3822/1 5587/2917/1 6053/2919/1
f 6054/2916/1 5586/2915/1 3018/3827/1
f 4419/352/1 6054/2916/1 5584/2911/1
f 945/3829/1 4157/2914/1 6054/2916/1
f 6055/2913/1 5585/2912/1 2074/3830/1
f 3635/2846/1 6055/2913/1 4416/2869/1
f 2077/3828/1 5584/2911/1 6055/2913/1
f 6056/2910/1 3626/2909/1 946/3832/1
f 5585/2912/1 6056/2910/1 3632/345/1
f 3018/3827/1 5583/2908/1 6056/2910/1
f 6057/2907/1 5582/2906/1 3017/3833/1
f 4415/343/1 6057/2907/1 5580/2902/1
f 557/3835/1 3982/2905/1 6057/2907/1
f 6058/2904/1 5581/2903/1 2070/3836/1
f 3631/2873/1 6058/2904/1 4412/2896/1
f 2073/3834/1 5580/2902/1 6058/2904/1
f 6059/2901/1 3627/2900/1 947/3838/1
f 5581/2903/1 6059/2901/1 3628/336/1
f 3017/3833/1 5579/2899/1 6059/2901/1
f 6060/2898/1 5578/2897/1 3016/3839/1
f 4414/340/1 6060/2898/1 5576/2893/1
f 948/3837/1 4412/2896/1 6060/2898/1
f 6061/2895/1 5577/2894/1 1602/3841/1
f 3630/2882/1 6061/2895/1 4157/2914/1
f 2072/3840/1 5576/2893/1 6061/2895/1
f 6062/2892/1 3375/2891/1 385/3842/1
f 5577/2894/1 6062/2892/1 3373/330/1
f 3016/3839/1 5575/2890/1 6062/2892/1
f 6063/2889/1 5574/2888/1 3015/3843/1
f 4051/925/1 6063/2889/1 5572/2884/1
f 723/3560/1 4413/2887/1 6063/2889/1
f 6064/2886/1 5573/2885/1 2067/3845/1
f 3267/1552/1 6064/2886/1 4409/2851/1
f 1420/3844/1 5572/2884/1 6064/2886/1
f 6065/2883/1 3630/2882/1 945/3829/1
f 5573/2885/1 6065/2883/1 3625/351/1
f 3015/3843/1 5571/2881/1 6065/2883/1
f 6066/2880/1 5570/2879/1 3014/3847/1
f 4303/119/1 6066/2880/1 5568/2875/1
f 75/3849/1 4234/2878/1 6066/2880/1
f 6067/2877/1 5569/2876/1 2071/3850/1
f 3519/3338/1 6067/2877/1 4413/2887/1
f 1885/3848/1 5568/2875/1 6067/2877/1
f 6068/2874/1 3631/2873/1 948/3837/1
f 5569/2876/1 6068/2874/1 3629/339/1
f 3014/3847/1 5567/2872/1 6068/2874/1
f 6069/2871/1 5566/2870/1 3013/3851/1
f 4418/349/1 6069/2871/1 5564/2866/1
f 949/3831/1 4416/2869/1 6069/2871/1
f 6070/2868/1 5565/2867/1 1417/3853/1
f 3634/2855/1 6070/2868/1 4048/3263/1
f 2076/3852/1 5564/2866/1 6070/2868/1
f 6071/2865/1 3374/2864/1 334/3854/1
f 5565/2867/1 6071/2865/1 3264/144/1
f 3013/3851/1 5563/2863/1 6071/2865/1
f 6072/2862/1 5562/2861/1 3012/3855/1
f 3979/916/1 6072/2862/1 5560/2857/1
f 554/3566/1 4417/2860/1 6072/2862/1
f 6073/2859/1 5561/2858/1 1882/3857/1
f 3195/1579/1 6073/2859/1 4300/1781/1
f 1280/3856/1 5560/2857/1 6073/2859/1
f 6074/2856/1 3634/2855/1 720/3610/1
f 5561/2858/1 6074/2856/1 3516/850/1
f 3012/3855/1 5559/2854/1 6074/2856/1
f 6075/2853/1 5558/2852/1 3011/3859/1
f 4231/122/1 6075/2853/1 5556/2848/1
f 337/3846/1 4409/2851/1 6075/2853/1
f 6076/2850/1 5557/2849/1 2075/3861/1
f 3447/3329/1 6076/2850/1 4417/2860/1
f 1744/3860/1 5556/2848/1 6076/2850/1
f 6077/2847/1 3635/2846/1 949/3831/1
f 5557/2849/1 6077/2847/1 3633/348/1
f 3011/3859/1 5555/2845/1 6077/2847/1
f 6078/2844/1 5554/2843/1 3010/3862/1
f 4422/358/1 6078/2844/1 5552/2839/1
f 950/3826/1 4420/2842/1 6078/2844/1
f 6079/2841/1 5553/2840/1 1277/3864/1
f 3638/2829/1 6079/2841/1 3976/3360/1
f 2080/3863/1 5552/2839/1 6079/2841/1
f 6080/2838/1 4235/2531/1 76/53/1
f 5553/2840/1 6080/2838/1 3192/113/1
f 3010/3862/1 5551/2837/1 6080/2838/1
f 6081/2836/1 5550/2835/1 3009/3865/1
f 4158/346/1 6081/2836/1 5548/2831/1
f 946/3832/1 4421/2834/1 6081/2836/1
f 6082/2833/1 5549/2832/1 1741/3867/1
f 3374/2864/1 6082/2833/1 4228/1486/1
f 1603/3866/1 5548/2831/1 6082/2833/1
f 6083/2830/1 3638/2829/1 551/3546/1
f 5549/2832/1 6083/2830/1 3444/947/1
f 3009/3865/1 5547/2828/1 6083/2830/1
f 6084/2827/1 5546/2826/1 3008/3868/1
f 4410/331/1 6084/2827/1 5544/2822/1
f 385/3842/1 4408/2825/1 6084/2827/1
f 6085/2824/1 5545/2823/1 2079/3870/1
f 3626/2909/1 6085/2824/1 4421/2834/1
f 2068/3869/1 5544/2822/1 6085/2824/1
f 6086/2821/1 3639/2820/1 950/3826/1
f 5545/2823/1 6086/2821/1 3637/357/1
f 3008/3868/1 5543/2819/1 6086/2821/1
f 6087/2818/2 5542/2817/2 3007/3871/2
f 4426/367/2 6087/2818/2 5540/2813/2
f 951/3820/2 4424/2816/2 6087/2818/2
f 6088/2815/2 5541/2814/2 1598/3873/2
f 3642/2802/2 6088/2815/2 4153/2941/2
f 2084/3872/2 5540/2813/2 6088/2815/2
f 6089/2812/2 3371/2811/2 384/3874/2
f 5541/2814/2 6089/2812/2 3369/322/2
f 3007/3871/2 5539/2810/2 6089/2812/2
f 6090/2809/2 5538/2808/2 3006/3875/2
f 4047/951/2 6090/2809/2 5536/2804/2
f 719/3543/2 4425/2807/2 6090/2809/2
f 6091/2806/2 5537/2805/2 2063/3877/2
f 3263/1472/2 6091/2806/2 4405/2771/2
f 1416/3876/2 5536/2804/2 6091/2806/2
f 6092/2803/2 3642/2802/2 941/3812/2
f 5537/2805/2 6092/2803/2 3621/378/2
f 3006/3875/2 5535/2801/2 6092/2803/2
f 6093/2800/2 5534/2799/2 3005/3879/2
f 4299/111/2 6093/2800/2 5532/2795/2
f 78/3881/2 4237/2798/2 6093/2800/2
f 6094/2797/2 5533/2796/2 2083/3882/2
f 3515/3364/2 6094/2797/2 4425/2807/2
f 1881/3880/2 5532/2795/2 6094/2797/2
f 6095/2794/2 3643/2793/2 951/3820/2
f 5533/2796/2 6095/2794/2 3641/366/2
f 3005/3879/2 5531/2792/2 6095/2794/2
f 6096/2791/2 5530/2790/2 3004/3883/2
f 4430/376/2 6096/2791/2 5528/2786/2
f 952/3814/2 4428/2789/2 6096/2791/2
f 6097/2788/2 5529/2787/2 1413/3885/2
f 3646/2775/2 6097/2788/2 4044/3183/2
f 2088/3884/2 5528/2786/2 6097/2788/2
f 6098/2785/2 3370/2784/2 330/3886/2
f 5529/2787/2 6098/2785/2 3260/170/2
f 3004/3883/2 5527/2783/2 6098/2785/2
f 6099/2782/2 5526/2781/2 3003/3887/2
f 3975/836/2 6099/2782/2 5524/2777/2
f 550/3619/2 4429/2780/2 6099/2782/2
f 6100/2779/2 5525/2778/2 1878/3889/2
f 3191/1821/2 6100/2779/2 4296/2023/2
f 1276/3888/2 5524/2777/2 6100/2779/2
f 6101/2776/2 3646/2775/2 716/3663/2
f 5525/2778/2 6101/2776/2 3512/770/2
f 3003/3887/2 5523/2774/2 6101/2776/2
f 6102/2773/2 5522/2772/2 3002/3891/2
f 4227/148/2 6102/2773/2 5520/2768/2
f 333/3878/2 4405/2771/2 6102/2773/2
f 6103/2770/2 5521/2769/2 2087/3893/2
f 3443/3249/2 6103/2770/2 4429/2780/2
f 1740/3892/2 5520/2768/2 6103/2770/2
f 6104/2767/2 3647/2766/2 952/3814/2
f 5521/2769/2 6104/2767/2 3645/375/2
f 3002/3891/2 5519/2765/2 6104/2767/2
f 6105/2764/2 5518/2763/2 3001/3894/2
f 4434/385/2 6105/2764/2 5516/2759/2
f 953/3809/2 4432/2762/2 6105/2764/2
f 6106/2761/2 5517/2760/2 1273/3896/2
f 3650/2749/2 6106/2761/2 3972/3386/2
f 2092/3895/2 5516/2759/2 6106/2761/2
f 6107/2758/2 4238/2532/2 79/50/2
f 5517/2760/2 6107/2758/2 3188/105/2
f 3001/3894/2 5515/2757/2 6107/2758/2
f 6108/2756/2 5514/2755/2 3000/3897/2
f 4154/373/2 6108/2756/2 5512/2751/2
f 942/3815/2 4433/2754/2 6108/2756/2
f 6109/2753/2 5513/2752/2 1737/3899/2
f 3370/2784/2 6109/2753/2 4224/1406/2
f 1599/3898/2 5512/2751/2 6109/2753/2
f 6110/2750/2 3650/2749/2 547/3529/2
f 5513/2752/2 6110/2750/2 3440/973/2
f 3000/3897/2 5511/2748/2 6110/2750/2
f 6111/2747/2 5510/2746/2 2999/3900/2
f 4406/323/2 6111/2747/2 5508/2742/2
f 384/3874/2 4404/2745/2 6111/2747/2
f 6112/2744/2 5509/2743/2 2091/3902/2
f 3622/2936/2 6112/2744/2 4433/2754/2
f 2064/3901/2 5508/2742/2 6112/2744/2
f 6113/2741/2 3651/2740/2 953/3809/2
f 5509/2743/2 6113/2741/2 3649/384/2
f 2999/3900/2 5507/2739/2 6113/2741/2
f 6114/2738/3 5506/2737/3 2998/3903/3
f 4438/394/3 6114/2738/3 5504/2733/3
f 954/3803/3 4436/2736/3 6114/2738/3
f 6115/2735/3 5505/2734/3 1594/3905/3
f 3654/2722/3 6115/2735/3 4149/2967/3
f 2096/3904/3 5504/2733/3 6115/2735/3
f 6116/2732/3 3367/2731/3 383/3906/3
f 5505/2734/3 6116/2732/3 3365/314/3
f 2998/3903/3 5503/2730/3 6116/2732/3
f 6117/2729/3 5502/2728/3 2997/3907/3
f 4043/977/3 6117/2729/3 5500/2724/3
f 715/3526/3 4437/2727/3 6117/2729/3
f 6118/2726/3 5501/2725/3 2059/3909/3
f 3259/1392/3 6118/2726/3 4401/2692/3
f 1412/3908/3 5500/2724/3 6118/2726/3
f 6119/2723/3 3654/2722/3 937/3796/3
f 5501/2725/3 6119/2723/3 3617/405/3
f 2997/3907/3 5499/2721/3 6119/2723/3
f 6120/2720/3 5498/2719/3 2996/3911/3
f 4295/103/3 6120/2720/3 5496/2716/3
f 81/26/3 4240/251/3 6120/2720/3
f 6121/2718/3 5497/2717/3 2095/3913/3
f 3511/3390/3 6121/2718/3 4437/2727/3
f 1877/3912/3 5496/2716/3 6121/2718/3
f 6122/2715/3 3655/2714/3 954/3803/3
f 5497/2717/3 6122/2715/3 3653/393/3
f 2996/3911/3 5495/2713/3 6122/2715/3
f 6123/2712/3 5494/2711/3 2995/3914/3
f 4442/403/3 6123/2712/3 5492/2707/3
f 955/3798/3 4440/2710/3 6123/2712/3
f 6124/2709/3 5493/2708/3 1409/3916/3
f 3658/2696/3 6124/2709/3 4040/3104/3
f 2100/3915/3 5492/2707/3 6124/2709/3
f 6125/2706/3 3366/2705/3 326/3917/3
f 5493/2708/3 6125/2706/3 3256/196/3
f 2995/3914/3 5491/2704/3 6125/2706/3
f 6126/2703/3 5490/2702/3 2994/3918/3
f 3971/756/3 6126/2703/3 5488/2698/3
f 546/3672/3 4441/2701/3 6126/2703/3
f 6127/2700/3 5489/2699/3 1874/3920/3
f 3187/2063/3 6127/2700/3 4292/2264/3
f 1272/3919/3 5488/2698/3 6127/2700/3
f 6128/2697/3 3658/2696/3 712/3715/3
f 5489/2699/3 6128/2697/3 3508/690/3
f 2994/3918/3 5487/2695/3 6128/2697/3
f 6129/2694/3 5486/2693/3 2993/3922/3
f 4223/174/3 6129/2694/3 5484/2689/3
f 329/3910/3 4401/2692/3 6129/2694/3
f 6130/2691/3 5485/2690/3 2099/3924/3
f 3439/3169/3 6130/2691/3 4441/2701/3
f 1736/3923/3 5484/2689/3 6130/2691/3
f 6131/2688/3 3659/2687/3 955/3798/3
f 5485/2690/3 6131/2688/3 3657/402/3
f 2993/3922/3 5483/2686/3 6131/2688/3
f 6132/2685/3 5482/2684/3 2992/3925/3
f 4446/412/3 6132/2685/3 5480/2680/3
f 956/3793/3 4444/2683/3 6132/2685/3
f 6133/2682/3 5481/2681/3 1269/3927/3
f 3662/2670/3 6133/2682/3 3968/3411/3
f 2104/3926/3 5480/2680/3 6133/2682/3
f 6134/2679/3 3153/2530/3 82/64/3
f 5481/2681/3 6134/2679/3 3184/97/3
f 2992/3925/3 5479/2678/3 6134/2679/3
f 6135/2677/3 5478/2676/3 2991/3928/3
f 4150/400/3 6135/2677/3 5476/2672/3
f 938/3799/3 4445/2675/3 6135/2677/3
f 6136/2674/3 5477/2673/3 1733/3930/3
f 3366/2705/3 6136/2674/3 4220/1326/3
f 1595/3929/3 5476/2672/3 6136/2674/3
f 6137/2671/3 3662/2670/3 543/3513/3
f 5477/2673/3 6137/2671/3 3436/998/3
f 2991/3928/3 5475/2669/3 6137/2671/3
f 6138/2668/3 5474/2667/3 2990/3931/3
f 4402/315/3 6138/2668/3 5472/2663/3
f 383/3906/3 4400/2666/3 6138/2668/3
f 6139/2665/3 5473/2664/3 2103/3933/3
f 3618/2962/3 6139/2665/3 4445/2675/3
f 2060/3932/3 5472/2663/3 6139/2665/3
f 6140/2662/3 3663/2661/3 956/3793/3
f 5473/2664/3 6140/2662/3 3661/411/3
f 2990/3931/3 5471/2660/3 6140/2662/3
f 6141/2659/7 5468/2658/7 2981/3934/7
f 4450/424/7 6141/2659/7 5466/2654/7
f 960/3787/7 4448/2657/7 6141/2659/7
f 6142/2656/7 5467/2655/7 1586/3936/7
f 3666/2643/7 6142/2656/7 4145/2994/7
f 2120/3935/7 5466/2654/7 6142/2656/7
f 6143/2653/7 3363/2652/7 381/3937/7
f 5467/2655/7 6143/2653/7 3361/305/7
f 2981/3934/7 5465/2651/7 6143/2653/7
f 6144/2650/7 5464/2649/7 2980/3938/7
f 4039/1002/7 6144/2650/7 5462/2645/7
f 707/3510/7 4449/2648/7 6144/2650/7
f 6145/2647/7 5463/2646/7 2051/3940/7
f 3255/1310/7 6145/2647/7 4397/2612/7
f 1404/3939/7 5462/2645/7 6145/2647/7
f 6146/2644/7 3666/2643/7 929/3780/7
f 5463/2646/7 6146/2644/7 3613/435/7
f 2980/3938/7 5461/2642/7 6146/2644/7
f 6147/2641/7 5460/2640/7 2979/3942/7
f 4291/93/7 6147/2641/7 5458/2636/7
f 86/28/7 4242/2639/7 6147/2641/7
f 6148/2638/7 5459/2637/7 2119/3944/7
f 3507/3415/7 6148/2638/7 4449/2648/7
f 1869/3943/7 5458/2636/7 6148/2638/7
f 6149/2635/7 3667/2634/7 960/3787/7
f 5459/2637/7 6149/2635/7 3665/423/7
f 2979/3942/7 5457/2633/7 6149/2635/7
f 6150/2632/7 5456/2631/7 2978/3945/7
f 4454/433/7 6150/2632/7 5454/2627/7
f 961/3782/7 4452/2630/7 6150/2632/7
f 6151/2629/7 5455/2628/7 1401/3947/7
f 3670/2616/7 6151/2629/7 4036/3023/7
f 2124/3946/7 5454/2627/7 6151/2629/7
f 6152/2626/7 3362/2625/7 318/3948/7
f 5455/2628/7 6152/2626/7 3252/230/7
f 2978/3945/7 5453/2624/7 6152/2626/7
f 6153/2623/7 5452/2622/7 2977/3949/7
f 3967/670/7 6153/2623/7 5450/2618/7
f 538/3724/7 4453/2621/7 6153/2623/7
f 6154/2620/7 5451/2619/7 1866/3951/7
f 3183/2306/7 6154/2620/7 4288/2509/7
f 1264/3950/7 5450/2618/7 6154/2620/7
f 6155/2617/7 3670/2616/7 704/3768/7
f 5451/2619/7 6155/2617/7 3504/603/7
f 2977/3949/7 5449/2615/7 6155/2617/7
f 6156/2614/7 5448/2613/7 2976/3953/7
f 4219/207/7 6156/2614/7 5446/2609/7
f 321/3941/7 4397/2612/7 6156/2614/7
f 6157/2611/7 5447/2610/7 2123/3955/7
f 3435/3090/7 6157/2611/7 4453/2621/7
f 1728/3954/7 5446/2609/7 6157/2611/7
f 6158/2608/7 3671/2607/7 961/3782/7
f 5447/2610/7 6158/2608/7 3669/432/7
f 2976/3953/7 5445/2606/7 6158/2608/7
f 6159/2605/7 5444/2604/7 2975/3956/7
f 4458/442/7 6159/2605/7 5442/2600/7
f 962/3776/7 4456/2603/7 6159/2605/7
f 6160/2602/7 5443/2601/7 1261/3958/7
f 3674/2589/7 6160/2602/7 3964/3438/7
f 2128/3957/7 5442/2600/7 6160/2602/7
f 6161/2599/7 3151/2598/7 80/3959/7
f 5443/2601/7 6161/2599/7 3180/86/7
f 2975/3956/7 5441/2597/7 6161/2599/7
f 6162/2596/7 5440/2595/7 2974/3960/7
f 4146/430/7 6162/2596/7 5438/2591/7
f 930/3783/7 4457/2594/7 6162/2596/7
f 6163/2593/7 5439/2592/7 1725/3962/7
f 3362/2625/7 6163/2593/7 4216/1243/7
f 1587/3961/7 5438/2591/7 6163/2593/7
f 6164/2590/7 3674/2589/7 535/3496/7
f 5439/2592/7 6164/2590/7 3432/1025/7
f 2974/3960/7 5437/2588/7 6164/2590/7
f 6165/2587/7 5436/2586/7 2973/3963/7
f 4398/306/7 6165/2587/7 5434/2582/7
f 381/3937/7 4396/2585/7 6165/2587/7
f 6166/2584/7 5435/2583/7 2127/3965/7
f 3614/2989/7 6166/2584/7 4457/2594/7
f 2052/3964/7 5434/2582/7 6166/2584/7
f 6167/2581/7 3675/2580/7 962/3776/7
f 5435/2583/7 6167/2581/7 3673/441/7
f 2973/3963/7 5433/2579/7 6167/2581/7
f 156/64/8 3179/2530/8 4243/2530/8
f 317/234/8 4394/1174/8 4395/1174/8
f 1718/246/62 5429/246/67 5428/245/71
f 3177/2530/3 4245/2530/3 106/64/3
f 147/53/8 3175/2531/8 4246/2531/8
f 289/256/8 4392/1121/8 4393/1121/8
f 146/24/8 3173/244/8 3159/244/8
f 287/238/8 4390/243/8 4391/243/8
f 145/50/8 3171/2532/8 4248/2532/8
f 285/259/8 4388/1148/8 4389/1148/8
f 3169/2531/1 4250/2531/1 118/53/1
f 3167/244/17 3161/244/17 113/24/17
f 3165/2532/2 4251/2532/2 119/50/2
f 3164/1234/2 4271/1234/2 62/41/2
f 4268/1234/2 3164/1234/2 117/41/2
f 4248/2532/2 3165/2532/2 141/50/2
f 3166/241/17 3141/241/17 64/15/17
f 3139/241/17 3166/241/17 105/15/17
f 3159/244/17 3167/244/17 142/24/17
f 3168/1235/1 4270/1235/1 61/22/1
f 4266/1235/1 3168/1235/1 116/22/1
f 4246/2531/1 3169/2531/1 143/53/1
f 3242/1233/8 4196/1233/8 246/70/8
f 3170/1234/8 3351/1234/8 195/41/8
f 4186/1233/8 3242/1233/8 284/70/8
f 4258/1234/8 3349/1234/8 243/41/8
f 79/50/8 4238/2532/8 3171/2532/8
f 168/259/8 4382/1148/8 4383/1148/8
f 3244/240/8 3211/240/8 197/72/8
f 3172/241/8 3345/241/8 177/15/8
f 3208/240/8 3244/240/8 286/72/8
f 3136/241/8 3343/241/8 225/15/8
f 92/24/8 3156/244/8 3173/244/8
f 229/238/8 4376/243/8 4377/243/8
f 3246/1231/8 4194/1231/8 244/74/8
f 3174/1235/8 3339/1235/8 194/22/8
f 4183/1231/8 3246/1231/8 288/74/8
f 4255/1235/8 3337/1235/8 242/22/8
f 76/53/8 4235/2531/8 3175/2531/8
f 165/256/8 4370/1121/8 4371/1121/8
f 3176/1236/3 4265/1236/3 63/43/3
f 4263/1236/3 3176/1236/3 104/43/3
f 4243/2530/3 3177/2530/3 148/64/3
f 1154/15/9 2304/586/77 5424/588/47
f 4460/587/59 5423/587/37 2919/585/43
f 3676/317/59 5422/317/37 1498/248/43
f 5422/317/37 3333/317/37 357/248/79
f 3988/587/44 5421/587/37 2918/585/43
f 3204/317/44 5420/317/37 1963/248/43
f 5420/317/37 3676/317/59 807/248/43
f 4240/251/44 5419/251/37 2917/80/5
f 3456/396/44 5418/396/37 2307/75/5
f 5418/396/37 3677/396/58 1032/75/5
f 4462/588/40 5417/588/37 2916/586/44
f 3678/7/40 5416/7/48 1329/15/6
f 5416/7/48 3332/7/9 230/15/6
f 3916/588/44 5415/588/37 2915/586/61
f 3132/7/44 5414/7/9 1793/15/6
f 5414/7/9 3678/7/40 617/15/6
f 4168/250/44 5413/250/37 2914/249/43
f 3384/1083/44 5412/1083/37 2311/252/79
f 5412/1083/37 3679/1083/59 1033/252/61
f 4116/588/40 5411/588/42 2912/586/10
f 3332/7/9 5410/7/42 1653/15/57
f 4368/250/40 5409/250/59 2911/249/59
f 3584/1083/9 5408/1083/37 2315/252/59
f 3680/179/45 3331/179/55 356/236/53
f 3224/179/44 3680/179/45 803/236/42
f 3476/743/44 3681/743/38 1035/20/80
f 4466/590/66 5407/590/37 2910/453/34
f 3682/102/66 5406/102/33 1392/26/34
f 5406/102/33 3330/102/9 309/26/34
f 3936/590/44 5405/590/37 2909/453/48
f 3152/102/44 5404/102/9 1856/26/34
f 5404/102/9 3682/102/66 694/26/34
f 218/236/44 803/236/42 4467/1379/9
f 3404/245/44 5402/245/61 2321/25/48
f 4114/590/66 5400/590/50 2907/453/11
f 3330/102/9 5399/102/50 1716/26/65
f 1960/246/42 5398/246/44 5397/245/66
f 1615/34/6 1493/44/6 5395/592/61
f 2337/237/60 1958/242/60 5393/243/79
f 4468/591/4 5392/591/10 2900/260/6
f 3684/257/4 5391/257/10 1488/238/6
f 5391/257/10 3329/257/59 354/238/4
f 3408/591/43 5390/591/10 2899/260/6
f 4192/257/43 5389/257/10 1953/238/6
f 5389/257/10 3684/257/4 795/238/6
f 3156/244/43 5388/244/10 2898/81/60
f 3940/457/43 5387/457/10 2339/76/60
f 5387/457/10 3685/457/61 1041/76/6
f 4470/592/60 5386/592/10 2897/44/47
f 3686/42/6 5385/42/40 1325/34/48
f 5385/42/40 3328/42/6 221/34/48
f 3480/592/43 5384/592/10 2896/44/69
f 4264/42/43 5383/42/40 1789/34/48
f 5383/42/40 3686/42/6 610/34/48
f 3228/243/43 5382/243/10 2895/242/6
f 4012/458/43 5381/458/10 2343/237/6
f 5381/458/10 3687/458/4 1042/237/6
f 2352/261/40 4472/593/47 5380/593/60
f 791/72/40 3688/71/47 5379/71/42
f 1484/72/40 5379/71/42 3327/71/42
f 1618/261/43 3388/593/43 5378/593/58
f 181/72/43 4172/71/43 5377/71/60
f 1949/72/40 5377/71/60 3688/71/47
f 1153/82/43 3136/241/43 5376/241/68
f 403/18/43 3920/578/43 5375/578/60
f 2351/18/40 5375/578/60 3689/578/77
f 2356/52/59 4474/594/41 5374/594/59
f 698/24/10 3690/68/41 5373/68/43
f 1396/24/10 5373/68/43 3326/68/43
f 1758/52/43 3460/594/43 5372/594/59
f 92/24/43 4244/68/43 5371/68/43
f 1860/24/10 5371/68/43 3690/68/41
f 1294/239/43 3208/240/43 5370/240/59
f 572/23/43 3992/451/43 5369/451/59
f 2355/23/42 5369/451/59 3691/451/79
f 3250/1232/8 4191/1232/8 226/85/8
f 3178/1236/8 3325/1236/8 176/43/8
f 3205/1232/8 3250/1232/8 316/85/8
f 3133/1236/8 3323/1236/8 224/43/8
f 82/64/8 3153/2530/8 3179/2530/8
f 219/234/8 4356/1174/8 4357/1174/8
f 6168/2529/7 5368/2528/7 2882/3966/7
f 4478/601/7 6168/2529/7 5366/2524/7
f 1047/3770/7 4476/2527/7 6168/2529/7
f 6169/2526/7 5367/2525/7 1474/3968/7
f 3694/2513/7 6169/2526/7 4101/3032/7
f 2364/3967/7 5366/2524/7 6169/2526/7
f 6170/2523/7 3319/2522/7 352/3969/7
f 5367/2525/7 6170/2523/7 3317/227/7
f 2882/3966/7 5365/2521/7 6170/2523/7
f 6171/2520/7 5364/2519/7 2881/3970/7
f 4038/1011/7 6171/2520/7 5362/2515/7
f 706/3505/7 4477/2518/7 6171/2520/7
f 6172/2517/7 5363/2516/7 1939/3972/7
f 3254/1283/7 6172/2517/7 4353/2482/7
f 1403/3971/7 5362/2515/7 6172/2517/7
f 6173/2514/7 3694/2513/7 781/3762/7
f 5363/2516/7 6173/2514/7 3569/612/7
f 2881/3970/7 5361/2512/7 6173/2514/7
f 6174/2511/7 5360/2510/7 2880/3974/7
f 4290/90/7 6174/2511/7 5358/2506/7
f 157/3952/7 4288/2509/7 6174/2511/7
f 6175/2508/7 5359/2507/7 2363/3976/7
f 3506/3424/7 6175/2508/7 4477/2518/7
f 1868/3975/7 5358/2506/7 6175/2508/7
f 6176/2505/7 3695/2504/7 1047/3770/7
f 5359/2507/7 6176/2505/7 3693/600/7
f 2880/3974/7 5357/2503/7 6176/2505/7
f 6177/2502/7 5356/2501/7 2879/3977/7
f 4482/610/7 6177/2502/7 5354/2497/7
f 1048/3764/7 4480/2500/7 6177/2502/7
f 6178/2499/7 5355/2498/7 1285/3979/7
f 3698/2486/7 6178/2499/7 3984/3980/7
f 2368/3978/7 5354/2497/7 6178/2499/7
f 6179/2496/7 3318/2495/7 166/3982/7
f 5355/2498/7 6179/2496/7 3200/3983/7
f 2879/3977/7 5353/2494/7 6179/2496/7
f 6180/2493/7 5352/2492/7 2878/3984/7
f 3966/643/7 6180/2493/7 5350/2488/7
f 537/3741/7 4481/2491/7 6180/2493/7
f 6181/2490/7 5351/2489/7 1749/3986/7
f 3182/2387/7 6181/2490/7 4236/3987/7
f 1263/3985/7 5350/2488/7 6181/2490/7
f 6182/2487/7 3698/2486/7 559/3981/7
f 5351/2489/7 6182/2487/7 3452/3989/7
f 2878/3984/7 5349/2485/7 6182/2487/7
f 6183/2484/7 5348/2483/7 2877/3990/7
f 4218/216/7 6183/2484/7 5346/2479/7
f 320/3973/7 4353/2482/7 6183/2484/7
f 6184/2481/7 5347/2480/7 2367/3992/7
f 3434/3063/7 6184/2481/7 4481/2491/7
f 1727/3991/7 5346/2479/7 6184/2481/7
f 6185/2478/7 3699/2477/7 1048/3764/7
f 5347/2480/7 6185/2478/7 3697/609/7
f 2877/3990/7 5345/2476/7 6185/2478/7
f 6186/2475/7 5344/2474/7 2876/3993/7
f 4486/619/7 6186/2475/7 5342/2470/7
f 1049/3758/7 4484/2473/7 6186/2475/7
f 6187/2472/7 5343/2471/7 1144/3995/7
f 3702/2459/7 6187/2472/7 3912/3996/7
f 2372/3994/7 5342/2470/7 6187/2472/7
f 6188/2469/7 3131/2468/7 7/3998/7
f 5343/2471/7 6188/2469/7 3128/3999/7
f 2876/3993/7 5341/2467/7 6188/2469/7
f 6189/2466/7 5340/2465/7 2875/4000/7
f 4102/607/7 6189/2466/7 5338/2461/7
f 782/3765/7 4485/2464/7 6189/2466/7
f 6190/2463/7 5339/2462/7 1609/4002/7
f 3318/2495/7 6190/2463/7 4164/4003/7
f 1475/4001/7 5338/2461/7 6190/2463/7
f 6191/2460/7 3702/2459/7 390/3997/7
f 5339/2462/7 6191/2460/7 3380/4004/7
f 2875/4000/7 5337/2458/7 6191/2460/7
f 6192/2457/7 5336/2456/7 2874/4005/7
f 4354/228/7 6192/2457/7 5334/2452/7
f 352/3969/7 4352/2455/7 6192/2457/7
f 6193/2454/7 5335/2453/7 2371/4007/7
f 3570/3027/7 6193/2454/7 4485/2464/7
f 1940/4006/7 5334/2452/7 6193/2454/7
f 6194/2451/7 3703/2450/7 1049/3758/7
f 5335/2453/7 6194/2451/7 3701/618/7
f 2874/4005/7 5333/2449/7 6194/2451/7
f 6195/2448/7 5332/2447/7 2873/4008/7
f 4490/628/7 6195/2448/7 5330/2443/7
f 1050/3752/7 4488/2446/7 6195/2448/7
f 6196/2445/7 5331/2444/7 1470/4010/7
f 3706/2432/7 6196/2445/7 4097/3059/7
f 2376/4009/7 5330/2443/7 6196/2445/7
f 6197/2442/7 3315/2441/7 351/4011/7
f 5331/2444/7 6197/2442/7 3313/218/7
f 2873/4008/7 5329/2440/7 6197/2442/7
f 6198/2439/7 5328/2438/7 2872/4012/7
f 3981/4013/7 6198/2439/7 5326/2434/7
f 556/4015/7 4489/2437/7 6198/2439/7
f 6199/2436/7 5327/2435/7 1935/4016/7
f 3197/4017/7 6199/2436/7 4349/2401/7
f 1282/4014/7 5326/2434/7 6199/2436/7
f 6200/2433/7 3706/2432/7 777/3744/7
f 5327/2435/7 6200/2433/7 3565/639/7
f 2872/4012/7 5325/2431/7 6200/2433/7
f 6201/2430/7 5324/2429/7 2871/4019/7
f 4233/4020/7 6201/2430/7 5322/2425/7
f 74/4022/7 4289/2428/7 6201/2430/7
f 6202/2427/7 5323/2426/7 2375/4023/7
f 3449/4024/7 6202/2427/7 4489/2437/7
f 1746/4021/7 5322/2425/7 6202/2427/7
f 6203/2424/7 3707/2423/7 1050/3752/7
f 5323/2426/7 6203/2424/7 3705/627/7
f 2871/4019/7 5321/2422/7 6203/2424/7
f 6204/2421/7 5320/2420/7 2870/4025/7
f 4494/637/7 6204/2421/7 5318/2416/7
f 1051/3746/7 4492/2419/7 6204/2421/7
f 6205/2418/7 5319/2417/7 1319/4027/7
f 3710/2405/7 6205/2418/7 4004/4028/7
f 2380/4026/7 5318/2416/7 6205/2418/7
f 6206/2415/7 3314/2414/7 214/4030/7
f 5319/2417/7 6206/2415/7 3220/4031/7
f 2870/4025/7 5317/2413/7 6206/2415/7
f 6207/2412/7 5316/2411/7 2869/4032/7
f 3909/4033/7 6207/2412/7 5314/2407/7
f 387/4035/7 4493/2410/7 6207/2412/7
f 6208/2409/7 5315/2408/7 1783/4036/7
f 3125/4038/7 6208/2409/7 4256/4037/7
f 1141/4034/7 5314/2407/7 6208/2409/7
f 6209/2406/7 3710/2405/7 603/4029/7
f 5315/2408/7 6209/2406/7 3472/4040/7
f 2869/4032/7 5313/2404/7 6209/2406/7
f 6210/2403/7 5312/2402/7 2868/4041/7
f 4161/4042/7 6210/2403/7 5310/2398/7
f 163/4018/7 4349/2401/7 6210/2403/7
f 6211/2400/7 5311/2399/7 2379/4044/7
f 3377/4045/7 6211/2400/7 4493/2410/7
f 1606/4043/7 5310/2398/7 6211/2400/7
f 6212/2397/7 3711/2396/7 1051/3746/7
f 5311/2399/7 6212/2397/7 3709/636/7
f 2868/4041/7 5309/2395/7 6212/2397/7
f 6213/2394/7 5308/2393/7 2867/4046/7
f 4498/646/7 6213/2394/7 5306/2389/7
f 1052/3740/7 4496/2392/7 6213/2394/7
f 6214/2391/7 5307/2390/7 1178/4048/7
f 3714/2378/7 6214/2391/7 3932/4049/7
f 2384/4047/7 5306/2389/7 6214/2391/7
f 6215/2388/7 3182/2387/7 77/3988/7
f 5307/2390/7 6215/2388/7 3148/4051/7
f 2867/4046/7 5305/2386/7 6215/2388/7
f 6216/2385/7 5304/2384/7 2866/4052/7
f 4098/634/7 6216/2385/7 5302/2380/7
f 778/3747/7 4497/2383/7 6216/2385/7
f 6217/2382/7 5303/2381/7 1643/4054/7
f 3314/2414/7 6217/2382/7 4184/4055/7
f 1471/4053/7 5302/2380/7 6217/2382/7
f 6218/2379/7 3714/2378/7 434/4050/7
f 5303/2381/7 6218/2379/7 3400/4056/7
f 2866/4052/7 5301/2377/7 6218/2379/7
f 6219/2376/7 5300/2375/7 2865/4057/7
f 4350/219/7 6219/2376/7 5298/2371/7
f 351/4011/7 4348/2374/7 6219/2376/7
f 6220/2373/7 5299/2372/7 2383/4059/7
f 3566/3054/7 6220/2373/7 4497/2383/7
f 1936/4058/7 5298/2371/7 6220/2373/7
f 6221/2370/7 3715/2369/7 1052/3740/7
f 5299/2372/7 6221/2370/7 3713/645/7
f 2865/4057/7 5297/2368/7 6221/2370/7
f 6222/2367/7 5296/2366/7 2864/4060/7
f 4502/655/7 6222/2367/7 5294/2362/7
f 1053/3734/7 4500/2365/7 6222/2367/7
f 6223/2364/7 5295/2363/7 1466/4062/7
f 3718/2351/7 6223/2364/7 4093/3086/7
f 2388/4061/7 5294/2362/7 6223/2364/7
f 6224/2361/7 3311/2360/7 350/4063/7
f 5295/2363/7 6224/2361/7 3309/209/7
f 2864/4060/7 5293/2359/7 6224/2361/7
f 6225/2358/7 5292/2357/7 2863/4064/7
f 4001/4065/7 6225/2358/7 5290/2353/7
f 600/4067/7 4501/2356/7 6225/2358/7
f 6226/2355/7 5291/2354/7 1931/4068/7
f 3217/4069/7 6226/2355/7 4345/2320/7
f 1316/4066/7 5290/2353/7 6226/2355/7
f 6227/2352/7 3718/2351/7 773/3727/7
f 5291/2354/7 6227/2352/7 3561/666/7
f 2863/4064/7 5289/2350/7 6227/2352/7
f 6228/2349/7 5288/2348/7 2862/4071/7
f 4253/4072/7 6228/2349/7 5286/2344/7
f 1/16/7 4262/2347/7 6228/2349/7
f 6229/2346/7 5287/2345/7 2387/4074/7
f 3469/4075/7 6229/2346/7 4501/2356/7
f 1780/4073/7 5286/2344/7 6229/2346/7
f 6230/2343/7 3719/2342/7 1053/3734/7
f 5287/2345/7 6230/2343/7 3717/654/7
f 2862/4071/7 5285/2341/7 6230/2343/7
f 6231/2340/7 5284/2339/7 2861/4076/7
f 4506/664/7 6231/2340/7 5282/2335/7
f 1054/3729/7 4504/2338/7 6231/2340/7
f 6232/2337/7 5283/2336/7 1402/4078/7
f 3722/2324/7 6232/2337/7 4037/3050/7
f 2392/4077/7 5282/2335/7 6232/2337/7
f 6233/2334/7 3310/2333/7 319/4079/7
f 5283/2336/7 6233/2334/7 3253/221/7
f 2861/4076/7 5281/2332/7 6233/2334/7
f 6234/2331/7 5280/2330/7 2860/4080/7
f 3929/4081/7 6234/2331/7 5278/2326/7
f 431/4083/7 4505/2329/7 6234/2331/7
f 6235/2328/7 5279/2327/7 1867/4084/7
f 3145/4085/7 6235/2328/7 4289/2428/7
f 1175/4082/7 5278/2326/7 6235/2328/7
f 6236/2325/7 3722/2324/7 705/3750/7
f 5279/2327/7 6236/2325/7 3505/630/7
f 2860/4080/7 5277/2323/7 6236/2325/7
f 6237/2322/7 5276/2321/7 2859/4086/7
f 4181/4087/7 6237/2322/7 5274/2317/7
f 211/4070/7 4345/2320/7 6237/2322/7
f 6238/2319/7 5275/2318/7 2391/4089/7
f 3397/4090/7 6238/2319/7 4505/2329/7
f 1640/4088/7 5274/2317/7 6238/2319/7
f 6239/2316/7 3723/2315/7 1054/3729/7
f 5275/2318/7 6239/2316/7 3721/663/7
f 2859/4086/7 5273/2314/7 6239/2316/7
f 6240/2313/7 5272/2312/7 2858/4091/7
f 4510/673/7 6240/2313/7 5270/2308/7
f 1055/3723/7 4508/2311/7 6240/2313/7
f 6241/2310/7 5271/2309/7 1262/4093/7
f 3726/2297/7 6241/2310/7 3965/3429/7
f 2396/4092/7 5270/2308/7 6241/2310/7
f 6242/2307/7 3183/2306/7 157/3952/7
f 5271/2309/7 6242/2307/7 3181/89/7
f 2858/4091/7 5269/2305/7 6242/2307/7
f 6243/2304/7 5268/2303/7 2857/4094/7
f 4094/661/7 6243/2304/7 5266/2299/7
f 774/3730/7 4509/2302/7 6243/2304/7
f 6244/2301/7 5267/2300/7 1726/4096/7
f 3310/2333/7 6244/2301/7 4217/1270/7
f 1467/4095/7 5266/2299/7 6244/2301/7
f 6245/2298/7 3726/2297/7 536/3502/7
f 5267/2300/7 6245/2298/7 3433/1016/7
f 2857/4094/7 5265/2296/7 6245/2298/7
f 6246/2295/7 5264/2294/7 2856/4097/7
f 4346/210/7 6246/2295/7 5262/2290/7
f 350/4063/7 4344/2293/7 6246/2295/7
f 6247/2292/7 5263/2291/7 2395/4099/7
f 3562/3081/7 6247/2292/7 4509/2302/7
f 1932/4098/7 5262/2290/7 6247/2292/7
f 6248/2289/7 3727/2288/7 1055/3723/7
f 5263/2291/7 6248/2289/7 3725/672/7
f 2856/4097/7 5261/2287/7 6248/2289/7
f 2400/678/53 2398/78/85 5259/680/92
f 1407/678/76 2399/78/86 5257/680/92
f 765/203/33 3728/1319/76 3307/1319/76
f 2408/678/76 2406/78/63 5255/680/91
f 210/203/33 4180/1319/33 3728/1319/76
f 1174/95/33 3144/205/33 5251/205/55
f 430/78/33 3928/1318/33 5250/1318/55
f 2407/78/63 5250/1318/55 3729/1318/46
f 609/31/92 3730/2286/12 3306/2286/55
f 1/31/49 4252/2286/33 3730/2286/12
f 599/235/33 4000/2285/33 3731/2285/51
f 2416/417/45 4516/682/6 5249/682/66
f 761/30/45 3732/1077/6 5248/1077/39
f 1458/30/45 5248/1077/39 3305/1077/39
f 1605/417/33 3376/682/33 5247/682/88
f 162/30/33 4160/1077/33 5246/1077/93
f 1923/30/45 5246/1077/93 3732/1077/6
f 1140/96/33 3124/201/33 5245/201/9
f 386/10/33 3908/11/33 5244/11/66
f 2415/10/45 5244/11/66 3733/11/40
f 2420/418/45 4518/683/71 5243/683/38
f 709/77/45 3734/419/71 5242/419/57
f 1406/77/45 5242/419/57 3304/419/70
f 1745/418/33 3448/683/33 5241/683/38
f 73/77/33 4232/419/33 5240/419/70
f 1871/77/45 5240/419/70 3734/419/71
f 1281/199/33 3196/200/33 5239/200/49
f 555/29/33 3980/311/33 5238/311/38
f 2419/29/33 5238/311/38 3735/311/62
f 1459/418/45 4088/683/71 5237/683/41
f 323/77/45 3304/419/70 5236/419/41
f 1924/199/45 4340/200/6 5235/200/76
f 762/29/45 3556/311/93 5234/311/41
f 6249/2284/3 5233/2283/3 2844/4100/3
f 4522/688/3 6249/2284/3 5231/2279/3
f 1065/3717/3 4520/2282/3 6249/2284/3
f 6250/2281/3 5232/2280/3 1454/4102/3
f 3738/2268/3 6250/2281/3 4085/3113/3
f 2428/4101/3 5231/2279/3 6250/2281/3
f 6251/2278/3 3303/2277/3 346/4103/3
f 5232/2280/3 6251/2278/3 3301/193/3
f 2844/4100/3 5230/2276/3 6251/2278/3
f 6252/2275/3 5229/2274/3 2843/4104/3
f 4042/985/3 6252/2275/3 5227/2270/3
f 714/3521/3 4521/2273/3 6252/2275/3
f 6253/2272/3 5228/2271/3 1919/4106/3
f 3258/1365/3 6253/2272/3 4337/2237/3
f 1411/4105/3 5227/2270/3 6253/2272/3
f 6254/2269/3 3738/2268/3 757/3709/3
f 5228/2271/3 6254/2269/3 3553/699/3
f 2843/4104/3 5226/2267/3 6254/2269/3
f 6255/2266/3 5225/2265/3 2842/4108/3
f 4294/100/3 6255/2266/3 5223/2261/3
f 159/3921/3 4292/2264/3 6255/2266/3
f 6256/2263/3 5224/2262/3 2427/4110/3
f 3510/3398/3 6256/2263/3 4521/2273/3
f 1876/4109/3 5223/2261/3 6256/2263/3
f 6257/2260/3 3739/2259/3 1065/3717/3
f 5224/2262/3 6257/2260/3 3737/687/3
f 2842/4108/3 5222/2258/3 6257/2260/3
f 6258/2257/3 5221/2256/3 2841/4111/3
f 4526/697/3 6258/2257/3 5219/2252/3
f 1066/3711/3 4524/2255/3 6258/2257/3
f 6259/2254/3 5220/2253/3 1286/4113/3
f 3742/2241/3 6259/2254/3 3985/2932/3
f 2432/4112/3 5219/2252/3 6259/2254/3
f 6260/2251/3 3302/2250/3 167/4114/3
f 5220/2253/3 6260/2251/3 3201/325/3
f 2841/4111/3 5218/2249/3 6260/2251/3
f 6261/2248/3 5217/2247/3 2840/4115/3
f 3970/729/3 6261/2248/3 5215/2243/3
f 545/3689/3 4525/2246/3 6261/2248/3
f 6262/2245/3 5216/2244/3 1750/4117/3
f 3186/2143/3 6262/2245/3 4237/2798/3
f 1271/4116/3 5215/2243/3 6262/2245/3
f 6263/2242/3 3742/2241/3 560/3818/3
f 5216/2244/3 6263/2242/3 3453/369/3
f 2840/4115/3 5214/2240/3 6263/2242/3
f 6264/2239/3 5213/2238/3 2839/4118/3
f 4222/183/3 6264/2239/3 5211/2234/3
f 328/4107/3 4337/2237/3 6264/2239/3
f 6265/2236/3 5212/2235/3 2431/4120/3
f 3438/3143/3 6265/2236/3 4525/2246/3
f 1735/4119/3 5211/2234/3 6265/2236/3
f 6266/2233/3 3743/2232/3 1066/3711/3
f 5212/2235/3 6266/2233/3 3741/696/3
f 2839/4118/3 5210/2231/3 6266/2233/3
f 6267/2230/3 5209/2229/3 2838/4121/3
f 4530/705/3 6267/2230/3 5207/2225/3
f 1067/3706/3 4528/2228/3 6267/2230/3
f 6268/2227/3 5208/2226/3 1145/4123/3
f 3746/2215/3 6268/2227/3 3913/3464/3
f 2436/4122/3 5207/2225/3 6268/2227/3
f 6269/2224/3 3133/1236/3 8/43/3
f 5208/2226/3 6269/2224/3 3129/4/3
f 2838/4121/3 5206/2223/3 6269/2224/3
f 6270/2222/3 5205/2221/3 2837/4124/3
f 4086/694/3 6270/2222/3 5203/2217/3
f 758/3712/3 4529/2220/3 6270/2222/3
f 6271/2219/3 5204/2218/3 1610/4126/3
f 3302/2250/3 6271/2219/3 4165/1135/3
f 1455/4125/3 5203/2217/3 6271/2219/3
f 6272/2216/3 3746/2215/3 391/3482/3
f 5204/2218/3 6272/2216/3 3381/1091/3
f 2837/4124/3 5202/2214/3 6272/2216/3
f 6273/2213/3 5201/2212/3 2836/4127/3
f 4338/194/3 6273/2213/3 5199/2208/3
f 346/4103/3 4336/2211/3 6273/2213/3
f 6274/2210/3 5200/2209/3 2435/4129/3
f 3554/3108/3 6274/2210/3 4529/2220/3
f 1920/4128/3 5199/2208/3 6274/2210/3
f 6275/2207/3 3747/2206/3 1067/3706/3
f 5200/2209/3 6275/2207/3 3745/704/3
f 2836/4127/3 5198/2205/3 6275/2207/3
f 6276/2204/3 5197/2203/3 2835/4130/3
f 4534/714/3 6276/2204/3 5195/2199/3
f 1068/3700/3 4532/2202/3 6276/2204/3
f 6277/2201/3 5196/2200/3 1450/4132/3
f 3750/2188/3 6277/2201/3 4081/3139/3
f 2440/4131/3 5195/2199/3 6277/2201/3
f 6278/2198/3 3299/2197/3 345/4133/3
f 5196/2200/3 6278/2198/3 3297/185/3
f 2835/4130/3 5194/2196/3 6278/2198/3
f 6279/2195/3 5193/2194/3 2834/4134/3
f 3987/1020/3 6279/2195/3 5191/2190/3
f 562/3499/3 4533/2193/3 6279/2195/3
f 6280/2192/3 5192/2191/3 1915/4136/3
f 3203/1256/3 6280/2192/3 4333/2157/3
f 1288/4135/3 5191/2190/3 6280/2192/3
f 6281/2189/3 3750/2188/3 753/3692/3
f 5192/2191/3 6281/2189/3 3549/725/3
f 2834/4134/3 5190/2187/3 6281/2189/3
f 6282/2186/3 5189/2185/3 2833/4138/3
f 4239/87/3 6282/2186/3 5187/2181/3
f 80/3959/3 4293/2184/3 6282/2186/3
f 6283/2183/3 5188/2182/3 2439/4140/3
f 3455/3433/3 6283/2183/3 4533/2193/3
f 1752/4139/3 5187/2181/3 6283/2183/3
f 6284/2180/3 3751/2179/3 1068/3700/3
f 5188/2182/3 6284/2180/3 3749/713/3
f 2833/4138/3 5186/2178/3 6284/2180/3
f 6285/2177/3 5185/2176/3 2832/4141/3
f 4538/723/3 6285/2177/3 5183/2172/3
f 1069/3694/3 4536/2175/3 6285/2177/3
f 6286/2174/3 5184/2173/3 1320/4143/3
f 3754/2161/3 6286/2174/3 4005/3236/3
f 2444/4142/3 5183/2172/3 6286/2174/3
f 6287/2171/3 3298/2170/3 215/4144/3
f 5184/2173/3 6287/2171/3 3221/153/3
f 2832/4141/3 5182/2169/3 6287/2171/3
f 6288/2168/3 5181/2167/3 2831/4145/3
f 3915/616/3 6288/2168/3 5179/2163/3
f 393/3759/3 4537/2166/3 6288/2168/3
f 6289/2165/3 5180/2164/3 1784/4147/3
f 3131/2468/3 6289/2165/3 4257/1862/3
f 1147/4146/3 5179/2163/3 6289/2165/3
f 6290/2162/3 3754/2161/3 604/3628/3
f 5180/2164/3 6290/2162/3 3473/823/3
f 2831/4145/3 5178/2160/3 6290/2162/3
f 6291/2159/3 5177/2158/3 2830/4148/3
f 4167/225/3 6291/2159/3 5175/2154/3
f 169/4137/3 4333/2157/3 6291/2159/3
f 6292/2156/3 5176/2155/3 2443/4150/3
f 3383/3036/3 6292/2156/3 4537/2166/3
f 1612/4149/3 5175/2154/3 6292/2156/3
f 6293/2153/3 3755/2152/3 1069/3694/3
f 5176/2155/3 6293/2153/3 3753/722/3
f 2830/4148/3 5174/2151/3 6293/2153/3
f 6294/2150/3 5173/2149/3 2829/4151/3
f 4542/732/3 6294/2150/3 5171/2145/3
f 1070/3688/3 4540/2148/3 6294/2150/3
f 6295/2147/3 5172/2146/3 1179/4153/3
f 3758/2134/3 6295/2147/3 3933/3369/3
f 2448/4152/3 5171/2145/3 6295/2147/3
f 6296/2144/3 3186/2143/3 78/3881/3
f 5172/2146/3 6296/2144/3 3149/110/3
f 2829/4151/3 5170/2142/3 6296/2144/3
f 6297/2141/3 5169/2140/3 2828/4154/3
f 4082/720/3 6297/2141/3 5167/2136/3
f 754/3695/3 4541/2139/3 6297/2141/3
f 6298/2138/3 5168/2137/3 1644/4156/3
f 3298/2170/3 6298/2138/3 4185/1459/3
f 1451/4155/3 5167/2136/3 6298/2138/3
f 6299/2135/3 3758/2134/3 435/3540/3
f 5168/2137/3 6299/2135/3 3401/956/3
f 2828/4154/3 5166/2133/3 6299/2135/3
f 6300/2132/3 5165/2131/3 2827/4157/3
f 4334/186/3 6300/2132/3 5163/2127/3
f 345/4133/3 4332/2130/3 6300/2132/3
f 6301/2129/3 5164/2128/3 2447/4159/3
f 3550/3134/3 6301/2129/3 4541/2139/3
f 1916/4158/3 5163/2127/3 6301/2129/3
f 6302/2126/3 3759/2125/3 1070/3688/3
f 5164/2128/3 6302/2126/3 3757/731/3
f 2827/4157/3 5162/2124/3 6302/2126/3
f 6303/2123/3 5161/2122/3 2826/4160/3
f 4546/741/3 6303/2123/3 5159/2118/3
f 1071/3682/3 4544/2121/3 6303/2123/3
f 6304/2120/3 5160/2119/3 1446/4162/3
f 3762/2107/3 6304/2120/3 4077/3165/3
f 2452/4161/3 5159/2118/3 6304/2120/3
f 6305/2117/3 3295/2116/3 344/4163/3
f 5160/2119/3 6305/2117/3 3293/176/3
f 2826/4160/3 5158/2115/3 6305/2117/3
f 6306/2114/3 5157/2113/3 2825/4164/3
f 4007/1069/3 6306/2114/3 5155/2109/3
f 606/3493/3 4545/2112/3 6306/2114/3
f 6307/2111/3 5156/2110/3 1911/4166/3
f 3223/1201/3 6307/2111/3 4329/2077/3
f 1322/4165/3 5155/2109/3 6307/2111/3
f 6308/2108/3 3762/2107/3 749/3675/3
f 5156/2110/3 6308/2108/3 3545/752/3
f 2825/4164/3 5154/2106/3 6308/2108/3
f 6309/2105/3 5153/2104/3 2824/4168/3
f 4259/13/3 6309/2105/3 5151/2101/3
f 5/17/3 4260/247/3 6309/2105/3
f 6310/2103/3 5152/2102/3 2451/4170/3
f 3475/3444/3 6310/2103/3 4545/2112/3
f 1786/4169/3 5151/2101/3 6310/2103/3
f 6311/2100/3 3763/2099/3 1071/3682/3
f 5152/2102/3 6311/2100/3 3761/740/3
f 2824/4168/3 5150/2098/3 6311/2100/3
f 6312/2097/3 5149/2096/3 2823/4171/3
f 4550/750/3 6312/2097/3 5147/2092/3
f 1072/3677/3 4548/2095/3 6312/2097/3
f 6313/2094/3 5148/2093/3 1410/4173/3
f 3766/2081/3 6313/2094/3 4041/3130/3
f 2456/4172/3 5147/2092/3 6313/2094/3
f 6314/2091/3 3294/2090/3 327/4174/3
f 5148/2093/3 6314/2091/3 3257/188/3
f 2823/4171/3 5146/2089/3 6314/2091/3
f 6315/2088/3 5145/2087/3 2822/4175/3
f 3935/439/3 6315/2088/3 5143/2083/3
f 437/3777/3 4549/2086/3 6315/2088/3
f 6316/2085/3 5144/2084/3 1875/4177/3
f 3151/2598/3 6316/2085/3 4293/2184/3
f 1181/4176/3 5143/2083/3 6316/2085/3
f 6317/2082/3 3766/2081/3 713/3698/3
f 5144/2084/3 6317/2082/3 3509/716/3
f 2822/4175/3 5142/2080/3 6317/2082/3
f 6318/2079/3 5141/2078/3 2821/4178/3
f 4187/303/3 6318/2079/3 5139/2074/3
f 217/4167/3 4329/2077/3 6318/2079/3
f 6319/2076/3 5140/2075/3 2455/4180/3
f 3403/2998/3 6319/2076/3 4549/2086/3
f 1646/4179/3 5139/2074/3 6319/2076/3
f 6320/2073/3 3767/2072/3 1072/3677/3
f 5140/2075/3 6320/2073/3 3765/749/3
f 2821/4178/3 5138/2071/3 6320/2073/3
f 6321/2070/3 5137/2069/3 2820/4181/3
f 4554/759/3 6321/2070/3 5135/2065/3
f 1073/3671/3 4552/2068/3 6321/2070/3
f 6322/2067/3 5136/2066/3 1270/4183/3
f 3770/2054/3 6322/2067/3 3969/3403/3
f 2460/4182/3 5135/2065/3 6322/2067/3
f 6323/2064/3 3187/2063/3 159/3921/3
f 5136/2066/3 6323/2064/3 3185/99/3
f 2820/4181/3 5134/2062/3 6323/2064/3
f 6324/2061/3 5133/2060/3 2819/4184/3
f 4078/747/3 6324/2061/3 5131/2056/3
f 750/3678/3 4553/2059/3 6324/2061/3
f 6325/2058/3 5132/2057/3 1734/4186/3
f 3294/2090/3 6325/2058/3 4221/1352/3
f 1447/4185/3 5131/2056/3 6325/2058/3
f 6326/2055/3 3770/2054/3 544/3518/3
f 5132/2057/3 6326/2055/3 3437/990/3
f 2819/4184/3 5130/2053/3 6326/2055/3
f 6327/2052/3 5129/2051/3 2818/4187/3
f 4330/177/3 6327/2052/3 5127/2047/3
f 344/4163/3 4328/2050/3 6327/2052/3
f 6328/2049/3 5128/2048/3 2459/4189/3
f 3546/3160/3 6328/2049/3 4553/2059/3
f 1912/4188/3 5127/2047/3 6328/2049/3
f 6329/2046/3 3771/2045/3 1073/3671/3
f 5128/2048/3 6329/2046/3 3769/758/3
f 2818/4187/3 5126/2044/3 6329/2046/3
f 6330/2043/2 5125/2042/2 2817/4190/2
f 4558/768/2 6330/2043/2 5123/2038/2
f 1074/3665/2 4556/2041/2 6330/2043/2
f 6331/2040/2 5124/2039/2 1442/4192/2
f 3774/2027/2 6331/2040/2 4073/3192/2
f 2464/4191/2 5123/2038/2 6331/2040/2
f 6332/2037/2 3291/2036/2 343/4193/2
f 5124/2039/2 6332/2037/2 3289/167/2
f 2817/4190/2 5122/2035/2 6332/2037/2
f 6333/2034/2 5121/2033/2 2816/4194/2
f 4046/960/2 6333/2034/2 5119/2029/2
f 718/3537/2 4557/2032/2 6333/2034/2
f 6334/2031/2 5120/2030/2 1907/4196/2
f 3262/1445/2 6334/2031/2 4325/1996/2
f 1415/4195/2 5119/2029/2 6334/2031/2
f 6335/2028/2 3774/2027/2 745/3657/2
f 5120/2030/2 6335/2028/2 3541/779/2
f 2816/4194/2 5118/2026/2 6335/2028/2
f 6336/2025/2 5117/2024/2 2815/4198/2
f 4298/108/2 6336/2025/2 5115/2020/2
f 160/3890/2 4296/2023/2 6336/2025/2
f 6337/2022/2 5116/2021/2 2463/4200/2
f 3514/3373/2 6337/2022/2 4557/2032/2
f 1880/4199/2 5115/2020/2 6337/2022/2
f 6338/2019/2 3775/2018/2 1074/3665/2
f 5116/2021/2 6338/2019/2 3773/767/2
f 2815/4198/2 5114/2017/2 6338/2019/2
f 6339/2016/2 5113/2015/2 2814/4201/2
f 4562/777/2 6339/2016/2 5111/2011/2
f 1075/3659/2 4560/2014/2 6339/2016/2
f 6340/2013/2 5112/2012/2 1283/4203/2
f 3778/2000/2 6340/2013/2 3982/2905/2
f 2468/4202/2 5111/2011/2 6340/2013/2
f 6341/2010/2 3290/2009/2 164/4204/2
f 5112/2012/2 6341/2010/2 3198/333/2
f 2814/4201/2 5110/2008/2 6341/2010/2
f 6342/2007/2 5109/2006/2 2813/4205/2
f 3974/809/2 6342/2007/2 5107/2002/2
f 549/3637/2 4561/2005/2 6342/2007/2
f 6343/2004/2 5108/2003/2 1747/4207/2
f 3190/1902/2 6343/2004/2 4234/2878/2
f 1275/4206/2 5107/2002/2 6343/2004/2
f 6344/2001/2 3778/2000/2 557/3835/2
f 5108/2003/2 6344/2001/2 3450/342/2
f 2813/4205/2 5106/1999/2 6344/2001/2
f 6345/1998/2 5105/1997/2 2812/4208/2
f 4226/157/2 6345/1998/2 5103/1993/2
f 332/4197/2 4325/1996/2 6345/1998/2
f 6346/1995/2 5104/1994/2 2467/4210/2
f 3442/3222/2 6346/1995/2 4561/2005/2
f 1739/4209/2 5103/1993/2 6346/1995/2
f 6347/1992/2 3779/1991/2 1075/3659/2
f 5104/1994/2 6347/1992/2 3777/776/2
f 2812/4208/2 5102/1990/2 6347/1992/2
f 6348/1989/2 5101/1988/2 2811/4211/2
f 4566/785/2 6348/1989/2 5099/1984/2
f 1076/3654/2 4564/1987/2 6348/1989/2
f 6349/1986/2 5100/1985/2 1142/4213/2
f 3782/1974/2 6349/1986/2 3910/3472/2
f 2472/4212/2 5099/1984/2 6349/1986/2
f 6350/1983/2 4258/1234/2 4/41/2
f 5100/1985/2 6350/1983/2 3126/1/2
f 2811/4211/2 5098/1982/2 6350/1983/2
f 6351/1981/2 5097/1980/2 2810/4214/2
f 4074/774/2 6351/1981/2 5095/1976/2
f 746/3660/2 4565/1979/2 6351/1981/2
f 6352/1978/2 5096/1977/2 1607/4216/2
f 3290/2009/2 6352/1978/2 4162/1108/2
f 1443/4215/2 5095/1976/2 6352/1978/2
f 6353/1975/2 3782/1974/2 388/3477/2
f 5096/1977/2 6353/1975/2 3378/1099/2
f 2810/4214/2 5094/1973/2 6353/1975/2
f 6354/1972/2 5093/1971/2 2809/4217/2
f 4326/168/2 6354/1972/2 5091/1967/2
f 343/4193/2 4324/1970/2 6354/1972/2
f 6355/1969/2 5092/1968/2 2471/4219/2
f 3542/3187/2 6355/1969/2 4565/1979/2
f 1908/4218/2 5091/1967/2 6355/1969/2
f 6356/1966/2 3783/1965/2 1076/3654/2
f 5092/1968/2 6356/1966/2 3781/784/2
f 2809/4217/2 5090/1964/2 6356/1966/2
f 6357/1963/2 5089/1962/2 2808/4220/2
f 4570/794/2 6357/1963/2 5087/1958/2
f 1077/3648/2 4568/1961/2 6357/1963/2
f 6358/1960/2 5088/1959/2 1438/4222/2
f 3786/1947/2 6358/1960/2 4069/3218/2
f 2476/4221/2 5087/1958/2 6358/1960/2
f 6359/1957/2 3287/1956/2 342/4223/2
f 5088/1959/2 6359/1957/2 3285/159/2
f 2808/4220/2 5086/1955/2 6359/1957/2
f 6360/1954/2 5085/1953/2 2807/4224/2
f 3400/4225/2 6360/1954/2 5083/1949/2
f 434/4227/2 4569/1952/2 6360/1954/2
f 6361/1951/2 5084/1950/2 1903/4228/2
f 4184/4229/2 6361/1951/2 4321/1916/2
f 1643/4226/2 5083/1949/2 6361/1951/2
f 6362/1948/2 3786/1947/2 741/3640/2
f 5084/1950/2 6362/1948/2 3537/805/2
f 2807/4224/2 5082/1946/2 6362/1948/2
f 6363/1945/2 5081/1944/2 2806/4231/2
f 3148/4232/2 6363/1945/2 5079/1940/2
f 77/4234/2 4297/1943/2 6363/1945/2
f 6364/1942/2 5080/1941/2 2475/4235/2
f 3932/4236/2 6364/1942/2 4569/1952/2
f 1178/4233/2 5079/1940/2 6364/1942/2
f 6365/1939/2 3787/1938/2 1077/3648/2
f 5080/1941/2 6365/1939/2 3785/793/2
f 2806/4231/2 5078/1937/2 6365/1939/2
f 6366/1936/2 5077/1935/2 2805/4237/2
f 4574/803/2 6366/1936/2 5075/1931/2
f 1078/3642/2 4572/1934/2 6366/1936/2
f 6367/1933/2 5076/1932/2 1317/4239/2
f 3790/1920/2 6367/1933/2 4002/3316/2
f 2480/4238/2 5075/1931/2 6367/1933/2
f 6368/1930/2 3286/1929/2 212/4240/2
f 5076/1932/2 6368/1930/2 3218/127/2
f 2805/4237/2 5074/1928/2 6368/1930/2
f 6369/1927/2 5073/1926/2 2804/4241/2
f 3472/4242/2 6369/1927/2 5071/1922/2
f 603/4244/2 4573/1925/2 6369/1927/2
f 6370/1924/2 5072/1923/2 1781/4245/2
f 4256/4246/2 6370/1924/2 4254/1620/2
f 1783/4243/2 5071/1922/2 6370/1924/2
f 6371/1921/2 3790/1920/2 601/3575/2
f 5072/1923/2 6371/1921/2 3470/903/2
f 2804/4241/2 5070/1919/2 6371/1921/2
f 6372/1918/2 5069/1917/2 2803/4248/2
f 3220/4249/2 6372/1918/2 5067/1913/2
f 214/4230/2 4321/1916/2 6372/1918/2
f 6373/1915/2 5068/1914/2 2479/4251/2
f 4004/4252/2 6373/1915/2 4573/1925/2
f 1319/4250/2 5067/1913/2 6373/1915/2
f 6374/1912/2 3791/1911/2 1078/3642/2
f 5068/1914/2 6374/1912/2 3789/802/2
f 2803/4248/2 5066/1910/2 6374/1912/2
f 6375/1909/2 5065/1908/2 2802/4253/2
f 4578/812/2 6375/1909/2 5063/1904/2
f 1079/3636/2 4576/1907/2 6375/1909/2
f 6376/1906/2 5064/1905/2 1176/4255/2
f 3794/1893/2 6376/1906/2 3930/3343/2
f 2484/4254/2 5063/1904/2 6376/1906/2
f 6377/1903/2 3190/1902/2 75/3849/2
f 5064/1905/2 6377/1903/2 3146/118/2
f 2802/4253/2 5062/1901/2 6377/1903/2
f 6378/1900/2 5061/1899/2 2801/4256/2
f 4070/800/2 6378/1900/2 5059/1895/2
f 742/3643/2 4577/1898/2 6378/1900/2
f 6379/1897/2 5060/1896/2 1641/4258/2
f 3286/1929/2 6379/1897/2 4182/1539/2
f 1439/4257/2 5059/1895/2 6379/1897/2
f 6380/1894/2 3794/1893/2 432/3557/2
f 5060/1896/2 6380/1894/2 3398/930/2
f 2801/4256/2 5058/1892/2 6380/1894/2
f 6381/1891/2 5057/1890/2 2800/4259/2
f 4322/160/2 6381/1891/2 5055/1886/2
f 342/4223/2 4320/1889/2 6381/1891/2
f 6382/1888/2 5056/1887/2 2483/4261/2
f 3538/3213/2 6382/1888/2 4577/1898/2
f 1904/4260/2 5055/1886/2 6382/1888/2
f 6383/1885/2 3795/1884/2 1079/3636/2
f 5056/1887/2 6383/1885/2 3793/811/2
f 2800/4259/2 5054/1883/2 6383/1885/2
f 6384/1882/2 5053/1881/2 2799/4262/2
f 4582/821/2 6384/1882/2 5051/1877/2
f 1080/3630/2 4580/1880/2 6384/1882/2
f 6385/1879/2 5052/1878/2 1434/4264/2
f 3798/1866/2 6385/1879/2 4065/3245/2
f 2488/4263/2 5051/1877/2 6385/1879/2
f 6386/1876/2 3283/1875/2 341/4265/2
f 5052/1878/2 6386/1876/2 3281/150/2
f 2799/4262/2 5050/1874/2 6386/1876/2
f 6387/1873/2 5049/1872/2 2798/4266/2
f 3380/4267/2 6387/1873/2 5047/1868/2
f 390/4269/2 4581/1871/2 6387/1873/2
f 6388/1870/2 5048/1869/2 1899/4270/2
f 4164/4271/2 6388/1870/2 4317/1835/2
f 1609/4268/2 5047/1868/2 6388/1870/2
f 6389/1867/2 3798/1866/2 737/3622/2
f 5048/1869/2 6389/1867/2 3533/832/2
f 2798/4266/2 5046/1865/2 6389/1867/2
f 6390/1864/2 5045/1863/2 2797/4273/2
f 3128/4274/2 6390/1864/2 5043/1859/2
f 7/3998/2 4257/1862/2 6390/1864/2
f 6391/1861/2 5044/1860/2 2487/4276/2
f 3912/4277/2 6391/1861/2 4581/1871/2
f 1144/4275/2 5043/1859/2 6391/1861/2
f 6392/1858/2 3799/1857/2 1080/3630/2
f 5044/1860/2 6392/1858/2 3797/820/2
f 2797/4273/2 5042/1856/2 6392/1858/2
f 6393/1855/2 5041/1854/2 2796/4278/2
f 4586/830/2 6393/1855/2 5039/1850/2
f 1081/3624/2 4584/1853/2 6393/1855/2
f 6394/1852/2 5040/1851/2 1414/4280/2
f 3802/1839/2 6394/1852/2 4045/3209/2
f 2492/4279/2 5039/1850/2 6394/1852/2
f 6395/1849/2 3282/1848/2 331/4281/2
f 5040/1851/2 6395/1849/2 3261/162/2
f 2796/4278/2 5038/1847/2 6395/1849/2
f 6396/1846/2 5037/1845/2 2795/4282/2
f 3452/4283/2 6396/1846/2 5035/1841/2
f 559/4285/2 4585/1844/2 6396/1846/2
f 6397/1843/2 5036/1842/2 1879/4286/2
f 4236/4287/2 6397/1843/2 4297/1943/2
f 1749/4284/2 5035/1841/2 6397/1843/2
f 6398/1840/2 3802/1839/2 717/3646/2
f 5036/1842/2 6398/1840/2 3513/796/2
f 2795/4282/2 5034/1838/2 6398/1840/2
f 6399/1837/2 5033/1836/2 2794/4288/2
f 3200/4289/2 6399/1837/2 5031/1832/2
f 166/4272/2 4317/1835/2 6399/1837/2
f 6400/1834/2 5032/1833/2 2491/4291/2
f 3984/4292/2 6400/1834/2 4585/1844/2
f 1285/4290/2 5031/1832/2 6400/1834/2
f 6401/1831/2 3803/1830/2 1081/3624/2
f 5032/1833/2 6401/1831/2 3801/829/2
f 2794/4288/2 5030/1829/2 6401/1831/2
f 6402/1828/2 5029/1827/2 2793/4293/2
f 4590/839/2 6402/1828/2 5027/1823/2
f 1082/3618/2 4588/1826/2 6402/1828/2
f 6403/1825/2 5028/1824/2 1274/4295/2
f 3806/1812/2 6403/1825/2 3973/3378/2
f 2496/4294/2 5027/1823/2 6403/1825/2
f 6404/1822/2 3191/1821/2 160/3890/2
f 5028/1824/2 6404/1822/2 3189/107/2
f 2793/4293/2 5026/1820/2 6404/1822/2
f 6405/1819/2 5025/1818/2 2792/4296/2
f 4066/827/2 6405/1819/2 5023/1814/2
f 738/3625/2 4589/1817/2 6405/1819/2
f 6406/1816/2 5024/1815/2 1738/4298/2
f 3282/1848/2 6406/1816/2 4225/1432/2
f 1435/4297/2 5023/1814/2 6406/1816/2
f 6407/1813/2 3806/1812/2 548/3534/2
f 5024/1815/2 6407/1813/2 3441/965/2
f 2792/4296/2 5022/1811/2 6407/1813/2
f 6408/1810/2 5021/1809/2 2791/4299/2
f 4318/151/2 6408/1810/2 5019/1805/2
f 341/4265/2 4316/1808/2 6408/1810/2
f 6409/1807/2 5020/1806/2 2495/4301/2
f 3534/3240/2 6409/1807/2 4589/1817/2
f 1900/4300/2 5019/1805/2 6409/1807/2
f 6410/1804/2 3807/1803/2 1082/3618/2
f 5020/1806/2 6410/1804/2 3805/838/2
f 2791/4299/2 5018/1802/2 6410/1804/2
f 6411/1801/1 5017/1800/1 2790/4302/1
f 4594/848/1 6411/1801/1 5015/1796/1
f 1083/3612/1 4592/1799/1 6411/1801/1
f 6412/1798/1 5016/1797/1 1430/4304/1
f 3810/1785/1 6412/1798/1 4061/3272/1
f 2500/4303/1 5015/1796/1 6412/1798/1
f 6413/1795/1 3279/1794/1 340/4305/1
f 5016/1797/1 6413/1795/1 3277/141/1
f 2790/4302/1 5014/1793/1 6413/1795/1
f 6414/1792/1 5013/1791/1 2789/4306/1
f 4050/934/1 6414/1792/1 5011/1787/1
f 722/3554/1 4593/1790/1 6414/1792/1
f 6415/1789/1 5012/1788/1 1895/4308/1
f 3266/1525/1 6415/1789/1 4313/1754/1
f 1419/4307/1 5011/1787/1 6415/1789/1
f 6416/1786/1 3810/1785/1 733/3604/1
f 5012/1788/1 6416/1786/1 3529/859/1
f 2789/4306/1 5010/1784/1 6416/1786/1
f 6417/1783/1 5009/1782/1 2788/4310/1
f 4302/116/1 6417/1783/1 5007/1778/1
f 161/3858/1 4300/1781/1 6417/1783/1
f 6418/1780/1 5008/1779/1 2499/4312/1
f 3518/3347/1 6418/1780/1 4593/1790/1
f 1884/4311/1 5007/1778/1 6418/1780/1
f 6419/1777/1 3811/1776/1 1083/3612/1
f 5008/1779/1 6419/1777/1 3809/847/1
f 2788/4310/1 5006/1775/1 6419/1777/1
f 6420/1774/1 5005/1773/1 2787/4313/1
f 4598/857/1 6420/1774/1 5003/1769/1
f 1084/3606/1 4596/1772/1 6420/1774/1
f 6421/1771/1 5004/1770/1 1281/199/1
f 3814/1758/1 6421/1771/1 3980/311/1
f 2504/4314/1 5003/1769/1 6421/1771/1
f 6422/1768/1 3278/1767/1 162/30/1
f 5004/1770/1 6422/1768/1 3196/200/1
f 2787/4313/1 5002/1766/1 6422/1768/1
f 6423/1765/1 5001/1764/1 2786/4315/1
f 3978/889/1 6423/1765/1 4999/1760/1
f 553/3584/1 4597/1763/1 6423/1765/1
f 6424/1762/1 5000/1761/1 1745/418/1
f 3194/1660/1 6424/1762/1 4232/419/1
f 1279/4316/1 4999/1760/1 6424/1762/1
f 6425/1759/1 3814/1758/1 555/29/1
f 5000/1761/1 6425/1759/1 3448/683/1
f 2786/4315/1 4998/1757/1 6425/1759/1
f 6426/1756/1 4997/1755/1 2785/4317/1
f 4230/131/1 6426/1756/1 4995/1751/1
f 336/4309/1 4313/1754/1 6426/1756/1
f 6427/1753/1 4996/1752/1 2503/4319/1
f 3446/3302/1 6427/1753/1 4597/1763/1
f 1743/4318/1 4995/1751/1 6427/1753/1
f 6428/1750/1 3815/1749/1 1084/3606/1
f 4996/1752/1 6428/1750/1 3813/856/1
f 2785/4317/1 4994/1748/1 6428/1750/1
f 6429/1747/1 4993/1746/1 2784/4320/1
f 4602/865/1 6429/1747/1 4991/1742/1
f 1085/3601/1 4600/1745/1 6429/1747/1
f 6430/1744/1 4992/1743/1 1140/96/1
f 3818/1732/1 6430/1744/1 3908/11/1
f 2508/4321/1 4991/1742/1 6430/1744/1
f 6431/1741/1 4255/1235/1 2/22/1
f 4992/1743/1 6431/1741/1 3124/201/1
f 2784/4320/1 4990/1740/1 6431/1741/1
f 6432/1739/1 4989/1738/1 2783/4322/1
f 4062/854/1 6432/1739/1 4987/1734/1
f 734/3607/1 4601/1737/1 6432/1739/1
f 6433/1736/1 4988/1735/1 1605/417/1
f 3278/1767/1 6433/1736/1 4160/1077/1
f 1431/4323/1 4987/1734/1 6433/1736/1
f 6434/1733/1 3818/1732/1 386/10/1
f 4988/1735/1 6434/1733/1 3376/682/1
f 2783/4322/1 4986/1731/1 6434/1733/1
f 6435/1730/1 4985/1729/1 2782/4324/1
f 4314/142/1 6435/1730/1 4983/1725/1
f 340/4305/1 4312/1728/1 6435/1730/1
f 6436/1727/1 4984/1726/1 2507/4326/1
f 3530/3267/1 6436/1727/1 4601/1737/1
f 1896/4325/1 4983/1725/1 6436/1727/1
f 6437/1724/1 3819/1723/1 1085/3601/1
f 4984/1726/1 6437/1724/1 3817/864/1
f 2782/4324/1 4982/1722/1 6437/1724/1
f 6438/1721/1 4981/1720/1 2781/4327/1
f 4606/874/1 6438/1721/1 4979/1716/1
f 1086/3595/1 4604/1719/1 6438/1721/1
f 6439/1718/1 4980/1717/1 1426/4329/1
f 3822/1705/1 6439/1718/1 4057/3298/1
f 2512/4328/1 4979/1716/1 6439/1718/1
f 6440/1715/1 3275/1714/1 339/4330/1
f 4980/1717/1 6440/1715/1 3273/133/1
f 2781/4327/1 4978/1713/1 6440/1715/1
f 6441/1712/1 4977/1711/1 2780/4331/1
f 3397/4332/1 6441/1712/1 4975/1707/1
f 431/4334/1 4605/1710/1 6441/1712/1
f 6442/1709/1 4976/1708/1 1891/4335/1
f 4181/4336/1 6442/1709/1 4309/1674/1
f 1640/4333/1 4975/1707/1 6442/1709/1
f 6443/1706/1 3822/1705/1 729/3587/1
f 4976/1708/1 6443/1706/1 3525/885/1
f 2780/4331/1 4974/1704/1 6443/1706/1
f 6444/1703/1 4973/1702/1 2779/4338/1
f 3145/4339/1 6444/1703/1 4971/1698/1
f 74/4341/1 4301/1701/1 6444/1703/1
f 6445/1700/1 4972/1699/1 2511/4342/1
f 3929/4343/1 6445/1700/1 4605/1710/1
f 1175/4340/1 4971/1698/1 6445/1700/1
f 6446/1697/1 3823/1696/1 1086/3595/1
f 4972/1699/1 6446/1697/1 3821/873/1
f 2779/4338/1 4970/1695/1 6446/1697/1
f 6447/1694/1 4969/1693/1 2778/4344/1
f 4610/883/1 6447/1694/1 4967/1689/1
f 1087/3589/1 4608/1692/1 6447/1694/1
f 6448/1691/1 4968/1690/1 1315/202/1
f 3826/1678/1 6448/1691/1 4000/2285/1
f 2516/4345/1 4967/1689/1 6448/1691/1
f 6449/1688/1 3274/1687/1 210/203/1
f 4968/1690/1 6449/1688/1 3216/204/1
f 2778/4344/1 4966/1686/1 6449/1688/1
f 6450/1685/1 4965/1684/1 2777/4346/1
f 3469/4347/1 6450/1685/1 4963/1680/1
f 600/4349/1 4609/1683/1 6450/1685/1
f 6451/1682/1 4964/1681/1 1779/679/1
f 4253/4350/1 6451/1682/1 4252/2286/1
f 1780/4348/1 4963/1680/1 6451/1682/1
f 6452/1679/1 3826/1678/1 599/235/1
f 4964/1681/1 6452/1679/1 3468/681/1
f 2777/4346/1 4962/1677/1 6452/1679/1
f 6453/1676/1 4961/1675/1 2776/4351/1
f 3217/4352/1 6453/1676/1 4959/1671/1
f 211/4337/1 4309/1674/1 6453/1676/1
f 6454/1673/1 4960/1672/1 2515/4354/1
f 4001/4355/1 6454/1673/1 4609/1683/1
f 1316/4353/1 4959/1671/1 6454/1673/1
f 6455/1670/1 3827/1669/1 1087/3589/1
f 4960/1672/1 6455/1670/1 3825/882/1
f 2776/4351/1 4958/1668/1 6455/1670/1
f 6456/1667/1 4957/1666/1 2775/4356/1
f 4614/892/1 6456/1667/1 4955/1662/1
f 1088/3583/1 4612/1665/1 6456/1667/1
f 6457/1664/1 4956/1663/1 1174/95/1
f 3830/1651/1 6457/1664/1 3928/1318/1
f 2520/4357/1 4955/1662/1 6457/1664/1
f 6458/1661/1 3194/1660/1 73/77/1
f 4956/1663/1 6458/1661/1 3144/205/1
f 2775/4356/1 4954/1659/1 6458/1661/1
f 6459/1658/1 4953/1657/1 2774/4358/1
f 4058/880/1 6459/1658/1 4951/1653/1
f 730/3590/1 4613/1656/1 6459/1658/1
f 6460/1655/1 4952/1654/1 1639/678/1
f 3274/1687/1 6460/1655/1 4180/1319/1
f 1427/4359/1 4951/1653/1 6460/1655/1
f 6461/1652/1 3830/1651/1 430/78/1
f 4952/1654/1 6461/1652/1 3396/680/1
f 2774/4358/1 4950/1650/1 6461/1652/1
f 6462/1649/1 4949/1648/1 2773/4360/1
f 4310/134/1 6462/1649/1 4947/1644/1
f 339/4330/1 4308/1647/1 6462/1649/1
f 6463/1646/1 4948/1645/1 2519/4362/1
f 3526/3293/1 6463/1646/1 4613/1656/1
f 1892/4361/1 4947/1644/1 6463/1646/1
f 6464/1643/1 3831/1642/1 1088/3583/1
f 4948/1645/1 6464/1643/1 3829/891/1
f 2773/4360/1 4946/1641/1 6464/1643/1
f 6465/1640/1 4945/1639/1 2772/4363/1
f 4618/901/1 6465/1640/1 4943/1635/1
f 1089/3577/1 4616/1638/1 6465/1640/1
f 6466/1637/1 4944/1636/1 1422/4365/1
f 3834/1624/1 6466/1637/1 4053/3325/1
f 2524/4364/1 4943/1635/1 6466/1637/1
f 6467/1634/1 3271/1633/1 338/4366/1
f 4944/1636/1 6467/1634/1 3269/124/1
f 2772/4363/1 4942/1632/1 6467/1634/1
f 6468/1631/1 4941/1630/1 2771/4367/1
f 3377/4368/1 6468/1631/1 4939/1626/1
f 387/4370/1 4617/1629/1 6468/1631/1
f 6469/1628/1 4940/1627/1 1887/4371/1
f 4161/4372/1 6469/1628/1 4305/1593/1
f 1606/4369/1 4939/1626/1 6469/1628/1
f 6470/1625/1 3834/1624/1 725/3569/1
f 4940/1627/1 6470/1625/1 3521/912/1
f 2771/4367/1 4938/1623/1 6470/1625/1
f 6471/1622/1 4937/1621/1 2770/4374/1
f 3125/4375/1 6471/1622/1 4935/1617/1
f 3/4247/1 4254/1620/1 6471/1622/1
f 6472/1619/1 4936/1618/1 2523/4377/1
f 3909/4378/1 6472/1619/1 4617/1629/1
f 1141/4376/1 4935/1617/1 6472/1619/1
f 6473/1616/1 3835/1615/1 1089/3577/1
f 4936/1618/1 6473/1616/1 3833/900/1
f 2770/4374/1 4934/1614/1 6473/1616/1
f 6474/1613/1 4933/1612/1 2769/4379/1
f 4622/910/1 6474/1613/1 4931/1608/1
f 1090/3571/1 4620/1611/1 6474/1613/1
f 6475/1610/1 4932/1609/1 1418/4381/1
f 3838/1597/1 6475/1610/1 4049/3289/1
f 2528/4380/1 4931/1608/1 6475/1610/1
f 6476/1607/1 3270/1606/1 335/4382/1
f 4932/1609/1 6476/1607/1 3265/136/1
f 2769/4379/1 4930/1605/1 6476/1607/1
f 6477/1604/1 4929/1603/1 2768/4383/1
f 3449/4384/1 6477/1604/1 4927/1599/1
f 556/4386/1 4621/1602/1 6477/1604/1
f 6478/1601/1 4928/1600/1 1883/4387/1
f 4233/4388/1 6478/1601/1 4301/1701/1
f 1746/4385/1 4927/1599/1 6478/1601/1
f 6479/1598/1 3838/1597/1 721/3593/1
f 4928/1600/1 6479/1598/1 3517/876/1
f 2768/4383/1 4926/1596/1 6479/1598/1
f 6480/1595/1 4925/1594/1 2767/4389/1
f 3197/4390/1 6480/1595/1 4923/1590/1
f 163/4373/1 4305/1593/1 6480/1595/1
f 6481/1592/1 4924/1591/1 2527/4392/1
f 3981/4393/1 6481/1592/1 4621/1602/1
f 1282/4391/1 4923/1590/1 6481/1592/1
f 6482/1589/1 3839/1588/1 1090/3571/1
f 4924/1591/1 6482/1589/1 3837/909/1
f 2767/4389/1 4922/1587/1 6482/1589/1
f 6483/1586/1 4921/1585/1 2766/4394/1
f 4626/919/1 6483/1586/1 4919/1581/1
f 1091/3565/1 4624/1584/1 6483/1586/1
f 6484/1583/1 4920/1582/1 1278/4396/1
f 3842/1570/1 6484/1583/1 3977/3352/1
f 2532/4395/1 4919/1581/1 6484/1583/1
f 6485/1580/1 3195/1579/1 161/3858/1
f 4920/1582/1 6485/1580/1 3193/115/1
f 2766/4394/1 4918/1578/1 6485/1580/1
f 6486/1577/1 4917/1576/1 2765/4397/1
f 4054/907/1 6486/1577/1 4915/1572/1
f 726/3572/1 4625/1575/1 6486/1577/1
f 6487/1574/1 4916/1573/1 1742/4399/1
f 3270/1606/1 6487/1574/1 4229/1512/1
f 1423/4398/1 4915/1572/1 6487/1574/1
f 6488/1571/1 3842/1570/1 552/3551/1
f 4916/1573/1 6488/1571/1 3445/939/1
f 2765/4397/1 4914/1569/1 6488/1571/1
f 6489/1568/1 4913/1567/1 2764/4400/1
f 4306/125/1 6489/1568/1 4911/1563/1
f 338/4366/1 4304/1566/1 6489/1568/1
f 6490/1565/1 4912/1564/1 2531/4402/1
f 3522/3320/1 6490/1565/1 4625/1575/1
f 1888/4401/1 4911/1563/1 6490/1565/1
f 6491/1562/1 3843/1561/1 1091/3565/1
f 4912/1564/1 6491/1562/1 3841/918/1
f 2764/4400/1 4910/1560/1 6491/1562/1
f 6492/1559/1 4909/1558/1 2763/4403/1
f 4630/928/1 6492/1559/1 4907/1554/1
f 1092/3559/1 4628/1557/1 6492/1559/1
f 6493/1556/1 4908/1555/1 1421/4405/1
f 3846/1543/1 6493/1556/1 4052/3334/1
f 2536/4404/1 4907/1554/1 6493/1556/1
f 6494/1553/1 3267/1552/1 337/3846/1
f 4908/1555/1 6494/1553/1 3268/121/1
f 2763/4403/1 4906/1551/1 6494/1553/1
f 6495/1550/1 4905/1549/1 2762/4406/1
f 4055/898/1 6495/1550/1 4903/1545/1
f 727/3578/1 4629/1548/1 6495/1550/1
f 6496/1547/1 4904/1546/1 1886/4408/1
f 3271/1633/1 6496/1547/1 4304/1566/1
f 1424/4407/1 4903/1545/1 6496/1547/1
f 6497/1544/1 3846/1543/1 724/3563/1
f 4904/1546/1 6497/1544/1 3520/921/1
f 2762/4406/1 4902/1542/1 6497/1544/1
f 6498/1541/1 4901/1540/1 2761/4409/1
f 4307/128/1 6498/1541/1 4899/1536/1
f 212/4240/1 4182/1539/1 6498/1541/1
f 6499/1538/1 4900/1537/1 2535/4411/1
f 3523/3311/1 6499/1538/1 4629/1548/1
f 1889/4410/1 4899/1536/1 6499/1538/1
f 6500/1535/1 3847/1534/1 1092/3559/1
f 4900/1537/1 6500/1535/1 3845/927/1
f 2761/4409/1 4898/1533/1 6500/1535/1
f 6501/1532/1 4897/1531/1 2760/4412/1
f 4634/937/1 6501/1532/1 4895/1527/1
f 1093/3553/1 4632/1530/1 6501/1532/1
f 6502/1529/1 4896/1528/1 1425/4414/1
f 3850/1516/1 6502/1529/1 4056/3307/1
f 2540/4413/1 4895/1527/1 6502/1529/1
f 6503/1526/1 3266/1525/1 336/4309/1
f 4896/1528/1 6503/1526/1 3272/130/1
f 2760/4412/1 4894/1524/1 6503/1526/1
f 6504/1523/1 4893/1522/1 2759/4415/1
f 4059/871/1 6504/1523/1 4891/1518/1
f 731/3596/1 4633/1521/1 6504/1523/1
f 6505/1520/1 4892/1519/1 1890/4417/1
f 3275/1714/1 6505/1520/1 4308/1647/1
f 1428/4416/1 4891/1518/1 6505/1520/1
f 6506/1517/1 3850/1516/1 728/3581/1
f 4892/1519/1 6506/1517/1 3524/894/1
f 2759/4415/1 4890/1515/1 6506/1517/1
f 6507/1514/1 4889/1513/1 2758/4418/1
f 4311/137/1 6507/1514/1 4887/1509/1
f 335/4382/1 4229/1512/1 6507/1514/1
f 6508/1511/1 4888/1510/1 2539/4420/1
f 3527/3284/1 6508/1511/1 4633/1521/1
f 1893/4419/1 4887/1509/1 6508/1511/1
f 6509/1508/1 3851/1507/1 1093/3553/1
f 4888/1510/1 6509/1508/1 3849/936/1
f 2758/4418/1 4886/1506/1 6509/1508/1
f 6510/1505/1 4885/1504/1 2757/4421/1
f 4638/945/1 6510/1505/1 4883/1500/1
f 1094/3548/1 4636/1503/1 6510/1505/1
f 6511/1502/1 4884/1501/1 1429/4423/1
f 3854/1490/1 6511/1502/1 4060/3280/1
f 2544/4422/1 4883/1500/1 6511/1502/1
f 6512/1499/1 4183/1231/1 213/74/1
f 4884/1501/1 6512/1499/1 3276/139/1
f 2757/4421/1 4882/1498/1 6512/1499/1
f 6513/1497/1 4881/1496/1 2756/4424/1
f 4063/845/1 6513/1497/1 4879/1492/1
f 735/3613/1 4637/1495/1 6513/1497/1
f 6514/1494/1 4880/1493/1 1894/4426/1
f 3279/1794/1 6514/1494/1 4312/1728/1
f 1432/4425/1 4879/1492/1 6514/1494/1
f 6515/1491/1 3854/1490/1 732/3599/1
f 4880/1493/1 6515/1491/1 3528/867/1
f 2756/4424/1 4878/1489/1 6515/1491/1
f 6516/1488/1 4877/1487/1 2755/4427/1
f 4315/145/1 6516/1488/1 4875/1483/1
f 334/3854/1 4228/1486/1 6516/1488/1
f 6517/1485/1 4876/1484/1 2543/4429/1
f 3531/3258/1 6517/1485/1 4637/1495/1
f 1897/4428/1 4875/1483/1 6517/1485/1
f 6518/1482/1 3855/1481/1 1094/3548/1
f 4876/1484/1 6518/1482/1 3853/944/1
f 2755/4427/1 4874/1480/1 6518/1482/1
f 6519/1479/2 4873/1478/2 2754/4430/2
f 4642/954/2 6519/1479/2 4871/1474/2
f 1095/3542/2 4640/1477/2 6519/1479/2
f 6520/1476/2 4872/1475/2 1433/4432/2
f 3858/1463/2 6520/1476/2 4064/3254/2
f 2548/4431/2 4871/1474/2 6520/1476/2
f 6521/1473/2 3263/1472/2 333/3878/2
f 4872/1475/2 6521/1473/2 3280/147/2
f 2754/4430/2 4870/1471/2 6521/1473/2
f 6522/1470/2 4869/1469/2 2753/4433/2
f 4067/818/2 6522/1470/2 4867/1465/2
f 739/3631/2 4641/1468/2 6522/1470/2
f 6523/1467/2 4868/1466/2 1898/4435/2
f 3283/1875/2 6523/1467/2 4316/1808/2
f 1436/4434/2 4867/1465/2 6523/1467/2
f 6524/1464/2 3858/1463/2 736/3616/2
f 4868/1466/2 6524/1464/2 3532/841/2
f 2753/4433/2 4866/1462/2 6524/1464/2
f 6525/1461/2 4865/1460/2 2752/4436/2
f 4319/154/2 6525/1461/2 4863/1456/2
f 215/4144/2 4185/1459/2 6525/1461/2
f 6526/1458/2 4864/1457/2 2547/4438/2
f 3535/3231/2 6526/1458/2 4641/1468/2
f 1901/4437/2 4863/1456/2 6526/1458/2
f 6527/1455/2 3859/1454/2 1095/3542/2
f 4864/1457/2 6527/1455/2 3857/953/2
f 2752/4436/2 4862/1453/2 6527/1455/2
f 6528/1452/2 4861/1451/2 2751/4439/2
f 4646/963/2 6528/1452/2 4859/1447/2
f 1096/3536/2 4644/1450/2 6528/1452/2
f 6529/1449/2 4860/1448/2 1437/4441/2
f 3862/1436/2 6529/1449/2 4068/3227/2
f 2552/4440/2 4859/1447/2 6529/1449/2
f 6530/1446/2 3262/1445/2 332/4197/2
f 4860/1448/2 6530/1446/2 3284/156/2
f 2751/4439/2 4858/1444/2 6530/1446/2
f 6531/1443/2 4857/1442/2 2750/4442/2
f 4071/791/2 6531/1443/2 4855/1438/2
f 743/3649/2 4645/1441/2 6531/1443/2
f 6532/1440/2 4856/1439/2 1902/4444/2
f 3287/1956/2 6532/1440/2 4320/1889/2
f 1440/4443/2 4855/1438/2 6532/1440/2
f 6533/1437/2 3862/1436/2 740/3634/2
f 4856/1439/2 6533/1437/2 3536/814/2
f 2750/4442/2 4854/1435/2 6533/1437/2
f 6534/1434/2 4853/1433/2 2749/4445/2
f 4323/163/2 6534/1434/2 4851/1429/2
f 331/4281/2 4225/1432/2 6534/1434/2
f 6535/1431/2 4852/1430/2 2551/4447/2
f 3539/3204/2 6535/1431/2 4645/1441/2
f 1905/4446/2 4851/1429/2 6535/1431/2
f 6536/1428/2 3863/1427/2 1096/3536/2
f 4852/1430/2 6536/1428/2 3861/962/2
f 2749/4445/2 4850/1426/2 6536/1428/2
f 6537/1425/2 4849/1424/2 2748/4448/2
f 4650/971/2 6537/1425/2 4847/1420/2
f 1097/3531/2 4648/1423/2 6537/1425/2
f 6538/1422/2 4848/1421/2 1441/4450/2
f 3866/1410/2 6538/1422/2 4072/3200/2
f 2556/4449/2 4847/1420/2 6538/1422/2
f 6539/1419/2 4186/1233/2 216/70/2
f 4848/1421/2 6539/1419/2 3288/165/2
f 2748/4448/2 4846/1418/2 6539/1419/2
f 6540/1417/2 4845/1416/2 2747/4451/2
f 4075/765/2 6540/1417/2 4843/1412/2
f 747/3666/2 4649/1415/2 6540/1417/2
f 6541/1414/2 4844/1413/2 1906/4453/2
f 3291/2036/2 6541/1414/2 4324/1970/2
f 1444/4452/2 4843/1412/2 6541/1414/2
f 6542/1411/2 3866/1410/2 744/3652/2
f 4844/1413/2 6542/1411/2 3540/787/2
f 2747/4451/2 4842/1409/2 6542/1411/2
f 6543/1408/2 4841/1407/2 2746/4454/2
f 4327/171/2 6543/1408/2 4839/1403/2
f 330/3886/2 4224/1406/2 6543/1408/2
f 6544/1405/2 4840/1404/2 2555/4456/2
f 3543/3178/2 6544/1405/2 4649/1415/2
f 1909/4455/2 4839/1403/2 6544/1405/2
f 6545/1402/2 3867/1401/2 1097/3531/2
f 4840/1404/2 6545/1402/2 3865/970/2
f 2746/4454/2 4838/1400/2 6545/1402/2
f 6546/1399/3 4837/1398/3 2745/4457/3
f 4654/980/3 6546/1399/3 4835/1394/3
f 1098/3525/3 4652/1397/3 6546/1399/3
f 6547/1396/3 4836/1395/3 1445/4459/3
f 3870/1383/3 6547/1396/3 4076/3174/3
f 2560/4458/3 4835/1394/3 6547/1396/3
f 6548/1393/3 3259/1392/3 329/3910/3
f 4836/1395/3 6548/1393/3 3292/173/3
f 2745/4457/3 4834/1391/3 6548/1393/3
f 6549/1390/3 4833/1389/3 2744/4460/3
f 4079/738/3 6549/1390/3 4831/1385/3
f 751/3683/3 4653/1388/3 6549/1390/3
f 6550/1387/3 4832/1386/3 1910/4462/3
f 3295/2116/3 6550/1387/3 4328/2050/3
f 1448/4461/3 4831/1385/3 6550/1387/3
f 6551/1384/3 3870/1383/3 748/3669/3
f 4832/1386/3 6551/1384/3 3544/761/3
f 2744/4460/3 4830/1382/3 6551/1384/3
f 6552/1381/3 4829/1380/3 2743/4463/3
f 4331/180/3 6552/1381/3 4827/1376/3
f 218/236/3 4188/1379/3 6552/1381/3
f 6553/1378/3 4828/1377/3 2559/4465/3
f 3547/3152/3 6553/1378/3 4653/1388/3
f 1913/4464/3 4827/1376/3 6553/1378/3
f 6554/1375/3 3871/1374/3 1098/3525/3
f 4828/1377/3 6554/1375/3 3869/979/3
f 2743/4463/3 4826/1373/3 6554/1375/3
f 6555/1372/3 4825/1371/3 2742/4466/3
f 4658/988/3 6555/1372/3 4823/1367/3
f 1099/3520/3 4656/1370/3 6555/1372/3
f 6556/1369/3 4824/1368/3 1449/4468/3
f 3874/1356/3 6556/1369/3 4080/3148/3
f 2564/4467/3 4823/1367/3 6556/1369/3
f 6557/1366/3 3258/1365/3 328/4107/3
f 4824/1368/3 6557/1366/3 3296/182/3
f 2742/4466/3 4822/1364/3 6557/1366/3
f 6558/1363/3 4821/1362/3 2741/4469/3
f 4083/711/3 6558/1363/3 4819/1358/3
f 755/3701/3 4657/1361/3 6558/1363/3
f 6559/1360/3 4820/1359/3 1914/4471/3
f 3299/2197/3 6559/1360/3 4332/2130/3
f 1452/4470/3 4819/1358/3 6559/1360/3
f 6560/1357/3 3874/1356/3 752/3686/3
f 4820/1359/3 6560/1357/3 3548/734/3
f 2741/4469/3 4818/1355/3 6560/1357/3
f 6561/1354/3 4817/1353/3 2740/4472/3
f 4335/189/3 6561/1354/3 4815/1349/3
f 327/4174/3 4221/1352/3 6561/1354/3
f 6562/1351/3 4816/1350/3 2563/4474/3
f 3551/3125/3 6562/1351/3 4657/1361/3
f 1917/4473/3 4815/1349/3 6562/1351/3
f 6563/1348/3 3875/1347/3 1099/3520/3
f 4816/1350/3 6563/1348/3 3873/987/3
f 2740/4472/3 4814/1346/3 6563/1348/3
f 6564/1345/3 4813/1344/3 2739/4475/3
f 4662/996/3 6564/1345/3 4811/1340/3
f 1100/3515/3 4660/1343/3 6564/1345/3
f 6565/1342/3 4812/1341/3 1453/4477/3
f 3878/1330/3 6565/1342/3 4084/3121/3
f 2568/4476/3 4811/1340/3 6565/1342/3
f 6566/1339/3 3205/1232/3 171/85/3
f 4812/1341/3 6566/1339/3 3300/191/3
f 2739/4475/3 4810/1338/3 6566/1339/3
f 6567/1337/3 4809/1336/3 2738/4478/3
f 4087/685/3 6567/1337/3 4807/1332/3
f 759/3718/3 4661/1335/3 6567/1337/3
f 6568/1334/3 4808/1333/3 1918/4480/3
f 3303/2277/3 6568/1334/3 4336/2211/3
f 1456/4479/3 4807/1332/3 6568/1334/3
f 6569/1331/3 3878/1330/3 756/3704/3
f 4808/1333/3 6569/1331/3 3552/707/3
f 2738/4478/3 4806/1329/3 6569/1331/3
f 6570/1328/3 4805/1327/3 2737/4481/3
f 4339/197/3 6570/1328/3 4803/1323/3
f 326/3917/3 4220/1326/3 6570/1328/3
f 6571/1325/3 4804/1324/3 2567/4483/3
f 3555/3099/3 6571/1325/3 4661/1335/3
f 1921/4482/3 4803/1323/3 6571/1325/3
f 6572/1322/3 3879/1321/3 1100/3515/3
f 4804/1324/3 6572/1322/3 3877/995/3
f 2737/4481/3 4802/1320/3 6572/1322/3
f 1460/417/44 4089/682/40 4801/682/61
f 347/30/45 3305/1077/39 4800/1077/61
f 1925/96/44 4341/201/40 4799/201/61
f 763/10/44 3557/11/9 4798/11/61
f 2576/678/76 2574/78/86 4796/680/92
f 764/203/87 348/203/33 2576/678/76
f 348/203/33 3307/1319/76 2576/678/76
f 1462/678/76 2575/78/63 4794/680/91
f 1927/95/33 4343/205/46 4793/205/76
f 767/78/33 3559/1318/55 4792/1318/76
f 6573/1317/7 4790/1316/7 2731/4484/7
f 4666/1005/7 6573/1317/7 4788/1312/7
f 1104/3509/7 4664/1315/7 6573/1317/7
f 6574/1314/7 4789/1313/7 1465/4486/7
f 3882/1301/7 6574/1314/7 4092/3095/7
f 2584/4485/7 4788/1312/7 6574/1314/7
f 6575/1311/7 3255/1310/7 321/3941/7
f 4789/1313/7 6575/1311/7 3308/206/7
f 2731/4484/7 4787/1309/7 6575/1311/7
f 6576/1308/7 4786/1307/7 2730/4487/7
f 4095/652/7 6576/1308/7 4784/1303/7
f 775/3735/7 4665/1306/7 6576/1308/7
f 6577/1305/7 4785/1304/7 1930/4489/7
f 3311/2360/7 6577/1305/7 4344/2293/7
f 1468/4488/7 4784/1303/7 6577/1305/7
f 6578/1302/7 3882/1301/7 772/3721/7
f 4785/1304/7 6578/1302/7 3560/675/7
f 2730/4487/7 4783/1300/7 6578/1302/7
f 6579/1299/7 4782/1298/7 2729/4490/7
f 4347/213/7 6579/1299/7 4780/1294/7
f 223/83/7 4190/1297/7 6579/1299/7
f 6580/1296/7 4781/1295/7 2583/4492/7
f 3563/3072/7 6580/1296/7 4665/1306/7
f 1933/4491/7 4780/1294/7 6580/1296/7
f 6581/1293/7 3883/1292/7 1104/3509/7
f 4781/1295/7 6581/1293/7 3881/1004/7
f 2729/4490/7 4779/1291/7 6581/1293/7
f 6582/1290/7 4778/1289/7 2728/4493/7
f 4670/1014/7 6582/1290/7 4776/1285/7
f 1105/3504/7 4668/1288/7 6582/1290/7
f 6583/1287/7 4777/1286/7 1469/4495/7
f 3886/1274/7 6583/1287/7 4096/3068/7
f 2588/4494/7 4776/1285/7 6583/1287/7
f 6584/1284/7 3254/1283/7 320/3973/7
f 4777/1286/7 6584/1284/7 3312/215/7
f 2728/4493/7 4775/1282/7 6584/1284/7
f 6585/1281/7 4774/1280/7 2727/4496/7
f 4099/625/7 6585/1281/7 4772/1276/7
f 779/3753/7 4669/1279/7 6585/1281/7
f 6586/1278/7 4773/1277/7 1934/4498/7
f 3315/2441/7 6586/1278/7 4348/2374/7
f 1472/4497/7 4772/1276/7 6586/1278/7
f 6587/1275/7 3886/1274/7 776/3738/7
f 4773/1277/7 6587/1275/7 3564/648/7
f 2727/4496/7 4771/1273/7 6587/1275/7
f 6588/1272/7 4770/1271/7 2726/4499/7
f 4351/222/7 6588/1272/7 4768/1267/7
f 319/4079/7 4217/1270/7 6588/1272/7
f 6589/1269/7 4769/1268/7 2587/4501/7
f 3567/3045/7 6589/1269/7 4669/1279/7
f 1937/4500/7 4768/1267/7 6589/1269/7
f 6590/1266/7 3887/1265/7 1105/3504/7
f 4769/1268/7 6590/1266/7 3885/1013/7
f 2726/4499/7 4767/1264/7 6590/1266/7
f 6591/1263/7 4766/1262/7 2725/4502/7
f 4674/1023/7 6591/1263/7 4764/1258/7
f 1106/3498/7 4672/1261/7 6591/1263/7
f 6592/1260/7 4765/1259/7 1473/4504/7
f 3890/1247/7 6592/1260/7 4100/3041/7
f 2592/4503/7 4764/1258/7 6592/1260/7
f 6593/1257/7 3203/1256/7 169/4137/7
f 4765/1259/7 6593/1257/7 3316/224/7
f 2725/4502/7 4763/1255/7 6593/1257/7
f 6594/1254/7 4762/1253/7 2724/4505/7
f 4103/598/7 6594/1254/7 4760/1249/7
f 783/3771/7 4673/1252/7 6594/1254/7
f 6595/1251/7 4761/1250/7 1938/4507/7
f 3319/2522/7 6595/1251/7 4352/2455/7
f 1476/4506/7 4760/1249/7 6595/1251/7
f 6596/1248/7 3890/1247/7 780/3756/7
f 4761/1250/7 6596/1248/7 3568/621/7
f 2724/4505/7 4759/1246/7 6596/1248/7
f 6597/1245/7 4758/1244/7 2723/4508/7
f 4355/231/7 6597/1245/7 4756/1240/7
f 318/3948/7 4216/1243/7 6597/1245/7
f 6598/1242/7 4757/1241/7 2591/4510/7
f 3571/3018/7 6598/1242/7 4673/1252/7
f 1941/4509/7 4756/1240/7 6598/1242/7
f 6599/1239/7 3891/1238/7 1106/3498/7
f 4757/1241/7 6599/1239/7 3889/1022/7
f 2723/4508/7 4755/1237/7 6599/1239/7
f 3322/1236/8 3178/1236/8 87/43/8
f 3324/1236/8 4263/1236/8 59/43/8
f 1956/238/60 1494/260/60 4753/591/43
f 4117/587/59 4751/587/59 2715/585/40
f 3333/317/37 4750/317/59 1962/248/40
f 4369/251/58 4749/251/58 2714/80/4
f 3585/396/37 4748/396/58 2607/75/4
f 1501/248/42 2612/585/12 4746/587/63
f 4171/1174/3 3249/1174/3 291/234/3
f 4191/1232/3 3248/1232/3 290/85/3
f 3248/1232/3 4193/1232/3 241/85/3
f 3336/1235/8 3174/1235/8 107/22/8
f 3338/1235/8 4266/1235/8 57/22/8
f 3342/241/8 3172/241/8 88/15/8
f 3344/241/8 3139/241/8 60/15/8
f 3348/1234/8 3170/1234/8 108/41/8
f 3350/1234/8 4268/1234/8 58/41/8
f 4174/1121/1 3241/1121/1 281/256/1
f 4194/1231/1 3240/1231/1 280/74/1
f 3240/1231/1 4198/1231/1 249/74/1
f 3231/243/17 3239/243/17 279/238/17
f 3211/240/17 3238/240/17 278/72/17
f 3238/240/17 3213/240/17 199/72/17
f 4176/1148/2 3237/1148/2 277/259/2
f 4196/1233/2 3236/1233/2 276/70/2
f 3236/1233/2 4199/1233/2 250/70/2
f 3237/1148/2 4179/1148/2 202/259/2
f 3239/243/17 3233/243/17 247/238/17
f 3241/1121/1 4178/1121/1 201/256/1
f 3249/1174/3 4173/1174/3 193/234/3
f 6600/1208/7 4741/1207/7 2699/4511/7
f 4678/1072/7 6600/1208/7 4739/1203/7
f 1135/3492/7 4676/1206/7 6600/1208/7
f 6601/1205/7 4740/1204/7 1585/4513/7
f 3894/1192/7 6601/1205/7 4144/3003/7
f 2668/4512/7 4739/1203/7 6601/1205/7
f 6602/1202/7 3223/1201/7 217/4167/7
f 4740/1204/7 6602/1202/7 3360/302/7
f 2699/4511/7 4738/1200/7 6602/1202/7
f 6603/1199/7 4737/1198/7 2698/4514/7
f 4147/421/7 6603/1199/7 4735/1194/7
f 931/3788/7 4677/1197/7 6603/1199/7
f 6604/1196/7 4736/1195/7 2050/4516/7
f 3363/2652/7 6604/1196/7 4396/2585/7
f 1588/4515/7 4735/1194/7 6604/1196/7
f 6605/1193/7 3894/1192/7 928/3774/7
f 4736/1195/7 6605/1193/7 3612/444/7
f 2698/4514/7 4734/1191/7 6605/1193/7
f 6606/1190/7 4733/1189/7 2697/4517/7
f 4399/309/7 6606/1190/7 4731/1185/7
f 175/253/7 4170/1188/7 6606/1190/7
f 6607/1187/7 4732/1186/7 2667/4519/7
f 3615/2980/7 6607/1187/7 4677/1197/7
f 2053/4518/7 4731/1185/7 6607/1187/7
f 6608/1184/7 3895/1183/7 1135/3492/7
f 4732/1186/7 6608/1184/7 3893/1071/7
f 2697/4517/7 4730/1182/7 6608/1184/7
f 6609/1181/3 4727/1180/3 2694/4520/3
f 4682/1081/3 6609/1181/3 4725/1176/3
f 1137/3488/3 4680/1179/3 6609/1181/3
f 6610/1178/3 4726/1177/3 1593/4522/3
f 3898/1165/3 6610/1178/3 4148/2976/3
f 2676/4521/3 4725/1176/3 6610/1178/3
f 6611/1175/3 3225/1174/3 219/234/3
f 4726/1177/3 6611/1175/3 3364/312/3
f 2694/4520/3 4724/1173/3 6611/1175/3
f 6612/1172/3 4723/1171/3 2693/4523/3
f 4151/391/3 6612/1172/3 4721/1167/3
f 939/3804/3 4681/1170/3 6612/1172/3
f 6613/1169/3 4722/1168/3 2058/4525/3
f 3367/2731/3 6613/1169/3 4400/2666/3
f 1596/4524/3 4721/1167/3 6613/1169/3
f 6614/1166/3 3898/1165/3 936/3791/3
f 4722/1168/3 6614/1166/3 3616/414/3
f 2693/4523/3 4720/1164/3 6614/1166/3
f 6615/1163/3 4719/1162/3 2692/4526/3
f 4403/318/3 6615/1163/3 4717/1159/3
f 170/248/3 4168/250/3 6615/1163/3
f 6616/1161/3 4718/1160/3 2675/4528/3
f 3619/2954/3 6616/1161/3 4681/1170/3
f 2061/4527/3 4717/1159/3 6616/1161/3
f 6617/1158/3 3899/1157/3 1137/3488/3
f 4718/1160/3 6617/1158/3 3897/1080/3
f 2692/4526/3 4716/1156/3 6617/1158/3
f 6618/1155/2 4715/1154/2 2691/4529/2
f 4686/1089/2 6618/1155/2 4713/1150/2
f 1138/3484/2 4684/1153/2 6618/1155/2
f 6619/1152/2 4714/1151/2 1597/4531/2
f 3902/1139/2 6619/1152/2 4152/2950/2
f 2680/4530/2 4713/1150/2 6619/1152/2
f 6620/1149/2 4166/1148/2 168/259/2
f 4714/1151/2 6620/1149/2 3368/320/2
f 2691/4529/2 4712/1147/2 6620/1149/2
f 6621/1146/2 4711/1145/2 2690/4532/2
f 4155/364/2 6621/1146/2 4709/1141/2
f 943/3821/2 4685/1144/2 6621/1146/2
f 6622/1143/2 4710/1142/2 2062/4534/2
f 3371/2811/2 6622/1143/2 4404/2745/2
f 1600/4533/2 4709/1141/2 6622/1143/2
f 6623/1140/2 3902/1139/2 940/3807/2
f 4710/1142/2 6623/1140/2 3620/387/2
f 2690/4532/2 4708/1138/2 6623/1140/2
f 6624/1137/2 4707/1136/2 2689/4535/2
f 4407/326/2 6624/1137/2 4705/1132/2
f 167/4114/2 4165/1135/2 6624/1137/2
f 6625/1134/2 4706/1133/2 2679/4537/2
f 3623/2927/2 6625/1134/2 4685/1144/2
f 2065/4536/2 4705/1132/2 6625/1134/2
f 6626/1131/2 3903/1130/2 1138/3484/2
f 4706/1133/2 6626/1131/2 3901/1088/2
f 2689/4535/2 4704/1129/2 6626/1131/2
f 6627/1128/1 4703/1127/1 2688/4538/1
f 4690/1097/1 6627/1128/1 4701/1123/1
f 1139/3479/1 4688/1126/1 6627/1128/1
f 6628/1125/1 4702/1124/1 1601/4540/1
f 3906/1112/1 6628/1125/1 4156/2923/1
f 2684/4539/1 4701/1123/1 6628/1125/1
f 6629/1122/1 4163/1121/1 165/256/1
f 4702/1124/1 6629/1122/1 3372/328/1
f 2688/4538/1 4700/1120/1 6629/1122/1
f 6630/1119/1 4699/1118/1 2687/4541/1
f 4159/337/1 6630/1119/1 4697/1114/1
f 947/3838/1 4689/1117/1 6630/1119/1
f 6631/1116/1 4698/1115/1 2066/4543/1
f 3375/2891/1 6631/1116/1 4408/2825/1
f 1604/4542/1 4697/1114/1 6631/1116/1
f 6632/1113/1 3906/1112/1 944/3824/1
f 4698/1115/1 6632/1113/1 3624/360/1
f 2687/4541/1 4696/1111/1 6632/1113/1
f 6633/1110/1 4695/1109/1 2686/4544/1
f 4411/334/1 6633/1110/1 4693/1105/1
f 164/4204/1 4162/1108/1 6633/1110/1
f 6634/1107/1 4694/1106/1 2683/4546/1
f 3627/2900/1 6634/1107/1 4689/1117/1
f 2069/4545/1 4693/1105/1 6634/1107/1
f 6635/1104/1 3907/1103/1 1139/3479/1
f 4694/1106/1 6635/1104/1 3905/1096/1
f 2686/4544/1 4692/1102/1 6635/1104/1
f 6636/1101/1 4691/1100/1 2685/3476/1
f 4695/1109/1 6636/1101/1 4692/1102/1
f 1607/4216/1 3378/1099/1 6636/1101/1
f 6637/1098/1 4690/1097/1 2684/4539/1
f 4699/1118/1 6637/1098/1 4696/1111/1
f 2683/4546/1 3905/1096/1 6637/1098/1
f 6638/1095/1 3379/455/1 1608/1058/1
f 4703/1127/1 6638/1095/1 4700/1120/1
f 2682/3478/1 3904/1094/1 6638/1095/1
f 6639/1093/2 4687/1092/2 2681/3481/2
f 4707/1136/2 6639/1093/2 4704/1129/2
f 1610/4126/2 3381/1091/2 6639/1093/2
f 6640/1090/2 4686/1089/2 2680/4530/2
f 4711/1145/2 6640/1090/2 4708/1138/2
f 2679/4537/2 3901/1088/2 6640/1090/2
f 6641/1087/2 3382/460/2 1611/1059/2
f 4715/1154/2 6641/1087/2 4712/1147/2
f 2678/3483/2 3900/1086/2 6641/1087/2
f 6642/1085/3 4683/1084/3 2677/3486/3
f 4719/1162/3 6642/1085/3 4716/1156/3
f 1613/249/3 3384/1083/3 6642/1085/3
f 6643/1082/3 4682/1081/3 2676/4521/3
f 4723/1171/3 6643/1082/3 4720/1164/3
f 2675/4528/3 3897/1080/3 6643/1082/3
f 6644/1079/3 4009/448/3 1324/1028/3
f 4727/1180/3 6644/1079/3 4724/1173/3
f 2674/3487/3 3896/1078/3 6644/1079/3
f 6645/1076/7 4679/1075/7 2669/3490/7
f 4733/1189/7 6645/1076/7 4730/1182/7
f 1616/4547/7 3386/1074/7 6645/1076/7
f 6646/1073/7 4678/1072/7 2668/4512/7
f 4737/1198/7 6646/1073/7 4734/1191/7
f 2667/4519/7 3893/1071/7 6646/1073/7
f 6647/1070/7 4007/1069/7 1322/4165/7
f 4741/1207/7 6647/1070/7 4738/1200/7
f 2666/3491/7 3892/1068/7 6647/1070/7
f 1400/1028/8 4035/448/8 3610/448/8
f 4033/448/3 3389/448/3 1624/1028/3
f 1380/1058/8 4031/455/8 3608/455/8
f 1378/242/8 4029/458/8 3606/458/8
f 1376/1059/8 4027/460/8 3604/460/8
f 4025/455/1 3394/455/1 1630/1058/1
f 4023/458/17 4017/458/17 1338/242/17
f 4021/460/2 3395/460/2 1631/1059/2
f 4020/581/2 3415/581/2 1665/1030/2
f 3412/581/2 4020/581/2 1367/1030/2
f 3392/460/2 4021/460/2 1368/1059/2
f 4022/451/17 3997/451/17 1304/239/17
f 3995/451/17 4022/451/17 1369/239/17
f 4015/458/17 4023/458/17 1370/242/17
f 4024/583/1 3414/583/1 1664/1031/1
f 3410/583/1 4024/583/1 1371/1031/1
f 3390/455/1 4025/455/1 1372/1058/1
f 4134/577/8 3484/577/8 1801/492/8
f 4132/577/8 3954/577/8 1234/492/8
f 1611/1059/8 3382/460/8 3598/460/8
f 4128/578/8 3923/578/8 1161/82/8
f 4126/578/8 3956/578/8 1236/82/8
f 1328/242/8 4012/458/8 3592/458/8
f 4122/579/8 3482/579/8 1799/494/8
f 4120/579/8 3958/579/8 1238/494/8
f 1608/1058/8 3379/455/8 3586/455/8
f 4032/596/3 3409/596/3 1658/1029/3
f 3407/596/3 4032/596/3 1381/1029/3
f 3387/448/3 4033/448/3 1382/1028/3
f 4108/584/8 3479/584/8 1791/576/8
f 4106/584/8 3962/584/8 1259/576/8
f 1324/1028/8 4009/448/8 3572/448/8
f 6648/1027/7 4675/1026/7 2593/3495/7
f 4758/1244/7 6648/1027/7 4755/1237/7
f 1725/3962/7 3432/1025/7 6648/1027/7
f 6649/1024/7 4674/1023/7 2592/4503/7
f 4762/1253/7 6649/1024/7 4759/1246/7
f 2591/4510/7 3889/1022/7 6649/1024/7
f 6650/1021/7 3987/1020/7 1288/4135/7
f 4766/1262/7 6650/1021/7 4763/1255/7
f 2590/3497/7 3888/1019/7 6650/1021/7
f 6651/1018/7 4671/1017/7 2589/3501/7
f 4770/1271/7 6651/1018/7 4767/1264/7
f 1726/4096/7 3433/1016/7 6651/1018/7
f 6652/1015/7 4670/1014/7 2588/4494/7
f 4774/1280/7 6652/1015/7 4771/1273/7
f 2587/4501/7 3885/1013/7 6652/1015/7
f 6653/1012/7 4038/1011/7 1403/3971/7
f 4778/1289/7 6653/1012/7 4775/1282/7
f 2586/3503/7 3884/1010/7 6653/1012/7
f 6654/1009/7 4667/1008/7 2585/3507/7
f 4782/1298/7 6654/1009/7 4779/1291/7
f 1650/4548/7 3406/1007/7 6654/1009/7
f 6655/1006/7 4666/1005/7 2584/4485/7
f 4786/1307/7 6655/1006/7 4783/1300/7
f 2583/4492/7 3881/1004/7 6655/1006/7
f 6656/1003/7 4039/1002/7 1404/3939/7
f 4790/1316/7 6656/1003/7 4787/1309/7
f 2582/3508/7 3880/1001/7 6656/1003/7
f 6657/1000/3 4663/999/3 2569/3512/3
f 4805/1327/3 6657/1000/3 4802/1320/3
f 1733/3930/3 3436/998/3 6657/1000/3
f 6658/997/3 4662/996/3 2568/4476/3
f 4809/1336/3 6658/997/3 4806/1329/3
f 2567/4483/3 3877/995/3 6658/997/3
f 6659/994/3 3989/596/3 1290/1029/3
f 4813/1344/3 6659/994/3 4810/1338/3
f 2566/3514/3 3876/993/3 6659/994/3
f 6660/992/3 4659/991/3 2565/3517/3
f 4817/1353/3 6660/992/3 4814/1346/3
f 1734/4186/3 3437/990/3 6660/992/3
f 6661/989/3 4658/988/3 2564/4467/3
f 4821/1362/3 6661/989/3 4818/1355/3
f 2563/4474/3 3873/987/3 6661/989/3
f 6662/986/3 4042/985/3 1411/4105/3
f 4825/1371/3 6662/986/3 4822/1364/3
f 2562/3519/3 3872/984/3 6662/986/3
f 6663/983/3 4655/982/3 2561/3523/3
f 4829/1380/3 6663/983/3 4826/1373/3
f 1647/246/3 3404/245/3 6663/983/3
f 6664/981/3 4654/980/3 2560/4458/3
f 4833/1389/3 6664/981/3 4830/1382/3
f 2559/4465/3 3869/979/3 6664/981/3
f 6665/978/3 4043/977/3 1412/3908/3
f 4837/1398/3 6665/978/3 4834/1391/3
f 2558/3524/3 3868/976/3 6665/978/3
f 6666/975/2 4651/974/2 2557/3528/2
f 4841/1407/2 6666/975/2 4838/1400/2
f 1737/3899/2 3440/973/2 6666/975/2
f 6667/972/2 4650/971/2 2556/4449/2
f 4845/1416/2 6667/972/2 4842/1409/2
f 2555/4456/2 3865/970/2 6667/972/2
f 6668/969/2 3402/581/2 1645/1030/2
f 4849/1424/2 6668/969/2 4846/1418/2
f 2554/3530/2 3864/968/2 6668/969/2
f 6669/967/2 4647/966/2 2553/3533/2
f 4853/1433/2 6669/967/2 4850/1426/2
f 1738/4298/2 3441/965/2 6669/967/2
f 6670/964/2 4646/963/2 2552/4440/2
f 4857/1442/2 6670/964/2 4854/1435/2
f 2551/4447/2 3861/962/2 6670/964/2
f 6671/961/2 4046/960/2 1415/4195/2
f 4861/1451/2 6671/961/2 4858/1444/2
f 2550/3535/2 3860/959/2 6671/961/2
f 6672/958/2 4643/957/2 2549/3539/2
f 4865/1460/2 6672/958/2 4862/1453/2
f 1644/4156/2 3401/956/2 6672/958/2
f 6673/955/2 4642/954/2 2548/4431/2
f 4869/1469/2 6673/955/2 4866/1462/2
f 2547/4438/2 3857/953/2 6673/955/2
f 6674/952/2 4047/951/2 1416/3876/2
f 4873/1478/2 6674/952/2 4870/1471/2
f 2546/3541/2 3856/950/2 6674/952/2
f 6675/949/1 4639/948/1 2545/3545/1
f 4877/1487/1 6675/949/1 4874/1480/1
f 1741/3867/1 3444/947/1 6675/949/1
f 6676/946/1 4638/945/1 2544/4422/1
f 4881/1496/1 6676/946/1 4878/1489/1
f 2543/4429/1 3853/944/1 6676/946/1
f 6677/943/1 3399/583/1 1642/1031/1
f 4885/1504/1 6677/943/1 4882/1498/1
f 2542/3547/1 3852/942/1 6677/943/1
f 6678/941/1 4635/940/1 2541/3550/1
f 4889/1513/1 6678/941/1 4886/1506/1
f 1742/4399/1 3445/939/1 6678/941/1
f 6679/938/1 4634/937/1 2540/4413/1
f 4893/1522/1 6679/938/1 4890/1515/1
f 2539/4420/1 3849/936/1 6679/938/1
f 6680/935/1 4050/934/1 1419/4307/1
f 4897/1531/1 6680/935/1 4894/1524/1
f 2538/3552/1 3848/933/1 6680/935/1
f 6681/932/1 4631/931/1 2537/3556/1
f 4901/1540/1 6681/932/1 4898/1533/1
f 1641/4258/1 3398/930/1 6681/932/1
f 6682/929/1 4630/928/1 2536/4404/1
f 4905/1549/1 6682/929/1 4902/1542/1
f 2535/4411/1 3845/927/1 6682/929/1
f 6683/926/1 4051/925/1 1420/3844/1
f 4909/1558/1 6683/926/1 4906/1551/1
f 2534/3558/1 3844/924/1 6683/926/1
f 6684/923/1 4627/922/1 2533/3562/1
f 4913/1567/1 6684/923/1 4910/1560/1
f 1886/4408/1 3520/921/1 6684/923/1
f 6685/920/1 4626/919/1 2532/4395/1
f 4917/1576/1 6685/920/1 4914/1569/1
f 2531/4402/1 3841/918/1 6685/920/1
f 6686/917/1 3979/916/1 1280/3856/1
f 4921/1585/1 6686/917/1 4918/1578/1
f 2530/3564/1 3840/915/1 6686/917/1
f 6687/914/1 4623/913/1 2529/3568/1
f 4925/1594/1 6687/914/1 4922/1587/1
f 1887/4371/1 3521/912/1 6687/914/1
f 6688/911/1 4622/910/1 2528/4380/1
f 4929/1603/1 6688/911/1 4926/1596/1
f 2527/4392/1 3837/909/1 6688/911/1
f 6689/908/1 4054/907/1 1423/4398/1
f 4933/1612/1 6689/908/1 4930/1605/1
f 2526/3570/1 3836/906/1 6689/908/1
f 6690/905/1 4619/904/1 2525/3574/1
f 4937/1621/1 6690/905/1 4934/1614/1
f 1781/4245/1 3470/903/1 6690/905/1
f 6691/902/1 4618/901/1 2524/4364/1
f 4941/1630/1 6691/902/1 4938/1623/1
f 2523/4377/1 3833/900/1 6691/902/1
f 6692/899/1 4055/898/1 1424/4407/1
f 4945/1639/1 6692/899/1 4942/1632/1
f 2522/3576/1 3832/897/1 6692/899/1
f 6693/896/1 4615/895/1 2521/3580/1
f 4949/1648/1 6693/896/1 4946/1641/1
f 1890/4417/1 3524/894/1 6693/896/1
f 6694/893/1 4614/892/1 2520/4357/1
f 4953/1657/1 6694/893/1 4950/1650/1
f 2519/4362/1 3829/891/1 6694/893/1
f 6695/890/1 3978/889/1 1279/4316/1
f 4957/1666/1 6695/890/1 4954/1659/1
f 2518/3582/1 3828/888/1 6695/890/1
f 6696/887/1 4611/886/1 2517/3586/1
f 4961/1675/1 6696/887/1 4958/1668/1
f 1891/4335/1 3525/885/1 6696/887/1
f 6697/884/1 4610/883/1 2516/4345/1
f 4965/1684/1 6697/884/1 4962/1677/1
f 2515/4354/1 3825/882/1 6697/884/1
f 6698/881/1 4058/880/1 1427/4359/1
f 4969/1693/1 6698/881/1 4966/1686/1
f 2514/3588/1 3824/879/1 6698/881/1
f 6699/878/1 4607/877/1 2513/3592/1
f 4973/1702/1 6699/878/1 4970/1695/1
f 1883/4387/1 3517/876/1 6699/878/1
f 6700/875/1 4606/874/1 2512/4328/1
f 4977/1711/1 6700/875/1 4974/1704/1
f 2511/4342/1 3821/873/1 6700/875/1
f 6701/872/1 4059/871/1 1428/4416/1
f 4981/1720/1 6701/872/1 4978/1713/1
f 2510/3594/1 3820/870/1 6701/872/1
f 6702/869/1 4603/868/1 2509/3598/1
f 4985/1729/1 6702/869/1 4982/1722/1
f 1894/4426/1 3528/867/1 6702/869/1
f 6703/866/1 4602/865/1 2508/4321/1
f 4989/1738/1 6703/866/1 4986/1731/1
f 2507/4326/1 3817/864/1 6703/866/1
f 6704/863/1 3471/579/1 1782/494/1
f 4993/1746/1 6704/863/1 4990/1740/1
f 2506/3600/1 3816/862/1 6704/863/1
f 6705/861/1 4599/860/1 2505/3603/1
f 4997/1755/1 6705/861/1 4994/1748/1
f 1895/4308/1 3529/859/1 6705/861/1
f 6706/858/1 4598/857/1 2504/4314/1
f 5001/1764/1 6706/858/1 4998/1757/1
f 2503/4319/1 3813/856/1 6706/858/1
f 6707/855/1 4062/854/1 1431/4323/1
f 5005/1773/1 6707/855/1 5002/1766/1
f 2502/3605/1 3812/853/1 6707/855/1
f 6708/852/1 4595/851/1 2501/3609/1
f 5009/1782/1 6708/852/1 5006/1775/1
f 1882/3857/1 3516/850/1 6708/852/1
f 6709/849/1 4594/848/1 2500/4303/1
f 5013/1791/1 6709/849/1 5010/1784/1
f 2499/4312/1 3809/847/1 6709/849/1
f 6710/846/1 4063/845/1 1432/4425/1
f 5017/1800/1 6710/846/1 5014/1793/1
f 2498/3611/1 3808/844/1 6710/846/1
f 6711/843/2 4591/842/2 2497/3615/2
f 5021/1809/2 6711/843/2 5018/1802/2
f 1898/4435/2 3532/841/2 6711/843/2
f 6712/840/2 4590/839/2 2496/4294/2
f 5025/1818/2 6712/840/2 5022/1811/2
f 2495/4301/2 3805/838/2 6712/840/2
f 6713/837/2 3975/836/2 1276/3888/2
f 5029/1827/2 6713/837/2 5026/1820/2
f 2494/3617/2 3804/835/2 6713/837/2
f 6714/834/2 4587/833/2 2493/3621/2
f 5033/1836/2 6714/834/2 5030/1829/2
f 1899/4270/2 3533/832/2 6714/834/2
f 6715/831/2 4586/830/2 2492/4279/2
f 5037/1845/2 6715/831/2 5034/1838/2
f 2491/4291/2 3801/829/2 6715/831/2
f 6716/828/2 4066/827/2 1435/4297/2
f 5041/1854/2 6716/828/2 5038/1847/2
f 2490/3623/2 3800/826/2 6716/828/2
f 6717/825/2 4583/824/2 2489/3627/2
f 5045/1863/2 6717/825/2 5042/1856/2
f 1784/4147/2 3473/823/2 6717/825/2
f 6718/822/2 4582/821/2 2488/4263/2
f 5049/1872/2 6718/822/2 5046/1865/2
f 2487/4276/2 3797/820/2 6718/822/2
f 6719/819/2 4067/818/2 1436/4434/2
f 5053/1881/2 6719/819/2 5050/1874/2
f 2486/3629/2 3796/817/2 6719/819/2
f 6720/816/2 4579/815/2 2485/3633/2
f 5057/1890/2 6720/816/2 5054/1883/2
f 1902/4444/2 3536/814/2 6720/816/2
f 6721/813/2 4578/812/2 2484/4254/2
f 5061/1899/2 6721/813/2 5058/1892/2
f 2483/4261/2 3793/811/2 6721/813/2
f 6722/810/2 3974/809/2 1275/4206/2
f 5065/1908/2 6722/810/2 5062/1901/2
f 2482/3635/2 3792/808/2 6722/810/2
f 6723/807/2 4575/806/2 2481/3639/2
f 5069/1917/2 6723/807/2 5066/1910/2
f 1903/4228/2 3537/805/2 6723/807/2
f 6724/804/2 4574/803/2 2480/4238/2
f 5073/1926/2 6724/804/2 5070/1919/2
f 2479/4251/2 3789/802/2 6724/804/2
f 6725/801/2 4070/800/2 1439/4257/2
f 5077/1935/2 6725/801/2 5074/1928/2
f 2478/3641/2 3788/799/2 6725/801/2
f 6726/798/2 4571/797/2 2477/3645/2
f 5081/1944/2 6726/798/2 5078/1937/2
f 1879/4286/2 3513/796/2 6726/798/2
f 6727/795/2 4570/794/2 2476/4221/2
f 5085/1953/2 6727/795/2 5082/1946/2
f 2475/4235/2 3785/793/2 6727/795/2
f 6728/792/2 4071/791/2 1440/4443/2
f 5089/1962/2 6728/792/2 5086/1955/2
f 2474/3647/2 3784/790/2 6728/792/2
f 6729/789/2 4567/788/2 2473/3651/2
f 5093/1971/2 6729/789/2 5090/1964/2
f 1906/4453/2 3540/787/2 6729/789/2
f 6730/786/2 4566/785/2 2472/4212/2
f 5097/1980/2 6730/786/2 5094/1973/2
f 2471/4219/2 3781/784/2 6730/786/2
f 6731/783/2 3474/577/2 1785/492/2
f 5101/1988/2 6731/783/2 5098/1982/2
f 2470/3653/2 3780/782/2 6731/783/2
f 6732/781/2 4563/780/2 2469/3656/2
f 5105/1997/2 6732/781/2 5102/1990/2
f 1907/4196/2 3541/779/2 6732/781/2
f 6733/778/2 4562/777/2 2468/4202/2
f 5109/2006/2 6733/778/2 5106/1999/2
f 2467/4210/2 3777/776/2 6733/778/2
f 6734/775/2 4074/774/2 1443/4215/2
f 5113/2015/2 6734/775/2 5110/2008/2
f 2466/3658/2 3776/773/2 6734/775/2
f 6735/772/2 4559/771/2 2465/3662/2
f 5117/2024/2 6735/772/2 5114/2017/2
f 1878/3889/2 3512/770/2 6735/772/2
f 6736/769/2 4558/768/2 2464/4191/2
f 5121/2033/2 6736/769/2 5118/2026/2
f 2463/4200/2 3773/767/2 6736/769/2
f 6737/766/2 4075/765/2 1444/4452/2
f 5125/2042/2 6737/766/2 5122/2035/2
f 2462/3664/2 3772/764/2 6737/766/2
f 6738/763/3 4555/762/3 2461/3668/3
f 5129/2051/3 6738/763/3 5126/2044/3
f 1910/4462/3 3544/761/3 6738/763/3
f 6739/760/3 4554/759/3 2460/4182/3
f 5133/2060/3 6739/760/3 5130/2053/3
f 2459/4189/3 3769/758/3 6739/760/3
f 6740/757/3 3971/756/3 1272/3919/3
f 5137/2069/3 6740/757/3 5134/2062/3
f 2458/3670/3 3768/755/3 6740/757/3
f 6741/754/3 4551/753/3 2457/3674/3
f 5141/2078/3 6741/754/3 5138/2071/3
f 1911/4166/3 3545/752/3 6741/754/3
f 6742/751/3 4550/750/3 2456/4172/3
f 5145/2087/3 6742/751/3 5142/2080/3
f 2455/4180/3 3765/749/3 6742/751/3
f 6743/748/3 4078/747/3 1447/4185/3
f 5149/2096/3 6743/748/3 5146/2089/3
f 2454/3676/3 3764/746/3 6743/748/3
f 6744/745/3 4547/744/3 2453/3680/3
f 5153/2104/3 6744/745/3 5150/2098/3
f 1787/19/3 3476/743/3 6744/745/3
f 6745/742/3 4546/741/3 2452/4161/3
f 5157/2113/3 6745/742/3 5154/2106/3
f 2451/4170/3 3761/740/3 6745/742/3
f 6746/739/3 4079/738/3 1448/4461/3
f 5161/2122/3 6746/739/3 5158/2115/3
f 2450/3681/3 3760/737/3 6746/739/3
f 6747/736/3 4543/735/3 2449/3685/3
f 5165/2131/3 6747/736/3 5162/2124/3
f 1914/4471/3 3548/734/3 6747/736/3
f 6748/733/3 4542/732/3 2448/4152/3
f 5169/2140/3 6748/733/3 5166/2133/3
f 2447/4159/3 3757/731/3 6748/733/3
f 6749/730/3 3970/729/3 1271/4116/3
f 5173/2149/3 6749/730/3 5170/2142/3
f 2446/3687/3 3756/728/3 6749/730/3
f 6750/727/3 4539/726/3 2445/3691/3
f 5177/2158/3 6750/727/3 5174/2151/3
f 1915/4136/3 3549/725/3 6750/727/3
f 6751/724/3 4538/723/3 2444/4142/3
f 5181/2167/3 6751/724/3 5178/2160/3
f 2443/4150/3 3753/722/3 6751/724/3
f 6752/721/3 4082/720/3 1451/4155/3
f 5185/2176/3 6752/721/3 5182/2169/3
f 2442/3693/3 3752/719/3 6752/721/3
f 6753/718/3 4535/717/3 2441/3697/3
f 5189/2185/3 6753/718/3 5186/2178/3
f 1875/4177/3 3509/716/3 6753/718/3
f 6754/715/3 4534/714/3 2440/4131/3
f 5193/2194/3 6754/715/3 5190/2187/3
f 2439/4140/3 3749/713/3 6754/715/3
f 6755/712/3 4083/711/3 1452/4470/3
f 5197/2203/3 6755/712/3 5194/2196/3
f 2438/3699/3 3748/710/3 6755/712/3
f 6756/709/3 4531/708/3 2437/3703/3
f 5201/2212/3 6756/709/3 5198/2205/3
f 1918/4480/3 3552/707/3 6756/709/3
f 6757/706/3 4530/705/3 2436/4122/3
f 5205/2221/3 6757/706/3 5202/2214/3
f 2435/4129/3 3745/704/3 6757/706/3
f 6758/703/3 3917/584/3 1149/576/3
f 5209/2229/3 6758/703/3 5206/2223/3
f 2434/3705/3 3744/702/3 6758/703/3
f 6759/701/3 4527/700/3 2433/3708/3
f 5213/2238/3 6759/701/3 5210/2231/3
f 1919/4106/3 3553/699/3 6759/701/3
f 6760/698/3 4526/697/3 2432/4112/3
f 5217/2247/3 6760/698/3 5214/2240/3
f 2431/4120/3 3741/696/3 6760/698/3
f 6761/695/3 4086/694/3 1455/4125/3
f 5221/2256/3 6761/695/3 5218/2249/3
f 2430/3710/3 3740/693/3 6761/695/3
f 6762/692/3 4523/691/3 2429/3714/3
f 5225/2265/3 6762/692/3 5222/2258/3
f 1874/3920/3 3508/690/3 6762/692/3
f 6763/689/3 4522/688/3 2428/4101/3
f 5229/2274/3 6763/689/3 5226/2267/3
f 2427/4110/3 3737/687/3 6763/689/3
f 6764/686/3 4087/685/3 1456/4479/3
f 5233/2283/3 6764/686/3 5230/2276/3
f 2426/3716/3 3736/684/3 6764/686/3
f 2848/199/33 5239/200/49 4519/200/62
f 2849/418/33 5241/683/38 4518/683/71
f 2850/418/45 5243/683/38 4088/683/71
f 2851/96/45 5245/201/9 4517/201/40
f 2852/417/33 5247/682/88 4516/682/6
f 2853/417/44 5249/682/66 4089/682/40
f 1315/202/33 3216/204/33 4515/204/38
f 1779/679/33 3468/681/33 4514/681/55
f 2410/679/33 4514/681/55 4090/681/51
f 2854/95/33 5251/205/55 4513/205/46
f 6765/677/7 4511/676/7 2397/3720/7
f 5264/2294/7 6765/677/7 5261/2287/7
f 1930/4489/7 3560/675/7 6765/677/7
f 6766/674/7 4510/673/7 2396/4092/7
f 5268/2303/7 6766/674/7 5265/2296/7
f 2395/4099/7 3725/672/7 6766/674/7
f 6767/671/7 3967/670/7 1264/3950/7
f 5272/2312/7 6767/671/7 5269/2305/7
f 2394/3722/7 3724/669/7 6767/671/7
f 6768/668/7 4507/667/7 2393/3726/7
f 5276/2321/7 6768/668/7 5273/2314/7
f 1931/4068/7 3561/666/7 6768/668/7
f 6769/665/7 4506/664/7 2392/4077/7
f 5280/2330/7 6769/665/7 5277/2323/7
f 2391/4089/7 3721/663/7 6769/665/7
f 6770/662/7 4094/661/7 1467/4095/7
f 5284/2339/7 6770/662/7 5281/2332/7
f 2390/3728/7 3720/660/7 6770/662/7
f 6771/659/7 4503/658/7 2389/3732/7
f 5288/2348/7 6771/659/7 5285/2341/7
f 1790/4549/7 3478/657/7 6771/659/7
f 6772/656/7 4502/655/7 2388/4061/7
f 5292/2357/7 6772/656/7 5289/2350/7
f 2387/4074/7 3717/654/7 6772/656/7
f 6773/653/7 4095/652/7 1468/4488/7
f 5296/2366/7 6773/653/7 5293/2359/7
f 2386/3733/7 3716/651/7 6773/653/7
f 6774/650/7 4499/649/7 2385/3737/7
f 5300/2375/7 6774/650/7 5297/2368/7
f 1934/4498/7 3564/648/7 6774/650/7
f 6775/647/7 4498/646/7 2384/4047/7
f 5304/2384/7 6775/647/7 5301/2377/7
f 2383/4059/7 3713/645/7 6775/647/7
f 6776/644/7 3966/643/7 1263/3985/7
f 5308/2393/7 6776/644/7 5305/2386/7
f 2382/3739/7 3712/642/7 6776/644/7
f 6777/641/7 4495/640/7 2381/3743/7
f 5312/2402/7 6777/641/7 5309/2395/7
f 1935/4016/7 3565/639/7 6777/641/7
f 6778/638/7 4494/637/7 2380/4026/7
f 5316/2411/7 6778/638/7 5313/2404/7
f 2379/4044/7 3709/636/7 6778/638/7
f 6779/635/7 4098/634/7 1471/4053/7
f 5320/2420/7 6779/635/7 5317/2413/7
f 2378/3745/7 3708/633/7 6779/635/7
f 6780/632/7 4491/631/7 2377/3749/7
f 5324/2429/7 6780/632/7 5321/2422/7
f 1867/4084/7 3505/630/7 6780/632/7
f 6781/629/7 4490/628/7 2376/4009/7
f 5328/2438/7 6781/629/7 5325/2431/7
f 2375/4023/7 3705/627/7 6781/629/7
f 6782/626/7 4099/625/7 1472/4497/7
f 5332/2447/7 6782/626/7 5329/2440/7
f 2374/3751/7 3704/624/7 6782/626/7
f 6783/623/7 4487/622/7 2373/3755/7
f 5336/2456/7 6783/623/7 5333/2449/7
f 1938/4507/7 3568/621/7 6783/623/7
f 6784/620/7 4486/619/7 2372/3994/7
f 5340/2465/7 6784/620/7 5337/2458/7
f 2371/4007/7 3701/618/7 6784/620/7
f 6785/617/7 3915/616/7 1147/4146/7
f 5344/2474/7 6785/617/7 5341/2467/7
f 2370/3757/7 3700/615/7 6785/617/7
f 6786/614/7 4483/613/7 2369/3761/7
f 5348/2483/7 6786/614/7 5345/2476/7
f 1939/3972/7 3569/612/7 6786/614/7
f 6787/611/7 4482/610/7 2368/3978/7
f 5352/2492/7 6787/611/7 5349/2485/7
f 2367/3992/7 3697/609/7 6787/611/7
f 6788/608/7 4102/607/7 1475/4001/7
f 5356/2501/7 6788/608/7 5353/2494/7
f 2366/3763/7 3696/606/7 6788/608/7
f 6789/605/7 4479/604/7 2365/3767/7
f 5360/2510/7 6789/605/7 5357/2503/7
f 1866/3951/7 3504/603/7 6789/605/7
f 6790/602/7 4478/601/7 2364/3967/7
f 5364/2519/7 6790/602/7 5361/2512/7
f 2363/3976/7 3693/600/7 6790/602/7
f 6791/599/7 4103/598/7 1476/4506/7
f 5368/2528/7 6791/599/7 5365/2521/7
f 2362/3769/7 3692/597/7 6791/599/7
f 1942/1028/8 3572/448/8 3573/448/8
f 1943/1028/8 3573/448/8 4035/448/8
f 1183/462/8 3937/409/8 3963/409/8
f 4107/584/8 4106/584/8 1479/576/8
f 3917/584/8 4107/584/8 1480/576/8
f 3989/596/8 4034/596/8 1399/1029/8
f 4109/584/8 4108/584/8 1481/576/8
f 3962/584/8 4109/584/8 1482/576/8
f 4034/596/8 3407/596/8 1651/1029/8
f 2886/239/42 5370/240/59 4475/240/79
f 2887/52/42 5372/594/59 4474/594/41
f 2888/52/59 5374/594/59 4110/594/41
f 2889/82/40 5376/241/68 4473/241/59
f 2890/261/42 5378/593/58 4472/593/47
f 2891/261/43 5380/593/60 4111/593/77
f 5382/243/10 4471/243/4 2345/242/6
f 5384/592/10 4470/592/60 2344/44/47
f 5386/592/10 4112/592/60 1489/44/43
f 5388/244/10 4469/244/61 2341/81/60
f 5390/591/10 4468/591/4 2340/260/6
f 5392/591/10 4113/591/4 1490/260/4
f 5401/245/57 3683/245/58 1036/25/48
f 5405/590/37 4466/590/66 2322/453/53
f 5407/590/37 4114/590/66 1495/453/34
f 4260/247/44 4465/247/33 2319/19/13
f 4008/589/44 4464/589/44 2318/452/80
f 4464/589/44 4115/589/38 1496/452/87
f 5413/250/37 4463/250/59 2313/249/79
f 5415/588/37 4462/588/40 2312/586/44
f 5417/588/37 4116/588/40 1499/586/44
f 5419/251/37 4461/251/58 2309/80/5
f 5421/587/37 4460/587/59 2308/585/43
f 5423/587/37 4117/587/59 1500/585/43
f 3459/409/3 3961/409/3 1241/462/3
f 3479/584/3 3960/584/3 1240/576/3
f 3960/584/3 3481/584/3 1798/576/3
f 1994/1058/8 3586/455/8 3587/455/8
f 1995/1058/8 3587/455/8 4031/455/8
f 1748/464/8 3451/355/8 3959/355/8
f 4121/579/8 4120/579/8 1531/494/8
f 3471/579/8 4121/579/8 1532/494/8
f 3399/583/8 4030/583/8 1379/1031/8
f 4123/579/8 4122/579/8 1533/494/8
f 3958/579/8 4123/579/8 1534/494/8
f 4030/583/8 3410/583/8 1659/1031/8
f 2000/242/8 3592/458/8 3593/458/8
f 2001/242/8 3593/458/8 4029/458/8
f 1187/81/8 3940/457/8 3957/457/8
f 4127/578/8 4126/578/8 1537/82/8
f 3920/578/8 4127/578/8 1538/82/8
f 3992/451/8 4028/451/8 1377/239/8
f 4129/578/8 4128/578/8 1539/82/8
f 3956/578/8 4129/578/8 1540/82/8
f 4028/451/8 3995/451/8 1302/239/8
f 2006/1059/8 3598/460/8 3599/460/8
f 2007/1059/8 3599/460/8 4027/460/8
f 1751/463/8 3454/382/8 3955/382/8
f 4133/577/8 4132/577/8 1543/492/8
f 3474/577/8 4133/577/8 1544/492/8
f 3402/581/8 4026/581/8 1375/1030/8
f 4135/577/8 4134/577/8 1545/492/8
f 3954/577/8 4135/577/8 1546/492/8
f 4026/581/8 3412/581/8 1661/1030/8
f 3462/355/1 3953/355/1 1231/464/1
f 3482/579/1 3952/579/1 1230/494/1
f 3952/579/1 3486/579/1 1804/494/1
f 3943/457/17 3951/457/17 1229/81/17
f 3923/578/17 3950/578/17 1228/82/17
f 3950/578/17 3925/578/17 1163/82/17
f 3464/382/2 3949/382/2 1227/463/2
f 3484/577/2 3948/577/2 1226/492/2
f 3948/577/2 3487/577/2 1805/492/2
f 3949/382/2 3467/382/2 1771/463/2
f 3951/457/17 3945/457/17 1197/81/17
f 3953/355/1 3466/355/1 1770/464/1
f 2028/1059/8 3604/460/8 3605/460/8
f 2029/1059/8 3605/460/8 3392/460/8
f 1235/463/8 3955/382/8 3464/382/8
f 2030/242/8 3606/458/8 3607/458/8
f 2031/242/8 3607/458/8 4015/458/8
f 1237/81/8 3957/457/8 3943/457/8
f 2032/1058/8 3608/455/8 3609/455/8
f 2033/1058/8 3609/455/8 3390/455/8
f 1239/464/8 3959/355/8 3462/355/8
f 3961/409/3 3461/409/3 1764/462/3
f 2048/1028/8 3610/448/8 3611/448/8
f 2049/1028/8 3611/448/8 3387/448/8
f 1260/462/8 3963/409/8 3459/409/8
f 6792/446/7 4459/445/7 2129/3773/7
f 5436/2586/7 6792/446/7 5433/2579/7
f 2050/4516/7 3612/444/7 6792/446/7
f 6793/443/7 4458/442/7 2128/3957/7
f 5440/2595/7 6793/443/7 5437/2588/7
f 2127/3965/7 3673/441/7 6793/443/7
f 6794/440/7 3935/439/7 1181/4176/7
f 5444/2604/7 6794/440/7 5441/2597/7
f 2126/3775/7 3672/438/7 6794/440/7
f 6795/437/7 4455/436/7 2125/3779/7
f 5448/2613/7 6795/437/7 5445/2606/7
f 2051/3940/7 3613/435/7 6795/437/7
f 6796/434/7 4454/433/7 2124/3946/7
f 5452/2622/7 6796/434/7 5449/2615/7
f 2123/3955/7 3669/432/7 6796/434/7
f 6797/431/7 4146/430/7 1587/3961/7
f 5456/2631/7 6797/431/7 5453/2624/7
f 2122/3781/7 3668/429/7 6797/431/7
f 6798/428/7 4451/427/7 2121/3785/7
f 5460/2640/7 6798/428/7 5457/2633/7
f 1756/4550/7 3458/426/7 6798/428/7
f 6799/425/7 4450/424/7 2120/3935/7
f 5464/2649/7 6799/425/7 5461/2642/7
f 2119/3944/7 3665/423/7 6799/425/7
f 6800/422/7 4147/421/7 1588/4515/7
f 5468/2658/7 6800/422/7 5465/2651/7
f 2118/3786/7 3664/420/7 6800/422/7
f 6801/416/3 4447/415/3 2105/3790/3
f 5474/2667/3 6801/416/3 5471/2660/3
f 2058/4525/3 3616/414/3 6801/416/3
f 6802/413/3 4446/412/3 2104/3926/3
f 5478/2676/3 6802/413/3 5475/2669/3
f 2103/3933/3 3661/411/3 6802/413/3
f 6803/410/3 3937/409/3 1183/462/3
f 5482/2684/3 6803/410/3 5479/2678/3
f 2102/3792/3 3660/408/3 6803/410/3
f 6804/407/3 4443/406/3 2101/3795/3
f 5486/2693/3 6804/407/3 5483/2686/3
f 2059/3909/3 3617/405/3 6804/407/3
f 6805/404/3 4442/403/3 2100/3915/3
f 5490/2702/3 6805/404/3 5487/2695/3
f 2099/3924/3 3657/402/3 6805/404/3
f 6806/401/3 4150/400/3 1595/3929/3
f 5494/2711/3 6806/401/3 5491/2704/3
f 2098/3797/3 3656/399/3 6806/401/3
f 6807/398/3 4439/397/3 2097/3801/3
f 5498/2719/3 6807/398/3 5495/2713/3
f 1753/80/3 3456/396/3 6807/398/3
f 6808/395/3 4438/394/3 2096/3904/3
f 5502/2728/3 6808/395/3 5499/2721/3
f 2095/3913/3 3653/393/3 6808/395/3
f 6809/392/3 4151/391/3 1596/4524/3
f 5506/2737/3 6809/392/3 5503/2730/3
f 2094/3802/3 3652/390/3 6809/392/3
f 6810/389/2 4435/388/2 2093/3806/2
f 5510/2746/2 6810/389/2 5507/2739/2
f 2062/4534/2 3620/387/2 6810/389/2
f 6811/386/2 4434/385/2 2092/3895/2
f 5514/2755/2 6811/386/2 5511/2748/2
f 2091/3902/2 3649/384/2 6811/386/2
f 6812/383/2 3454/382/2 1751/463/2
f 5518/2763/2 6812/383/2 5515/2757/2
f 2090/3808/2 3648/381/2 6812/383/2
f 6813/380/2 4431/379/2 2089/3811/2
f 5522/2772/2 6813/380/2 5519/2765/2
f 2063/3877/2 3621/378/2 6813/380/2
f 6814/377/2 4430/376/2 2088/3884/2
f 5526/2781/2 6814/377/2 5523/2774/2
f 2087/3893/2 3645/375/2 6814/377/2
f 6815/374/2 4154/373/2 1599/3898/2
f 5530/2790/2 6815/374/2 5527/2783/2
f 2086/3813/2 3644/372/2 6815/374/2
f 6816/371/2 4427/370/2 2085/3817/2
f 5534/2799/2 6816/371/2 5531/2792/2
f 1750/4117/2 3453/369/2 6816/371/2
f 6817/368/2 4426/367/2 2084/3872/2
f 5538/2808/2 6817/368/2 5535/2801/2
f 2083/3882/2 3641/366/2 6817/368/2
f 6818/365/2 4155/364/2 1600/4533/2
f 5542/2817/2 6818/365/2 5539/2810/2
f 2082/3819/2 3640/363/2 6818/365/2
f 6819/362/1 4423/361/1 2081/3823/1
f 5546/2826/1 6819/362/1 5543/2819/1
f 2066/4543/1 3624/360/1 6819/362/1
f 6820/359/1 4422/358/1 2080/3863/1
f 5550/2835/1 6820/359/1 5547/2828/1
f 2079/3870/1 3637/357/1 6820/359/1
f 6821/356/1 3451/355/1 1748/464/1
f 5554/2843/1 6821/356/1 5551/2837/1
f 2078/3825/1 3636/354/1 6821/356/1
f 6822/353/1 4419/352/1 2077/3828/1
f 5558/2852/1 6822/353/1 5555/2845/1
f 2067/3845/1 3625/351/1 6822/353/1
f 6823/350/1 4418/349/1 2076/3852/1
f 5562/2861/1 6823/350/1 5559/2854/1
f 2075/3861/1 3633/348/1 6823/350/1
f 6824/347/1 4158/346/1 1603/3866/1
f 5566/2870/1 6824/347/1 5563/2863/1
f 2074/3830/1 3632/345/1 6824/347/1
f 6825/344/1 4415/343/1 2073/3834/1
f 5570/2879/1 6825/344/1 5567/2872/1
f 1747/4207/1 3450/342/1 6825/344/1
f 6826/341/1 4414/340/1 2072/3840/1
f 5574/2888/1 6826/341/1 5571/2881/1
f 2071/3850/1 3629/339/1 6826/341/1
f 6827/338/1 4159/337/1 1604/4542/1
f 5578/2897/1 6827/338/1 5575/2890/1
f 2070/3836/1 3628/336/1 6827/338/1
f 6828/335/1 4411/334/1 2069/4545/1
f 5582/2906/1 6828/335/1 5579/2899/1
f 1283/4203/1 3198/333/1 6828/335/1
f 6829/332/1 4410/331/1 2068/3869/1
f 5586/2915/1 6829/332/1 5583/2908/1
f 1602/3841/1 3373/330/1 6829/332/1
f 6830/329/1 3199/255/1 1284/266/1
f 5590/2924/1 6830/329/1 5587/2917/1
f 1601/4540/1 3372/328/1 6830/329/1
f 6831/327/2 4407/326/2 2065/4536/2
f 5594/2933/2 6831/327/2 5591/2926/2
f 1286/4113/2 3201/325/2 6831/327/2
f 6832/324/2 4406/323/2 2064/3901/2
f 5598/2942/2 6832/324/2 5595/2935/2
f 1598/3873/2 3369/322/2 6832/324/2
f 6833/321/2 3202/258/2 1287/264/2
f 5602/2951/2 6833/321/2 5599/2944/2
f 1597/4531/2 3368/320/2 6833/321/2
f 6834/319/3 4403/318/3 2061/4527/3
f 5606/2959/3 6834/319/3 5603/2953/3
f 1289/585/3 3204/317/3 6834/319/3
f 6835/316/3 4402/315/3 2060/3932/3
f 5610/2968/3 6835/316/3 5607/2961/3
f 1594/3905/3 3365/314/3 6835/316/3
f 6836/313/3 4189/233/3 1648/262/3
f 5614/2977/3 6836/313/3 5611/2970/3
f 1593/4522/3 3364/312/3 6836/313/3
f 6837/310/7 4399/309/7 2053/4518/7
f 5620/2986/7 6837/310/7 5617/2979/7
f 1292/4551/7 3206/308/7 6837/310/7
f 6838/307/7 4398/306/7 2052/3964/7
f 5624/2995/7 6838/307/7 5621/2988/7
f 1586/3936/7 3361/305/7 6838/307/7
f 6839/304/7 4187/303/7 1646/4179/7
f 5628/3004/7 6839/304/7 5625/2997/7
f 1585/4513/7 3360/302/7 6839/304/7
f 1724/262/8 4215/233/8 3207/233/8
f 1584/45/8 3359/8/8 3135/8/8
f 1583/45/8 3358/8/8 3359/8/8
f 4213/233/3 3209/233/3 1300/262/3
f 1704/266/8 4211/255/8 3210/255/8
f 1568/47/8 3357/2/8 3138/2/8
f 1567/47/8 3356/2/8 3357/2/8
f 1702/260/8 4209/257/8 4195/257/8
f 1566/44/8 3355/42/8 4267/42/8
f 1565/44/8 3354/42/8 3355/42/8
f 1700/264/8 4207/258/8 3212/258/8
f 1564/46/8 3353/5/8 3140/5/8
f 1563/46/8 3352/5/8 3353/5/8
f 4205/255/1 3214/255/1 1306/266/1
f 4203/257/17 4197/257/17 1662/260/17
f 4201/258/2 3215/258/2 1307/264/2
f 4200/69/2 3235/69/2 1341/265/2
f 3232/69/2 4200/69/2 1691/265/2
f 3212/258/2 4201/258/2 1692/264/2
f 4202/71/17 4177/71/17 1628/261/17
f 4175/71/17 4202/71/17 1693/261/17
f 4195/257/17 4203/257/17 1694/260/17
f 4204/73/1 3234/73/1 1340/267/1
f 3230/73/1 4204/73/1 1695/267/1
f 3210/255/1 4205/255/1 1696/266/1
f 4278/67/8 3160/67/8 1196/51/8
f 4206/69/8 4387/69/8 2011/265/8
f 4387/69/8 4386/69/8 2010/265/8
f 3150/67/8 4278/67/8 1839/51/8
f 3222/69/8 4385/69/8 2009/265/8
f 4385/69/8 4384/69/8 2008/265/8
f 1287/264/8 3202/258/8 4207/258/8
f 1542/46/8 3347/5/8 4279/5/8
f 1541/46/8 3346/5/8 3347/5/8
f 4280/68/8 4247/68/8 1766/52/8
f 4208/71/8 4381/71/8 2005/261/8
f 4381/71/8 4380/71/8 2004/261/8
f 4244/68/8 4280/68/8 1841/52/8
f 4172/71/8 4379/71/8 2003/261/8
f 4379/71/8 4378/71/8 2002/261/8
f 1652/260/8 4192/257/8 4209/257/8
f 1536/44/8 3341/42/8 4281/42/8
f 1535/44/8 3340/42/8 3341/42/8
f 4282/63/8 3158/63/8 1194/54/8
f 4210/73/8 4375/73/8 1999/267/8
f 4375/73/8 4374/73/8 1998/267/8
f 3147/63/8 4282/63/8 1843/54/8
f 3219/73/8 4373/73/8 1997/267/8
f 4373/73/8 4372/73/8 1996/267/8
f 1284/266/8 3199/255/8 4211/255/8
f 1530/47/8 3335/2/8 4283/2/8
f 1529/47/8 3334/2/8 3335/2/8
f 4212/84/3 3229/84/3 1334/263/3
f 3227/84/3 4212/84/3 1705/263/3
f 3207/233/3 4213/233/3 1706/262/3
f 5634/251/37 4369/251/58 1965/80/5
f 5636/250/37 4368/250/40 1964/249/44
f 4465/247/33 4367/247/49 1961/19/38
f 5637/245/57 3582/245/61 804/25/9
f 5642/244/10 4365/244/61 1955/81/61
f 5644/243/10 4364/243/60 1954/242/5
f 3055/82/43 5646/241/37 4363/241/59
f 3056/239/42 5648/240/58 4362/240/56
f 4286/66/8 3155/66/8 1186/65/8
f 4214/84/8 4361/84/8 1947/263/8
f 4361/84/8 4360/84/8 1946/263/8
f 4241/66/8 4286/66/8 1864/65/8
f 4169/84/8 4359/84/8 1945/263/8
f 4359/84/8 4358/84/8 1944/263/8
f 1648/262/8 4189/233/8 4215/233/8
f 1478/45/8 3321/8/8 4287/8/8
f 1477/45/8 3320/8/8 3321/8/8
f 6840/232/7 4355/231/7 1941/4509/7
f 5652/3024/7 6840/232/7 5649/3017/7
f 1401/3947/7 3252/230/7 6840/232/7
f 6841/229/7 4354/228/7 1940/4006/7
f 5656/3033/7 6841/229/7 5653/3026/7
f 1474/3968/7 3317/227/7 6841/229/7
f 6842/226/7 4167/225/7 1612/4149/7
f 5660/3042/7 6842/226/7 5657/3035/7
f 1473/4504/7 3316/224/7 6842/226/7
f 6843/223/7 4351/222/7 1937/4500/7
f 5664/3051/7 6843/223/7 5661/3044/7
f 1402/4078/7 3253/221/7 6843/223/7
f 6844/220/7 4350/219/7 1936/4058/7
f 5668/3060/7 6844/220/7 5665/3053/7
f 1470/4010/7 3313/218/7 6844/220/7
f 6845/217/7 4218/216/7 1727/3991/7
f 5672/3069/7 6845/217/7 5669/3062/7
f 1469/4495/7 3312/215/7 6845/217/7
f 6846/214/7 4347/213/7 1933/4491/7
f 5676/3078/7 6846/214/7 5673/3071/7
f 1326/4552/7 3226/212/7 6846/214/7
f 6847/211/7 4346/210/7 1932/4098/7
f 5680/3087/7 6847/211/7 5677/3080/7
f 1466/4062/7 3309/209/7 6847/211/7
f 6848/208/7 4219/207/7 1728/3954/7
f 5684/3096/7 6848/208/7 5681/3089/7
f 1465/4486/7 3308/206/7 6848/208/7
f 3068/95/33 5686/205/52 4343/205/46
f 2411/202/33 4515/204/38 4342/204/13
f 3069/96/44 5688/201/9 4341/201/40
f 3070/199/33 5690/200/49 4340/200/6
f 6849/198/3 4339/197/3 1921/4482/3
f 5694/3105/3 6849/198/3 5691/3098/3
f 1409/3916/3 3256/196/3 6849/198/3
f 6850/195/3 4338/194/3 1920/4128/3
f 5698/3114/3 6850/195/3 5695/3107/3
f 1454/4102/3 3301/193/3 6850/195/3
f 6851/192/3 4169/84/3 1614/263/3
f 5702/3122/3 6851/192/3 5699/3116/3
f 1453/4477/3 3300/191/3 6851/192/3
f 6852/190/3 4335/189/3 1917/4473/3
f 5706/3131/3 6852/190/3 5703/3124/3
f 1410/4173/3 3257/188/3 6852/190/3
f 6853/187/3 4334/186/3 1916/4158/3
f 5710/3140/3 6853/187/3 5707/3133/3
f 1450/4132/3 3297/185/3 6853/187/3
f 6854/184/3 4222/183/3 1735/4119/3
f 5714/3149/3 6854/184/3 5711/3142/3
f 1449/4468/3 3296/182/3 6854/184/3
f 6855/181/3 4331/180/3 1913/4464/3
f 5718/3157/3 6855/181/3 5715/3151/3
f 1323/452/3 3224/179/3 6855/181/3
f 6856/178/3 4330/177/3 1912/4188/3
f 5722/3166/3 6856/178/3 5719/3159/3
f 1446/4162/3 3293/176/3 6856/178/3
f 6857/175/3 4223/174/3 1736/3923/3
f 5726/3175/3 6857/175/3 5723/3168/3
f 1445/4459/3 3292/173/3 6857/175/3
f 6858/172/2 4327/171/2 1909/4455/2
f 5730/3184/2 6858/172/2 5727/3177/2
f 1413/3885/2 3260/170/2 6858/172/2
f 6859/169/2 4326/168/2 1908/4218/2
f 5734/3193/2 6859/169/2 5731/3186/2
f 1442/4192/2 3289/167/2 6859/169/2
f 6860/166/2 3222/69/2 1321/265/2
f 5738/3201/2 6860/166/2 5735/3195/2
f 1441/4450/2 3288/165/2 6860/166/2
f 6861/164/2 4323/163/2 1905/4446/2
f 5742/3210/2 6861/164/2 5739/3203/2
f 1414/4280/2 3261/162/2 6861/164/2
f 6862/161/2 4322/160/2 1904/4260/2
f 5746/3219/2 6862/161/2 5743/3212/2
f 1438/4222/2 3285/159/2 6862/161/2
f 6863/158/2 4226/157/2 1739/4209/2
f 5750/3228/2 6863/158/2 5747/3221/2
f 1437/4441/2 3284/156/2 6863/158/2
f 6864/155/2 4319/154/2 1901/4437/2
f 5754/3237/2 6864/155/2 5751/3230/2
f 1320/4143/2 3221/153/2 6864/155/2
f 6865/152/2 4318/151/2 1900/4300/2
f 5758/3246/2 6865/152/2 5755/3239/2
f 1434/4264/2 3281/150/2 6865/152/2
f 6866/149/2 4227/148/2 1740/3892/2
f 5762/3255/2 6866/149/2 5759/3248/2
f 1433/4432/2 3280/147/2 6866/149/2
f 6867/146/1 4315/145/1 1897/4428/1
f 5766/3264/1 6867/146/1 5763/3257/1
f 1417/3853/1 3264/144/1 6867/146/1
f 6868/143/1 4314/142/1 1896/4325/1
f 5770/3273/1 6868/143/1 5767/3266/1
f 1430/4304/1 3277/141/1 6868/143/1
f 6869/140/1 3219/73/1 1318/267/1
f 5774/3281/1 6869/140/1 5771/3275/1
f 1429/4423/1 3276/139/1 6869/140/1
f 6870/138/1 4311/137/1 1893/4419/1
f 5778/3290/1 6870/138/1 5775/3283/1
f 1418/4381/1 3265/136/1 6870/138/1
f 6871/135/1 4310/134/1 1892/4361/1
f 5782/3299/1 6871/135/1 5779/3292/1
f 1426/4329/1 3273/133/1 6871/135/1
f 6872/132/1 4230/131/1 1743/4318/1
f 5786/3308/1 6872/132/1 5783/3301/1
f 1425/4414/1 3272/130/1 6872/132/1
f 6873/129/1 4307/128/1 1889/4410/1
f 5790/3317/1 6873/129/1 5787/3310/1
f 1317/4239/1 3218/127/1 6873/129/1
f 6874/126/1 4306/125/1 1888/4401/1
f 5794/3326/1 6874/126/1 5791/3319/1
f 1422/4365/1 3269/124/1 6874/126/1
f 6875/123/1 4231/122/1 1744/3860/1
f 5798/3335/1 6875/123/1 5795/3328/1
f 1421/4405/1 3268/121/1 6875/123/1
f 6876/120/1 4303/119/1 1885/3848/1
f 5802/3344/1 6876/120/1 5799/3337/1
f 1176/4255/1 3146/118/1 6876/120/1
f 6877/117/1 4302/116/1 1884/4311/1
f 5806/3353/1 6877/117/1 5803/3346/1
f 1278/4396/1 3193/115/1 6877/117/1
f 6878/114/1 3147/63/1 1177/54/1
f 5810/3361/1 6878/114/1 5807/3355/1
f 1277/3864/1 3192/113/1 6878/114/1
f 6879/112/2 4299/111/2 1881/3880/2
f 5814/3370/2 6879/112/2 5811/3363/2
f 1179/4153/2 3149/110/2 6879/112/2
f 6880/109/2 4298/108/2 1880/4199/2
f 5818/3379/2 6880/109/2 5815/3372/2
f 1274/4295/2 3189/107/2 6880/109/2
f 6881/106/2 3150/67/2 1180/51/2
f 5822/3387/2 6881/106/2 5819/3381/2
f 1273/3896/2 3188/105/2 6881/106/2
f 6882/104/3 4295/103/3 1877/3912/3
f 5826/3395/3 6882/104/3 5823/3389/3
f 1182/453/3 3152/102/3 6882/104/3
f 6883/101/3 4294/100/3 1876/4109/3
f 5830/3404/3 6883/101/3 5827/3397/3
f 1270/4183/3 3185/99/3 6883/101/3
f 6884/98/3 4241/66/3 1754/65/3
f 5834/3412/3 6884/98/3 5831/3406/3
f 1269/3927/3 3184/97/3 6884/98/3
f 6885/94/7 4291/93/7 1869/3943/7
f 5839/3421/7 6885/94/7 5836/3414/7
f 1185/450/7 3154/92/7 6885/94/7
f 6886/91/7 4290/90/7 1868/3975/7
f 5843/3430/7 6886/91/7 5840/3423/7
f 1262/4093/7 3181/89/7 6886/91/7
f 6887/88/7 4239/87/7 1752/4139/7
f 5847/3439/7 6887/88/7 5844/3432/7
f 1261/3958/7 3180/86/7 6887/88/7
f 1788/45/8 4261/8/8 3320/8/8
f 4358/84/8 4214/84/8 1723/263/8
f 4360/84/8 3227/84/8 1327/263/8
f 3135/8/3 4285/8/3 1846/45/3
f 3155/66/3 4284/66/3 1845/65/3
f 4284/66/3 3157/66/3 1193/65/3
f 1143/47/8 3127/2/8 3334/2/8
f 4372/73/8 4210/73/8 1703/267/8
f 4374/73/8 3230/73/8 1335/267/8
f 1792/44/8 4264/42/8 3340/42/8
f 4378/71/8 4208/71/8 1701/261/8
f 4380/71/8 4175/71/8 1626/261/8
f 1146/46/8 3130/5/8 3346/5/8
f 4384/69/8 4206/69/8 1699/265/8
f 4386/69/8 3232/69/8 1337/265/8
f 3138/2/1 4277/2/1 1836/47/1
f 3158/63/1 4276/63/1 1835/54/1
f 4276/63/1 3162/63/1 1199/54/1
f 4267/42/17 4275/42/17 1834/44/17
f 4247/68/17 4274/68/17 1833/52/17
f 4274/68/17 4249/68/17 1768/52/17
f 3140/5/2 4273/5/2 1832/46/2
f 3160/67/2 4272/67/2 1831/51/2
f 4272/67/2 3163/67/2 1200/51/2
f 4273/5/2 3143/5/2 1166/46/2
f 4275/42/17 4269/42/17 1802/44/17
f 4277/2/1 3142/2/1 1165/47/1
f 1840/46/8 4279/5/8 3352/5/8
f 1842/44/8 4281/42/8 3354/42/8
f 1844/47/8 4283/2/8 3356/2/8
f 4285/8/3 3137/8/3 1159/45/3
f 1865/45/8 4287/8/8 3358/8/8
f 6888/14/7 4259/13/7 1786/4169/7
f 5853/3450/7 6888/14/7 5850/3443/7
f 1151/4553/7 3134/12/7 6888/14/7
f 6889/9/3 4261/8/3 1788/45/3
f 5859/3457/3 6889/9/3 5856/3452/3
f 1148/586/3 3132/7/3 6889/9/3
f 6890/6/2 3130/5/2 1146/46/2
f 5863/3465/2 6890/6/2 5860/3459/2
f 1145/4123/2 3129/4/2 6890/6/2
f 6891/3/1 3127/2/1 1143/47/1
f 5867/3473/1 6891/3/1 5864/3467/1
f 1142/4213/1 3126/1/1 6891/3/1
f 440/16/100 83/16/100 4010/3077/97
f 83/16/100 565/16/100 1326/4552/97
f 4010/3077/97 83/16/100 1326/4552/97
f 172/16/100 396/16/100 4190/1297/97
f 396/16/100 9/16/101 3406/1007/97
f 396/16/100 1650/4548/97 4190/1297/97
f 565/16/100 172/16/100 223/83/97
f 609/16/100 220/16/100 1790/4549/97
f 220/16/100 440/16/100 612/21/97
f 1790/4549/97 220/16/100 3478/657/97
f 4262/2347/97 1/16/101 609/16/100
f 1790/4549/97 4262/2347/97 609/16/100
f 3478/657/97 220/16/100 612/21/97
f 1650/4548/97 396/16/100 3406/1007/97
f 9/16/101 615/21/74 443/27/97
f 9/16/101 443/27/97 3406/1007/97
f 612/21/97 440/16/100 4010/3077/97
f 615/21/74 228/83/74 532/27/73
f 228/83/74 446/27/74 532/27/73
f 615/21/74 532/27/73 3938/3420/97
f 1326/4552/97 565/16/100 3226/212/97
f 3226/212/97 565/16/100 223/83/97
f 223/83/97 172/16/100 4190/1297/97
f 532/27/73 1258/450/72 1185/450/97
f 1258/450/72 155/28/82 3154/92/97
f 443/27/97 615/21/74 3938/3420/97
f 155/28/82 1863/4550/99 4242/2639/97
f 3938/3420/97 532/27/73 1185/450/97
f 701/79/98 571/79/74 180/253/74
f 1863/4550/99 701/79/98 1756/4550/97
f 1185/450/97 1258/450/72 3154/92/97
f 701/79/98 180/253/74 402/254/74
f 402/254/74 11/17/101 568/79/97
f 11/17/101 401/17/96 3990/2985/97
f 3990/2985/97 401/17/96 1292/4551/97
f 401/17/96 179/17/96 3206/308/97
f 1292/4551/97 401/17/96 3206/308/97
f 701/79/98 402/254/74 3458/426/97
f 570/17/96 90/17/96 1616/4547/97
f 90/17/96 445/17/96 3386/1074/97
f 11/17/101 3990/2985/97 568/79/97
f 179/17/96 570/17/96 175/253/97
f 3154/92/97 155/28/82 86/28/97
f 179/17/96 175/253/97 3206/308/97
f 90/17/96 3386/1074/97 1616/4547/97
f 445/17/96 227/17/96 399/254/97
f 227/17/96 614/17/96 1151/4553/97
f 614/17/96 5/17/101 3134/12/97
f 614/17/96 3134/12/97 1151/4553/97
f 227/17/96 1151/4553/97 3918/3449/97
f 86/28/97 155/28/82 4242/2639/97
f 4242/2639/97 1863/4550/99 1756/4550/97
f 227/17/96 3918/3449/97 399/254/97
f 445/17/96 399/254/97 3386/1074/97
f 3458/426/97 1756/4550/97 701/79/98
f 568/79/97 3458/426/97 402/254/74
f 570/17/96 1616/4547/97 4170/1188/97
