# Blender 5.0.1
# www.blender.org
o map0_tess
v -10.000000 -9.999999 10.000001
v -10.000000 -9.999999 9.000001
v -10.000000 -8.999999 9.000001
v -10.000000 -8.999999 10.000001
v -10.000000 -8.000000 9.000001
v -10.000000 -7.999999 10.000001
v -10.000000 -7.000000 9.000001
v -10.000000 -6.999999 10.000001
v -10.000000 -6.000000 9.000000
v -10.000000 -5.999999 10.000000
v -10.000000 -5.000000 9.000000
v -10.000000 -4.999999 10.000000
v -10.000000 -3.999999 9.000000
v -10.000000 -3.999999 10.000000
v -10.000000 -2.999999 9.000000
v -10.000000 -2.999999 10.000000
v -10.000000 -1.999999 9.000000
v -10.000000 -1.999999 10.000000
v -10.000000 -0.999999 9.000000
v -10.000000 -0.999999 10.000000
v -10.000000 0.000001 9.000000
v -10.000000 0.000001 10.000000
v -10.000000 1.000001 9.000000
v -10.000000 1.000001 10.000000
v -10.000000 2.000001 9.000000
v -10.000000 2.000001 10.000000
v -10.000000 3.000001 9.000000
v -10.000000 3.000001 10.000000
v -10.000000 4.000000 9.000000
v -10.000000 4.000001 10.000000
v -10.000000 5.000000 9.000000
v -10.000000 5.000001 10.000000
v -10.000000 6.000000 9.000000
v -10.000000 6.000001 10.000000
v -10.000000 7.000000 8.999999
v -10.000000 7.000001 9.999999
v -10.000000 8.000001 8.999999
v -10.000000 8.000001 9.999999
v -10.000000 9.000001 8.999999
v -10.000000 9.000001 9.999999
v -10.000000 10.000001 8.999999
v -10.000000 10.000001 9.999999
v -10.000000 -9.999999 8.000001
v -10.000000 -8.999999 8.000001
v -10.000000 -8.000000 8.000001
v -10.000000 -7.000000 8.000001
v -10.000000 -6.000000 8.000000
v -10.000000 -5.000000 8.000000
v -10.000000 -3.999999 8.000000
v -10.000000 -2.999999 8.000000
v -10.000000 -1.999999 8.000000
v -10.000000 -0.999999 8.000000
v -10.000000 0.000001 8.000000
v -10.000000 1.000001 8.000000
v -10.000000 2.000001 8.000000
v -10.000000 3.000001 8.000000
v -10.000000 4.000000 8.000000
v -10.000000 5.000000 8.000000
v -10.000000 6.000000 8.000000
v -10.000000 7.000000 8.000000
v -10.000000 8.000001 8.000000
v -10.000000 9.000001 8.000000
v -10.000000 10.000001 7.999999
v -10.000000 -9.999999 7.000001
v -10.000000 -8.999999 7.000000
v -10.000000 -8.000000 7.000000
v -10.000000 -7.000000 7.000000
v -10.000000 -6.000000 7.000000
v -10.000000 -5.000000 7.000000
v -10.000000 -4.000000 7.000000
v -10.000000 -3.000000 7.000000
v -10.000000 -2.000000 7.000000
v -10.000000 -0.999999 7.000000
v -10.000000 0.000001 7.000000
v -10.000000 1.000000 7.000000
v -10.000000 2.000000 7.000000
v -10.000000 3.000000 7.000000
v -10.000000 4.000000 7.000000
v -10.000000 5.000000 7.000000
v -10.000000 6.000000 7.000000
v -10.000000 7.000000 7.000000
v -10.000000 8.000001 7.000000
v -10.000000 9.000001 7.000000
v -10.000000 10.000001 6.999999
v -10.000000 -10.000000 6.000001
v -10.000000 -9.000000 6.000000
v -10.000000 -8.000000 6.000000
v -10.000000 -7.000000 6.000000
v -10.000000 -6.000000 6.000000
v -10.000000 -5.000000 6.000000
v -10.000000 -4.000000 6.000000
v -10.000000 -3.000000 6.000000
v -10.000000 -2.000000 6.000000
v -10.000000 -1.000000 6.000000
v -10.000000 0.000000 6.000000
v -10.000000 1.000000 6.000000
v -10.000000 2.000000 6.000000
v -10.000000 3.000000 6.000000
v -10.000000 4.000000 6.000000
v -10.000000 5.000000 6.000000
v -10.000000 6.000000 6.000000
v -10.000000 7.000000 6.000000
v -10.000000 8.000000 6.000000
v -10.000000 9.000000 6.000000
v -10.000000 10.000000 5.999999
v -10.000000 -10.000000 5.000001
v -10.000000 -9.000000 5.000000
v -10.000000 -8.000000 5.000000
v -10.000000 -7.000000 5.000000
v -10.000000 -6.000000 5.000000
v -10.000000 -5.000000 5.000000
v -10.000000 -4.000000 5.000000
v -10.000000 -3.000000 5.000000
v -10.000000 -2.000000 5.000000
v -10.000000 -1.000000 5.000000
v -10.000000 0.000000 5.000000
v -10.000000 1.000000 5.000000
v -10.000000 2.000000 5.000000
v -10.000000 3.000000 5.000000
v -10.000000 4.000000 5.000000
v -10.000000 5.000000 5.000000
v -10.000000 6.000000 5.000000
v -10.000000 7.000000 5.000000
v -10.000000 8.000000 5.000000
v -10.000000 9.000000 5.000000
v -10.000000 10.000000 4.999999
v -10.000000 -10.000000 4.000001
v -10.000000 -9.000000 4.000000
v -10.000000 -8.000000 4.000000
v -10.000000 -7.000000 4.000000
v -10.000000 -6.000000 4.000000
v -10.000000 -5.000000 4.000000
v -10.000000 -4.000000 4.000000
v -10.000000 -3.000000 4.000000
v -10.000000 -2.000000 4.000000
v -10.000000 -1.000000 4.000000
v -10.000000 0.000000 4.000000
v -10.000000 1.000000 4.000000
v -10.000000 2.000000 4.000000
v -10.000000 3.000000 4.000000
v -10.000000 4.000000 4.000000
v -10.000000 5.000000 4.000000
v -10.000000 6.000000 4.000000
v -10.000000 7.000000 4.000000
v -10.000000 8.000000 3.999999
v -10.000000 9.000000 3.999999
v -10.000000 10.000000 3.999999
v -10.000000 -10.000000 3.000001
v -10.000000 -9.000000 3.000001
v -10.000000 -8.000000 3.000001
v -10.000000 -7.000000 3.000000
v -10.000000 -6.000000 3.000000
v -10.000000 -5.000000 3.000000
v -10.000000 -4.000000 3.000000
v -10.000000 -3.000000 3.000000
v -10.000000 -2.000000 3.000000
v -10.000000 -1.000000 3.000000
v -10.000000 0.000000 3.000000
v -10.000000 1.000000 3.000000
v -10.000000 2.000000 3.000000
v -10.000000 3.000000 3.000000
v -10.000000 4.000000 3.000000
v -10.000000 5.000000 3.000000
v -10.000000 6.000000 3.000000
v -10.000000 7.000000 3.000000
v -10.000000 8.000000 2.999999
v -10.000000 9.000000 2.999999
v -10.000000 10.000000 2.999999
v -10.000000 -10.000000 2.000001
v -10.000000 -9.000000 2.000001
v -10.000000 -8.000000 2.000001
v -10.000000 -7.000000 2.000000
v -10.000000 -6.000000 2.000000
v -10.000000 -5.000000 2.000000
v -10.000000 -4.000000 2.000000
v -10.000000 -3.000000 2.000000
v -10.000000 -2.000000 2.000000
v -10.000000 -1.000000 2.000000
v -10.000000 0.000000 2.000000
v -10.000000 1.000000 2.000000
v -10.000000 2.000000 2.000000
v -10.000000 3.000000 2.000000
v -10.000000 4.000000 2.000000
v -10.000000 5.000000 2.000000
v -10.000000 6.000000 2.000000
v -10.000000 7.000000 2.000000
v -10.000000 8.000000 1.999999
v -10.000000 9.000000 1.999999
v -10.000000 10.000000 1.999999
v -10.000000 -10.000000 1.000001
v -10.000000 -9.000000 1.000001
v -10.000000 -8.000000 1.000001
v -10.000000 -7.000000 1.000000
v -10.000000 -6.000000 1.000000
v -10.000000 -5.000000 1.000000
v -10.000000 -4.000000 1.000000
v -10.000000 -3.000000 1.000000
v -10.000000 -2.000000 1.000000
v -10.000000 -1.000000 1.000000
v -10.000000 0.000000 1.000000
v -10.000000 1.000000 1.000000
v -10.000000 2.000000 1.000000
v -10.000000 3.000000 1.000000
v -10.000000 4.000000 1.000000
v -10.000000 5.000000 1.000000
v -10.000000 6.000000 1.000000
v -10.000000 7.000000 0.999999
v -10.000000 8.000000 0.999999
v -10.000000 9.000000 0.999999
v -10.000000 10.000000 0.999999
v -10.000000 -10.000000 0.000001
v -10.000000 -9.000000 0.000001
v -10.000000 -8.000000 0.000001
v -10.000000 -7.000000 0.000001
v -10.000000 -6.000000 0.000000
v -10.000000 -5.000000 0.000000
v -10.000000 -4.000000 0.000000
v -10.000000 -3.000000 0.000000
v -10.000000 -2.000000 0.000000
v -10.000000 -1.000000 0.000000
v -10.000000 0.000000 0.000000
v -10.000000 1.000000 -0.000000
v -10.000000 2.000000 -0.000000
v -10.000000 3.000000 -0.000000
v -10.000000 4.000000 -0.000000
v -10.000000 5.000000 -0.000000
v -10.000000 6.000000 -0.000000
v -10.000000 7.000000 -0.000001
v -10.000000 8.000000 -0.000001
v -10.000000 9.000000 -0.000001
v -10.000000 10.000000 -0.000001
v -10.000000 -10.000000 -0.999999
v -10.000000 -9.000000 -0.999999
v -10.000000 -8.000000 -0.999999
v -10.000000 -7.000000 -0.999999
v -10.000000 -6.000000 -1.000000
v -10.000000 -5.000000 -1.000000
v -10.000000 -4.000000 -1.000000
v -10.000000 -3.000000 -1.000000
v -10.000000 -2.000000 -1.000000
v -10.000000 -1.000000 -1.000000
v -10.000000 -0.000000 -1.000000
v -10.000000 1.000000 -1.000000
v -10.000000 2.000000 -1.000000
v -10.000000 3.000000 -1.000000
v -10.000000 4.000000 -1.000000
v -10.000000 5.000000 -1.000000
v -10.000000 6.000000 -1.000000
v -10.000000 7.000000 -1.000000
v -10.000000 8.000000 -1.000001
v -10.000000 9.000000 -1.000001
v -10.000000 10.000000 -1.000001
v -10.000000 -10.000000 -1.999999
v -10.000000 -9.000000 -1.999999
v -10.000000 -8.000000 -1.999999
v -10.000000 -7.000000 -2.000000
v -10.000000 -6.000000 -2.000000
v -10.000000 -5.000000 -2.000000
v -10.000000 -4.000000 -2.000000
v -10.000000 -3.000000 -2.000000
v -10.000000 -2.000000 -2.000000
v -10.000000 -1.000000 -2.000000
v -10.000000 -0.000000 -2.000000
v -10.000000 1.000000 -2.000000
v -10.000000 2.000000 -2.000000
v -10.000000 3.000000 -2.000000
v -10.000000 4.000000 -2.000000
v -10.000000 5.000000 -2.000000
v -10.000000 6.000000 -2.000000
v -10.000000 7.000000 -2.000000
v -10.000000 8.000000 -2.000001
v -10.000000 9.000000 -2.000001
v -10.000000 10.000000 -2.000001
v -10.000000 -10.000000 -2.999999
v -10.000000 -9.000000 -2.999999
v -10.000000 -8.000000 -2.999999
v -10.000000 -7.000000 -3.000000
v -10.000000 -6.000000 -3.000000
v -10.000000 -5.000000 -3.000000
v -10.000000 -4.000000 -3.000000
v -10.000000 -3.000000 -3.000000
v -10.000000 -2.000000 -3.000000
v -10.000000 -1.000000 -3.000000
v -10.000000 -0.000000 -3.000000
v -10.000000 1.000000 -3.000000
v -10.000000 2.000000 -3.000000
v -10.000000 3.000000 -3.000000
v -10.000000 4.000000 -3.000000
v -10.000000 5.000000 -3.000000
v -10.000000 6.000000 -3.000000
v -10.000000 7.000000 -3.000000
v -10.000000 8.000000 -3.000001
v -10.000000 9.000000 -3.000001
v -10.000000 10.000000 -3.000001
v -10.000000 -10.000000 -3.999999
v -10.000000 -9.000000 -3.999999
v -10.000000 -8.000000 -3.999999
v -10.000000 -7.000000 -4.000000
v -10.000000 -6.000000 -4.000000
v -10.000000 -5.000000 -4.000000
v -10.000000 -4.000000 -4.000000
v -10.000000 -3.000000 -4.000000
v -10.000000 -2.000000 -4.000000
v -10.000000 -1.000000 -4.000000
v -10.000000 -0.000000 -4.000000
v -10.000000 1.000000 -4.000000
v -10.000000 2.000000 -4.000000
v -10.000000 3.000000 -4.000000
v -10.000000 4.000000 -4.000000
v -10.000000 5.000000 -4.000000
v -10.000000 6.000000 -4.000000
v -10.000000 7.000000 -4.000000
v -10.000000 8.000000 -4.000000
v -10.000000 9.000000 -4.000000
v -10.000000 10.000000 -4.000001
v -10.000000 -10.000000 -4.999999
v -10.000000 -9.000000 -5.000000
v -10.000000 -8.000000 -5.000000
v -10.000000 -7.000000 -5.000000
v -10.000000 -6.000000 -5.000000
v -10.000000 -5.000000 -5.000000
v -10.000000 -4.000000 -5.000000
v -10.000000 -3.000000 -5.000000
v -10.000000 -2.000000 -5.000000
v -10.000000 -1.000000 -5.000000
v -10.000000 -0.000000 -5.000000
v -10.000000 1.000000 -5.000000
v -10.000000 2.000000 -5.000000
v -10.000000 3.000000 -5.000000
v -10.000000 4.000000 -5.000000
v -10.000000 5.000000 -5.000000
v -10.000000 6.000000 -5.000000
v -10.000000 7.000000 -5.000000
v -10.000000 8.000000 -5.000000
v -10.000000 9.000000 -5.000000
v -10.000000 10.000000 -5.000001
v -10.000000 -10.000000 -5.999999
v -10.000000 -9.000000 -6.000000
v -10.000000 -8.000000 -6.000000
v -10.000000 -7.000000 -6.000000
v -10.000000 -6.000000 -6.000000
v -10.000000 -5.000000 -6.000000
v -10.000000 -4.000000 -6.000000
v -10.000000 -3.000000 -6.000000
v -10.000000 -2.000000 -6.000000
v -10.000000 -1.000000 -6.000000
v -10.000000 -0.000000 -6.000000
v -10.000000 1.000000 -6.000000
v -10.000000 2.000000 -6.000000
v -10.000000 3.000000 -6.000000
v -10.000000 4.000000 -6.000000
v -10.000000 5.000000 -6.000000
v -10.000000 6.000000 -6.000000
v -10.000000 7.000000 -6.000000
v -10.000000 8.000000 -6.000000
v -10.000000 9.000000 -6.000000
v -10.000000 10.000000 -6.000001
v -10.000000 -10.000001 -6.999999
v -10.000000 -9.000001 -7.000000
v -10.000000 -8.000001 -7.000000
v -10.000000 -7.000000 -7.000000
v -10.000000 -6.000000 -7.000000
v -10.000000 -5.000000 -7.000000
v -10.000000 -4.000000 -7.000000
v -10.000000 -3.000000 -7.000000
v -10.000000 -2.000000 -7.000000
v -10.000000 -1.000000 -7.000000
v -10.000000 -0.000001 -7.000000
v -10.000000 0.999999 -7.000000
v -10.000000 2.000000 -7.000000
v -10.000000 3.000000 -7.000000
v -10.000000 4.000000 -7.000000
v -10.000000 5.000000 -7.000000
v -10.000000 6.000000 -7.000000
v -10.000000 7.000000 -7.000000
v -10.000000 8.000000 -7.000000
v -10.000000 8.999999 -7.000000
v -10.000000 9.999999 -7.000001
v -10.000000 -10.000001 -7.999999
v -10.000000 -9.000001 -8.000000
v -10.000000 -8.000001 -8.000000
v -10.000000 -7.000000 -8.000000
v -10.000000 -6.000000 -8.000000
v -10.000000 -5.000000 -8.000000
v -10.000000 -4.000000 -8.000000
v -10.000000 -3.000001 -8.000000
v -10.000000 -2.000001 -8.000000
v -10.000000 -1.000001 -8.000000
v -10.000000 -0.000001 -8.000000
v -10.000000 0.999999 -8.000000
v -10.000000 1.999999 -8.000000
v -10.000000 2.999999 -8.000000
v -10.000000 3.999999 -8.000000
v -10.000000 5.000000 -8.000000
v -10.000000 6.000000 -8.000000
v -10.000000 7.000000 -8.000001
v -10.000000 8.000000 -8.000001
v -10.000000 8.999999 -8.000001
v -10.000000 9.999999 -8.000001
v -10.000000 -10.000001 -8.999999
v -10.000000 -9.000001 -8.999999
v -10.000000 -8.000001 -8.999999
v -10.000000 -7.000000 -8.999999
v -10.000000 -6.000000 -9.000000
v -10.000000 -5.000000 -9.000000
v -10.000000 -4.000000 -9.000000
v -10.000000 -3.000001 -9.000000
v -10.000000 -2.000001 -9.000000
v -10.000000 -1.000001 -9.000000
v -10.000000 -0.000001 -9.000000
v -10.000000 0.999999 -9.000000
v -10.000000 1.999999 -9.000000
v -10.000000 2.999999 -9.000000
v -10.000000 3.999999 -9.000000
v -10.000000 5.000000 -9.000000
v -10.000000 6.000000 -9.000000
v -10.000000 7.000000 -9.000001
v -10.000000 8.000000 -9.000001
v -10.000000 8.999999 -9.000001
v -10.000000 9.999999 -9.000001
v -10.000000 -10.000001 -9.999999
v -10.000000 -9.000001 -9.999999
v -10.000000 -8.000001 -9.999999
v -10.000000 -7.000001 -9.999999
v -10.000000 -6.000001 -10.000000
v -10.000000 -5.000001 -10.000000
v -10.000000 -4.000001 -10.000000
v -10.000000 -3.000001 -10.000000
v -10.000000 -2.000001 -10.000000
v -10.000000 -1.000001 -10.000000
v -10.000000 -0.000001 -10.000000
v -10.000000 0.999999 -10.000000
v -10.000000 1.999999 -10.000000
v -10.000000 2.999999 -10.000000
v -10.000000 3.999999 -10.000000
v -10.000000 4.999999 -10.000000
v -10.000000 5.999999 -10.000000
v -10.000000 6.999999 -10.000001
v -10.000000 7.999999 -10.000001
v -10.000000 8.999999 -10.000001
v -10.000000 9.999999 -10.000001
v -10.000000 -10.000001 -9.999999
v -9.000000 -10.000001 -9.999999
v -9.000000 -9.000001 -9.999999
v -10.000000 -9.000001 -9.999999
v -9.000000 -8.000001 -9.999999
v -10.000000 -8.000001 -9.999999
v -9.000000 -7.000001 -9.999999
v -10.000000 -7.000001 -9.999999
v -9.000000 -6.000001 -10.000000
v -10.000000 -6.000001 -10.000000
v -9.000000 -5.000001 -10.000000
v -10.000000 -5.000001 -10.000000
v -9.000000 -4.000001 -10.000000
v -10.000000 -4.000001 -10.000000
v -9.000000 -3.000001 -10.000000
v -10.000000 -3.000001 -10.000000
v -9.000000 -2.000001 -10.000000
v -10.000000 -2.000001 -10.000000
v -9.000000 -1.000001 -10.000000
v -10.000000 -1.000001 -10.000000
v -9.000000 -0.000001 -10.000000
v -10.000000 -0.000001 -10.000000
v -9.000000 0.999999 -10.000000
v -10.000000 0.999999 -10.000000
v -9.000000 1.999999 -10.000000
v -10.000000 1.999999 -10.000000
v -9.000000 2.999999 -10.000000
v -10.000000 2.999999 -10.000000
v -9.000000 3.999999 -10.000000
v -10.000000 3.999999 -10.000000
v -9.000000 4.999999 -10.000000
v -10.000000 4.999999 -10.000000
v -9.000000 5.999999 -10.000000
v -10.000000 5.999999 -10.000000
v -9.000000 6.999999 -10.000001
v -10.000000 6.999999 -10.000001
v -9.000000 7.999999 -10.000001
v -10.000000 7.999999 -10.000001
v -9.000000 8.999999 -10.000001
v -10.000000 8.999999 -10.000001
v -9.000000 9.999999 -10.000001
v -10.000000 9.999999 -10.000001
v -8.000000 -10.000001 -9.999999
v -8.000000 -9.000001 -9.999999
v -8.000000 -8.000001 -9.999999
v -8.000000 -7.000001 -9.999999
v -8.000000 -6.000001 -10.000000
v -8.000000 -5.000001 -10.000000
v -8.000000 -4.000001 -10.000000
v -8.000000 -3.000001 -10.000000
v -8.000000 -2.000001 -10.000000
v -8.000000 -1.000001 -10.000000
v -8.000000 -0.000001 -10.000000
v -8.000000 0.999999 -10.000000
v -8.000000 1.999999 -10.000000
v -8.000000 2.999999 -10.000000
v -8.000000 3.999999 -10.000000
v -8.000000 4.999999 -10.000000
v -8.000000 5.999999 -10.000000
v -8.000000 6.999999 -10.000001
v -8.000000 7.999999 -10.000001
v -8.000000 8.999999 -10.000001
v -8.000000 9.999999 -10.000001
v -7.000000 -10.000001 -9.999999
v -7.000000 -9.000001 -9.999999
v -7.000000 -8.000001 -9.999999
v -7.000000 -7.000001 -9.999999
v -7.000000 -6.000001 -10.000000
v -7.000000 -5.000001 -10.000000
v -7.000000 -4.000001 -10.000000
v -7.000000 -3.000001 -10.000000
v -7.000000 -2.000001 -10.000000
v -7.000000 -1.000001 -10.000000
v -7.000000 -0.000001 -10.000000
v -7.000000 0.999999 -10.000000
v -7.000000 1.999999 -10.000000
v -7.000000 2.999999 -10.000000
v -7.000000 3.999999 -10.000000
v -7.000000 4.999999 -10.000000
v -7.000000 5.999999 -10.000000
v -7.000000 6.999999 -10.000001
v -7.000000 7.999999 -10.000001
v -7.000000 8.999999 -10.000001
v -7.000000 9.999999 -10.000001
v -6.000000 -10.000001 -9.999999
v -6.000000 -9.000001 -9.999999
v -6.000000 -8.000001 -9.999999
v -6.000000 -7.000001 -9.999999
v -6.000000 -6.000001 -10.000000
v -6.000000 -5.000001 -10.000000
v -6.000000 -4.000001 -10.000000
v -6.000000 -3.000001 -10.000000
v -6.000000 -2.000001 -10.000000
v -6.000000 -1.000001 -10.000000
v -6.000000 -0.000001 -10.000000
v -6.000000 0.999999 -10.000000
v -6.000000 1.999999 -10.000000
v -6.000000 2.999999 -10.000000
v -6.000000 3.999999 -10.000000
v -6.000000 4.999999 -10.000000
v -6.000000 5.999999 -10.000000
v -6.000000 6.999999 -10.000001
v -6.000000 7.999999 -10.000001
v -6.000000 8.999999 -10.000001
v -6.000000 9.999999 -10.000001
v -5.000000 -10.000001 -9.999999
v -5.000000 -9.000001 -9.999999
v -5.000000 -8.000001 -9.999999
v -5.000000 -7.000001 -9.999999
v -5.000000 -6.000001 -10.000000
v -5.000000 -5.000001 -10.000000
v -5.000000 -4.000001 -10.000000
v -5.000000 -3.000001 -10.000000
v -5.000000 -2.000001 -10.000000
v -5.000000 -1.000001 -10.000000
v -5.000000 -0.000001 -10.000000
v -5.000000 0.999999 -10.000000
v -5.000000 1.999999 -10.000000
v -5.000000 2.999999 -10.000000
v -5.000000 3.999999 -10.000000
v -5.000000 4.999999 -10.000000
v -5.000000 5.999999 -10.000000
v -5.000000 6.999999 -10.000001
v -5.000000 7.999999 -10.000001
v -5.000000 8.999999 -10.000001
v -5.000000 9.999999 -10.000001
v -4.000000 -10.000001 -9.999999
v -4.000000 -9.000001 -9.999999
v -4.000000 -8.000001 -9.999999
v -4.000000 -7.000001 -9.999999
v -4.000000 -6.000001 -10.000000
v -4.000000 -5.000001 -10.000000
v -4.000000 -4.000001 -10.000000
v -4.000000 -3.000001 -10.000000
v -4.000000 -2.000001 -10.000000
v -4.000000 -1.000001 -10.000000
v -4.000000 -0.000001 -10.000000
v -4.000000 0.999999 -10.000000
v -4.000000 1.999999 -10.000000
v -4.000000 2.999999 -10.000000
v -4.000000 3.999999 -10.000000
v -4.000000 4.999999 -10.000000
v -4.000000 5.999999 -10.000000
v -4.000000 6.999999 -10.000001
v -4.000000 7.999999 -10.000001
v -4.000000 8.999999 -10.000001
v -4.000000 9.999999 -10.000001
v -3.000000 -10.000001 -9.999999
v -3.000000 -9.000001 -9.999999
v -3.000000 -8.000001 -9.999999
v -3.000000 -7.000001 -9.999999
v -3.000000 -6.000001 -10.000000
v -3.000000 -5.000001 -10.000000
v -3.000000 -4.000001 -10.000000
v -3.000000 -3.000001 -10.000000
v -3.000000 -2.000001 -10.000000
v -3.000000 -1.000001 -10.000000
v -3.000000 -0.000001 -10.000000
v -3.000000 0.999999 -10.000000
v -3.000000 1.999999 -10.000000
v -3.000000 2.999999 -10.000000
v -3.000000 3.999999 -10.000000
v -3.000000 4.999999 -10.000000
v -3.000000 5.999999 -10.000000
v -3.000000 6.999999 -10.000001
v -3.000000 7.999999 -10.000001
v -3.000000 8.999999 -10.000001
v -3.000000 9.999999 -10.000001
v -2.000000 -10.000001 -9.999999
v -2.000000 -9.000001 -9.999999
v -2.000000 -8.000001 -9.999999
v -2.000000 -7.000001 -9.999999
v -2.000000 -6.000001 -10.000000
v -2.000000 -5.000001 -10.000000
v -2.000000 -4.000001 -10.000000
v -2.000000 -3.000001 -10.000000
v -2.000000 -2.000001 -10.000000
v -2.000000 -1.000001 -10.000000
v -2.000000 -0.000001 -10.000000
v -2.000000 0.999999 -10.000000
v -2.000000 1.999999 -10.000000
v -2.000000 2.999999 -10.000000
v -2.000000 3.999999 -10.000000
v -2.000000 4.999999 -10.000000
v -2.000000 5.999999 -10.000000
v -2.000000 6.999999 -10.000001
v -2.000000 7.999999 -10.000001
v -2.000000 8.999999 -10.000001
v -2.000000 9.999999 -10.000001
v -1.000000 -10.000001 -9.999999
v -1.000000 -9.000001 -9.999999
v -1.000000 -8.000001 -9.999999
v -1.000000 -7.000001 -9.999999
v -1.000000 -6.000001 -10.000000
v -1.000000 -5.000001 -10.000000
v -1.000000 -4.000001 -10.000000
v -1.000000 -3.000001 -10.000000
v -1.000000 -2.000001 -10.000000
v -1.000000 -1.000001 -10.000000
v -1.000000 -0.000001 -10.000000
v -1.000000 0.999999 -10.000000
v -1.000000 1.999999 -10.000000
v -1.000000 2.999999 -10.000000
v -1.000000 3.999999 -10.000000
v -1.000000 4.999999 -10.000000
v -1.000000 5.999999 -10.000000
v -1.000000 6.999999 -10.000001
v -1.000000 7.999999 -10.000001
v -1.000000 8.999999 -10.000001
v -1.000000 9.999999 -10.000001
v 0.000000 -10.000001 -9.999999
v 0.000000 -9.000001 -9.999999
v 0.000000 -8.000001 -9.999999
v 0.000000 -7.000001 -9.999999
v 0.000000 -6.000001 -10.000000
v 0.000000 -5.000001 -10.000000
v 0.000000 -4.000001 -10.000000
v 0.000000 -3.000001 -10.000000
v 0.000000 -2.000001 -10.000000
v 0.000000 -1.000001 -10.000000
v 0.000000 -0.000001 -10.000000
v 0.000000 0.999999 -10.000000
v 0.000000 1.999999 -10.000000
v 0.000000 2.999999 -10.000000
v 0.000000 3.999999 -10.000000
v 0.000000 4.999999 -10.000000
v 0.000000 5.999999 -10.000000
v 0.000000 6.999999 -10.000001
v 0.000000 7.999999 -10.000001
v 0.000000 8.999999 -10.000001
v 0.000000 9.999999 -10.000001
v 1.000000 -10.000001 -9.999999
v 1.000000 -9.000001 -9.999999
v 1.000000 -8.000001 -9.999999
v 1.000000 -7.000001 -9.999999
v 1.000000 -6.000001 -10.000000
v 1.000000 -5.000001 -10.000000
v 1.000000 -4.000001 -10.000000
v 1.000000 -3.000001 -10.000000
v 1.000000 -2.000001 -10.000000
v 1.000000 -1.000001 -10.000000
v 1.000000 -0.000001 -10.000000
v 1.000000 0.999999 -10.000000
v 1.000000 1.999999 -10.000000
v 1.000000 2.999999 -10.000000
v 1.000000 3.999999 -10.000000
v 1.000000 4.999999 -10.000000
v 1.000000 5.999999 -10.000000
v 1.000000 6.999999 -10.000001
v 1.000000 7.999999 -10.000001
v 1.000000 8.999999 -10.000001
v 1.000000 9.999999 -10.000001
v 2.000000 -10.000001 -9.999999
v 2.000000 -9.000001 -9.999999
v 2.000000 -8.000001 -9.999999
v 2.000000 -7.000001 -9.999999
v 2.000000 -6.000001 -10.000000
v 2.000000 -5.000001 -10.000000
v 2.000000 -4.000001 -10.000000
v 2.000000 -3.000001 -10.000000
v 2.000000 -2.000001 -10.000000
v 2.000000 -1.000001 -10.000000
v 2.000000 -0.000001 -10.000000
v 2.000000 0.999999 -10.000000
v 2.000000 1.999999 -10.000000
v 2.000000 2.999999 -10.000000
v 2.000000 3.999999 -10.000000
v 2.000000 4.999999 -10.000000
v 2.000000 5.999999 -10.000000
v 2.000000 6.999999 -10.000001
v 2.000000 7.999999 -10.000001
v 2.000000 8.999999 -10.000001
v 2.000000 9.999999 -10.000001
v 3.000000 -10.000001 -9.999999
v 3.000000 -9.000001 -9.999999
v 3.000000 -8.000001 -9.999999
v 3.000000 -7.000001 -9.999999
v 3.000000 -6.000001 -10.000000
v 3.000000 -5.000001 -10.000000
v 3.000000 -4.000001 -10.000000
v 3.000000 -3.000001 -10.000000
v 3.000000 -2.000001 -10.000000
v 3.000000 -1.000001 -10.000000
v 3.000000 -0.000001 -10.000000
v 3.000000 0.999999 -10.000000
v 3.000000 1.999999 -10.000000
v 3.000000 2.999999 -10.000000
v 3.000000 3.999999 -10.000000
v 3.000000 4.999999 -10.000000
v 3.000000 5.999999 -10.000000
v 3.000000 6.999999 -10.000001
v 3.000000 7.999999 -10.000001
v 3.000000 8.999999 -10.000001
v 3.000000 9.999999 -10.000001
v 4.000000 -10.000001 -9.999999
v 4.000000 -9.000001 -9.999999
v 4.000000 -8.000001 -9.999999
v 4.000000 -7.000001 -9.999999
v 4.000000 -6.000001 -10.000000
v 4.000000 -5.000001 -10.000000
v 4.000000 -4.000001 -10.000000
v 4.000000 -3.000001 -10.000000
v 4.000000 -2.000001 -10.000000
v 4.000000 -1.000001 -10.000000
v 4.000000 -0.000001 -10.000000
v 4.000000 0.999999 -10.000000
v 4.000000 1.999999 -10.000000
v 4.000000 2.999999 -10.000000
v 4.000000 3.999999 -10.000000
v 4.000000 4.999999 -10.000000
v 4.000000 5.999999 -10.000000
v 4.000000 6.999999 -10.000001
v 4.000000 7.999999 -10.000001
v 4.000000 8.999999 -10.000001
v 4.000000 9.999999 -10.000001
v 5.000000 -10.000001 -9.999999
v 5.000000 -9.000001 -9.999999
v 5.000000 -8.000001 -9.999999
v 5.000000 -7.000001 -9.999999
v 5.000000 -6.000001 -10.000000
v 5.000000 -5.000001 -10.000000
v 5.000000 -4.000001 -10.000000
v 5.000000 -3.000001 -10.000000
v 5.000000 -2.000001 -10.000000
v 5.000000 -1.000001 -10.000000
v 5.000000 -0.000001 -10.000000
v 5.000000 0.999999 -10.000000
v 5.000000 1.999999 -10.000000
v 5.000000 2.999999 -10.000000
v 5.000000 3.999999 -10.000000
v 5.000000 4.999999 -10.000000
v 5.000000 5.999999 -10.000000
v 5.000000 6.999999 -10.000001
v 5.000000 7.999999 -10.000001
v 5.000000 8.999999 -10.000001
v 5.000000 9.999999 -10.000001
v 6.000000 -10.000001 -9.999999
v 6.000000 -9.000001 -9.999999
v 6.000000 -8.000001 -9.999999
v 6.000000 -7.000001 -9.999999
v 6.000000 -6.000001 -10.000000
v 6.000000 -5.000001 -10.000000
v 6.000000 -4.000001 -10.000000
v 6.000000 -3.000001 -10.000000
v 6.000000 -2.000001 -10.000000
v 6.000000 -1.000001 -10.000000
v 6.000000 -0.000001 -10.000000
v 6.000000 0.999999 -10.000000
v 6.000000 1.999999 -10.000000
v 6.000000 2.999999 -10.000000
v 6.000000 3.999999 -10.000000
v 6.000000 4.999999 -10.000000
v 6.000000 5.999999 -10.000000
v 6.000000 6.999999 -10.000001
v 6.000000 7.999999 -10.000001
v 6.000000 8.999999 -10.000001
v 6.000000 9.999999 -10.000001
v 7.000000 -10.000001 -9.999999
v 7.000000 -9.000001 -9.999999
v 7.000000 -8.000001 -9.999999
v 7.000000 -7.000001 -9.999999
v 7.000000 -6.000001 -10.000000
v 7.000000 -5.000001 -10.000000
v 7.000000 -4.000001 -10.000000
v 7.000000 -3.000001 -10.000000
v 7.000000 -2.000001 -10.000000
v 7.000000 -1.000001 -10.000000
v 7.000000 -0.000001 -10.000000
v 7.000000 0.999999 -10.000000
v 7.000000 1.999999 -10.000000
v 7.000000 2.999999 -10.000000
v 7.000000 3.999999 -10.000000
v 7.000000 4.999999 -10.000000
v 7.000000 5.999999 -10.000000
v 7.000000 6.999999 -10.000001
v 7.000000 7.999999 -10.000001
v 7.000000 8.999999 -10.000001
v 7.000000 9.999999 -10.000001
v 8.000000 -10.000001 -9.999999
v 8.000000 -9.000001 -9.999999
v 8.000000 -8.000001 -9.999999
v 8.000000 -7.000001 -9.999999
v 8.000000 -6.000001 -10.000000
v 8.000000 -5.000001 -10.000000
v 8.000000 -4.000001 -10.000000
v 8.000000 -3.000001 -10.000000
v 8.000000 -2.000001 -10.000000
v 8.000000 -1.000001 -10.000000
v 8.000000 -0.000001 -10.000000
v 8.000000 0.999999 -10.000000
v 8.000000 1.999999 -10.000000
v 8.000000 2.999999 -10.000000
v 8.000000 3.999999 -10.000000
v 8.000000 4.999999 -10.000000
v 8.000000 5.999999 -10.000000
v 8.000000 6.999999 -10.000001
v 8.000000 7.999999 -10.000001
v 8.000000 8.999999 -10.000001
v 8.000000 9.999999 -10.000001
v 9.000000 -10.000001 -9.999999
v 9.000000 -9.000001 -9.999999
v 9.000000 -8.000001 -9.999999
v 9.000000 -7.000001 -9.999999
v 9.000000 -6.000001 -10.000000
v 9.000000 -5.000001 -10.000000
v 9.000000 -4.000001 -10.000000
v 9.000000 -3.000001 -10.000000
v 9.000000 -2.000001 -10.000000
v 9.000000 -1.000001 -10.000000
v 9.000000 -0.000001 -10.000000
v 9.000000 0.999999 -10.000000
v 9.000000 1.999999 -10.000000
v 9.000000 2.999999 -10.000000
v 9.000000 3.999999 -10.000000
v 9.000000 4.999999 -10.000000
v 9.000000 5.999999 -10.000000
v 9.000000 6.999999 -10.000001
v 9.000000 7.999999 -10.000001
v 9.000000 8.999999 -10.000001
v 9.000000 9.999999 -10.000001
v 10.000000 -10.000001 -9.999999
v 10.000000 -9.000001 -9.999999
v 10.000000 -8.000001 -9.999999
v 10.000000 -7.000001 -9.999999
v 10.000000 -6.000001 -10.000000
v 10.000000 -5.000001 -10.000000
v 10.000000 -4.000001 -10.000000
v 10.000000 -3.000001 -10.000000
v 10.000000 -2.000001 -10.000000
v 10.000000 -1.000001 -10.000000
v 10.000000 -0.000001 -10.000000
v 10.000000 0.999999 -10.000000
v 10.000000 1.999999 -10.000000
v 10.000000 2.999999 -10.000000
v 10.000000 3.999999 -10.000000
v 10.000000 4.999999 -10.000000
v 10.000000 5.999999 -10.000000
v 10.000000 6.999999 -10.000001
v 10.000000 7.999999 -10.000001
v 10.000000 8.999999 -10.000001
v 10.000000 9.999999 -10.000001
v 10.000000 -10.000001 -9.999999
v 10.000000 -10.000001 -8.999999
v 10.000000 -9.000001 -8.999999
v 10.000000 -9.000001 -9.999999
v 10.000000 -8.000001 -8.999999
v 10.000000 -8.000001 -9.999999
v 10.000000 -7.000000 -8.999999
v 10.000000 -7.000001 -9.999999
v 10.000000 -6.000000 -9.000000
v 10.000000 -6.000001 -10.000000
v 10.000000 -5.000000 -9.000000
v 10.000000 -5.000001 -10.000000
v 10.000000 -4.000000 -9.000000
v 10.000000 -4.000001 -10.000000
v 10.000000 -3.000001 -9.000000
v 10.000000 -3.000001 -10.000000
v 10.000000 -2.000001 -9.000000
v 10.000000 -2.000001 -10.000000
v 10.000000 -1.000001 -9.000000
v 10.000000 -1.000001 -10.000000
v 10.000000 -0.000001 -9.000000
v 10.000000 -0.000001 -10.000000
v 10.000000 0.999999 -9.000000
v 10.000000 0.999999 -10.000000
v 10.000000 1.999999 -9.000000
v 10.000000 1.999999 -10.000000
v 10.000000 2.999999 -9.000000
v 10.000000 2.999999 -10.000000
v 10.000000 3.999999 -9.000000
v 10.000000 3.999999 -10.000000
v 10.000000 5.000000 -9.000000
v 10.000000 4.999999 -10.000000
v 10.000000 6.000000 -9.000000
v 10.000000 5.999999 -10.000000
v 10.000000 7.000000 -9.000001
v 10.000000 6.999999 -10.000001
v 10.000000 8.000000 -9.000001
v 10.000000 7.999999 -10.000001
v 10.000000 8.999999 -9.000001
v 10.000000 8.999999 -10.000001
v 10.000000 9.999999 -9.000001
v 10.000000 9.999999 -10.000001
v 10.000000 -10.000001 -7.999999
v 10.000000 -9.000001 -8.000000
v 10.000000 -8.000001 -8.000000
v 10.000000 -7.000000 -8.000000
v 10.000000 -6.000000 -8.000000
v 10.000000 -5.000000 -8.000000
v 10.000000 -4.000000 -8.000000
v 10.000000 -3.000001 -8.000000
v 10.000000 -2.000001 -8.000000
v 10.000000 -1.000001 -8.000000
v 10.000000 -0.000001 -8.000000
v 10.000000 0.999999 -8.000000
v 10.000000 1.999999 -8.000000
v 10.000000 2.999999 -8.000000
v 10.000000 3.999999 -8.000000
v 10.000000 5.000000 -8.000000
v 10.000000 6.000000 -8.000000
v 10.000000 7.000000 -8.000001
v 10.000000 8.000000 -8.000001
v 10.000000 8.999999 -8.000001
v 10.000000 9.999999 -8.000001
v 10.000000 -10.000001 -6.999999
v 10.000000 -9.000001 -7.000000
v 10.000000 -8.000001 -7.000000
v 10.000000 -7.000000 -7.000000
v 10.000000 -6.000000 -7.000000
v 10.000000 -5.000000 -7.000000
v 10.000000 -4.000000 -7.000000
v 10.000000 -3.000000 -7.000000
v 10.000000 -2.000000 -7.000000
v 10.000000 -1.000000 -7.000000
v 10.000000 -0.000001 -7.000000
v 10.000000 0.999999 -7.000000
v 10.000000 2.000000 -7.000000
v 10.000000 3.000000 -7.000000
v 10.000000 4.000000 -7.000000
v 10.000000 5.000000 -7.000000
v 10.000000 6.000000 -7.000000
v 10.000000 7.000000 -7.000000
v 10.000000 8.000000 -7.000000
v 10.000000 8.999999 -7.000000
v 10.000000 9.999999 -7.000001
v 10.000000 -10.000000 -5.999999
v 10.000000 -9.000000 -6.000000
v 10.000000 -8.000000 -6.000000
v 10.000000 -7.000000 -6.000000
v 10.000000 -6.000000 -6.000000
v 10.000000 -5.000000 -6.000000
v 10.000000 -4.000000 -6.000000
v 10.000000 -3.000000 -6.000000
v 10.000000 -2.000000 -6.000000
v 10.000000 -1.000000 -6.000000
v 10.000000 -0.000000 -6.000000
v 10.000000 1.000000 -6.000000
v 10.000000 2.000000 -6.000000
v 10.000000 3.000000 -6.000000
v 10.000000 4.000000 -6.000000
v 10.000000 5.000000 -6.000000
v 10.000000 6.000000 -6.000000
v 10.000000 7.000000 -6.000000
v 10.000000 8.000000 -6.000000
v 10.000000 9.000000 -6.000000
v 10.000000 10.000000 -6.000001
v 10.000000 -10.000000 -4.999999
v 10.000000 -9.000000 -5.000000
v 10.000000 -8.000000 -5.000000
v 10.000000 -7.000000 -5.000000
v 10.000000 -6.000000 -5.000000
v 10.000000 -5.000000 -5.000000
v 10.000000 -4.000000 -5.000000
v 10.000000 -3.000000 -5.000000
v 10.000000 -2.000000 -5.000000
v 10.000000 -1.000000 -5.000000
v 10.000000 -0.000000 -5.000000
v 10.000000 1.000000 -5.000000
v 10.000000 2.000000 -5.000000
v 10.000000 3.000000 -5.000000
v 10.000000 4.000000 -5.000000
v 10.000000 5.000000 -5.000000
v 10.000000 6.000000 -5.000000
v 10.000000 7.000000 -5.000000
v 10.000000 8.000000 -5.000000
v 10.000000 9.000000 -5.000000
v 10.000000 10.000000 -5.000001
v 10.000000 -10.000000 -3.999999
v 10.000000 -9.000000 -3.999999
v 10.000000 -8.000000 -3.999999
v 10.000000 -7.000000 -4.000000
v 10.000000 -6.000000 -4.000000
v 10.000000 -5.000000 -4.000000
v 10.000000 -4.000000 -4.000000
v 10.000000 -3.000000 -4.000000
v 10.000000 -2.000000 -4.000000
v 10.000000 -1.000000 -4.000000
v 10.000000 -0.000000 -4.000000
v 10.000000 1.000000 -4.000000
v 10.000000 2.000000 -4.000000
v 10.000000 3.000000 -4.000000
v 10.000000 4.000000 -4.000000
v 10.000000 5.000000 -4.000000
v 10.000000 6.000000 -4.000000
v 10.000000 7.000000 -4.000000
v 10.000000 8.000000 -4.000000
v 10.000000 9.000000 -4.000000
v 10.000000 10.000000 -4.000001
v 10.000000 -10.000000 -2.999999
v 10.000000 -9.000000 -2.999999
v 10.000000 -8.000000 -2.999999
v 10.000000 -7.000000 -3.000000
v 10.000000 -6.000000 -3.000000
v 10.000000 -5.000000 -3.000000
v 10.000000 -4.000000 -3.000000
v 10.000000 -3.000000 -3.000000
v 10.000000 -2.000000 -3.000000
v 10.000000 -1.000000 -3.000000
v 10.000000 -0.000000 -3.000000
v 10.000000 1.000000 -3.000000
v 10.000000 2.000000 -3.000000
v 10.000000 3.000000 -3.000000
v 10.000000 4.000000 -3.000000
v 10.000000 5.000000 -3.000000
v 10.000000 6.000000 -3.000000
v 10.000000 7.000000 -3.000000
v 10.000000 8.000000 -3.000001
v 10.000000 9.000000 -3.000001
v 10.000000 10.000000 -3.000001
v 10.000000 -10.000000 -1.999999
v 10.000000 -9.000000 -1.999999
v 10.000000 -8.000000 -1.999999
v 10.000000 -7.000000 -2.000000
v 10.000000 -6.000000 -2.000000
v 10.000000 -5.000000 -2.000000
v 10.000000 -4.000000 -2.000000
v 10.000000 -3.000000 -2.000000
v 10.000000 -2.000000 -2.000000
v 10.000000 -1.000000 -2.000000
v 10.000000 -0.000000 -2.000000
v 10.000000 1.000000 -2.000000
v 10.000000 2.000000 -2.000000
v 10.000000 3.000000 -2.000000
v 10.000000 4.000000 -2.000000
v 10.000000 5.000000 -2.000000
v 10.000000 6.000000 -2.000000
v 10.000000 7.000000 -2.000000
v 10.000000 8.000000 -2.000001
v 10.000000 9.000000 -2.000001
v 10.000000 10.000000 -2.000001
v 10.000000 -10.000000 -0.999999
v 10.000000 -9.000000 -0.999999
v 10.000000 -8.000000 -0.999999
v 10.000000 -7.000000 -0.999999
v 10.000000 -6.000000 -1.000000
v 10.000000 -5.000000 -1.000000
v 10.000000 -4.000000 -1.000000
v 10.000000 -3.000000 -1.000000
v 10.000000 -2.000000 -1.000000
v 10.000000 -1.000000 -1.000000
v 10.000000 -0.000000 -1.000000
v 10.000000 1.000000 -1.000000
v 10.000000 2.000000 -1.000000
v 10.000000 3.000000 -1.000000
v 10.000000 4.000000 -1.000000
v 10.000000 5.000000 -1.000000
v 10.000000 6.000000 -1.000000
v 10.000000 7.000000 -1.000000
v 10.000000 8.000000 -1.000001
v 10.000000 9.000000 -1.000001
v 10.000000 10.000000 -1.000001
v 10.000000 -10.000000 0.000001
v 10.000000 -9.000000 0.000001
v 10.000000 -8.000000 0.000001
v 10.000000 -7.000000 0.000001
v 10.000000 -6.000000 0.000000
v 10.000000 -5.000000 0.000000
v 10.000000 -4.000000 0.000000
v 10.000000 -3.000000 0.000000
v 10.000000 -2.000000 0.000000
v 10.000000 -1.000000 0.000000
v 10.000000 0.000000 0.000000
v 10.000000 1.000000 -0.000000
v 10.000000 2.000000 -0.000000
v 10.000000 3.000000 -0.000000
v 10.000000 4.000000 -0.000000
v 10.000000 5.000000 -0.000000
v 10.000000 6.000000 -0.000000
v 10.000000 7.000000 -0.000001
v 10.000000 8.000000 -0.000001
v 10.000000 9.000000 -0.000001
v 10.000000 10.000000 -0.000001
v 10.000000 -10.000000 1.000001
v 10.000000 -9.000000 1.000001
v 10.000000 -8.000000 1.000001
v 10.000000 -7.000000 1.000000
v 10.000000 -6.000000 1.000000
v 10.000000 -5.000000 1.000000
v 10.000000 -4.000000 1.000000
v 10.000000 -3.000000 1.000000
v 10.000000 -2.000000 1.000000
v 10.000000 -1.000000 1.000000
v 10.000000 0.000000 1.000000
v 10.000000 1.000000 1.000000
v 10.000000 2.000000 1.000000
v 10.000000 3.000000 1.000000
v 10.000000 4.000000 1.000000
v 10.000000 5.000000 1.000000
v 10.000000 6.000000 1.000000
v 10.000000 7.000000 0.999999
v 10.000000 8.000000 0.999999
v 10.000000 9.000000 0.999999
v 10.000000 10.000000 0.999999
v 10.000000 -10.000000 2.000001
v 10.000000 -9.000000 2.000001
v 10.000000 -8.000000 2.000001
v 10.000000 -7.000000 2.000000
v 10.000000 -6.000000 2.000000
v 10.000000 -5.000000 2.000000
v 10.000000 -4.000000 2.000000
v 10.000000 -3.000000 2.000000
v 10.000000 -2.000000 2.000000
v 10.000000 -1.000000 2.000000
v 10.000000 0.000000 2.000000
v 10.000000 1.000000 2.000000
v 10.000000 2.000000 2.000000
v 10.000000 3.000000 2.000000
v 10.000000 4.000000 2.000000
v 10.000000 5.000000 2.000000
v 10.000000 6.000000 2.000000
v 10.000000 7.000000 2.000000
v 10.000000 8.000000 1.999999
v 10.000000 9.000000 1.999999
v 10.000000 10.000000 1.999999
v 10.000000 -10.000000 3.000001
v 10.000000 -9.000000 3.000001
v 10.000000 -8.000000 3.000001
v 10.000000 -7.000000 3.000000
v 10.000000 -6.000000 3.000000
v 10.000000 -5.000000 3.000000
v 10.000000 -4.000000 3.000000
v 10.000000 -3.000000 3.000000
v 10.000000 -2.000000 3.000000
v 10.000000 -1.000000 3.000000
v 10.000000 0.000000 3.000000
v 10.000000 1.000000 3.000000
v 10.000000 2.000000 3.000000
v 10.000000 3.000000 3.000000
v 10.000000 4.000000 3.000000
v 10.000000 5.000000 3.000000
v 10.000000 6.000000 3.000000
v 10.000000 7.000000 3.000000
v 10.000000 8.000000 2.999999
v 10.000000 9.000000 2.999999
v 10.000000 10.000000 2.999999
v 10.000000 -10.000000 4.000001
v 10.000000 -9.000000 4.000000
v 10.000000 -8.000000 4.000000
v 10.000000 -7.000000 4.000000
v 10.000000 -6.000000 4.000000
v 10.000000 -5.000000 4.000000
v 10.000000 -4.000000 4.000000
v 10.000000 -3.000000 4.000000
v 10.000000 -2.000000 4.000000
v 10.000000 -1.000000 4.000000
v 10.000000 0.000000 4.000000
v 10.000000 1.000000 4.000000
v 10.000000 2.000000 4.000000
v 10.000000 3.000000 4.000000
v 10.000000 4.000000 4.000000
v 10.000000 5.000000 4.000000
v 10.000000 6.000000 4.000000
v 10.000000 7.000000 4.000000
v 10.000000 8.000000 3.999999
v 10.000000 9.000000 3.999999
v 10.000000 10.000000 3.999999
v 10.000000 -10.000000 5.000001
v 10.000000 -9.000000 5.000000
v 10.000000 -8.000000 5.000000
v 10.000000 -7.000000 5.000000
v 10.000000 -6.000000 5.000000
v 10.000000 -5.000000 5.000000
v 10.000000 -4.000000 5.000000
v 10.000000 -3.000000 5.000000
v 10.000000 -2.000000 5.000000
v 10.000000 -1.000000 5.000000
v 10.000000 0.000000 5.000000
v 10.000000 1.000000 5.000000
v 10.000000 2.000000 5.000000
v 10.000000 3.000000 5.000000
v 10.000000 4.000000 5.000000
v 10.000000 5.000000 5.000000
v 10.000000 6.000000 5.000000
v 10.000000 7.000000 5.000000
v 10.000000 8.000000 5.000000
v 10.000000 9.000000 5.000000
v 10.000000 10.000000 4.999999
v 10.000000 -10.000000 6.000001
v 10.000000 -9.000000 6.000000
v 10.000000 -8.000000 6.000000
v 10.000000 -7.000000 6.000000
v 10.000000 -6.000000 6.000000
v 10.000000 -5.000000 6.000000
v 10.000000 -4.000000 6.000000
v 10.000000 -3.000000 6.000000
v 10.000000 -2.000000 6.000000
v 10.000000 -1.000000 6.000000
v 10.000000 0.000000 6.000000
v 10.000000 1.000000 6.000000
v 10.000000 2.000000 6.000000
v 10.000000 3.000000 6.000000
v 10.000000 4.000000 6.000000
v 10.000000 5.000000 6.000000
v 10.000000 6.000000 6.000000
v 10.000000 7.000000 6.000000
v 10.000000 8.000000 6.000000
v 10.000000 9.000000 6.000000
v 10.000000 10.000000 5.999999
v 10.000000 -9.999999 7.000001
v 10.000000 -8.999999 7.000000
v 10.000000 -8.000000 7.000000
v 10.000000 -7.000000 7.000000
v 10.000000 -6.000000 7.000000
v 10.000000 -5.000000 7.000000
v 10.000000 -4.000000 7.000000
v 10.000000 -3.000000 7.000000
v 10.000000 -2.000000 7.000000
v 10.000000 -0.999999 7.000000
v 10.000000 0.000001 7.000000
v 10.000000 1.000000 7.000000
v 10.000000 2.000000 7.000000
v 10.000000 3.000000 7.000000
v 10.000000 4.000000 7.000000
v 10.000000 5.000000 7.000000
v 10.000000 6.000000 7.000000
v 10.000000 7.000000 7.000000
v 10.000000 8.000001 7.000000
v 10.000000 9.000001 7.000000
v 10.000000 10.000001 6.999999
v 10.000000 -9.999999 8.000001
v 10.000000 -8.999999 8.000001
v 10.000000 -8.000000 8.000001
v 10.000000 -7.000000 8.000001
v 10.000000 -6.000000 8.000000
v 10.000000 -5.000000 8.000000
v 10.000000 -3.999999 8.000000
v 10.000000 -2.999999 8.000000
v 10.000000 -1.999999 8.000000
v 10.000000 -0.999999 8.000000
v 10.000000 0.000001 8.000000
v 10.000000 1.000001 8.000000
v 10.000000 2.000001 8.000000
v 10.000000 3.000001 8.000000
v 10.000000 4.000000 8.000000
v 10.000000 5.000000 8.000000
v 10.000000 6.000000 8.000000
v 10.000000 7.000000 8.000000
v 10.000000 8.000001 8.000000
v 10.000000 9.000001 8.000000
v 10.000000 10.000001 7.999999
v 10.000000 -9.999999 9.000001
v 10.000000 -8.999999 9.000001
v 10.000000 -8.000000 9.000001
v 10.000000 -7.000000 9.000001
v 10.000000 -6.000000 9.000000
v 10.000000 -5.000000 9.000000
v 10.000000 -3.999999 9.000000
v 10.000000 -2.999999 9.000000
v 10.000000 -1.999999 9.000000
v 10.000000 -0.999999 9.000000
v 10.000000 0.000001 9.000000
v 10.000000 1.000001 9.000000
v 10.000000 2.000001 9.000000
v 10.000000 3.000001 9.000000
v 10.000000 4.000000 9.000000
v 10.000000 5.000000 9.000000
v 10.000000 6.000000 9.000000
v 10.000000 7.000000 8.999999
v 10.000000 8.000001 8.999999
v 10.000000 9.000001 8.999999
v 10.000000 10.000001 8.999999
v 10.000000 -9.999999 10.000001
v 10.000000 -8.999999 10.000001
v 10.000000 -7.999999 10.000001
v 10.000000 -6.999999 10.000001
v 10.000000 -5.999999 10.000000
v 10.000000 -4.999999 10.000000
v 10.000000 -3.999999 10.000000
v 10.000000 -2.999999 10.000000
v 10.000000 -1.999999 10.000000
v 10.000000 -0.999999 10.000000
v 10.000000 0.000001 10.000000
v 10.000000 1.000001 10.000000
v 10.000000 2.000001 10.000000
v 10.000000 3.000001 10.000000
v 10.000000 4.000001 10.000000
v 10.000000 5.000001 10.000000
v 10.000000 6.000001 10.000000
v 10.000000 7.000001 9.999999
v 10.000000 8.000001 9.999999
v 10.000000 9.000001 9.999999
v 10.000000 10.000001 9.999999
v -10.000000 -9.999999 10.000001
v -10.000000 -8.999999 10.000001
v -9.520989 -9.040542 10.000243
v -9.520989 -9.998737 10.000243
v -9.041979 -9.081085 10.000485
v -9.041979 -9.997475 10.000485
v -8.562968 -9.121627 10.000727
v -8.562968 -9.996213 10.000727
v -8.083957 -9.162170 10.000969
v -8.083957 -9.994951 10.000969
v -7.604946 -9.202713 10.001211
v -7.604946 -9.993689 10.001211
v -7.125936 -9.243256 10.001453
v -7.125936 -9.992427 10.001453
v -6.646925 -9.283799 10.001695
v -6.646925 -9.991165 10.001695
v -6.167914 -9.324342 10.001937
v -6.167914 -9.989902 10.001937
v -5.688903 -9.364884 10.002179
v -5.688903 -9.988640 10.002179
v -5.209893 -9.405427 10.002421
v -5.209893 -9.987378 10.002421
v -4.730882 -9.445970 10.002663
v -4.730882 -9.986116 10.002663
v -4.251871 -9.486513 10.002905
v -4.251871 -9.984854 10.002905
v -3.772860 -9.527056 10.003147
v -3.772860 -9.983592 10.003147
v -3.293850 -9.567599 10.003389
v -3.293850 -9.982330 10.003389
v -2.814839 -9.608141 10.003631
v -2.814839 -9.981068 10.003631
v -10.000000 -7.999999 10.000001
v -9.520989 -8.082347 10.000243
v -9.041979 -8.164694 10.000485
v -8.562968 -8.247042 10.000727
v -8.083957 -8.329390 10.000969
v -7.604946 -8.411738 10.001211
v -7.125936 -8.494085 10.001453
v -6.646925 -8.576433 10.001695
v -6.167914 -8.658781 10.001937
v -5.688903 -8.741129 10.002179
v -5.209893 -8.823476 10.002421
v -4.730882 -8.905824 10.002663
v -4.251871 -8.988172 10.002905
v -3.772860 -9.070519 10.003147
v -3.293850 -9.152867 10.003389
v -2.814839 -9.235215 10.003631
v -10.000000 -6.999999 10.000001
v -9.520989 -7.124152 10.000243
v -9.041979 -7.248304 10.000485
v -8.562968 -7.372457 10.000727
v -8.083957 -7.496609 10.000969
v -7.604946 -7.620762 10.001211
v -7.125936 -7.744915 10.001453
v -6.646925 -7.869067 10.001695
v -6.167914 -7.993220 10.001937
v -5.688903 -8.117373 10.002179
v -5.209893 -8.241525 10.002421
v -4.730882 -8.365678 10.002663
v -4.251871 -8.489830 10.002905
v -3.772860 -8.613983 10.003147
v -3.293850 -8.738136 10.003389
v -2.814839 -8.862288 10.003631
v -10.000000 -5.999999 10.000000
v -9.520989 -6.165957 10.000242
v -9.041979 -6.331914 10.000485
v -8.562968 -6.497872 10.000727
v -8.083957 -6.663829 10.000969
v -7.604946 -6.829787 10.001211
v -7.125936 -6.995744 10.001453
v -6.646925 -7.161702 10.001695
v -6.167914 -7.327659 10.001937
v -5.688903 -7.493617 10.002179
v -5.209893 -7.659574 10.002421
v -4.730882 -7.825532 10.002663
v -4.251871 -7.991489 10.002905
v -3.772860 -8.157447 10.003147
v -3.293850 -8.323404 10.003389
v -2.814839 -8.489362 10.003631
v -10.000000 -4.999999 10.000000
v -9.520989 -5.207761 10.000242
v -9.041979 -5.415524 10.000484
v -8.562968 -5.623286 10.000726
v -8.083957 -5.831049 10.000968
v -7.604946 -6.038811 10.001210
v -7.125936 -6.246573 10.001452
v -6.646925 -6.454336 10.001695
v -6.167914 -6.662098 10.001937
v -5.688903 -6.869861 10.002179
v -5.209893 -7.077623 10.002421
v -4.730882 -7.285386 10.002663
v -4.251871 -7.493148 10.002905
v -3.772860 -7.700910 10.003147
v -3.293850 -7.908673 10.003389
v -2.814839 -8.116435 10.003631
v -10.000000 -3.999999 10.000000
v -9.520989 -4.249566 10.000242
v -9.041979 -4.499134 10.000484
v -8.562968 -4.748701 10.000726
v -8.083957 -4.998268 10.000968
v -7.604946 -5.247836 10.001210
v -7.125936 -5.497403 10.001452
v -6.646925 -5.746970 10.001694
v -6.167914 -5.996538 10.001936
v -5.688903 -6.246105 10.002178
v -5.209893 -6.495672 10.002421
v -4.730882 -6.745239 10.002663
v -4.251871 -6.994807 10.002905
v -3.772860 -7.244374 10.003147
v -3.293850 -7.493941 10.003389
v -2.814839 -7.743509 10.003631
v -10.000000 -2.999999 10.000000
v -9.520989 -3.291371 10.000242
v -9.041979 -3.582743 10.000484
v -8.562968 -3.874116 10.000726
v -8.083957 -4.165488 10.000968
v -7.604946 -4.456860 10.001210
v -7.125936 -4.748232 10.001452
v -6.646925 -5.039604 10.001694
v -6.167914 -5.330977 10.001936
v -5.688903 -5.622349 10.002178
v -5.209893 -5.913721 10.002420
v -4.730882 -6.205093 10.002662
v -4.251871 -6.496466 10.002905
v -3.772860 -6.787838 10.003147
v -3.293850 -7.079210 10.003389
v -2.814839 -7.370582 10.003631
v -10.000000 -1.999999 10.000000
v -9.520989 -2.333176 10.000242
v -9.041979 -2.666353 10.000484
v -8.562968 -2.999530 10.000726
v -8.083957 -3.332707 10.000968
v -7.604946 -3.665885 10.001210
v -7.125936 -3.999062 10.001452
v -6.646925 -4.332239 10.001694
v -6.167914 -4.665416 10.001936
v -5.688903 -4.998593 10.002178
v -5.209893 -5.331770 10.002420
v -4.730882 -5.664947 10.002662
v -4.251871 -5.998124 10.002904
v -3.772860 -6.331301 10.003147
v -3.293850 -6.664478 10.003389
v -2.814839 -6.997656 10.003631
v -10.000000 -0.999999 10.000000
v -9.520989 -1.374981 10.000242
v -9.041979 -1.749963 10.000484
v -8.562968 -2.124945 10.000726
v -8.083957 -2.499927 10.000968
v -7.604946 -2.874909 10.001210
v -7.125936 -3.249891 10.001452
v -6.646925 -3.624873 10.001694
v -6.167914 -3.999855 10.001936
v -5.688903 -4.374837 10.002178
v -5.209893 -4.749819 10.002420
v -4.730882 -5.124801 10.002662
v -4.251871 -5.499783 10.002904
v -3.772860 -5.874765 10.003146
v -3.293850 -6.249747 10.003388
v -2.814839 -6.624729 10.003631
v -10.000000 0.000001 10.000000
v -9.520989 -0.416786 10.000242
v -9.041979 -0.833573 10.000484
v -8.562968 -1.250360 10.000726
v -8.083957 -1.667147 10.000968
v -7.604946 -2.083933 10.001210
v -7.125936 -2.500720 10.001452
v -6.646925 -2.917507 10.001694
v -6.167914 -3.334294 10.001936
v -5.688903 -3.751081 10.002178
v -5.209893 -4.167868 10.002420
v -4.730882 -4.584655 10.002662
v -4.251871 -5.001442 10.002904
v -3.772860 -5.418229 10.003146
v -3.293850 -5.835016 10.003388
v -2.814839 -6.251802 10.003630
v -10.000000 1.000001 10.000000
v -9.520989 0.541409 10.000242
v -9.041979 0.082817 10.000484
v -8.562968 -0.375774 10.000726
v -8.083957 -0.834366 10.000968
v -7.604946 -1.292958 10.001210
v -7.125936 -1.751550 10.001452
v -6.646925 -2.210142 10.001694
v -6.167914 -2.668733 10.001936
v -5.688903 -3.127325 10.002178
v -5.209893 -3.585917 10.002420
v -4.730882 -4.044509 10.002662
v -4.251871 -4.503101 10.002904
v -3.772860 -4.961692 10.003146
v -3.293850 -5.420284 10.003388
v -2.814839 -5.878876 10.003630
v -10.000000 2.000001 10.000000
v -9.520989 1.499604 10.000242
v -9.041979 0.999208 10.000484
v -8.562968 0.498811 10.000726
v -8.083957 -0.001586 10.000968
v -7.604946 -0.501982 10.001210
v -7.125936 -1.002379 10.001452
v -6.646925 -1.502776 10.001694
v -6.167914 -2.003173 10.001936
v -5.688903 -2.503569 10.002178
v -5.209893 -3.003966 10.002420
v -4.730882 -3.504363 10.002662
v -4.251871 -4.004759 10.002904
v -3.772860 -4.505156 10.003146
v -3.293850 -5.005553 10.003388
v -2.814839 -5.505949 10.003630
v -10.000000 3.000001 10.000000
v -9.520989 2.457799 10.000242
v -9.041979 1.915598 10.000484
v -8.562968 1.373396 10.000726
v -8.083957 0.831195 10.000968
v -7.604946 0.288993 10.001210
v -7.125936 -0.253209 10.001452
v -6.646925 -0.795410 10.001694
v -6.167914 -1.337612 10.001936
v -5.688903 -1.879813 10.002178
v -5.209893 -2.422015 10.002420
v -4.730882 -2.964216 10.002662
v -4.251871 -3.506418 10.002904
v -3.772860 -4.048620 10.003146
v -3.293850 -4.590821 10.003388
v -2.814839 -5.133023 10.003630
v -10.000000 4.000001 10.000000
v -9.520989 3.415995 10.000242
v -9.041979 2.831988 10.000484
v -8.562968 2.247982 10.000726
v -8.083957 1.663975 10.000968
v -7.604946 1.079969 10.001210
v -7.125936 0.495962 10.001452
v -6.646925 -0.088044 10.001694
v -6.167914 -0.672051 10.001936
v -5.688903 -1.256057 10.002178
v -5.209893 -1.840064 10.002420
v -4.730882 -2.424070 10.002662
v -4.251871 -3.008077 10.002904
v -3.772860 -3.592083 10.003146
v -3.293850 -4.176090 10.003388
v -2.814839 -4.760096 10.003630
v -10.000000 5.000001 10.000000
v -9.520989 4.374190 10.000242
v -9.041979 3.748378 10.000484
v -8.562968 3.122567 10.000726
v -8.083957 2.496755 10.000968
v -7.604946 1.870944 10.001210
v -7.125936 1.245133 10.001452
v -6.646925 0.619321 10.001694
v -6.167914 -0.006490 10.001936
v -5.688903 -0.632301 10.002178
v -5.209893 -1.258113 10.002420
v -4.730882 -1.883924 10.002662
v -4.251871 -2.509736 10.002904
v -3.772860 -3.135547 10.003146
v -3.293850 -3.761358 10.003388
v -2.814839 -4.387170 10.003630
v -10.000000 6.000001 10.000000
v -9.520989 5.332385 10.000242
v -9.041979 4.664768 10.000484
v -8.562968 3.997152 10.000726
v -8.083957 3.329536 10.000968
v -7.604946 2.661920 10.001210
v -7.125936 1.994303 10.001452
v -6.646925 1.326687 10.001694
v -6.167914 0.659071 10.001936
v -5.688903 -0.008546 10.002178
v -5.209893 -0.676162 10.002420
v -4.730882 -1.343778 10.002662
v -4.251871 -2.011394 10.002904
v -3.772860 -2.679011 10.003146
v -3.293850 -3.346627 10.003388
v -2.814839 -4.014243 10.003630
v -10.000000 7.000001 9.999999
v -9.520989 6.290580 10.000242
v -9.041979 5.581159 10.000484
v -8.562968 4.871737 10.000726
v -8.083957 4.162316 10.000968
v -7.604946 3.452895 10.001210
v -7.125936 2.743474 10.001452
v -6.646925 2.034053 10.001694
v -6.167914 1.324632 10.001936
v -5.688903 0.615210 10.002178
v -5.209893 -0.094211 10.002420
v -4.730882 -0.803632 10.002662
v -4.251871 -1.513053 10.002904
v -3.772860 -2.222474 10.003146
v -3.293850 -2.931895 10.003388
v -2.814839 -3.641317 10.003630
v -10.000000 8.000001 9.999999
v -9.520989 7.248775 10.000241
v -9.041979 6.497549 10.000484
v -8.562968 5.746323 10.000726
v -8.083957 4.995097 10.000968
v -7.604946 4.243871 10.001210
v -7.125936 3.492645 10.001452
v -6.646925 2.741418 10.001694
v -6.167914 1.990192 10.001936
v -5.688903 1.238966 10.002178
v -5.209893 0.487740 10.002420
v -4.730882 -0.263486 10.002662
v -4.251871 -1.014712 10.002904
v -3.772860 -1.765938 10.003146
v -3.293850 -2.517164 10.003388
v -2.814839 -3.268390 10.003630
v -10.000000 9.000001 9.999999
v -9.520989 8.206970 10.000241
v -9.041979 7.413939 10.000484
v -8.562968 6.620908 10.000725
v -8.083957 5.827877 10.000968
v -7.604946 5.034846 10.001210
v -7.125936 4.241815 10.001452
v -6.646925 3.448784 10.001694
v -6.167914 2.655753 10.001936
v -5.688903 1.862722 10.002178
v -5.209893 1.069691 10.002420
v -4.730882 0.276660 10.002662
v -4.251871 -0.516371 10.002904
v -3.772860 -1.309402 10.003146
v -3.293850 -2.102433 10.003388
v -2.814839 -2.895464 10.003630
v -10.000000 10.000001 9.999999
v -9.520989 9.165165 10.000241
v -9.041979 8.330329 10.000484
v -8.562968 7.495493 10.000725
v -8.083957 6.660658 10.000967
v -7.604946 5.825822 10.001210
v -7.125936 4.990986 10.001452
v -6.646925 4.156150 10.001694
v -6.167914 3.321314 10.001936
v -5.688903 2.486478 10.002178
v -5.209893 1.651642 10.002420
v -4.730882 0.816806 10.002662
v -4.251871 -0.018029 10.002904
v -3.772860 -0.852865 10.003146
v -3.293850 -1.687701 10.003388
v -2.814839 -2.522537 10.003630
v -10.000000 -10.000001 -9.999999
v -10.000000 -10.000001 -8.999999
v -9.000000 -10.000001 -8.999999
v -9.000000 -10.000001 -9.999999
v -8.000000 -10.000001 -8.999999
v -8.000000 -10.000001 -9.999999
v -7.000000 -10.000001 -8.999999
v -7.000000 -10.000001 -9.999999
v -6.000000 -10.000001 -8.999999
v -6.000000 -10.000001 -9.999999
v -5.000000 -10.000001 -8.999999
v -5.000000 -10.000001 -9.999999
v -4.000000 -10.000001 -8.999999
v -4.000000 -10.000001 -9.999999
v -3.000000 -10.000001 -8.999999
v -3.000000 -10.000001 -9.999999
v -2.000000 -10.000001 -8.999999
v -2.000000 -10.000001 -9.999999
v -1.000000 -10.000001 -8.999999
v -1.000000 -10.000001 -9.999999
v 0.000000 -10.000001 -8.999999
v 0.000000 -10.000001 -9.999999
v 1.000000 -10.000001 -8.999999
v 1.000000 -10.000001 -9.999999
v 2.000000 -10.000001 -8.999999
v 2.000000 -10.000001 -9.999999
v 3.000000 -10.000001 -8.999999
v 3.000000 -10.000001 -9.999999
v 4.000000 -10.000001 -8.999999
v 4.000000 -10.000001 -9.999999
v 5.000000 -10.000001 -8.999999
v 5.000000 -10.000001 -9.999999
v 6.000000 -10.000001 -8.999999
v 6.000000 -10.000001 -9.999999
v 7.000000 -10.000001 -8.999999
v 7.000000 -10.000001 -9.999999
v 8.000000 -10.000001 -8.999999
v 8.000000 -10.000001 -9.999999
v 9.000000 -10.000001 -8.999999
v 9.000000 -10.000001 -9.999999
v 10.000000 -10.000001 -8.999999
v 10.000000 -10.000001 -9.999999
v -10.000000 -10.000001 -7.999999
v -9.000000 -10.000001 -7.999999
v -8.000000 -10.000001 -7.999999
v -7.000000 -10.000001 -7.999999
v -6.000000 -10.000001 -7.999999
v -5.000000 -10.000001 -7.999999
v -4.000000 -10.000001 -7.999999
v -3.000000 -10.000001 -7.999999
v -2.000000 -10.000001 -7.999999
v -1.000000 -10.000001 -7.999999
v 0.000000 -10.000001 -7.999999
v 1.000000 -10.000001 -7.999999
v 2.000000 -10.000001 -7.999999
v 3.000000 -10.000001 -7.999999
v 4.000000 -10.000001 -7.999999
v 5.000000 -10.000001 -7.999999
v 6.000000 -10.000001 -7.999999
v 7.000000 -10.000001 -7.999999
v 8.000000 -10.000001 -7.999999
v 9.000000 -10.000001 -7.999999
v 10.000000 -10.000001 -7.999999
v -10.000000 -10.000001 -6.999999
v -9.000000 -10.000001 -6.999999
v -8.000000 -10.000001 -6.999999
v -7.000000 -10.000001 -6.999999
v -6.000000 -10.000001 -6.999999
v -5.000000 -10.000001 -6.999999
v -4.000000 -10.000001 -6.999999
v -3.000000 -10.000001 -6.999999
v -2.000000 -10.000001 -6.999999
v -1.000000 -10.000001 -6.999999
v 0.000000 -10.000001 -6.999999
v 1.000000 -10.000001 -6.999999
v 2.000000 -10.000001 -6.999999
v 3.000000 -10.000001 -6.999999
v 4.000000 -10.000001 -6.999999
v 5.000000 -10.000001 -6.999999
v 6.000000 -10.000001 -6.999999
v 7.000000 -10.000001 -6.999999
v 8.000000 -10.000001 -6.999999
v 9.000000 -10.000001 -6.999999
v 10.000000 -10.000001 -6.999999
v -10.000000 -10.000000 -5.999999
v -9.000000 -10.000000 -5.999999
v -8.000000 -10.000000 -5.999999
v -7.000000 -10.000000 -5.999999
v -6.000000 -10.000000 -5.999999
v -5.000000 -10.000000 -5.999999
v -4.000000 -10.000000 -5.999999
v -3.000000 -10.000000 -5.999999
v -2.000000 -10.000000 -5.999999
v -1.000000 -10.000000 -5.999999
v 0.000000 -10.000000 -5.999999
v 1.000000 -10.000000 -5.999999
v 2.000000 -10.000000 -5.999999
v 3.000000 -10.000000 -5.999999
v 4.000000 -10.000000 -5.999999
v 5.000000 -10.000000 -5.999999
v 6.000000 -10.000000 -5.999999
v 7.000000 -10.000000 -5.999999
v 8.000000 -10.000000 -5.999999
v 9.000000 -10.000000 -5.999999
v 10.000000 -10.000000 -5.999999
v -10.000000 -10.000000 -4.999999
v -9.000000 -10.000000 -4.999999
v -8.000000 -10.000000 -4.999999
v -7.000000 -10.000000 -4.999999
v -6.000000 -10.000000 -4.999999
v -5.000000 -10.000000 -4.999999
v -4.000000 -10.000000 -4.999999
v -3.000000 -10.000000 -4.999999
v -2.000000 -10.000000 -4.999999
v -1.000000 -10.000000 -4.999999
v 0.000000 -10.000000 -4.999999
v 1.000000 -10.000000 -4.999999
v 2.000000 -10.000000 -4.999999
v 3.000000 -10.000000 -4.999999
v 4.000000 -10.000000 -4.999999
v 5.000000 -10.000000 -4.999999
v 6.000000 -10.000000 -4.999999
v 7.000000 -10.000000 -4.999999
v 8.000000 -10.000000 -4.999999
v 9.000000 -10.000000 -4.999999
v 10.000000 -10.000000 -4.999999
v -10.000000 -10.000000 -3.999999
v -9.000000 -10.000000 -3.999999
v -8.000000 -10.000000 -3.999999
v -7.000000 -10.000000 -3.999999
v -6.000000 -10.000000 -3.999999
v -5.000000 -10.000000 -3.999999
v -4.000000 -10.000000 -3.999999
v -3.000000 -10.000000 -3.999999
v -2.000000 -10.000000 -3.999999
v -1.000000 -10.000000 -3.999999
v 0.000000 -10.000000 -3.999999
v 1.000000 -10.000000 -3.999999
v 2.000000 -10.000000 -3.999999
v 3.000000 -10.000000 -3.999999
v 4.000000 -10.000000 -3.999999
v 5.000000 -10.000000 -3.999999
v 6.000000 -10.000000 -3.999999
v 7.000000 -10.000000 -3.999999
v 8.000000 -10.000000 -3.999999
v 9.000000 -10.000000 -3.999999
v 10.000000 -10.000000 -3.999999
v -10.000000 -10.000000 -2.999999
v -9.000000 -10.000000 -2.999999
v -8.000000 -10.000000 -2.999999
v -7.000000 -10.000000 -2.999999
v -6.000000 -10.000000 -2.999999
v -5.000000 -10.000000 -2.999999
v -4.000000 -10.000000 -2.999999
v -3.000000 -10.000000 -2.999999
v -2.000000 -10.000000 -2.999999
v -1.000000 -10.000000 -2.999999
v 0.000000 -10.000000 -2.999999
v 1.000000 -10.000000 -2.999999
v 2.000000 -10.000000 -2.999999
v 3.000000 -10.000000 -2.999999
v 4.000000 -10.000000 -2.999999
v 5.000000 -10.000000 -2.999999
v 6.000000 -10.000000 -2.999999
v 7.000000 -10.000000 -2.999999
v 8.000000 -10.000000 -2.999999
v 9.000000 -10.000000 -2.999999
v 10.000000 -10.000000 -2.999999
v -10.000000 -10.000000 -1.999999
v -9.000000 -10.000000 -1.999999
v -8.000000 -10.000000 -1.999999
v -7.000000 -10.000000 -1.999999
v -6.000000 -10.000000 -1.999999
v -5.000000 -10.000000 -1.999999
v -4.000000 -10.000000 -1.999999
v -3.000000 -10.000000 -1.999999
v -2.000000 -10.000000 -1.999999
v -1.000000 -10.000000 -1.999999
v 0.000000 -10.000000 -1.999999
v 1.000000 -10.000000 -1.999999
v 2.000000 -10.000000 -1.999999
v 3.000000 -10.000000 -1.999999
v 4.000000 -10.000000 -1.999999
v 5.000000 -10.000000 -1.999999
v 6.000000 -10.000000 -1.999999
v 7.000000 -10.000000 -1.999999
v 8.000000 -10.000000 -1.999999
v 9.000000 -10.000000 -1.999999
v 10.000000 -10.000000 -1.999999
v -10.000000 -10.000000 -0.999999
v -9.000000 -10.000000 -0.999999
v -8.000000 -10.000000 -0.999999
v -7.000000 -10.000000 -0.999999
v -6.000000 -10.000000 -0.999999
v -5.000000 -10.000000 -0.999999
v -4.000000 -10.000000 -0.999999
v -3.000000 -10.000000 -0.999999
v -2.000000 -10.000000 -0.999999
v -1.000000 -10.000000 -0.999999
v 0.000000 -10.000000 -0.999999
v 1.000000 -10.000000 -0.999999
v 2.000000 -10.000000 -0.999999
v 3.000000 -10.000000 -0.999999
v 4.000000 -10.000000 -0.999999
v 5.000000 -10.000000 -0.999999
v 6.000000 -10.000000 -0.999999
v 7.000000 -10.000000 -0.999999
v 8.000000 -10.000000 -0.999999
v 9.000000 -10.000000 -0.999999
v 10.000000 -10.000000 -0.999999
v -10.000000 -10.000000 0.000001
v -9.000000 -10.000000 0.000001
v -8.000000 -10.000000 0.000001
v -7.000000 -10.000000 0.000001
v -6.000000 -10.000000 0.000001
v -5.000000 -10.000000 0.000001
v -4.000000 -10.000000 0.000001
v -3.000000 -10.000000 0.000001
v -2.000000 -10.000000 0.000001
v -1.000000 -10.000000 0.000001
v 0.000000 -10.000000 0.000001
v 1.000000 -10.000000 0.000001
v 2.000000 -10.000000 0.000001
v 3.000000 -10.000000 0.000001
v 4.000000 -10.000000 0.000001
v 5.000000 -10.000000 0.000001
v 6.000000 -10.000000 0.000001
v 7.000000 -10.000000 0.000001
v 8.000000 -10.000000 0.000001
v 9.000000 -10.000000 0.000001
v 10.000000 -10.000000 0.000001
v -10.000000 -10.000000 1.000001
v -9.000000 -10.000000 1.000001
v -8.000000 -10.000000 1.000001
v -7.000000 -10.000000 1.000001
v -6.000000 -10.000000 1.000001
v -5.000000 -10.000000 1.000001
v -4.000000 -10.000000 1.000001
v -3.000000 -10.000000 1.000001
v -2.000000 -10.000000 1.000001
v -1.000000 -10.000000 1.000001
v 0.000000 -10.000000 1.000001
v 1.000000 -10.000000 1.000001
v 2.000000 -10.000000 1.000001
v 3.000000 -10.000000 1.000001
v 4.000000 -10.000000 1.000001
v 5.000000 -10.000000 1.000001
v 6.000000 -10.000000 1.000001
v 7.000000 -10.000000 1.000001
v 8.000000 -10.000000 1.000001
v 9.000000 -10.000000 1.000001
v 10.000000 -10.000000 1.000001
v -10.000000 -10.000000 2.000001
v -9.000000 -10.000000 2.000001
v -8.000000 -10.000000 2.000001
v -7.000000 -10.000000 2.000001
v -6.000000 -10.000000 2.000001
v -5.000000 -10.000000 2.000001
v -4.000000 -10.000000 2.000001
v -3.000000 -10.000000 2.000001
v -2.000000 -10.000000 2.000001
v -1.000000 -10.000000 2.000001
v 0.000000 -10.000000 2.000001
v 1.000000 -10.000000 2.000001
v 2.000000 -10.000000 2.000001
v 3.000000 -10.000000 2.000001
v 4.000000 -10.000000 2.000001
v 5.000000 -10.000000 2.000001
v 6.000000 -10.000000 2.000001
v 7.000000 -10.000000 2.000001
v 8.000000 -10.000000 2.000001
v 9.000000 -10.000000 2.000001
v 10.000000 -10.000000 2.000001
v -10.000000 -10.000000 3.000001
v -9.000000 -10.000000 3.000001
v -8.000000 -10.000000 3.000001
v -7.000000 -10.000000 3.000001
v -6.000000 -10.000000 3.000001
v -5.000000 -10.000000 3.000001
v -4.000000 -10.000000 3.000001
v -3.000000 -10.000000 3.000001
v -2.000000 -10.000000 3.000001
v -1.000000 -10.000000 3.000001
v 0.000000 -10.000000 3.000001
v 1.000000 -10.000000 3.000001
v 2.000000 -10.000000 3.000001
v 3.000000 -10.000000 3.000001
v 4.000000 -10.000000 3.000001
v 5.000000 -10.000000 3.000001
v 6.000000 -10.000000 3.000001
v 7.000000 -10.000000 3.000001
v 8.000000 -10.000000 3.000001
v 9.000000 -10.000000 3.000001
v 10.000000 -10.000000 3.000001
v -10.000000 -10.000000 4.000001
v -9.000000 -10.000000 4.000001
v -8.000000 -10.000000 4.000001
v -7.000000 -10.000000 4.000001
v -6.000000 -10.000000 4.000001
v -5.000000 -10.000000 4.000001
v -4.000000 -10.000000 4.000001
v -3.000000 -10.000000 4.000001
v -2.000000 -10.000000 4.000001
v -1.000000 -10.000000 4.000001
v 0.000000 -10.000000 4.000001
v 1.000000 -10.000000 4.000001
v 2.000000 -10.000000 4.000001
v 3.000000 -10.000000 4.000001
v 4.000000 -10.000000 4.000001
v 5.000000 -10.000000 4.000001
v 6.000000 -10.000000 4.000001
v 7.000000 -10.000000 4.000001
v 8.000000 -10.000000 4.000001
v 9.000000 -10.000000 4.000001
v 10.000000 -10.000000 4.000001
v -10.000000 -10.000000 5.000001
v -9.000000 -10.000000 5.000001
v -8.000000 -10.000000 5.000001
v -7.000000 -10.000000 5.000001
v -6.000000 -10.000000 5.000001
v -5.000000 -10.000000 5.000001
v -4.000000 -10.000000 5.000001
v -3.000000 -10.000000 5.000001
v -2.000000 -10.000000 5.000001
v -1.000000 -10.000000 5.000001
v 0.000000 -10.000000 5.000001
v 1.000000 -10.000000 5.000001
v 2.000000 -10.000000 5.000001
v 3.000000 -10.000000 5.000001
v 4.000000 -10.000000 5.000001
v 5.000000 -10.000000 5.000001
v 6.000000 -10.000000 5.000001
v 7.000000 -10.000000 5.000001
v 8.000000 -10.000000 5.000001
v 9.000000 -10.000000 5.000001
v 10.000000 -10.000000 5.000001
v -10.000000 -10.000000 6.000001
v -9.000000 -10.000000 6.000001
v -8.000000 -10.000000 6.000001
v -7.000000 -10.000000 6.000001
v -6.000000 -10.000000 6.000001
v -5.000000 -10.000000 6.000001
v -4.000000 -10.000000 6.000001
v -3.000000 -10.000000 6.000001
v -2.000000 -10.000000 6.000001
v -1.000000 -10.000000 6.000001
v 0.000000 -10.000000 6.000001
v 1.000000 -10.000000 6.000001
v 2.000000 -10.000000 6.000001
v 3.000000 -10.000000 6.000001
v 4.000000 -10.000000 6.000001
v 5.000000 -10.000000 6.000001
v 6.000000 -10.000000 6.000001
v 7.000000 -10.000000 6.000001
v 8.000000 -10.000000 6.000001
v 9.000000 -10.000000 6.000001
v 10.000000 -10.000000 6.000001
v -10.000000 -9.999999 7.000001
v -9.000000 -9.999999 7.000001
v -8.000000 -9.999999 7.000001
v -7.000000 -9.999999 7.000001
v -6.000000 -9.999999 7.000001
v -5.000000 -9.999999 7.000001
v -4.000000 -9.999999 7.000001
v -3.000000 -9.999999 7.000001
v -2.000000 -9.999999 7.000001
v -1.000000 -9.999999 7.000001
v 0.000000 -9.999999 7.000001
v 1.000000 -9.999999 7.000001
v 2.000000 -9.999999 7.000001
v 3.000000 -9.999999 7.000001
v 4.000000 -9.999999 7.000001
v 5.000000 -9.999999 7.000001
v 6.000000 -9.999999 7.000001
v 7.000000 -9.999999 7.000001
v 8.000000 -9.999999 7.000001
v 9.000000 -9.999999 7.000001
v 10.000000 -9.999999 7.000001
v -10.000000 -9.999999 8.000001
v -9.000000 -9.999999 8.000001
v -8.000000 -9.999999 8.000001
v -7.000000 -9.999999 8.000001
v -6.000000 -9.999999 8.000001
v -5.000000 -9.999999 8.000001
v -4.000000 -9.999999 8.000001
v -3.000000 -9.999999 8.000001
v -2.000000 -9.999999 8.000001
v -1.000000 -9.999999 8.000001
v 0.000000 -9.999999 8.000001
v 1.000000 -9.999999 8.000001
v 2.000000 -9.999999 8.000001
v 3.000000 -9.999999 8.000001
v 4.000000 -9.999999 8.000001
v 5.000000 -9.999999 8.000001
v 6.000000 -9.999999 8.000001
v 7.000000 -9.999999 8.000001
v 8.000000 -9.999999 8.000001
v 9.000000 -9.999999 8.000001
v 10.000000 -9.999999 8.000001
v -10.000000 -9.999999 9.000001
v -9.000000 -9.999999 9.000001
v -8.000000 -9.999999 9.000001
v -7.000000 -9.999999 9.000001
v -6.000000 -9.999999 9.000001
v -5.000000 -9.999999 9.000001
v -4.000000 -9.999999 9.000001
v -3.000000 -9.999999 9.000001
v -2.000000 -9.999999 9.000001
v -1.000000 -9.999999 9.000001
v 0.000000 -9.999999 9.000001
v 1.000000 -9.999999 9.000001
v 2.000000 -9.999999 9.000001
v 3.000000 -9.999999 9.000001
v 4.000000 -9.999999 9.000001
v 5.000000 -9.999999 9.000001
v 6.000000 -9.999999 9.000001
v 7.000000 -9.999999 9.000001
v 8.000000 -9.999999 9.000001
v 9.000000 -9.999999 9.000001
v 10.000000 -9.999999 9.000001
v -10.000000 -9.999999 10.000001
v -9.000000 -9.999999 10.000001
v -8.000000 -9.999999 10.000001
v -7.000000 -9.999999 10.000001
v -6.000000 -9.999999 10.000001
v -5.000000 -9.999999 10.000001
v -4.000000 -9.999999 10.000001
v -3.000000 -9.999999 10.000001
v -2.000000 -9.999999 10.000001
v -1.000000 -9.999999 10.000001
v 0.000000 -9.999999 10.000001
v 1.000000 -9.999999 10.000001
v 2.000000 -9.999999 10.000001
v 3.000000 -9.999999 10.000001
v 4.000000 -9.999999 10.000001
v 5.000000 -9.999999 10.000001
v 6.000000 -9.999999 10.000001
v 7.000000 -9.999999 10.000001
v 8.000000 -9.999999 10.000001
v 9.000000 -9.999999 10.000001
v 10.000000 -9.999999 10.000001
v 10.000000 9.999999 -10.000001
v 10.000000 9.999999 -9.000001
v 9.482026 9.999999 -8.533825
v 9.482026 9.999999 -9.482027
v 8.964053 9.999999 -8.067648
v 8.964053 9.999999 -8.964054
v 8.446079 9.999999 -7.601472
v 8.446079 9.999999 -8.446080
v 10.000000 9.999999 -8.000001
v 9.482026 9.999999 -7.585622
v 8.964053 9.999999 -7.171243
v 8.446079 9.999999 -6.756864
v 10.000000 9.999999 -7.000001
v 9.482026 9.999999 -6.637419
v 8.964053 10.000000 -6.274838
v 8.446079 10.000000 -5.912256
v 10.000000 10.000000 -6.000001
v 9.482026 10.000000 -5.689217
v 8.964053 10.000000 -5.378433
v 8.446079 10.000000 -5.067648
v 10.000000 10.000000 -5.000001
v 9.482026 10.000000 -4.741014
v 8.964053 10.000000 -4.482027
v 8.446079 10.000000 -4.223040
v 10.000000 10.000000 -4.000001
v 9.482026 10.000000 -3.792812
v 8.964053 10.000000 -3.585622
v 8.446079 10.000000 -3.378433
v 10.000000 10.000000 -3.000001
v 9.482026 10.000000 -2.844609
v 8.964053 10.000000 -2.689217
v 8.446079 10.000000 -2.533825
v 10.000000 10.000000 -2.000001
v 9.482026 10.000000 -1.896406
v 8.964053 10.000000 -1.792812
v 8.446079 10.000000 -1.689217
v 10.000000 10.000000 -1.000001
v 9.482026 10.000000 -0.948204
v 8.964053 10.000000 -0.896406
v 8.446079 10.000000 -0.844609
v 10.000000 10.000000 -0.000001
v 9.482026 10.000000 -0.000001
v 8.964053 10.000000 -0.000001
v 8.446079 10.000000 -0.000001
v 10.000000 10.000000 0.999999
v 9.482026 10.000000 0.948202
v 8.964053 10.000000 0.896404
v 8.446079 10.000000 0.844607
v 10.000000 10.000000 1.999999
v 9.482026 10.000000 1.896404
v 8.964053 10.000000 1.792810
v 8.446079 10.000000 1.689215
v 10.000000 10.000000 2.999999
v 9.482026 10.000000 2.844607
v 8.964053 10.000000 2.689215
v 8.446079 10.000000 2.533823
v 10.000000 10.000000 3.999999
v 9.482026 10.000000 3.792810
v 8.964053 10.000000 3.585620
v 8.446079 10.000000 3.378431
v 10.000000 10.000000 4.999999
v 9.482026 10.000000 4.741012
v 8.964053 10.000000 4.482025
v 8.446079 10.000000 4.223039
v 10.000000 10.000000 5.999999
v 9.482026 10.000000 5.689215
v 8.964053 10.000000 5.378431
v 8.446079 10.000000 5.067646
v 10.000000 10.000001 6.999999
v 9.482026 10.000001 6.637417
v 8.964053 10.000000 6.274836
v 8.446079 10.000000 5.912254
v 10.000000 10.000001 7.999999
v 9.482026 10.000001 7.585620
v 8.964053 10.000001 7.171241
v 8.446079 10.000001 6.756862
v 10.000000 10.000001 8.999999
v 9.482026 10.000001 8.533823
v 8.964053 10.000001 8.067646
v 8.446079 10.000001 7.601470
v 10.000000 10.000001 9.999999
v 9.482026 10.000001 9.482025
v 8.964053 10.000001 8.964052
v 8.446079 10.000001 8.446078
v 10.000000 -9.999999 10.000001
v 9.000000 -9.999999 10.000001
v 8.191669 -9.997633 10.000455
v 9.101855 -9.997633 10.000455
v 7.383339 -9.995266 10.000909
v 8.203710 -9.995266 10.000909
v 6.575008 -9.992900 10.001362
v 7.305565 -9.992900 10.001362
v 5.766678 -9.990533 10.001816
v 6.407419 -9.990533 10.001816
v 4.958347 -9.988167 10.002270
v 5.509274 -9.988167 10.002270
v 4.150016 -9.985801 10.002723
v 4.611129 -9.985801 10.002723
v 3.341686 -9.983434 10.003177
v 3.712984 -9.983434 10.003177
v 2.533355 -9.981068 10.003631
v 2.814839 -9.981068 10.003631
v 8.000000 -9.999999 10.000001
v 7.281484 -9.997633 10.000455
v 6.562968 -9.995266 10.000909
v 5.844452 -9.992900 10.001362
v 5.125936 -9.990533 10.001816
v 4.407419 -9.988167 10.002270
v 3.688903 -9.985801 10.002723
v 2.970387 -9.983434 10.003177
v 2.251871 -9.981068 10.003631
v 7.000000 -9.999999 10.000001
v 6.371298 -9.997633 10.000455
v 5.742597 -9.995266 10.000909
v 5.113895 -9.992900 10.001362
v 4.485194 -9.990533 10.001816
v 3.856492 -9.988167 10.002270
v 3.227790 -9.985801 10.002723
v 2.599089 -9.983434 10.003177
v 1.970387 -9.981068 10.003631
v 6.000000 -9.999999 10.000001
v 5.461113 -9.997633 10.000455
v 4.922226 -9.995266 10.000909
v 4.383339 -9.992900 10.001362
v 3.844452 -9.990533 10.001816
v 3.305565 -9.988167 10.002270
v 2.766678 -9.985801 10.002723
v 2.227790 -9.983434 10.003177
v 1.688903 -9.981068 10.003631
v 5.000000 -9.999999 10.000001
v 4.550927 -9.997633 10.000455
v 4.101855 -9.995266 10.000909
v 3.652782 -9.992900 10.001362
v 3.203710 -9.990533 10.001816
v 2.754637 -9.988167 10.002270
v 2.305565 -9.985801 10.002723
v 1.856492 -9.983434 10.003177
v 1.407420 -9.981068 10.003631
v 4.000000 -9.999999 10.000001
v 3.640742 -9.997633 10.000455
v 3.281484 -9.995266 10.000909
v 2.922226 -9.992900 10.001362
v 2.562968 -9.990533 10.001816
v 2.203710 -9.988167 10.002270
v 1.844452 -9.985801 10.002723
v 1.485194 -9.983434 10.003177
v 1.125936 -9.981068 10.003631
v 3.000000 -9.999999 10.000001
v 2.730556 -9.997633 10.000455
v 2.461113 -9.995266 10.000909
v 2.191669 -9.992900 10.001362
v 1.922226 -9.990533 10.001816
v 1.652782 -9.988167 10.002270
v 1.383339 -9.985801 10.002723
v 1.113895 -9.983434 10.003177
v 0.844452 -9.981068 10.003631
v 2.000000 -9.999999 10.000001
v 1.820371 -9.997633 10.000455
v 1.640742 -9.995266 10.000909
v 1.461113 -9.992900 10.001362
v 1.281484 -9.990533 10.001816
v 1.101855 -9.988167 10.002270
v 0.922226 -9.985801 10.002723
v 0.742597 -9.983434 10.003177
v 0.562968 -9.981068 10.003631
v 1.000000 -9.999999 10.000001
v 0.820371 -9.995266 10.000909
v 0.640742 -9.990533 10.001816
v 0.461113 -9.985801 10.002723
v 0.281484 -9.981068 10.003631
v 0.000000 -9.999999 10.000001
v 0.000000 -9.995266 10.000909
v 0.000000 -9.990533 10.001816
v 0.000000 -9.985801 10.002723
v 0.000000 -9.981068 10.003631
v -1.000000 -9.999999 10.000001
v 2.814839 -6.908016 32.298435
v -0.820371 -9.995266 10.000909
v -0.640742 -9.990533 10.001816
v -0.461113 -9.985801 10.002723
v -0.281484 -9.981068 10.003631
v -2.000000 -9.999999 10.000001
v -1.820371 -9.997633 10.000455
v -1.640742 -9.995266 10.000909
v -1.461113 -9.992900 10.001362
v -1.281484 -9.990533 10.001816
v -1.101855 -9.988167 10.002270
v -0.922226 -9.985801 10.002723
v -0.742597 -9.983434 10.003177
v -0.562968 -9.981068 10.003631
v -3.000000 -9.999999 10.000001
v -2.730556 -9.997633 10.000455
v -2.461113 -9.995266 10.000909
v -2.191669 -9.992900 10.001362
v -1.922226 -9.990533 10.001816
v -1.652782 -9.988167 10.002270
v -1.383339 -9.985801 10.002723
v 2.814839 -2.956769 32.298435
v -0.844452 -9.981068 10.003631
v -4.000000 -9.999999 10.000001
v -3.640742 -9.997633 10.000455
v -3.281484 -9.995266 10.000909
v -2.922226 -9.992900 10.001362
v -2.562968 -9.990533 10.001816
v -2.203710 -9.988167 10.002270
v -1.125936 -9.981068 10.003631
v -5.000000 -9.999999 10.000001
v -4.550927 -9.997633 10.000455
v -4.101855 -9.995266 10.000909
v -3.652782 -9.992900 10.001362
v -3.203710 -9.990533 10.001816
v 2.814839 0.994478 32.298435
v -1.856492 -9.983434 10.003177
v -1.407420 -9.981068 10.003631
v -6.000000 -9.999999 10.000001
v -5.461113 -9.997633 10.000455
v -4.922226 -9.995266 10.000909
v -4.383339 -9.992900 10.001362
v -2.766678 -9.985801 10.002723
v -2.227790 -9.983434 10.003177
v -1.688903 -9.981068 10.003631
v -7.000000 -9.999999 10.000001
v -6.371298 -9.997633 10.000455
v -5.742597 -9.995266 10.000909
v -3.856492 -9.988167 10.002270
v -3.227790 -9.985801 10.002723
v -2.599089 -9.983434 10.003177
v -1.970387 -9.981068 10.003631
v -8.000000 -9.999999 10.000001
v -7.281484 -9.997633 10.000455
v -5.125936 -9.990533 10.001816
v -4.407419 -9.988167 10.002270
v -3.688903 -9.985801 10.002723
v -2.970387 -9.983434 10.003177
v -2.251871 -9.981068 10.003631
v -9.000000 -9.999999 10.000001
v -6.575008 -9.992900 10.001362
v -5.766678 -9.990533 10.001816
v -4.958347 -9.988167 10.002270
v -4.150016 -9.985801 10.002723
v -3.341686 -9.983434 10.003177
v -2.533355 -9.981068 10.003631
v -10.000000 -9.999999 10.000001
v -9.101855 -9.997633 10.000455
v -8.203710 -9.995266 10.000909
v -7.305565 -9.992900 10.001362
v -6.407419 -9.990533 10.001816
v -5.509274 -9.988167 10.002270
v -4.611129 -9.985801 10.002723
v -3.712984 -9.983434 10.003177
v -2.814839 -9.981068 10.003631
v -10.000000 10.000001 9.999999
v -9.000000 10.000001 9.999999
v -8.568890 9.165165 10.000241
v -9.520989 9.165165 10.000241
v -8.137781 8.330329 10.000484
v -9.041979 8.330329 10.000484
v -7.706671 7.495493 10.000725
v -8.562968 7.495493 10.000725
v -7.275561 6.660658 10.000967
v -8.083957 6.660658 10.000967
v -6.844452 5.825822 10.001210
v -7.604946 5.825822 10.001210
v -6.413342 4.990986 10.001452
v -7.125936 4.990986 10.001452
v -5.982232 4.156150 10.001694
v -6.646925 4.156150 10.001694
v -5.551123 3.321314 10.001936
v -6.167914 3.321314 10.001936
v -5.120013 2.486478 10.002178
v -5.688903 2.486478 10.002178
v -4.688903 1.651642 10.002420
v -5.209893 1.651642 10.002420
v -4.257794 0.816806 10.002662
v -4.730882 0.816806 10.002662
v -3.826684 -0.018029 10.002904
v -4.251871 -0.018029 10.002904
v -3.395574 -0.852865 10.003146
v -3.772860 -0.852865 10.003146
v -2.964465 -1.687701 10.003388
v -3.293850 -1.687701 10.003388
v -2.533355 -2.522537 10.003630
v -2.814839 -2.522537 10.003630
v -8.000000 10.000001 9.999999
v -7.616791 9.165165 10.000241
v -7.233583 8.330329 10.000484
v -6.850374 7.495493 10.000725
v -6.467166 6.660658 10.000967
v -6.083957 5.825822 10.001210
v -5.700748 4.990986 10.001452
v -5.317540 4.156150 10.001694
v -4.934331 3.321314 10.001936
v -4.551123 2.486478 10.002178
v -4.167914 1.651642 10.002420
v -3.784706 0.816806 10.002662
v -3.401497 -0.018029 10.002904
v -3.018288 -0.852865 10.003146
v -2.635080 -1.687701 10.003388
v -2.251871 -2.522537 10.003630
v -7.000000 10.000001 9.999999
v -6.664692 9.165165 10.000241
v -6.329385 8.330329 10.000484
v -5.994077 7.495493 10.000725
v -5.658770 6.660658 10.000967
v -5.323462 5.825822 10.001210
v -4.988155 4.990986 10.001452
v -4.652847 4.156150 10.001694
v -4.317540 3.321314 10.001936
v -3.982232 2.486478 10.002178
v -3.646925 1.651642 10.002420
v -3.311617 0.816806 10.002662
v -2.976310 -0.018029 10.002904
v -2.641002 -0.852865 10.003146
v -2.305695 -1.687701 10.003388
v -1.970387 -2.522537 10.003630
v -6.000000 10.000001 9.999999
v -5.712594 9.165165 10.000241
v -5.425187 8.330329 10.000484
v -5.137781 7.495493 10.000725
v -4.850374 6.660658 10.000967
v -4.562968 5.825822 10.001210
v -4.275561 4.990986 10.001452
v -3.988155 4.156150 10.001694
v -3.700748 3.321314 10.001936
v -3.413342 2.486478 10.002178
v -3.125936 1.651642 10.002420
v -2.838529 0.816806 10.002662
v -2.551123 -0.018029 10.002904
v -2.263716 -0.852865 10.003146
v -1.976310 -1.687701 10.003388
v -1.688903 -2.522537 10.003630
v -5.000000 10.000001 9.999999
v -4.760495 9.165165 10.000241
v -4.520989 8.330329 10.000484
v -4.281484 7.495493 10.000725
v -4.041979 6.660658 10.000967
v -3.802473 5.825822 10.001210
v -3.562968 4.990986 10.001452
v -3.323462 4.156150 10.001694
v -3.083957 3.321314 10.001936
v -2.844452 2.486478 10.002178
v -2.604946 1.651642 10.002420
v -2.365441 0.816806 10.002662
v -2.125936 -0.018029 10.002904
v -1.886430 -0.852865 10.003146
v -1.646925 -1.687701 10.003388
v -1.407420 -2.522537 10.003630
v -4.000000 10.000001 9.999999
v -3.808396 9.165165 10.000241
v -3.616791 8.330329 10.000484
v -3.425187 7.495493 10.000725
v -3.233583 6.660658 10.000967
v -3.041979 5.825822 10.001210
v -2.850374 4.990986 10.001452
v -2.658770 4.156150 10.001694
v -2.467166 3.321314 10.001936
v -2.275561 2.486478 10.002178
v -2.083957 1.651642 10.002420
v -1.892353 0.816806 10.002662
v -1.700748 -0.018029 10.002904
v -1.509144 -0.852865 10.003146
v -1.317540 -1.687701 10.003388
v -1.125936 -2.522537 10.003630
v -3.000000 10.000001 9.999999
v -2.856297 9.165165 10.000241
v -2.712594 8.330329 10.000484
v -2.568890 7.495493 10.000725
v -2.425187 6.660658 10.000967
v -2.281484 5.825822 10.001210
v -2.137781 4.990986 10.001452
v -1.994077 4.156150 10.001694
v -1.850374 3.321314 10.001936
v -1.706671 2.486478 10.002178
v -1.562968 1.651642 10.002420
v -1.419265 0.816806 10.002662
v -1.275561 -0.018029 10.002904
v -1.131858 -0.852865 10.003146
v -0.988155 -1.687701 10.003388
v -0.844452 -2.522537 10.003630
v -2.000000 10.000001 9.999999
v -1.904198 9.165165 10.000241
v -1.808396 8.330329 10.000484
v -1.712594 7.495493 10.000725
v -1.616791 6.660658 10.000967
v -1.520989 5.825822 10.001210
v -1.425187 4.990986 10.001452
v -1.329385 4.156150 10.001694
v -1.233583 3.321314 10.001936
v -1.137781 2.486478 10.002178
v -1.041979 1.651642 10.002420
v -0.946176 0.816806 10.002662
v -0.850374 -0.018029 10.002904
v -0.754572 -0.852865 10.003146
v -0.658770 -1.687701 10.003388
v -0.562968 -2.522537 10.003630
v -1.000000 10.000001 9.999999
v -0.952099 9.165165 10.000241
v -0.904198 8.330329 10.000484
v -0.856297 7.495493 10.000725
v -0.808396 6.660658 10.000967
v -0.760495 5.825822 10.001210
v -0.712594 4.990986 10.001452
v -0.664692 4.156150 10.001694
v -0.616791 3.321314 10.001936
v -0.568890 2.486478 10.002178
v -0.520989 1.651642 10.002420
v -0.473088 0.816806 10.002662
v -0.425187 -0.018029 10.002904
v -0.377286 -0.852865 10.003146
v -0.329385 -1.687701 10.003388
v -0.281484 -2.522537 10.003630
v 0.000000 10.000001 9.999999
v 0.000000 9.165165 10.000241
v 0.000000 8.330329 10.000484
v 0.000000 7.495493 10.000725
v 0.000000 6.660658 10.000967
v 0.000000 5.825822 10.001210
v 0.000000 4.990986 10.001452
v 0.000000 4.156150 10.001694
v 0.000000 3.321314 10.001936
v 0.000000 2.486478 10.002178
v 0.000000 1.651642 10.002420
v 0.000000 0.816806 10.002662
v 0.000000 -0.018029 10.002904
v 0.000000 -0.852865 10.003146
v 0.000000 -1.687701 10.003388
v 0.000000 -2.522537 10.003630
v 1.000000 10.000001 9.999999
v 0.952099 9.165165 10.000241
v 0.904198 8.330329 10.000484
v 0.856297 7.495493 10.000725
v 0.808396 6.660658 10.000967
v 0.760495 5.825822 10.001210
v 0.712594 4.990986 10.001452
v 0.664692 4.156150 10.001694
v 0.616791 3.321314 10.001936
v 0.568890 2.486478 10.002178
v 0.520989 1.651642 10.002420
v 0.473088 0.816806 10.002662
v 0.425187 -0.018029 10.002904
v 0.377286 -0.852865 10.003146
v 0.329385 -1.687701 10.003388
v 0.281484 -2.522537 10.003630
v 2.000000 10.000001 9.999999
v 1.904198 9.165165 10.000241
v 1.808396 8.330329 10.000484
v 1.712594 7.495493 10.000725
v 1.616791 6.660658 10.000967
v 1.520989 5.825822 10.001210
v 1.425187 4.990986 10.001452
v 1.329385 4.156150 10.001694
v 1.233583 3.321314 10.001936
v 1.137781 2.486478 10.002178
v 1.041979 1.651642 10.002420
v 0.946176 0.816806 10.002662
v 0.850374 -0.018029 10.002904
v 0.754572 -0.852865 10.003146
v 0.658770 -1.687701 10.003388
v 0.562968 -2.522537 10.003630
v 3.000000 10.000001 9.999999
v 2.856297 9.165165 10.000241
v 2.712594 8.330329 10.000484
v 2.568890 7.495493 10.000725
v 2.425187 6.660658 10.000967
v 2.281484 5.825822 10.001210
v 2.137781 4.990986 10.001452
v 1.994077 4.156150 10.001694
v 1.850374 3.321314 10.001936
v 1.706671 2.486478 10.002178
v 1.562968 1.651642 10.002420
v 1.419265 0.816806 10.002662
v 1.275561 -0.018029 10.002904
v 1.131858 -0.852865 10.003146
v 0.988155 -1.687701 10.003388
v 0.844452 -2.522537 10.003630
v 4.000000 10.000001 9.999999
v 3.808396 9.165165 10.000241
v 3.616791 8.330329 10.000484
v 3.425187 7.495493 10.000725
v 3.233583 6.660658 10.000967
v 3.041979 5.825822 10.001210
v 2.850374 4.990986 10.001452
v 2.658770 4.156150 10.001694
v 2.467166 3.321314 10.001936
v 2.275561 2.486478 10.002178
v 2.083957 1.651642 10.002420
v 1.892353 0.816806 10.002662
v 1.700748 -0.018029 10.002904
v 1.509144 -0.852865 10.003146
v 1.317540 -1.687701 10.003388
v 1.125936 -2.522537 10.003630
v 5.000000 10.000001 9.999999
v 4.760495 9.165165 10.000241
v 4.520989 8.330329 10.000484
v 4.281484 7.495493 10.000725
v 4.041979 6.660658 10.000967
v 3.802473 5.825822 10.001210
v 3.562968 4.990986 10.001452
v 3.323462 4.156150 10.001694
v 3.083957 3.321314 10.001936
v 2.844452 2.486478 10.002178
v 2.604946 1.651642 10.002420
v 2.365441 0.816806 10.002662
v 2.125936 -0.018029 10.002904
v 1.886430 -0.852865 10.003146
v 1.646925 -1.687701 10.003388
v 1.407420 -2.522537 10.003630
v 6.000000 10.000001 9.999999
v 5.712594 9.165165 10.000241
v 5.425187 8.330329 10.000484
v 5.137781 7.495493 10.000725
v 4.850374 6.660658 10.000967
v 4.562968 5.825822 10.001210
v 4.275561 4.990986 10.001452
v 3.988155 4.156150 10.001694
v 3.700748 3.321314 10.001936
v 3.413342 2.486478 10.002178
v 3.125936 1.651642 10.002420
v 2.838529 0.816806 10.002662
v 2.551123 -0.018029 10.002904
v 2.263716 -0.852865 10.003146
v 1.976310 -1.687701 10.003388
v 1.688903 -2.522537 10.003630
v 7.000000 10.000001 9.999999
v 6.664692 9.165165 10.000241
v 6.329385 8.330329 10.000484
v 5.994077 7.495493 10.000725
v 5.658770 6.660658 10.000967
v 5.323462 5.825822 10.001210
v 4.988155 4.990986 10.001452
v 4.652847 4.156150 10.001694
v 4.317540 3.321314 10.001936
v 3.982232 2.486478 10.002178
v 3.646925 1.651642 10.002420
v 3.311617 0.816806 10.002662
v 2.976310 -0.018029 10.002904
v 2.641002 -0.852865 10.003146
v 2.305695 -1.687701 10.003388
v 1.970387 -2.522537 10.003630
v 8.000000 10.000001 9.999999
v 7.616791 9.165165 10.000241
v 7.233583 8.330329 10.000484
v 6.850374 7.495493 10.000725
v 6.467166 6.660658 10.000967
v 6.083957 5.825822 10.001210
v 5.700748 4.990986 10.001452
v 5.317540 4.156150 10.001694
v 4.934331 3.321314 10.001936
v 4.551123 2.486478 10.002178
v 4.167914 1.651642 10.002420
v 3.784706 0.816806 10.002662
v 3.401497 -0.018029 10.002904
v 3.018288 -0.852865 10.003146
v 2.635080 -1.687701 10.003388
v 2.251871 -2.522537 10.003630
v 9.000000 10.000001 9.999999
v 8.568890 9.165165 10.000241
v 8.137781 8.330329 10.000484
v 7.706671 7.495493 10.000725
v 7.275561 6.660658 10.000967
v 6.844452 5.825822 10.001210
v 6.413342 4.990986 10.001452
v 5.982232 4.156150 10.001694
v 5.551123 3.321314 10.001936
v 5.120013 2.486478 10.002178
v 4.688903 1.651642 10.002420
v 4.257794 0.816806 10.002662
v 3.826684 -0.018029 10.002904
v 3.395574 -0.852865 10.003146
v 2.964465 -1.687701 10.003388
v 2.533355 -2.522537 10.003630
v 10.000000 10.000001 9.999999
v 9.520989 9.165165 10.000241
v 9.041979 8.330329 10.000484
v 8.562968 7.495493 10.000725
v 8.083957 6.660658 10.000967
v 7.604946 5.825822 10.001210
v 7.125936 4.990986 10.001452
v 6.646925 4.156150 10.001694
v 6.167914 3.321314 10.001936
v 5.688903 2.486478 10.002178
v 5.209893 1.651642 10.002420
v 4.730882 0.816806 10.002662
v 4.251871 -0.018029 10.002904
v 3.772860 -0.852865 10.003146
v 3.293850 -1.687701 10.003388
v 2.814839 -2.522537 10.003630
v 10.000000 10.000001 9.999999
v 10.000000 9.000001 9.999999
v 9.520989 8.206970 10.000241
v 9.520989 9.165165 10.000241
v 9.041979 7.413939 10.000484
v 9.041979 8.330329 10.000484
v 8.562968 6.620908 10.000725
v 8.562968 7.495493 10.000725
v 8.083957 5.827877 10.000968
v 8.083957 6.660658 10.000967
v 7.604946 5.034846 10.001210
v 7.604946 5.825822 10.001210
v 7.125936 4.241815 10.001452
v 7.125936 4.990986 10.001452
v 6.646925 3.448784 10.001694
v 6.646925 4.156150 10.001694
v 6.167914 2.655753 10.001936
v 6.167914 3.321314 10.001936
v 5.688903 1.862722 10.002178
v 5.688903 2.486478 10.002178
v 5.209893 1.069691 10.002420
v 5.209893 1.651642 10.002420
v 4.730882 0.276660 10.002662
v 4.730882 0.816806 10.002662
v 4.251871 -0.516371 10.002904
v 4.251871 -0.018029 10.002904
v 3.772860 -1.309402 10.003146
v 3.772860 -0.852865 10.003146
v 3.293850 -2.102433 10.003388
v 3.293850 -1.687701 10.003388
v 2.814839 -2.895464 10.003630
v 2.814839 -2.522537 10.003630
v 10.000000 8.000001 9.999999
v 9.520989 7.248775 10.000241
v 9.041979 6.497549 10.000484
v 8.562968 5.746323 10.000726
v 8.083957 4.995097 10.000968
v 7.604946 4.243871 10.001210
v 7.125936 3.492645 10.001452
v 6.646925 2.741418 10.001694
v 6.167914 1.990192 10.001936
v 5.688903 1.238966 10.002178
v 5.209893 0.487740 10.002420
v 4.730882 -0.263486 10.002662
v 4.251871 -1.014712 10.002904
v 3.772860 -1.765938 10.003146
v 3.293850 -2.517164 10.003388
v 2.814839 -3.268390 10.003630
v 10.000000 7.000001 9.999999
v 9.520989 6.290580 10.000242
v 9.041979 5.581159 10.000484
v 8.562968 4.871737 10.000726
v 8.083957 4.162316 10.000968
v 7.604946 3.452895 10.001210
v 7.125936 2.743474 10.001452
v 6.646925 2.034053 10.001694
v 6.167914 1.324632 10.001936
v 5.688903 0.615210 10.002178
v 5.209893 -0.094211 10.002420
v 4.730882 -0.803632 10.002662
v 4.251871 -1.513053 10.002904
v 3.772860 -2.222474 10.003146
v 3.293850 -2.931895 10.003388
v 2.814839 -3.641317 10.003630
v 10.000000 6.000001 10.000000
v 9.520989 5.332385 10.000242
v 9.041979 4.664768 10.000484
v 8.562968 3.997152 10.000726
v 8.083957 3.329536 10.000968
v 7.604946 2.661920 10.001210
v 7.125936 1.994303 10.001452
v 6.646925 1.326687 10.001694
v 6.167914 0.659071 10.001936
v 5.688903 -0.008546 10.002178
v 5.209893 -0.676162 10.002420
v 4.730882 -1.343778 10.002662
v 4.251871 -2.011394 10.002904
v 3.772860 -2.679011 10.003146
v 3.293850 -3.346627 10.003388
v 2.814839 -4.014243 10.003630
v 10.000000 5.000001 10.000000
v 9.520989 4.374190 10.000242
v 9.041979 3.748378 10.000484
v 8.562968 3.122567 10.000726
v 8.083957 2.496755 10.000968
v 7.604946 1.870944 10.001210
v 7.125936 1.245133 10.001452
v 6.646925 0.619321 10.001694
v 6.167914 -0.006490 10.001936
v 5.688903 -0.632301 10.002178
v 5.209893 -1.258113 10.002420
v 4.730882 -1.883924 10.002662
v 4.251871 -2.509736 10.002904
v 3.772860 -3.135547 10.003146
v 3.293850 -3.761358 10.003388
v 2.814839 -4.387170 10.003630
v 10.000000 4.000001 10.000000
v 9.520989 3.415995 10.000242
v 9.041979 2.831988 10.000484
v 8.562968 2.247982 10.000726
v 8.083957 1.663975 10.000968
v 7.604946 1.079969 10.001210
v 7.125936 0.495962 10.001452
v 6.646925 -0.088044 10.001694
v 6.167914 -0.672051 10.001936
v 5.688903 -1.256057 10.002178
v 5.209893 -1.840064 10.002420
v 4.730882 -2.424070 10.002662
v 4.251871 -3.008077 10.002904
v 3.772860 -3.592083 10.003146
v 3.293850 -4.176090 10.003388
v 2.814839 -4.760096 10.003630
v 10.000000 3.000001 10.000000
v 9.520989 2.457799 10.000242
v 9.041979 1.915598 10.000484
v 8.562968 1.373396 10.000726
v 8.083957 0.831195 10.000968
v 7.604946 0.288993 10.001210
v 7.125936 -0.253209 10.001452
v 6.646925 -0.795410 10.001694
v 6.167914 -1.337612 10.001936
v 5.688903 -1.879813 10.002178
v 5.209893 -2.422015 10.002420
v 4.730882 -2.964216 10.002662
v 4.251871 -3.506418 10.002904
v 3.772860 -4.048620 10.003146
v 3.293850 -4.590821 10.003388
v 2.814839 -5.133023 10.003630
v 10.000000 2.000001 10.000000
v 9.520989 1.499604 10.000242
v 9.041979 0.999208 10.000484
v 8.562968 0.498811 10.000726
v 8.083957 -0.001586 10.000968
v 7.604946 -0.501982 10.001210
v 7.125936 -1.002379 10.001452
v 6.646925 -1.502776 10.001694
v 6.167914 -2.003173 10.001936
v 5.688903 -2.503569 10.002178
v 5.209893 -3.003966 10.002420
v 4.730882 -3.504363 10.002662
v 4.251871 -4.004759 10.002904
v 3.772860 -4.505156 10.003146
v 3.293850 -5.005553 10.003388
v 2.814839 -5.505949 10.003630
v 10.000000 1.000001 10.000000
v 9.520989 0.541409 10.000242
v 9.041979 0.082817 10.000484
v 8.562968 -0.375774 10.000726
v 8.083957 -0.834366 10.000968
v 7.604946 -1.292958 10.001210
v 7.125936 -1.751550 10.001452
v 6.646925 -2.210142 10.001694
v 6.167914 -2.668733 10.001936
v 5.688903 -3.127325 10.002178
v 5.209893 -3.585917 10.002420
v 4.730882 -4.044509 10.002662
v 4.251871 -4.503101 10.002904
v 3.772860 -4.961692 10.003146
v 3.293850 -5.420284 10.003388
v 2.814839 -5.878876 10.003630
v 10.000000 0.000001 10.000000
v 9.520989 -0.416786 10.000242
v 9.041979 -0.833573 10.000484
v 8.562968 -1.250360 10.000726
v 8.083957 -1.667147 10.000968
v 7.604946 -2.083933 10.001210
v 7.125936 -2.500720 10.001452
v 6.646925 -2.917507 10.001694
v 6.167914 -3.334294 10.001936
v 5.688903 -3.751081 10.002178
v 5.209893 -4.167868 10.002420
v 4.730882 -4.584655 10.002662
v 4.251871 -5.001442 10.002904
v 3.772860 -5.418229 10.003146
v 3.293850 -5.835016 10.003388
v 2.814839 -6.251802 10.003630
v 10.000000 -0.999999 10.000000
v 9.520989 -1.374981 10.000242
v 9.041979 -1.749963 10.000484
v 8.562968 -2.124945 10.000726
v 8.083957 -2.499927 10.000968
v 7.604946 -2.874909 10.001210
v 7.125936 -3.249891 10.001452
v 6.646925 -3.624873 10.001694
v 6.167914 -3.999855 10.001936
v 5.688903 -4.374837 10.002178
v 5.209893 -4.749819 10.002420
v 4.730882 -5.124801 10.002662
v 4.251871 -5.499783 10.002904
v 3.772860 -5.874765 10.003146
v 3.293850 -6.249747 10.003388
v 2.814839 -6.624729 10.003631
v 10.000000 -1.999999 10.000000
v 9.520989 -2.333176 10.000242
v 9.041979 -2.666353 10.000484
v 8.562968 -2.999530 10.000726
v 8.083957 -3.332707 10.000968
v 7.604946 -3.665885 10.001210
v 7.125936 -3.999062 10.001452
v 6.646925 -4.332239 10.001694
v 6.167914 -4.665416 10.001936
v 5.688903 -4.998593 10.002178
v 5.209893 -5.331770 10.002420
v 4.730882 -5.664947 10.002662
v 4.251871 -5.998124 10.002904
v 3.772860 -6.331301 10.003147
v 3.293850 -6.664478 10.003389
v 2.814839 -6.997656 10.003631
v 10.000000 -2.999999 10.000000
v 9.520989 -3.291371 10.000242
v 9.041979 -3.582743 10.000484
v 8.562968 -3.874116 10.000726
v 8.083957 -4.165488 10.000968
v 7.604946 -4.456860 10.001210
v 7.125936 -4.748232 10.001452
v 6.646925 -5.039604 10.001694
v 6.167914 -5.330977 10.001936
v 5.688903 -5.622349 10.002178
v 5.209893 -5.913721 10.002420
v 4.730882 -6.205093 10.002662
v 4.251871 -6.496466 10.002905
v 3.772860 -6.787838 10.003147
v 3.293850 -7.079210 10.003389
v 2.814839 -7.370582 10.003631
v 10.000000 -3.999999 10.000000
v 9.520989 -4.249566 10.000242
v 9.041979 -4.499134 10.000484
v 8.562968 -4.748701 10.000726
v 8.083957 -4.998268 10.000968
v 7.604946 -5.247836 10.001210
v 7.125936 -5.497403 10.001452
v 6.646925 -5.746970 10.001694
v 6.167914 -5.996538 10.001936
v 5.688903 -6.246105 10.002178
v 5.209893 -6.495672 10.002421
v 4.730882 -6.745239 10.002663
v 4.251871 -6.994807 10.002905
v 3.772860 -7.244374 10.003147
v 3.293850 -7.493941 10.003389
v 2.814839 -7.743509 10.003631
v 10.000000 -4.999999 10.000000
v 9.520989 -5.207761 10.000242
v 9.041979 -5.415524 10.000484
v 8.562968 -5.623286 10.000726
v 8.083957 -5.831049 10.000968
v 7.604946 -6.038811 10.001210
v 7.125936 -6.246573 10.001452
v 6.646925 -6.454336 10.001695
v 6.167914 -6.662098 10.001937
v 5.688903 -6.869861 10.002179
v 5.209893 -7.077623 10.002421
v 4.730882 -7.285386 10.002663
v 4.251871 -7.493148 10.002905
v 3.772860 -7.700910 10.003147
v 3.293850 -7.908673 10.003389
v 2.814839 -8.116435 10.003631
v 10.000000 -5.999999 10.000000
v 9.520989 -6.165957 10.000242
v 9.041979 -6.331914 10.000485
v 8.562968 -6.497872 10.000727
v 8.083957 -6.663829 10.000969
v 7.604946 -6.829787 10.001211
v 7.125936 -6.995744 10.001453
v 6.646925 -7.161702 10.001695
v 6.167914 -7.327659 10.001937
v 5.688903 -7.493617 10.002179
v 5.209893 -7.659574 10.002421
v 4.730882 -7.825532 10.002663
v 4.251871 -7.991489 10.002905
v 3.772860 -8.157447 10.003147
v 3.293850 -8.323404 10.003389
v 2.814839 -8.489362 10.003631
v 10.000000 -6.999999 10.000001
v 9.520989 -7.124152 10.000243
v 9.041979 -7.248304 10.000485
v 8.562968 -7.372457 10.000727
v 8.083957 -7.496609 10.000969
v 7.604946 -7.620762 10.001211
v 7.125936 -7.744915 10.001453
v 6.646925 -7.869067 10.001695
v 6.167914 -7.993220 10.001937
v 5.688903 -8.117373 10.002179
v 5.209893 -8.241525 10.002421
v 4.730882 -8.365678 10.002663
v 4.251871 -8.489830 10.002905
v 3.772860 -8.613983 10.003147
v 3.293850 -8.738136 10.003389
v 2.814839 -8.862288 10.003631
v 10.000000 -7.999999 10.000001
v 9.520989 -8.082347 10.000243
v 9.041979 -8.164694 10.000485
v 8.562968 -8.247042 10.000727
v 8.083957 -8.329390 10.000969
v 7.604946 -8.411738 10.001211
v 7.125936 -8.494085 10.001453
v 6.646925 -8.576433 10.001695
v 6.167914 -8.658781 10.001937
v 5.688903 -8.741129 10.002179
v 5.209893 -8.823476 10.002421
v 4.730882 -8.905824 10.002663
v 4.251871 -8.988172 10.002905
v 3.772860 -9.070519 10.003147
v 3.293850 -9.152867 10.003389
v 2.814839 -9.235215 10.003631
v 10.000000 -8.999999 10.000001
v 9.520989 -9.040542 10.000243
v 9.041979 -9.081085 10.000485
v 8.562968 -9.121627 10.000727
v 8.083957 -9.162170 10.000969
v 7.604946 -9.202713 10.001211
v 7.125936 -9.243256 10.001453
v 6.646925 -9.283799 10.001695
v 6.167914 -9.324342 10.001937
v 5.688903 -9.364884 10.002179
v 5.209893 -9.405427 10.002421
v 4.730882 -9.445970 10.002663
v 4.251871 -9.486513 10.002905
v 3.772860 -9.527056 10.003147
v 3.293850 -9.567599 10.003389
v 2.814839 -9.608141 10.003631
v 10.000000 -9.999999 10.000001
v 9.520989 -9.998737 10.000243
v 9.041979 -9.997475 10.000485
v 8.562968 -9.996213 10.000727
v 8.083957 -9.994951 10.000969
v 7.604946 -9.993689 10.001211
v 7.125936 -9.992427 10.001453
v 6.646925 -9.991165 10.001695
v 6.167914 -9.989902 10.001937
v 5.688903 -9.988640 10.002179
v 5.209893 -9.987378 10.002421
v 4.730882 -9.986116 10.002663
v 4.251871 -9.984854 10.002905
v 3.772860 -9.983592 10.003147
v 3.293850 -9.982330 10.003389
v 2.814839 -9.981068 10.003631
v 2.814839 -9.981068 10.003631
v 1.876559 -9.981068 10.003631
v 1.876559 -9.981068 10.988702
v 2.814839 -9.981068 10.988702
v 1.876559 -9.981068 11.973774
v 2.814839 -9.981068 11.973774
v 1.876559 -9.981068 12.958845
v 2.814839 -9.981068 12.958845
v 1.876559 -9.981068 13.943917
v 2.814839 -9.981068 13.943917
v 1.876559 -9.981068 14.928988
v 2.814839 -9.981068 14.928988
v 1.876559 -9.981068 15.914060
v 2.814839 -9.981068 15.914060
v 1.876559 -9.981068 16.899130
v 2.814839 -9.981068 16.899130
v 1.876559 -9.981068 17.884201
v 2.814839 -9.981068 17.884201
v 1.876559 -9.981068 18.869272
v 2.814839 -9.981068 18.869272
v 1.876559 -9.981067 19.854345
v 2.814839 -9.981067 19.854345
v 1.876559 -9.981067 20.839417
v 2.814839 -9.981067 20.839417
v 1.876559 -9.981067 21.824488
v 2.814839 -9.981067 21.824488
v 1.876559 -9.981067 22.809559
v 2.814839 -9.981067 22.809559
v 0.938280 -9.981068 10.003631
v 0.938280 -9.981068 10.988702
v 0.938280 -9.981068 11.973774
v 0.938280 -9.981068 12.958845
v 0.938280 -9.981068 13.943917
v 0.938280 -9.981068 14.928988
v 0.938280 -9.981068 15.914060
v 0.938280 -9.981068 16.899130
v 0.938280 -9.981068 17.884201
v 0.938280 -9.981068 18.869272
v 0.938280 -9.981067 19.854345
v 0.938280 -9.981067 20.839417
v 0.938280 -9.981067 21.824488
v 0.938280 -9.981067 22.809559
v 0.000000 -9.981068 10.003631
v 0.000000 -9.981068 10.988702
v 0.000000 -9.981068 11.973774
v 0.000000 -9.981068 12.958845
v 0.000000 -9.981068 13.943917
v 0.000000 -9.981068 14.928988
v 0.000000 -9.981068 15.914060
v 0.000000 -9.981068 16.899130
v 0.000000 -9.981068 17.884201
v 0.000000 -9.981068 18.869272
v 0.000000 -9.981067 19.854345
v 0.000000 -9.981067 20.839417
v 0.000000 -9.981067 21.824488
v 0.000000 -9.981067 22.809559
v -0.938280 -9.981068 10.003631
v -0.938280 -9.981068 10.988702
v -0.938280 -9.981068 11.973774
v -0.938280 -9.981068 12.958845
v -0.938280 -9.981068 13.943917
v -0.938280 -9.981068 14.928988
v -0.938280 -9.981068 15.914060
v -0.938280 -9.981068 16.899130
v -0.938280 -9.981068 17.884201
v -0.938280 -9.981068 18.869272
v -0.938280 -9.981067 19.854345
v -0.938280 -9.981067 20.839417
v -0.938280 -9.981067 21.824488
v -0.938280 -9.981067 22.809559
v -1.876559 -9.981068 10.003631
v -1.876559 -9.981068 10.988702
v -1.876559 -9.981068 11.973774
v -1.876559 -9.981068 12.958845
v -1.876559 -9.981068 13.943917
v -1.876559 -9.981068 14.928988
v -1.876559 -9.981068 15.914060
v -1.876559 -9.981068 16.899130
v -1.876559 -9.981068 17.884201
v -1.876559 -9.981068 18.869272
v -1.876559 -9.981067 19.854345
v -1.876559 -9.981067 20.839417
v -1.876559 -9.981067 21.824488
v -1.876559 -9.981067 22.809559
v -2.814839 -9.981068 10.003631
v -2.814839 -9.981068 10.988702
v -2.814839 -9.981068 11.973774
v -2.814839 -9.981068 12.958845
v -2.814839 -9.981068 13.943917
v -2.814839 -9.981068 14.928988
v -2.814839 -9.981068 15.914060
v -2.814839 -9.981068 16.899130
v -2.814839 -9.981068 17.884201
v -2.814839 -9.981068 18.869272
v -2.814839 -9.981067 19.854345
v -2.814839 -9.981067 20.839417
v -2.814839 -9.981067 21.824488
v -2.814839 -9.981067 22.809559
v -2.814839 -9.981068 10.003631
v -2.814839 -9.048752 10.003631
v -2.814839 -9.048752 10.988702
v -2.814839 -9.981068 10.988702
v -2.814839 -9.048752 11.973774
v -2.814839 -9.981068 11.973774
v -2.814839 -9.048752 12.958845
v -2.814839 -9.981068 12.958845
v -2.814839 -9.048752 13.943917
v -2.814839 -9.981068 13.943917
v -2.814839 -9.048752 14.928988
v -2.814839 -9.981068 14.928988
v -2.814839 -9.048752 15.914060
v -2.814839 -9.981068 15.914060
v -2.814839 -9.048752 16.899130
v -2.814839 -9.981068 16.899130
v -2.814839 -9.048752 17.884201
v -2.814839 -9.981068 17.884201
v -2.814839 -9.048752 18.869272
v -2.814839 -9.981068 18.869272
v -2.814839 -9.048751 19.854345
v -2.814839 -9.981067 19.854345
v -2.814839 -9.048751 20.839417
v -2.814839 -9.981067 20.839417
v -2.814839 -9.048751 21.824488
v -2.814839 -9.981067 21.824488
v -2.814839 -9.048751 22.809559
v -2.814839 -9.981067 22.809559
v -2.814839 -8.116435 10.003631
v -2.814839 -8.116435 10.988702
v -2.814839 -8.116435 11.973774
v -2.814839 -8.116435 12.958845
v -2.814839 -8.116435 13.943917
v -2.814839 -8.116435 14.928988
v -2.814839 -8.116435 15.914060
v -2.814839 -8.116435 16.899130
v -2.814839 -8.116435 17.884201
v -2.814839 -8.116435 18.869272
v -2.814839 -8.116434 19.854345
v -2.814839 -8.116434 20.839417
v -2.814839 -8.116434 21.824488
v -2.814839 -8.116434 22.809559
v -2.814839 -7.184119 10.003631
v -2.814839 -7.184119 10.988702
v -2.814839 -7.184119 11.973774
v -2.814839 -7.184119 12.958845
v -2.814839 -7.184119 13.943917
v -2.814839 -7.184119 14.928988
v -2.814839 -7.184119 15.914060
v -2.814839 -7.184119 16.899130
v -2.814839 -7.184119 17.884201
v -2.814839 -7.184119 18.869272
v -2.814839 -7.184119 19.854345
v -2.814839 -7.184119 20.839417
v -2.814839 -7.184119 21.824488
v -2.814839 -7.184118 22.809559
v -2.814839 -6.251802 10.003630
v -2.814839 -6.251802 10.988701
v -2.814839 -6.251802 11.973773
v -2.814839 -6.251802 12.958844
v -2.814839 -6.251802 13.943916
v -2.814839 -6.251802 14.928987
v -2.814839 -6.251801 15.914059
v -2.814839 -6.251801 16.899130
v -2.814839 -6.251801 17.884201
v -2.814839 -6.251801 18.869272
v -2.814839 -6.251801 19.854345
v -2.814839 -6.251801 20.839417
v -2.814839 -6.251801 21.824488
v -2.814839 -6.251801 22.809559
v -2.814839 -5.319486 10.003630
v -2.814839 -5.319486 10.988701
v -2.814839 -5.319486 11.973773
v -2.814839 -5.319486 12.958844
v -2.814839 -5.319486 13.943916
v -2.814839 -5.319486 14.928987
v -2.814839 -5.319486 15.914059
v -2.814839 -5.319486 16.899130
v -2.814839 -5.319486 17.884201
v -2.814839 -5.319486 18.869272
v -2.814839 -5.319486 19.854345
v -2.814839 -5.319486 20.839417
v -2.814839 -5.319486 21.824488
v -2.814839 -5.319485 22.809559
v -2.814839 -4.387170 10.003630
v -2.814839 -4.387170 10.988701
v -2.814839 -4.387170 11.973773
v -2.814839 -4.387170 12.958844
v -2.814839 -4.387170 13.943916
v -2.814839 -4.387170 14.928987
v -2.814839 -4.387169 15.914059
v -2.814839 -4.387169 16.899130
v -2.814839 -4.387169 17.884201
v -2.814839 -4.387169 18.869272
v -2.814839 -4.387169 19.854345
v -2.814839 -4.387169 20.839417
v -2.814839 -4.387169 21.824488
v -2.814839 -4.387169 22.809559
v -2.814839 -3.454853 10.003630
v -2.814839 -3.454853 10.988701
v -2.814839 -3.454853 11.973773
v -2.814839 -3.454853 12.958844
v -2.814839 -3.454853 13.943916
v -2.814839 -3.454853 14.928987
v -2.814839 -3.454853 15.914059
v -2.814839 -3.454853 16.899130
v -2.814839 -3.454853 17.884201
v -2.814839 -3.454853 18.869272
v -2.814839 -3.454853 19.854345
v -2.814839 -3.454852 20.839417
v -2.814839 -3.454852 21.824488
v -2.814839 -3.454852 22.809559
v -2.814839 -2.522537 10.003630
v -2.814839 -2.522537 10.988701
v -2.814839 -2.522537 11.973773
v -2.814839 -2.522537 12.958844
v -2.814839 -2.522537 13.943916
v -2.814839 -2.522537 14.928987
v -2.814839 -2.522537 15.914059
v -2.814839 -2.522537 16.899130
v -2.814839 -2.522537 17.884201
v -2.814839 -2.522537 18.869272
v -2.814839 -2.522537 19.854345
v -2.814839 -2.522536 20.839417
v -2.814839 -2.522536 21.824488
v -2.814839 -2.522536 22.809559
v -2.814839 -2.522537 10.003630
v -1.876559 -2.522537 10.003630
v -1.876559 -2.522537 10.988701
v -2.814839 -2.522537 10.988701
v -1.876559 -2.522537 11.973773
v -2.814839 -2.522537 11.973773
v -1.876559 -2.522537 12.958844
v -2.814839 -2.522537 12.958844
v -1.876559 -2.522537 13.943916
v -2.814839 -2.522537 13.943916
v -1.876559 -2.522537 14.928987
v -2.814839 -2.522537 14.928987
v -1.876559 -2.522537 15.914059
v -2.814839 -2.522537 15.914059
v -1.876559 -2.522537 16.899130
v -2.814839 -2.522537 16.899130
v -1.876559 -2.522537 17.884201
v -2.814839 -2.522537 17.884201
v -1.876559 -2.522537 18.869272
v -2.814839 -2.522537 18.869272
v -1.876559 -2.522537 19.854345
v -2.814839 -2.522537 19.854345
v -1.876559 -2.522536 20.839417
v -2.814839 -2.522536 20.839417
v -1.876559 -2.522536 21.824488
v -2.814839 -2.522536 21.824488
v -1.876559 -2.522536 22.809559
v -2.814839 -2.522536 22.809559
v -0.938280 -2.522537 10.003630
v -0.938280 -2.522537 10.988701
v -0.938280 -2.522537 11.973773
v -0.938280 -2.522537 12.958844
v -0.938280 -2.522537 13.943916
v -0.938280 -2.522537 14.928987
v -0.938280 -2.522537 15.914059
v -0.938280 -2.522537 16.899130
v -0.938280 -2.522537 17.884201
v -0.938280 -2.522537 18.869272
v -0.938280 -2.522537 19.854345
v -0.938280 -2.522536 20.839417
v -0.938280 -2.522536 21.824488
v -0.938280 -2.522536 22.809559
v 0.000000 -2.522537 10.003630
v 0.000000 -2.522537 10.988701
v 0.000000 -2.522537 11.973773
v 0.000000 -2.522537 12.958844
v 0.000000 -2.522537 13.943916
v 0.000000 -2.522537 14.928987
v 0.000000 -2.522537 15.914059
v 0.000000 -2.522537 16.899130
v 0.000000 -2.522537 17.884201
v 0.000000 -2.522537 18.869272
v 0.000000 -2.522537 19.854345
v 0.000000 -2.522536 20.839417
v 0.000000 -2.522536 21.824488
v 0.000000 -2.522536 22.809559
v 0.938280 -2.522537 10.003630
v 0.938280 -2.522537 10.988701
v 0.938280 -2.522537 11.973773
v 0.938280 -2.522537 12.958844
v 0.938280 -2.522537 13.943916
v 0.938280 -2.522537 14.928987
v 0.938280 -2.522537 15.914059
v 0.938280 -2.522537 16.899130
v 0.938280 -2.522537 17.884201
v 0.938280 -2.522537 18.869272
v 0.938280 -2.522537 19.854345
v 0.938280 -2.522536 20.839417
v 0.938280 -2.522536 21.824488
v 0.938280 -2.522536 22.809559
v 1.876559 -2.522537 10.003630
v 1.876559 -2.522537 10.988701
v 1.876559 -2.522537 11.973773
v 1.876559 -2.522537 12.958844
v 1.876559 -2.522537 13.943916
v 1.876559 -2.522537 14.928987
v 1.876559 -2.522537 15.914059
v 1.876559 -2.522537 16.899130
v 1.876559 -2.522537 17.884201
v 1.876559 -2.522537 18.869272
v 1.876559 -2.522537 19.854345
v 1.876559 -2.522536 20.839417
v 1.876559 -2.522536 21.824488
v 1.876559 -2.522536 22.809559
v 2.814839 -2.522537 10.003630
v 2.814839 -2.522537 10.988701
v 2.814839 -2.522537 11.973773
v 2.814839 -2.522537 12.958844
v 2.814839 -2.522537 13.943916
v 2.814839 -2.522537 14.928987
v 2.814839 -2.522537 15.914059
v 2.814839 -2.522537 16.899130
v 2.814839 -2.522537 17.884201
v 2.814839 -2.522537 18.869272
v 2.814839 -2.522537 19.854345
v 2.814839 -2.522536 20.839417
v 2.814839 -2.522536 21.824488
v 2.814839 -2.522536 22.809559
v 2.814839 -2.522537 10.003630
v 2.814839 -3.454853 10.003630
v 2.814839 -3.454853 10.988701
v 2.814839 -2.522537 10.988701
v 2.814839 -3.454853 11.973773
v 2.814839 -2.522537 11.973773
v 2.814839 -3.454853 12.958844
v 2.814839 -2.522537 12.958844
v 2.814839 -3.454853 13.943916
v 2.814839 -2.522537 13.943916
v 2.814839 -3.454853 14.928987
v 2.814839 -2.522537 14.928987
v 2.814839 -3.454853 15.914059
v 2.814839 -2.522537 15.914059
v 2.814839 -3.454853 16.899130
v 2.814839 -2.522537 16.899130
v 2.814839 -3.454853 17.884201
v 2.814839 -2.522537 17.884201
v 2.814839 -3.454853 18.869272
v 2.814839 -2.522537 18.869272
v 2.814839 -3.454853 19.854345
v 2.814839 -2.522537 19.854345
v 2.814839 -3.454852 20.839417
v 2.814839 -2.522536 20.839417
v 2.814839 -3.454852 21.824488
v 2.814839 -2.522536 21.824488
v 2.814839 -3.454852 22.809559
v 2.814839 -2.522536 22.809559
v 2.814839 -4.387170 10.003630
v 2.814839 -4.387170 10.988701
v 2.814839 -4.387170 11.973773
v 2.814839 -4.387170 12.958844
v 2.814839 -4.387170 13.943916
v 2.814839 -4.387170 14.928987
v 2.814839 -4.387169 15.914059
v 2.814839 -4.387169 16.899130
v 2.814839 -4.387169 17.884201
v 2.814839 -4.387169 18.869272
v 2.814839 -4.387169 19.854345
v 2.814839 -4.387169 20.839417
v 2.814839 -4.387169 21.824488
v 2.814839 -4.387169 22.809559
v 2.814839 -5.319486 10.003630
v 2.814839 -5.319486 10.988701
v 2.814839 -5.319486 11.973773
v 2.814839 -5.319486 12.958844
v 2.814839 -5.319486 13.943916
v 2.814839 -5.319486 14.928987
v 2.814839 -5.319486 15.914059
v 2.814839 -5.319486 16.899130
v 2.814839 -5.319486 17.884201
v 2.814839 -5.319486 18.869272
v 2.814839 -5.319486 19.854345
v 2.814839 -5.319486 20.839417
v 2.814839 -5.319486 21.824488
v 2.814839 -5.319485 22.809559
v 2.814839 -6.251802 10.003630
v 2.814839 -6.251802 10.988701
v 2.814839 -6.251802 11.973773
v 2.814839 -6.251802 12.958844
v 2.814839 -6.251802 13.943916
v 2.814839 -6.251802 14.928987
v 2.814839 -6.251801 15.914059
v 2.814839 -6.251801 16.899130
v 2.814839 -6.251801 17.884201
v 2.814839 -6.251801 18.869272
v 2.814839 -6.251801 19.854345
v 2.814839 -6.251801 20.839417
v 2.814839 -6.251801 21.824488
v 2.814839 -6.251801 22.809559
v 2.814839 -7.184119 10.003631
v 2.814839 -7.184119 10.988702
v 2.814839 -7.184119 11.973774
v 2.814839 -7.184119 12.958845
v 2.814839 -7.184119 13.943917
v 2.814839 -7.184119 14.928988
v 2.814839 -7.184119 15.914060
v 2.814839 -7.184119 16.899130
v 2.814839 -7.184119 17.884201
v 2.814839 -7.184119 18.869272
v 2.814839 -7.184119 19.854345
v 2.814839 -7.184119 20.839417
v 2.814839 -7.184119 21.824488
v 2.814839 -7.184118 22.809559
v 2.814839 -8.116435 10.003631
v 2.814839 -8.116435 10.988702
v 2.814839 -8.116435 11.973774
v 2.814839 -8.116435 12.958845
v 2.814839 -8.116435 13.943917
v 2.814839 -8.116435 14.928988
v 2.814839 -8.116435 15.914060
v 2.814839 -8.116435 16.899130
v 2.814839 -8.116435 17.884201
v 2.814839 -8.116435 18.869272
v 2.814839 -8.116434 19.854345
v 2.814839 -8.116434 20.839417
v 2.814839 -8.116434 21.824488
v 2.814839 -8.116434 22.809559
v 2.814839 -9.048752 10.003631
v 2.814839 -9.048752 10.988702
v 2.814839 -9.048752 11.973774
v 2.814839 -9.048752 12.958845
v 2.814839 -9.048752 13.943917
v 2.814839 -9.048752 14.928988
v 2.814839 -9.048752 15.914060
v 2.814839 -9.048752 16.899130
v 2.814839 -9.048752 17.884201
v 2.814839 -9.048752 18.869272
v 2.814839 -9.048751 19.854345
v 2.814839 -9.048751 20.839417
v 2.814839 -9.048751 21.824488
v 2.814839 -9.048751 22.809559
v 2.814839 -9.981068 10.003631
v 2.814839 -9.981068 10.988702
v 2.814839 -9.981068 11.973774
v 2.814839 -9.981068 12.958845
v 2.814839 -9.981068 13.943917
v 2.814839 -9.981068 14.928988
v 2.814839 -9.981068 15.914060
v 2.814839 -9.981068 16.899130
v 2.814839 -9.981068 17.884201
v 2.814839 -9.981068 18.869272
v 2.814839 -9.981067 19.854345
v 2.814839 -9.981067 20.839417
v 2.814839 -9.981067 21.824488
v 2.814839 -9.981067 22.809559
v -2.814839 -2.522536 22.809559
v -1.876559 -2.522536 22.809559
v -1.876559 -2.170835 23.655781
v -2.814839 -2.170835 23.655781
v -1.876559 -1.819133 24.502003
v -2.814839 -1.819133 24.502003
v -1.876559 -1.467432 25.348225
v -2.814839 -1.467432 25.348225
v -1.876559 -1.115730 26.194447
v -2.814839 -1.115730 26.194447
v -1.876559 -0.764029 27.040668
v -2.814839 -0.764029 27.040668
v -1.876559 -0.412328 27.886890
v -2.814839 -0.412328 27.886890
v -1.876559 -0.060626 28.733112
v -2.814839 -0.060626 28.733112
v -1.876559 0.291075 29.579334
v -2.814839 0.291075 29.579334
v -1.876559 0.642777 30.425556
v -2.814839 0.642777 30.425556
v -1.876559 0.994478 31.271778
v -2.814839 0.994478 31.271778
v -0.938280 -2.522536 22.809559
v -0.938280 -2.170835 23.655781
v -0.938280 -1.819133 24.502003
v -0.938280 -1.467432 25.348225
v -0.938280 -1.115730 26.194447
v -0.938280 -0.764029 27.040668
v -0.938280 -0.412328 27.886890
v -0.938280 -0.060626 28.733112
v -0.938280 0.291075 29.579334
v -0.938280 0.642777 30.425556
v -0.938280 0.994478 31.271778
v 0.000000 -2.522536 22.809559
v 0.000000 -2.170835 23.655781
v 0.000000 -1.819133 24.502003
v 0.000000 -1.467432 25.348225
v 0.000000 -1.115730 26.194447
v 0.000000 -0.764029 27.040668
v 0.000000 -0.412328 27.886890
v 0.000000 -0.060626 28.733112
v 0.000000 0.291075 29.579334
v 0.000000 0.642777 30.425556
v 0.000000 0.994478 31.271778
v 0.938280 -2.522536 22.809559
v 0.938280 -2.170835 23.655781
v 0.938280 -1.819133 24.502003
v 0.938280 -1.467432 25.348225
v 0.938280 -1.115730 26.194447
v 0.938280 -0.764029 27.040668
v 0.938280 -0.412328 27.886890
v 0.938280 -0.060626 28.733112
v 0.938280 0.291075 29.579334
v 0.938280 0.642777 30.425556
v 0.938280 0.994478 31.271778
v 1.876559 -2.522536 22.809559
v 1.876559 -2.170835 23.655781
v 1.876559 -1.819133 24.502003
v 1.876559 -1.467432 25.348225
v 1.876559 -1.115730 26.194447
v 1.876559 -0.764029 27.040668
v 1.876559 -0.412328 27.886890
v 1.876559 -0.060626 28.733112
v 1.876559 0.291075 29.579334
v 1.876559 0.642777 30.425556
v 1.876559 0.994478 31.271778
v 2.814839 -2.522536 22.809559
v 2.814839 -2.170835 23.655781
v 2.814839 -1.819133 24.502003
v 2.814839 -1.467432 25.348225
v 2.814839 -1.115730 26.194447
v 2.814839 -0.764029 27.040668
v 2.814839 -0.412328 27.886890
v 2.814839 -0.060626 28.733112
v 2.814839 0.291075 29.579334
v 2.814839 0.642777 30.425556
v 2.814839 0.994478 31.271778
v 2.814839 -3.200584 22.809559
v 2.814839 -2.879859 23.655781
v 2.814839 -2.170835 23.655781
v 2.814839 -2.559134 24.502003
v 2.814839 -1.819133 24.502003
v 2.814839 -2.238409 25.348225
v 2.814839 -1.467432 25.348225
v 2.814839 -1.917684 26.194447
v 2.814839 -1.115730 26.194447
v 2.814839 -1.596959 27.040668
v 2.814839 -0.764029 27.040668
v 2.814839 -1.276234 27.886890
v 2.814839 -0.412328 27.886890
v 2.814839 -0.955509 28.733112
v 2.814839 -0.060626 28.733112
v 2.814839 -0.634784 29.579334
v 2.814839 0.291075 29.579334
v 2.814839 -0.314059 30.425556
v 2.814839 0.642777 30.425556
v 2.814839 0.006666 31.271778
v 2.814839 0.994478 31.271778
v 2.814839 -3.878633 22.809559
v 2.814839 -3.588884 23.655781
v 2.814839 -3.299135 24.502003
v 2.814839 -3.009386 25.348225
v 2.814839 -2.719638 26.194447
v 2.814839 -2.429889 27.040668
v 2.814839 -2.140140 27.886890
v 2.814839 -1.850392 28.733112
v 2.814839 -1.560643 29.579334
v 2.814839 -1.270894 30.425556
v 2.814839 -0.981145 31.271778
v 2.814839 -4.556681 22.809559
v 2.814839 -4.297908 23.655781
v 2.814839 -4.039136 24.502003
v 2.814839 -3.780364 25.348225
v 2.814839 -3.521591 26.194447
v 2.814839 -3.262819 27.040668
v 2.814839 -3.004047 27.886890
v 2.814839 -2.745274 28.733112
v 2.814839 -2.486502 29.579334
v 2.814839 -2.227730 30.425556
v 2.814839 -1.968957 31.271778
v 2.814839 -5.234729 22.809559
v 2.814839 -5.006933 23.655781
v 2.814839 -4.779137 24.502003
v 2.814839 -4.551341 25.348225
v 2.814839 -4.323545 26.194447
v 2.814839 -4.095749 27.040668
v 2.814839 -3.867953 27.886890
v 2.814839 -3.640157 28.733112
v 2.814839 -3.412361 29.579334
v 2.814839 -3.184565 30.425556
v 2.814839 -2.956769 31.271778
v 2.814839 -5.912777 22.809559
v 2.814839 -5.715958 23.655781
v 2.814839 -5.519138 24.502003
v 2.814839 -5.322318 25.348225
v 2.814839 -5.125499 26.194447
v 2.814839 -4.928679 27.040668
v 2.814839 -4.731859 27.886890
v 2.814839 -4.535039 28.733112
v 2.814839 -4.338220 29.579334
v 2.814839 -4.141399 30.425556
v 2.814839 -3.944581 31.271778
v 2.814839 -6.590826 22.809559
v 2.814839 -6.424982 23.655781
v 2.814839 -6.259139 24.502003
v 2.814839 -6.093296 25.348225
v 2.814839 -5.927452 26.194447
v 2.814839 -5.761609 27.040668
v 2.814839 -5.595766 27.886890
v 2.814839 -5.429922 28.733112
v 2.814839 -5.264079 29.579334
v 2.814839 -5.098236 30.425556
v 2.814839 -4.932392 31.271778
v 2.814839 -7.268874 22.809559
v 2.814839 -7.134007 23.655781
v 2.814839 -6.999140 24.502003
v 2.814839 -6.864273 25.348225
v 2.814839 -6.729406 26.194447
v 2.814839 -6.594539 27.040668
v 2.814839 -6.459672 27.886890
v 2.814839 -6.324805 28.733112
v 2.814839 -6.189938 29.579334
v 2.814839 -6.055070 30.425556
v 2.814839 -5.920204 31.271778
v 2.814839 -7.946922 22.809559
v 2.814839 -7.843032 23.655781
v 2.814839 -7.739141 24.502003
v 2.814839 -7.635250 25.348225
v 2.814839 -7.531360 26.194447
v 2.814839 -7.427469 27.040668
v 2.814839 -7.323578 27.886890
v 2.814839 -7.219687 28.733112
v 2.814839 -7.115797 29.579334
v 2.814839 -7.011906 30.425556
v 2.814839 -6.908016 31.271778
v 2.814839 -8.624970 22.809559
v 2.814839 -8.552056 23.655781
v 2.814839 -8.479142 24.502003
v 2.814839 -8.406228 25.348225
v 2.814839 -8.333313 26.194447
v 2.814839 -8.260399 27.040668
v 2.814839 -8.187485 27.886890
v 2.814839 -8.114570 28.733112
v 2.814839 -8.041656 29.579334
v 2.814839 -7.968741 30.425556
v 2.814839 -7.895828 31.271778
v 2.814839 -9.303020 22.809559
v 2.814839 -9.261081 23.655781
v 2.814839 -9.219143 24.502003
v 2.814839 -9.177205 25.348225
v 2.814839 -9.135267 26.194447
v 2.814839 -9.093329 27.040668
v 2.814839 -9.051391 27.886890
v 2.814839 -9.009453 28.733112
v 2.814839 -8.967515 29.579334
v 2.814839 -8.925577 30.425556
v 2.814839 -8.883639 31.271778
v 2.814839 -9.970105 23.655781
v 2.814839 -9.959144 24.502003
v 2.814839 -9.948182 25.348225
v 2.814839 -9.937222 26.194447
v 2.814839 -9.926259 27.040668
v 2.814839 -9.915298 27.886890
v 2.814839 -9.904336 28.733112
v 2.814839 -9.893374 29.579334
v 2.814839 -9.882413 30.425556
v 2.814839 -9.871451 31.271778
v 2.814839 -9.981067 22.809559
v 1.876559 -9.981067 22.809559
v 1.876559 -9.968887 23.749805
v 2.814839 -9.968887 23.749805
v 1.876559 -9.956708 24.690052
v 2.814839 -9.956708 24.690052
v 1.876559 -9.944528 25.630299
v 2.814839 -9.944528 25.630299
v 1.876559 -9.932349 26.570545
v 2.814839 -9.932349 26.570545
v 1.876559 -9.920169 27.510792
v 2.814839 -9.920169 27.510792
v 1.876559 -9.907990 28.451038
v 2.814839 -9.907990 28.451038
v 1.876559 -9.895810 29.391285
v 2.814839 -9.895810 29.391285
v 1.876559 -9.883631 30.331532
v 2.814839 -9.883631 30.331532
v 1.876559 -9.871451 31.271778
v 2.814839 -9.871451 31.271778
v 0.938280 -9.981067 22.809559
v 0.938280 -9.968887 23.749805
v 0.938280 -9.956708 24.690052
v 0.938280 -9.944528 25.630299
v 0.938280 -9.932349 26.570545
v 0.938280 -9.920169 27.510792
v 0.938280 -9.907990 28.451038
v 0.938280 -9.895810 29.391285
v 0.938280 -9.883631 30.331532
v 0.938280 -9.871451 31.271778
v 0.000000 -9.981067 22.809559
v 0.000000 -9.968887 23.749805
v 0.000000 -9.956708 24.690052
v 0.000000 -9.944528 25.630299
v 0.000000 -9.932349 26.570545
v 0.000000 -9.920169 27.510792
v 0.000000 -9.907990 28.451038
v 0.000000 -9.895810 29.391285
v 0.000000 -9.883631 30.331532
v 0.000000 -9.871451 31.271778
v -0.938280 -9.981067 22.809559
v -0.938280 -9.968887 23.749805
v -0.938280 -9.956708 24.690052
v -0.938280 -9.944528 25.630299
v -0.938280 -9.932349 26.570545
v -0.938280 -9.920169 27.510792
v -0.938280 -9.907990 28.451038
v -0.938280 -9.895810 29.391285
v -0.938280 -9.883631 30.331532
v -0.938280 -9.871451 31.271778
v -1.876559 -9.981067 22.809559
v -1.876559 -9.968887 23.749805
v -1.876559 -9.956708 24.690052
v -1.876559 -9.944528 25.630299
v -1.876559 -9.932349 26.570545
v -1.876559 -9.920169 27.510792
v -1.876559 -9.907990 28.451038
v -1.876559 -9.895810 29.391285
v -1.876559 -9.883631 30.331532
v -1.876559 -9.871451 31.271778
v -2.814839 -9.981067 22.809559
v -2.814839 -9.968887 23.749805
v -2.814839 -9.956708 24.690052
v -2.814839 -9.944528 25.630299
v -2.814839 -9.932349 26.570545
v -2.814839 -9.920169 27.510792
v -2.814839 -9.907990 28.451038
v -2.814839 -9.895810 29.391285
v -2.814839 -9.883631 30.331532
v -2.814839 -9.871451 31.271778
v -2.814839 -9.303020 22.809559
v -2.814839 -9.261081 23.655781
v -2.814839 -9.970105 23.655781
v -2.814839 -9.219143 24.502003
v -2.814839 -9.959144 24.502003
v -2.814839 -9.177205 25.348225
v -2.814839 -9.948182 25.348225
v -2.814839 -9.135267 26.194447
v -2.814839 -9.937222 26.194447
v -2.814839 -9.093329 27.040668
v -2.814839 -9.926259 27.040668
v -2.814839 -9.051391 27.886890
v -2.814839 -9.915298 27.886890
v -2.814839 -9.009453 28.733112
v -2.814839 -9.904336 28.733112
v -2.814839 -8.967515 29.579334
v -2.814839 -9.893374 29.579334
v -2.814839 -8.925577 30.425556
v -2.814839 -9.882413 30.425556
v -2.814839 -8.883639 31.271778
v -2.814839 -9.871451 31.271778
v -2.814839 -8.624970 22.809559
v -2.814839 -8.552056 23.655781
v -2.814839 -8.479142 24.502003
v -2.814839 -8.406228 25.348225
v -2.814839 -8.333313 26.194447
v -2.814839 -8.260399 27.040668
v -2.814839 -8.187485 27.886890
v -2.814839 -8.114570 28.733112
v -2.814839 -8.041656 29.579334
v -2.814839 -7.968741 30.425556
v -2.814839 -7.895828 31.271778
v -2.814839 -7.946922 22.809559
v -2.814839 -7.843032 23.655781
v -2.814839 -7.739141 24.502003
v -2.814839 -7.635250 25.348225
v -2.814839 -7.531360 26.194447
v -2.814839 -7.427469 27.040668
v -2.814839 -7.323578 27.886890
v -2.814839 -7.219687 28.733112
v -2.814839 -7.115797 29.579334
v -2.814839 -7.011906 30.425556
v -2.814839 -6.908016 31.271778
v -2.814839 -7.268874 22.809559
v -2.814839 -7.134007 23.655781
v -2.814839 -6.999140 24.502003
v -2.814839 -6.864273 25.348225
v -2.814839 -6.729406 26.194447
v -2.814839 -6.594539 27.040668
v -2.814839 -6.459672 27.886890
v -2.814839 -6.324805 28.733112
v -2.814839 -6.189938 29.579334
v -2.814839 -6.055070 30.425556
v -2.814839 -5.920204 31.271778
v -2.814839 -6.590826 22.809559
v -2.814839 -6.424982 23.655781
v -2.814839 -6.259139 24.502003
v -2.814839 -6.093296 25.348225
v -2.814839 -5.927452 26.194447
v -2.814839 -5.761609 27.040668
v -2.814839 -5.595766 27.886890
v -2.814839 -5.429922 28.733112
v -2.814839 -5.264079 29.579334
v -2.814839 -5.098236 30.425556
v -2.814839 -4.932392 31.271778
v -2.814839 -5.912777 22.809559
v -2.814839 -5.715958 23.655781
v -2.814839 -5.519138 24.502003
v -2.814839 -5.322318 25.348225
v -2.814839 -5.125499 26.194447
v -2.814839 -4.928679 27.040668
v -2.814839 -4.731859 27.886890
v -2.814839 -4.535039 28.733112
v -2.814839 -4.338220 29.579334
v -2.814839 -4.141399 30.425556
v -2.814839 -3.944581 31.271778
v -2.814839 -5.234729 22.809559
v -2.814839 -5.006933 23.655781
v -2.814839 -4.779137 24.502003
v -2.814839 -4.551341 25.348225
v -2.814839 -4.323545 26.194447
v -2.814839 -4.095749 27.040668
v -2.814839 -3.867953 27.886890
v -2.814839 -3.640157 28.733112
v -2.814839 -3.412361 29.579334
v -2.814839 -3.184565 30.425556
v -2.814839 -2.956769 31.271778
v -2.814839 -4.556681 22.809559
v -2.814839 -4.297908 23.655781
v -2.814839 -4.039136 24.502003
v -2.814839 -3.780364 25.348225
v -2.814839 -3.521591 26.194447
v -2.814839 -3.262819 27.040668
v -2.814839 -3.004047 27.886890
v -2.814839 -2.745274 28.733112
v -2.814839 -2.486502 29.579334
v -2.814839 -2.227730 30.425556
v -2.814839 -1.968957 31.271778
v -2.814839 -3.878633 22.809559
v -2.814839 -3.588884 23.655781
v -2.814839 -3.299135 24.502003
v -2.814839 -3.009386 25.348225
v -2.814839 -2.719638 26.194447
v -2.814839 -2.429889 27.040668
v -2.814839 -2.140140 27.886890
v -2.814839 -1.850392 28.733112
v -2.814839 -1.560643 29.579334
v -2.814839 -1.270894 30.425556
v -2.814839 -0.981145 31.271778
v -2.814839 -3.200584 22.809559
v -2.814839 -2.879859 23.655781
v -2.814839 -2.559134 24.502003
v -2.814839 -2.238409 25.348225
v -2.814839 -1.917684 26.194447
v -2.814839 -1.596959 27.040668
v -2.814839 -1.276234 27.886890
v -2.814839 -0.955509 28.733112
v -2.814839 -0.634784 29.579334
v -2.814839 -0.314059 30.425556
v -2.814839 0.006666 31.271778
v -2.814839 -2.170835 23.655781
v -2.814839 -1.819133 24.502003
v -2.814839 -1.467432 25.348225
v -2.814839 -1.115730 26.194447
v -2.814839 -0.764029 27.040668
v -2.814839 -0.412328 27.886890
v -2.814839 -0.060626 28.733112
v -2.814839 0.291075 29.579334
v -2.814839 0.642777 30.425556
v -2.814839 0.994478 31.271778
v 2.814839 -9.871451 31.271778
v 1.876559 -9.871451 31.271778
v 1.876559 -9.871450 31.785107
v 2.814839 -9.871450 31.785107
v 1.876559 -9.871450 32.298435
v 2.814839 -9.871450 32.298435
v 0.938280 -9.871451 31.271778
v 0.938280 -9.871450 31.785107
v 0.938280 -9.871450 32.298435
v 0.000000 -9.871451 31.271778
v 0.000000 -9.871450 31.785107
v 0.000000 -9.871450 32.298435
v -0.938280 -9.871451 31.271778
v -0.938280 -9.871450 31.785107
v -0.938280 -9.871450 32.298435
v -1.876559 -9.871451 31.271778
v -1.876559 -9.871450 31.785107
v -1.876559 -9.871450 32.298435
v -2.814839 -9.871451 31.271778
v -2.814839 -9.871450 31.785107
v -2.814839 -9.871450 32.298435
v -2.814839 -8.883638 31.785107
v -2.814839 -9.871450 31.785107
v -2.814839 -8.883638 32.298435
v -2.814839 -9.871450 32.298435
v -2.814839 -7.895828 31.785107
v -2.814839 -7.895828 32.298435
v -2.814839 -6.908016 31.785107
v -2.814839 -6.908016 32.298435
v -2.814839 -5.920204 31.785107
v -2.814839 -5.920204 32.298435
v -2.814839 -4.932392 31.785107
v -2.814839 -4.932392 32.298435
v -2.814839 -3.944581 31.785107
v -2.814839 -3.944581 32.298435
v -2.814839 -2.956769 31.785107
v -2.814839 -2.956769 32.298435
v -2.814839 -1.968957 31.785107
v -2.814839 -1.968957 32.298435
v -2.814839 -0.981145 31.785107
v -2.814839 -0.981145 32.298435
v -2.814839 0.006666 31.785107
v -2.814839 0.006666 32.298435
v -2.814839 0.994478 31.785107
v -2.814839 0.994478 32.298435
v -2.814839 0.994478 31.271778
v -1.876559 0.994478 31.271778
v -1.876559 0.994478 31.785107
v -2.814839 0.994478 31.785107
v -1.876559 0.994478 32.298435
v -2.814839 0.994478 32.298435
v -0.938280 0.994478 31.271778
v -0.938280 0.994478 31.785107
v -0.938280 0.994478 32.298435
v 0.000000 0.994478 31.271778
v 0.000000 0.994478 31.785107
v 0.000000 0.994478 32.298435
v 0.938280 0.994478 31.271778
v 0.938280 0.994478 31.785107
v 0.938280 0.994478 32.298435
v 1.876559 0.994478 31.271778
v 1.876559 0.994478 31.785107
v 1.876559 0.994478 32.298435
v 2.814839 0.994478 31.271778
v 2.814839 0.994478 31.785107
v 2.814839 0.994478 32.298435
v 2.814839 0.006666 31.785107
v 2.814839 0.994478 31.785107
v 2.814839 0.006666 32.298435
v 2.814839 0.994478 32.298435
v 2.814839 -0.981145 31.785107
v 2.814839 -0.981145 32.298435
v 2.814839 -1.968957 31.785107
v 2.814839 -1.968957 32.298435
v 2.814839 -2.956769 31.785107
v 2.814839 -2.956769 32.298435
v 2.814839 -3.944581 31.785107
v 2.814839 -3.944581 32.298435
v 2.814839 -4.932392 31.785107
v 2.814839 -4.932392 32.298435
v 2.814839 -5.920204 31.785107
v 2.814839 -5.920204 32.298435
v 2.814839 -6.908016 31.785107
v 2.814839 -6.908016 32.298435
v 2.814839 -7.895828 31.785107
v 2.814839 -7.895828 32.298435
v 2.814839 -8.883638 31.785107
v 2.814839 -8.883638 32.298435
v 2.814839 -9.871450 31.785107
v 2.814839 -9.871450 32.298435
v -2.814839 -9.871450 32.298435
v -2.814839 -8.883638 32.298435
v -2.814839 -8.243345 32.298435
v -2.814839 -9.231157 32.298435
v -2.814839 -7.603052 32.298435
v -2.814839 -8.590863 32.298435
v -2.814839 -7.895828 32.298435
v -2.814839 -7.255534 32.298435
v -2.814839 -6.615241 32.298435
v -2.814839 -6.908016 32.298435
v -2.814839 -6.267722 32.298435
v -2.814839 -5.627429 32.298435
v -2.814839 -5.920204 32.298435
v -2.814839 -5.279911 32.298435
v -2.814839 -4.639616 32.298435
v -2.814839 -4.932392 32.298435
v -2.814839 -4.292099 32.298435
v -2.814839 -3.651805 32.298435
v -2.814839 -3.944581 32.298435
v -2.814839 -3.304287 32.298435
v -2.814839 -2.663994 32.298435
v -2.814839 -2.956769 32.298435
v -2.814839 -2.316475 32.298435
v -2.814839 -1.676182 32.298435
v -2.814839 -1.968957 32.298435
v -2.814839 -1.328664 32.298435
v -2.814839 -0.688370 32.298435
v -2.814839 -0.981145 32.298435
v -2.814839 -0.340852 32.298435
v -2.814839 0.299442 32.298435
v -2.814839 0.006666 32.298435
v -2.814839 0.646960 32.298435
v -2.814839 1.287253 32.298435
v -2.814839 0.994478 32.298435
v -2.814839 1.634771 32.298435
v -2.814839 2.275065 32.298435
v -2.814839 0.994478 32.298435
v -1.876559 0.994478 32.298435
v -1.876559 1.634771 32.298435
v -2.814839 1.634771 32.298435
v -1.876559 2.275065 32.298435
v -2.814839 2.275065 32.298435
v -0.938280 0.994478 32.298435
v -0.938280 1.634771 32.298435
v -0.938280 2.275065 32.298435
v 0.000000 0.994478 32.298435
v 0.000000 1.634771 32.298435
v 0.000000 2.275065 32.298435
v 0.938280 0.994478 32.298435
v 0.938280 1.634771 32.298435
v 0.938280 2.275065 32.298435
v 1.876559 0.994478 32.298435
v 1.876559 1.634771 32.298435
v 1.876559 2.275065 32.298435
v 2.814839 2.275065 32.298435
v 2.814839 1.287253 32.298435
v 2.814839 0.299442 32.298435
v 2.814839 -0.688370 32.298435
v 2.814839 -1.676182 32.298435
v 2.814839 -2.663994 32.298435
v 2.814839 -3.651805 32.298435
v 2.814839 -4.639616 32.298435
v 2.814839 -5.627429 32.298435
v 2.814839 -6.615241 32.298435
v 2.814839 -7.603052 32.298435
v 2.814839 -9.871450 32.298435
v 2.814839 -8.590863 32.298435
v 2.814839 -9.871450 32.298435
v 1.876559 -9.871450 32.298435
v 1.876559 -9.231157 32.298435
v 2.814839 -9.231157 32.298435
v 1.876559 -8.590863 32.298435
v 2.814839 -8.590863 32.298435
v 0.938280 -9.871450 32.298435
v 0.938280 -9.231157 32.298435
v 0.938280 -8.590863 32.298435
v 0.000000 -9.871450 32.298435
v 0.000000 -9.231157 32.298435
v 0.000000 -8.590863 32.298435
v -0.938280 -9.871450 32.298435
v -0.938280 -9.231157 32.298435
v -0.938280 -8.590863 32.298435
v -1.876559 -9.871450 32.298435
v -1.876559 -9.231157 32.298435
v -1.876559 -8.590863 32.298435
v -2.814839 -9.871450 32.298435
v -2.814839 -9.231157 32.298435
v -2.814839 -8.590863 32.298435
v -2.814839 2.275065 32.298435
v -1.876559 2.275065 32.298435
v -1.876559 2.275066 33.184944
v -2.814839 2.275066 33.184944
v -1.876559 2.275066 34.071453
v -2.814839 2.275066 34.071453
v -1.876559 2.275066 34.957962
v -2.814839 2.275066 34.957962
v -0.938280 2.275065 32.298435
v -0.938280 2.275066 33.184944
v -0.938280 2.275066 34.071453
v -0.938280 2.275066 34.957962
v 0.000000 2.275065 32.298435
v 0.000000 2.275066 33.184944
v 0.000000 2.275066 34.071453
v 0.000000 2.275066 34.957962
v 0.938280 2.275065 32.298435
v 0.938280 2.275066 33.184944
v 0.938280 2.275066 34.071453
v 0.938280 2.275066 34.957962
v 1.876559 2.275065 32.298435
v 1.876559 2.275066 33.184944
v 1.876559 2.275066 34.071453
v 1.876559 2.275066 34.957962
v 2.814839 2.275065 32.298435
v 2.814839 2.275066 33.184944
v 2.814839 2.275066 34.071453
v 2.814839 2.275066 34.957962
v 2.814839 2.275065 32.298435
v 2.814839 1.287253 32.298435
v 2.814839 1.287253 33.184944
v 2.814839 2.275066 33.184944
v 2.814839 1.287254 34.071453
v 2.814839 2.275066 34.071453
v 2.814839 1.287254 34.957962
v 2.814839 2.275066 34.957962
v 2.814839 0.299442 32.298435
v 2.814839 0.299442 33.184944
v 2.814839 0.299443 34.071453
v 2.814839 0.299443 34.957962
v 2.814839 -0.688370 32.298435
v 2.814839 -0.688370 33.184944
v 2.814839 -0.688369 34.071453
v 2.814839 -0.688369 34.957962
v 2.814839 -1.676182 32.298435
v 2.814839 -1.676182 33.184944
v 2.814839 -1.676181 34.071453
v 2.814839 -1.676181 34.957962
v 2.814839 -2.663994 32.298435
v 2.814839 -2.663993 33.184944
v 2.814839 -2.663993 34.071453
v 2.814839 -2.663993 34.957962
v 2.814839 -3.651805 32.298435
v 2.814839 -3.651804 33.184944
v 2.814839 -3.651804 34.071453
v 2.814839 -3.651804 34.957962
v 2.814839 -4.639616 32.298435
v 2.814839 -4.639616 33.184944
v 2.814839 -4.639616 34.071453
v 2.814839 -4.639616 34.957962
v 2.814839 -5.627429 32.298435
v 2.814839 -5.627429 33.184944
v 2.814839 -5.627429 34.071453
v 2.814839 -5.627428 34.957962
v 2.814839 -6.615241 32.298435
v 2.814839 -6.615241 33.184944
v 2.814839 -6.615241 34.071453
v 2.814839 -6.615240 34.957962
v 2.814839 -7.603052 32.298435
v 2.814839 -7.603052 33.184944
v 2.814839 -7.603052 34.071453
v 2.814839 -7.603051 34.957962
v 2.814839 -8.590863 32.298435
v 2.814839 -8.590863 33.184944
v 2.814839 -8.590863 34.071453
v 2.814839 -8.590863 34.957962
v 2.814839 -8.590863 32.298435
v 1.876559 -8.590863 32.298435
v 1.876559 -8.590863 33.184944
v 2.814839 -8.590863 33.184944
v 1.876559 -8.590863 34.071453
v 2.814839 -8.590863 34.071453
v 1.876559 -8.590863 34.957962
v 2.814839 -8.590863 34.957962
v 0.938280 -8.590863 32.298435
v 0.938280 -8.590863 33.184944
v 0.938280 -8.590863 34.071453
v 0.938280 -8.590863 34.957962
v 0.000000 -8.590863 32.298435
v 0.000000 -8.590863 33.184944
v 0.000000 -8.590863 34.071453
v 0.000000 -8.590863 34.957962
v -0.938280 -8.590863 32.298435
v -0.938280 -8.590863 33.184944
v -0.938280 -8.590863 34.071453
v -0.938280 -8.590863 34.957962
v -1.876559 -8.590863 32.298435
v -1.876559 -8.590863 33.184944
v -1.876559 -8.590863 34.071453
v -1.876559 -8.590863 34.957962
v -2.814839 -8.590863 32.298435
v -2.814839 -8.590863 33.184944
v -2.814839 -8.590863 34.071453
v -2.814839 -8.590863 34.957962
v -2.814839 -8.590863 32.298435
v -2.814839 -7.603052 32.298435
v -2.814839 -7.603052 33.184944
v -2.814839 -8.590863 33.184944
v -2.814839 -7.603052 34.071453
v -2.814839 -8.590863 34.071453
v -2.814839 -7.603051 34.957962
v -2.814839 -8.590863 34.957962
v -2.814839 -6.615241 32.298435
v -2.814839 -6.615241 33.184944
v -2.814839 -6.615241 34.071453
v -2.814839 -6.615240 34.957962
v -2.814839 -5.627429 32.298435
v -2.814839 -5.627429 33.184944
v -2.814839 -5.627429 34.071453
v -2.814839 -5.627428 34.957962
v -2.814839 -4.639616 32.298435
v -2.814839 -4.639616 33.184944
v -2.814839 -4.639616 34.071453
v -2.814839 -4.639616 34.957962
v -2.814839 -3.651805 32.298435
v -2.814839 -3.651804 33.184944
v -2.814839 -3.651804 34.071453
v -2.814839 -3.651804 34.957962
v -2.814839 -2.663994 32.298435
v -2.814839 -2.663993 33.184944
v -2.814839 -2.663993 34.071453
v -2.814839 -2.663993 34.957962
v -2.814839 -1.676182 32.298435
v -2.814839 -1.676182 33.184944
v -2.814839 -1.676181 34.071453
v -2.814839 -1.676181 34.957962
v -2.814839 -0.688370 32.298435
v -2.814839 -0.688370 33.184944
v -2.814839 -0.688369 34.071453
v -2.814839 -0.688369 34.957962
v -2.814839 0.299442 32.298435
v -2.814839 0.299442 33.184944
v -2.814839 0.299443 34.071453
v -2.814839 0.299443 34.957962
v -2.814839 1.287253 32.298435
v -2.814839 1.287253 33.184944
v -2.814839 1.287254 34.071453
v -2.814839 1.287254 34.957962
v -2.814839 2.275065 32.298435
v -2.814839 2.275066 33.184944
v -2.814839 2.275066 34.071453
v -2.814839 2.275066 34.957962
v 2.814839 -8.590863 34.957962
v 1.876559 -8.590863 34.957962
v 1.876559 -8.052119 34.957962
v 2.814839 -8.052119 34.957962
v 1.876559 -7.513375 34.957962
v 2.814839 -7.513375 34.957962
v 0.938280 -8.590863 34.957962
v 0.938280 -8.052119 34.957962
v 0.938280 -7.513375 34.957962
v 0.000000 -8.590863 34.957962
v 0.000000 -8.052119 34.957962
v 0.000000 -7.513375 34.957962
v -0.938280 -8.590863 34.957962
v -0.938280 -8.052119 34.957962
v -0.938280 -7.513375 34.957962
v -1.876559 -8.590863 34.957962
v -1.876559 -8.052119 34.957962
v -1.876559 -7.513375 34.957962
v -2.814839 -8.590863 34.957962
v -2.814839 -8.052119 34.957962
v -2.814839 -7.513375 34.957962
v -2.814839 -8.590863 34.957962
v -2.814839 -7.603051 34.957962
v -2.814839 -7.064307 34.957962
v -2.814839 -8.052119 34.957962
v -2.814839 -6.525563 34.957962
v -2.814839 -7.513375 34.957962
v -2.814839 -6.615240 34.957962
v -2.814839 -6.076496 34.957962
v -2.814839 -5.537752 34.957962
v -2.814839 -5.627428 34.957962
v -2.814839 -5.088684 34.957962
v -2.814839 -4.549940 34.957962
v -2.814839 -4.639616 34.957962
v -2.814839 -4.100872 34.957962
v -2.814839 -3.562128 34.957962
v -2.814839 -3.651804 34.957962
v -2.814839 -3.113061 34.957962
v -2.814839 -2.574317 34.957962
v -2.814839 -2.663993 34.957962
v -2.814839 -2.125249 34.957962
v -2.814839 -1.586505 34.957962
v -2.814839 -1.676181 34.957962
v -2.814839 -1.137437 34.957962
v -2.814839 -0.598694 34.957962
v -2.814839 -0.688369 34.957962
v -2.814839 -0.149626 34.957962
v -2.814839 0.389118 34.957962
v -2.814839 0.299443 34.957962
v -2.814839 0.838186 34.957962
v -2.814839 1.376930 34.957962
v -2.814839 1.287254 34.957962
v -2.814839 1.825998 34.957962
v -2.814839 2.364741 34.957962
v -2.814839 2.275066 34.957962
v -2.814839 2.813809 34.957962
v -2.814839 3.352553 34.957962
v -2.814839 2.275066 34.957962
v -1.876559 2.275066 34.957962
v -1.876559 2.813810 34.957962
v -2.814839 2.813810 34.957962
v -1.876559 3.352553 34.957962
v -2.814839 3.352553 34.957962
v -0.938280 2.275066 34.957962
v -0.938280 2.813810 34.957962
v -0.938280 3.352553 34.957962
v 0.000000 2.275066 34.957962
v 0.000000 2.813810 34.957962
v 0.000000 3.352553 34.957962
v 0.938280 2.275066 34.957962
v 0.938280 2.813810 34.957962
v 0.938280 3.352553 34.957962
v 1.876559 2.275066 34.957962
v 1.876559 2.813810 34.957962
v 1.876559 3.352553 34.957962
v 2.814839 2.275066 34.957962
v 2.814839 2.813810 34.957962
v 2.814839 3.352553 34.957962
v 2.814839 2.275066 34.957962
v 2.814839 3.352553 34.957962
v 2.814839 1.376930 34.957962
v 2.814839 0.389118 34.957962
v 2.814839 -0.598694 34.957962
v 2.814839 -1.586505 34.957962
v 2.814839 -2.574317 34.957962
v 2.814839 -3.562128 34.957962
v 2.814839 -4.549940 34.957962
v 2.814839 -5.537752 34.957962
v 2.814839 -7.603051 34.957962
v 2.814839 -6.525563 34.957962
v -2.814839 3.352553 34.957962
v -2.462984 3.352553 34.957962
v -3.006060 3.868099 35.306808
v -3.435497 3.868099 35.306808
v -3.549136 4.383646 35.655659
v -4.056155 4.383646 35.655659
v -4.092212 4.899192 36.004505
v -4.676813 4.899192 36.004505
v -4.635288 5.414738 36.353355
v -5.297472 5.414738 36.353355
v -5.178363 5.930285 36.702206
v -5.918130 5.930285 36.702206
v -5.721439 6.445831 37.051052
v -6.538788 6.445831 37.051052
v -6.264515 6.961378 37.399902
v -7.159446 6.961378 37.399902
v -6.807591 7.476924 37.748749
v -7.780104 7.476924 37.748749
v -2.111129 3.352553 34.957962
v -2.576623 3.868099 35.306808
v -3.042116 4.383646 35.655659
v -3.507610 4.899192 36.004505
v -3.973104 5.414738 36.353355
v -4.438597 5.930285 36.702206
v -4.904091 6.445831 37.051052
v -5.369584 6.961378 37.399902
v -5.835078 7.476924 37.748749
v -1.759274 3.352553 34.957962
v -2.147186 3.868099 35.306808
v -2.535097 4.383646 35.655659
v -2.923008 4.899192 36.004505
v -3.310920 5.414738 36.353355
v -3.698831 5.930285 36.702206
v -4.086742 6.445831 37.051052
v -4.474654 6.961378 37.399902
v -4.862565 7.476924 37.748749
v -1.407420 3.352553 34.957962
v -1.717749 3.868099 35.306808
v -2.028078 4.383646 35.655659
v -2.338407 4.899192 36.004505
v -2.648736 5.414738 36.353355
v -2.959065 5.930285 36.702206
v -3.269394 6.445831 37.051052
v -3.579723 6.961378 37.399902
v -3.890052 7.476924 37.748749
v -1.055565 3.352553 34.957962
v -1.288311 3.868099 35.306808
v -1.521058 4.383646 35.655659
v -1.753805 4.899192 36.004505
v -1.986552 5.414738 36.353355
v -2.219299 5.930285 36.702206
v -2.452045 6.445831 37.051052
v -2.684792 6.961378 37.399902
v -2.917539 7.476924 37.748749
v -0.703710 3.352553 34.957962
v -0.858874 3.868099 35.306808
v -1.014039 4.383646 35.655659
v -1.169203 4.899192 36.004505
v -1.324368 5.414738 36.353355
v -1.479532 5.930285 36.702206
v -1.634697 6.445831 37.051052
v -1.789861 6.961378 37.399902
v -1.945026 7.476924 37.748749
v -0.351855 3.352553 34.957962
v -0.429437 3.868099 35.306808
v -0.507019 4.383646 35.655659
v -0.584602 4.899192 36.004505
v -0.662184 5.414738 36.353355
v -0.739766 5.930285 36.702206
v -0.817348 6.445831 37.051052
v -0.894931 6.961378 37.399902
v -0.972513 7.476924 37.748749
v 0.000000 3.352553 34.957962
v 0.000000 3.868099 35.306808
v 0.000000 4.383646 35.655659
v 0.000000 4.899192 36.004505
v 0.000000 5.414738 36.353355
v 0.000000 5.930285 36.702206
v 0.000000 6.445831 37.051052
v 0.000000 6.961378 37.399902
v 0.000000 7.476924 37.748749
v 0.351855 3.352553 34.957962
v 0.429437 3.868099 35.306808
v 0.507019 4.383646 35.655659
v 0.584602 4.899192 36.004505
v 0.662184 5.414738 36.353355
v 0.739766 5.930285 36.702206
v 0.817348 6.445831 37.051052
v 0.894931 6.961378 37.399902
v 0.972513 7.476924 37.748749
v 0.703710 3.352553 34.957962
v 0.858874 3.868099 35.306808
v 1.014039 4.383646 35.655659
v 1.169203 4.899192 36.004505
v 1.324368 5.414738 36.353355
v 1.479532 5.930285 36.702206
v 1.634697 6.445831 37.051052
v 1.789861 6.961378 37.399902
v 1.945026 7.476924 37.748749
v 1.055565 3.352553 34.957962
v 1.288311 3.868099 35.306808
v 1.521058 4.383646 35.655659
v 1.753805 4.899192 36.004505
v 1.986552 5.414738 36.353355
v 2.219299 5.930285 36.702206
v 2.452045 6.445831 37.051052
v 2.684792 6.961378 37.399902
v 2.917539 7.476924 37.748749
v 1.407420 3.352553 34.957962
v 1.717749 3.868099 35.306808
v 2.028078 4.383646 35.655659
v 2.338407 4.899192 36.004505
v 2.648736 5.414738 36.353355
v 2.959065 5.930285 36.702206
v 3.269394 6.445831 37.051052
v 3.579723 6.961378 37.399902
v 3.890052 7.476924 37.748749
v 1.759274 3.352553 34.957962
v 2.147186 3.868099 35.306808
v 2.535097 4.383646 35.655659
v 2.923008 4.899192 36.004505
v 3.310920 5.414738 36.353355
v 3.698831 5.930285 36.702206
v 4.086742 6.445831 37.051052
v 4.474654 6.961378 37.399902
v 4.862565 7.476924 37.748749
v 2.111129 3.352553 34.957962
v 2.576623 3.868099 35.306808
v 3.042116 4.383646 35.655659
v 3.507610 4.899192 36.004505
v 3.973104 5.414738 36.353355
v 4.438597 5.930285 36.702206
v 4.904091 6.445831 37.051052
v 5.369584 6.961378 37.399902
v 5.835078 7.476924 37.748749
v 2.462984 3.352553 34.957962
v 3.006060 3.868099 35.306808
v 3.549136 4.383646 35.655659
v 4.092212 4.899192 36.004505
v 4.635288 5.414738 36.353355
v 5.178363 5.930285 36.702206
v 5.721439 6.445831 37.051052
v 6.264515 6.961378 37.399902
v 6.807591 7.476924 37.748749
v 2.814839 3.352553 34.957962
v 3.435497 3.868099 35.306808
v 4.056155 4.383646 35.655659
v 4.676813 4.899192 36.004505
v 5.297472 5.414738 36.353355
v 5.918130 5.930285 36.702206
v 6.538788 6.445831 37.051052
v 7.159446 6.961378 37.399902
v 7.780104 7.476924 37.748749
v 2.814839 3.352553 34.957962
v 2.814839 2.628158 34.957962
v 3.435497 3.109334 35.306808
v 3.435497 3.868099 35.306808
v 4.056155 3.590511 35.655659
v 4.056155 4.383646 35.655659
v 4.676813 4.071688 36.004505
v 4.676813 4.899192 36.004505
v 5.297472 4.552864 36.353355
v 5.297472 5.414738 36.353355
v 5.918130 5.034041 36.702206
v 5.918130 5.930285 36.702206
v 6.538788 5.515217 37.051052
v 6.538788 6.445831 37.051052
v 7.159446 5.996394 37.399902
v 7.159446 6.961378 37.399902
v 7.780104 6.477571 37.748749
v 7.780104 7.476924 37.748749
v 2.814839 1.903763 34.957962
v 3.435497 2.350569 35.306808
v 4.056155 2.797376 35.655659
v 4.676813 3.244183 36.004505
v 5.297472 3.690990 36.353355
v 5.918130 4.137797 36.702206
v 6.538788 4.584604 37.051052
v 7.159446 5.031411 37.399902
v 7.780104 5.478217 37.748749
v 2.814839 1.179367 34.957962
v 3.435497 1.591804 35.306808
v 4.056155 2.004242 35.655659
v 4.676813 2.416679 36.004505
v 5.297472 2.829116 36.353355
v 5.918130 3.241553 36.702206
v 6.538788 3.653990 37.051052
v 7.159446 4.066427 37.399902
v 7.780104 4.478864 37.748749
v 2.814839 0.454972 34.957962
v 3.435497 0.833040 35.306808
v 4.056155 1.211107 35.655659
v 4.676813 1.589174 36.004505
v 5.297472 1.967242 36.353355
v 5.918130 2.345309 36.702206
v 6.538788 2.723376 37.051052
v 7.159446 3.101444 37.399902
v 7.780104 3.479511 37.748749
v 2.814839 -0.269423 34.957962
v 3.435497 0.074275 35.306808
v 4.056155 0.417972 35.655659
v 4.676813 0.761670 36.004505
v 5.297472 1.105367 36.353355
v 5.918130 1.449065 36.702206
v 6.538788 1.792762 37.051052
v 7.159446 2.136460 37.399902
v 7.780104 2.480158 37.748749
v 2.814839 -0.993818 34.957962
v 3.435497 -0.684490 35.306808
v 4.056155 -0.375163 35.655659
v 4.676813 -0.065835 36.004505
v 5.297472 0.243493 36.353355
v 5.918130 0.552821 36.702206
v 6.538788 0.862149 37.051052
v 7.159446 1.171477 37.399902
v 7.780104 1.480804 37.748749
v 2.814839 -1.718213 34.957962
v 3.435497 -1.443255 35.306808
v 4.056155 -1.168297 35.655659
v 4.676813 -0.893339 36.004505
v 5.297472 -0.618381 36.353355
v 5.918130 -0.343423 36.702206
v 6.538788 -0.068465 37.051052
v 7.159446 0.206493 37.399902
v 7.780104 0.481451 37.748749
v 2.814839 -2.442609 34.957962
v 3.435497 -2.202020 35.306808
v 4.056155 -1.961432 35.655659
v 4.676813 -1.720844 36.004505
v 5.297472 -1.480255 36.353355
v 5.918130 -1.239667 36.702206
v 6.538788 -0.999079 37.051052
v 7.159446 -0.758490 37.399902
v 7.780104 -0.517902 37.748749
v 2.814839 -3.167004 34.957962
v 3.435497 -2.960785 35.306808
v 4.056155 -2.754567 35.655659
v 4.676813 -2.548348 36.004505
v 5.297472 -2.342130 36.353355
v 5.918130 -2.135911 36.702206
v 6.538788 -1.929693 37.051052
v 7.159446 -1.723474 37.399902
v 7.780104 -1.517255 37.748749
v 2.814839 -3.891399 34.957962
v 3.435497 -3.719550 35.306808
v 4.056155 -3.547701 35.655659
v 4.676813 -3.375853 36.004505
v 5.297472 -3.204004 36.353355
v 5.918130 -3.032155 36.702206
v 6.538788 -2.860306 37.051052
v 7.159446 -2.688457 37.399902
v 7.780104 -2.516609 37.748749
v 2.814839 -4.615794 34.957962
v 3.435497 -4.478315 35.306808
v 4.056155 -4.340836 35.655659
v 4.676813 -4.203357 36.004505
v 5.297472 -4.065878 36.353355
v 5.918130 -3.928399 36.702206
v 6.538788 -3.790920 37.051052
v 7.159446 -3.653441 37.399902
v 7.780104 -3.515962 37.748749
v 2.814839 -5.340189 34.957962
v 3.435497 -5.237080 35.306808
v 4.056155 -5.133971 35.655659
v 4.676813 -5.030862 36.004505
v 5.297472 -4.927752 36.353355
v 5.918130 -4.824643 36.702206
v 6.538788 -4.721534 37.051052
v 7.159446 -4.618424 37.399902
v 7.780104 -4.515315 37.748749
v 2.814839 -6.064585 34.957962
v 3.435497 -5.995845 35.306808
v 4.056155 -5.927106 35.655659
v 4.676813 -5.858366 36.004505
v 5.297472 -5.789627 36.353355
v 5.918130 -5.720887 36.702206
v 6.538788 -5.652148 37.051052
v 7.159446 -5.583408 37.399902
v 7.780104 -5.514668 37.748749
v 2.814839 -6.788980 34.957962
v 3.435497 -6.754610 35.306808
v 4.056155 -6.720240 35.655659
v 4.676813 -6.685871 36.004505
v 5.297472 -6.651501 36.353355
v 5.918130 -6.617131 36.702206
v 6.538788 -6.582761 37.051052
v 7.159446 -6.548391 37.399902
v 7.780104 -6.514022 37.748749
v 2.814839 -7.513375 34.957962
v 3.435497 -7.513375 35.306808
v 4.056155 -7.513375 35.655659
v 4.676813 -7.513375 36.004505
v 5.297472 -7.513375 36.353355
v 5.918130 -7.513375 36.702206
v 6.538788 -7.513375 37.051052
v 7.159446 -7.513375 37.399902
v 7.780104 -7.513375 37.748749
v 2.462984 -7.513375 34.957962
v 3.187085 -7.513375 35.423092
v 3.642383 -7.513375 35.423092
v 3.911186 -7.513375 35.888226
v 4.469927 -7.513375 35.888226
v 4.635288 -7.513375 36.353355
v 5.297472 -7.513375 36.353355
v 5.359389 -7.513375 36.818485
v 6.125016 -7.513375 36.818485
v 6.083490 -7.513375 37.283619
v 6.952560 -7.513375 37.283619
v 6.807591 -7.513375 37.748749
v 7.780104 -7.513375 37.748749
v 2.111129 -7.513375 34.957962
v 2.731787 -7.513375 35.423092
v 3.352445 -7.513375 35.888226
v 3.973104 -7.513375 36.353355
v 4.593762 -7.513375 36.818485
v 5.214420 -7.513375 37.283619
v 5.835078 -7.513375 37.748749
v 1.759274 -7.513375 34.957962
v 2.276489 -7.513375 35.423092
v 2.793705 -7.513375 35.888226
v 3.310920 -7.513375 36.353355
v 3.828135 -7.513375 36.818485
v 4.345350 -7.513375 37.283619
v 4.862565 -7.513375 37.748749
v 1.407420 -7.513375 34.957962
v 1.821192 -7.513375 35.423092
v 2.234964 -7.513375 35.888226
v 2.648736 -7.513375 36.353355
v 3.062508 -7.513375 36.818485
v 3.476280 -7.513375 37.283619
v 3.890052 -7.513375 37.748749
v 1.055565 -7.513375 34.957962
v 1.365894 -7.513375 35.423092
v 1.676223 -7.513375 35.888226
v 1.986552 -7.513375 36.353355
v 2.296881 -7.513375 36.818485
v 2.607210 -7.513375 37.283619
v 2.917539 -7.513375 37.748749
v 0.703710 -7.513375 34.957962
v 0.910596 -7.513375 35.423092
v 1.117482 -7.513375 35.888226
v 1.324368 -7.513375 36.353355
v 1.531254 -7.513375 36.818485
v 1.738140 -7.513375 37.283619
v 1.945026 -7.513375 37.748749
v 0.351855 -7.513375 34.957962
v 0.455298 -7.513375 35.423092
v 0.558741 -7.513375 35.888226
v 0.662184 -7.513375 36.353355
v 0.765627 -7.513375 36.818485
v 0.869070 -7.513375 37.283619
v 0.972513 -7.513375 37.748749
v 0.000000 -7.513375 34.957962
v 0.000000 -7.513375 35.423092
v 0.000000 -7.513375 35.888226
v 0.000000 -7.513375 36.353355
v 0.000000 -7.513375 36.818485
v 0.000000 -7.513375 37.283619
v 0.000000 -7.513375 37.748749
v -0.351855 -7.513375 34.957962
v -0.455298 -7.513375 35.423092
v -0.558741 -7.513375 35.888226
v -0.662184 -7.513375 36.353355
v -0.765627 -7.513375 36.818485
v -0.869070 -7.513375 37.283619
v -0.972513 -7.513375 37.748749
v -0.703710 -7.513375 34.957962
v -0.910596 -7.513375 35.423092
v -1.117482 -7.513375 35.888226
v -1.324368 -7.513375 36.353355
v -1.531254 -7.513375 36.818485
v -1.738140 -7.513375 37.283619
v -1.945026 -7.513375 37.748749
v -1.055565 -7.513375 34.957962
v -1.365894 -7.513375 35.423092
v -1.676223 -7.513375 35.888226
v -1.986552 -7.513375 36.353355
v -2.296881 -7.513375 36.818485
v -2.607210 -7.513375 37.283619
v -2.917539 -7.513375 37.748749
v -1.407420 -7.513375 34.957962
v -1.821192 -7.513375 35.423092
v -2.234964 -7.513375 35.888226
v -2.648736 -7.513375 36.353355
v -3.062508 -7.513375 36.818485
v -3.476280 -7.513375 37.283619
v -3.890052 -7.513375 37.748749
v -1.759274 -7.513375 34.957962
v -2.276489 -7.513375 35.423092
v -2.793705 -7.513375 35.888226
v -3.310920 -7.513375 36.353355
v -3.828135 -7.513375 36.818485
v -4.345350 -7.513375 37.283619
v -4.862565 -7.513375 37.748749
v -2.111129 -7.513375 34.957962
v -2.731787 -7.513375 35.423092
v -3.352445 -7.513375 35.888226
v -3.973104 -7.513375 36.353355
v -4.593762 -7.513375 36.818485
v -5.214420 -7.513375 37.283619
v -5.835078 -7.513375 37.748749
v -2.462984 -7.513375 34.957962
v -3.187085 -7.513375 35.423092
v -3.911186 -7.513375 35.888226
v -4.635288 -7.513375 36.353355
v -5.359389 -7.513375 36.818485
v -6.083490 -7.513375 37.283619
v -6.807591 -7.513375 37.748749
v -2.814839 -7.513375 34.957962
v -3.642383 -7.513375 35.423092
v -4.469927 -7.513375 35.888226
v -5.297472 -7.513375 36.353355
v -6.125016 -7.513375 36.818485
v -6.952560 -7.513375 37.283619
v -7.780104 -7.513375 37.748749
v -2.814839 -7.513375 34.957962
v -2.814839 -6.788980 34.957962
v -3.435497 -6.754610 35.306808
v -3.435497 -7.513375 35.306808
v -4.056155 -6.720240 35.655659
v -4.056155 -7.513375 35.655659
v -4.676813 -6.685871 36.004505
v -4.676813 -7.513375 36.004505
v -5.297472 -6.651501 36.353355
v -5.297472 -7.513375 36.353355
v -5.918130 -6.617131 36.702206
v -5.918130 -7.513375 36.702206
v -6.538788 -6.582761 37.051052
v -6.538788 -7.513375 37.051052
v -7.159446 -6.548391 37.399902
v -7.159446 -7.513375 37.399902
v -7.780104 -6.514022 37.748749
v -7.780104 -7.513375 37.748749
v -2.814839 -6.064585 34.957962
v -3.435497 -5.995845 35.306808
v -4.056155 -5.927106 35.655659
v -4.676813 -5.858366 36.004505
v -5.297472 -5.789627 36.353355
v -5.918130 -5.720887 36.702206
v -6.538788 -5.652148 37.051052
v -7.159446 -5.583408 37.399902
v -7.780104 -5.514668 37.748749
v -2.814839 -5.340189 34.957962
v -3.435497 -5.237080 35.306808
v -4.056155 -5.133971 35.655659
v -4.676813 -5.030862 36.004505
v -5.297472 -4.927752 36.353355
v -5.918130 -4.824643 36.702206
v -6.538788 -4.721534 37.051052
v -7.159446 -4.618424 37.399902
v -7.780104 -4.515315 37.748749
v -2.814839 -4.615794 34.957962
v -3.435497 -4.478315 35.306808
v -4.056155 -4.340836 35.655659
v -4.676813 -4.203357 36.004505
v -5.297472 -4.065878 36.353355
v -5.918130 -3.928399 36.702206
v -6.538788 -3.790920 37.051052
v -7.159446 -3.653441 37.399902
v -7.780104 -3.515962 37.748749
v -2.814839 -3.891399 34.957962
v -3.435497 -3.719550 35.306808
v -4.056155 -3.547701 35.655659
v -4.676813 -3.375853 36.004505
v -5.297472 -3.204004 36.353355
v -5.918130 -3.032155 36.702206
v -6.538788 -2.860306 37.051052
v -7.159446 -2.688457 37.399902
v -7.780104 -2.516609 37.748749
v -2.814839 -3.167004 34.957962
v -3.435497 -2.960785 35.306808
v -4.056155 -2.754567 35.655659
v -4.676813 -2.548348 36.004505
v -5.297472 -2.342130 36.353355
v -5.918130 -2.135911 36.702206
v -6.538788 -1.929693 37.051052
v -7.159446 -1.723474 37.399902
v -7.780104 -1.517255 37.748749
v -2.814839 -2.442609 34.957962
v -3.435497 -2.202020 35.306808
v -4.056155 -1.961432 35.655659
v -4.676813 -1.720844 36.004505
v -5.297472 -1.480255 36.353355
v -5.918130 -1.239667 36.702206
v -6.538788 -0.999079 37.051052
v -7.159446 -0.758490 37.399902
v -7.780104 -0.517902 37.748749
v -2.814839 -1.718213 34.957962
v -3.435497 -1.443255 35.306808
v -4.056155 -1.168297 35.655659
v -4.676813 -0.893339 36.004505
v -5.297472 -0.618381 36.353355
v -5.918130 -0.343423 36.702206
v -6.538788 -0.068465 37.051052
v -7.159446 0.206493 37.399902
v -7.780104 0.481451 37.748749
v -2.814839 -0.993818 34.957962
v -3.435497 -0.684490 35.306808
v -4.056155 -0.375163 35.655659
v -4.676813 -0.065835 36.004505
v -5.297472 0.243493 36.353355
v -5.918130 0.552821 36.702206
v -6.538788 0.862149 37.051052
v -7.159446 1.171477 37.399902
v -7.780104 1.480804 37.748749
v -2.814839 -0.269423 34.957962
v -3.435497 0.074275 35.306808
v -4.056155 0.417972 35.655659
v -4.676813 0.761670 36.004505
v -5.297472 1.105367 36.353355
v -5.918130 1.449065 36.702206
v -6.538788 1.792762 37.051052
v -7.159446 2.136460 37.399902
v -7.780104 2.480158 37.748749
v -2.814839 0.454972 34.957962
v -3.435497 0.833040 35.306808
v -4.056155 1.211107 35.655659
v -4.676813 1.589174 36.004505
v -5.297472 1.967242 36.353355
v -5.918130 2.345309 36.702206
v -6.538788 2.723376 37.051052
v -7.159446 3.101444 37.399902
v -7.780104 3.479511 37.748749
v -2.814839 1.179367 34.957962
v -3.435497 1.591804 35.306808
v -4.056155 2.004242 35.655659
v -4.676813 2.416679 36.004505
v -5.297472 2.829116 36.353355
v -5.918130 3.241553 36.702206
v -6.538788 3.653990 37.051052
v -7.159446 4.066427 37.399902
v -7.780104 4.478864 37.748749
v -2.814839 1.903763 34.957962
v -3.435497 2.350569 35.306808
v -4.056155 2.797376 35.655659
v -4.676813 3.244183 36.004505
v -5.297472 3.690990 36.353355
v -5.918130 4.137797 36.702206
v -6.538788 4.584604 37.051052
v -7.159446 5.031411 37.399902
v -7.780104 5.478217 37.748749
v -2.814839 2.628158 34.957962
v -3.435497 3.109334 35.306808
v -4.056155 3.590511 35.655659
v -4.676813 4.071688 36.004505
v -5.297472 4.552864 36.353355
v -5.918130 5.034041 36.702206
v -6.538788 5.515217 37.051052
v -7.159446 5.996394 37.399902
v -7.780104 6.477571 37.748749
v -2.814839 3.352553 34.957962
v -3.435497 3.868099 35.306808
v -4.056155 4.383646 35.655659
v -4.676813 4.899192 36.004505
v -5.297472 5.414738 36.353355
v -5.918130 5.930285 36.702206
v -6.538788 6.445831 37.051052
v -7.159446 6.961378 37.399902
v -7.780104 7.476924 37.748749
v 6.807591 -7.513375 38.708099
v 7.780104 -7.513375 38.708099
v 6.807591 -7.513375 39.667450
v 7.780104 -7.513375 39.667450
v 6.807591 -7.513375 40.626801
v 7.780104 -7.513375 40.626801
v 6.807591 -7.513375 41.586151
v 7.780104 -7.513375 41.586151
v 6.807591 -7.513375 42.545502
v 7.780104 -7.513375 42.545502
v 6.807591 -7.513375 43.504848
v 7.780104 -7.513375 43.504848
v 6.807591 -7.513375 44.464199
v 7.780104 -7.513375 44.464199
v 6.807591 -7.513375 45.423550
v 7.780104 -7.513375 45.423550
v 6.807591 -7.513375 46.382900
v 7.780104 -7.513375 46.382900
v 6.807591 -7.513375 47.342251
v 7.780104 -7.513375 47.342251
v 6.807591 -7.513374 48.301601
v 7.780104 -7.513374 48.301601
v 6.807591 -7.513374 49.260952
v 7.780104 -7.513374 49.260952
v 6.807591 -7.513374 50.220303
v 7.780104 -7.513374 50.220303
v 6.807591 -7.513374 51.179649
v 7.780104 -7.513374 51.179649
v 6.807591 -7.513374 52.139000
v 7.780104 -7.513374 52.139000
v 6.807591 -7.513374 53.098351
v 7.780104 -7.513374 53.098351
v 6.807591 -7.513374 54.057701
v 7.780104 -7.513374 54.057701
v 6.807591 -7.513374 55.017052
v 7.780104 -7.513374 55.017052
v 5.835078 -7.513375 38.708099
v 5.835078 -7.513375 39.667450
v 5.835078 -7.513375 40.626801
v 5.835078 -7.513375 41.586151
v 5.835078 -7.513375 42.545502
v 5.835078 -7.513375 43.504848
v 5.835078 -7.513375 44.464199
v 5.835078 -7.513375 45.423550
v 5.835078 -7.513375 46.382900
v 5.835078 -7.513375 47.342251
v 5.835078 -7.513374 48.301601
v 5.835078 -7.513374 49.260952
v 5.835078 -7.513374 50.220303
v 5.835078 -7.513374 51.179649
v 5.835078 -7.513374 52.139000
v 5.835078 -7.513374 53.098351
v 5.835078 -7.513374 54.057701
v 5.835078 -7.513374 55.017052
v 4.862565 -7.513375 38.708099
v 4.862565 -7.513375 39.667450
v 4.862565 -7.513375 40.626801
v 4.862565 -7.513375 41.586151
v 4.862565 -7.513375 42.545502
v 4.862565 -7.513375 43.504848
v 4.862565 -7.513375 44.464199
v 4.862565 -7.513375 45.423550
v 4.862565 -7.513375 46.382900
v 4.862565 -7.513375 47.342251
v 4.862565 -7.513374 48.301601
v 4.862565 -7.513374 49.260952
v 4.862565 -7.513374 50.220303
v 4.862565 -7.513374 51.179649
v 4.862565 -7.513374 52.139000
v 4.862565 -7.513374 53.098351
v 4.862565 -7.513374 54.057701
v 4.862565 -7.513374 55.017052
v 3.890052 -7.513375 38.708099
v 3.890052 -7.513375 39.667450
v 3.890052 -7.513375 40.626801
v 3.890052 -7.513375 41.586151
v 3.890052 -7.513375 42.545502
v 3.890052 -7.513375 43.504848
v 3.890052 -7.513375 44.464199
v 3.890052 -7.513375 45.423550
v 3.890052 -7.513375 46.382900
v 3.890052 -7.513375 47.342251
v 3.890052 -7.513374 48.301601
v 3.890052 -7.513374 49.260952
v 3.890052 -7.513374 50.220303
v 3.890052 -7.513374 51.179649
v 3.890052 -7.513374 52.139000
v 3.890052 -7.513374 53.098351
v 3.890052 -7.513374 54.057701
v 3.890052 -7.513374 55.017052
v 2.917539 -7.513375 38.708099
v 2.917539 -7.513375 39.667450
v 2.917539 -7.513375 40.626801
v 2.917539 -7.513375 41.586151
v 2.917539 -7.513375 42.545502
v 2.917539 -7.513375 43.504848
v 2.917539 -7.513375 44.464199
v 2.917539 -7.513375 45.423550
v 2.917539 -7.513375 46.382900
v 2.917539 -7.513375 47.342251
v 2.917539 -7.513374 48.301601
v 2.917539 -7.513374 49.260952
v 2.917539 -7.513374 50.220303
v 2.917539 -7.513374 51.179649
v 2.917539 -7.513374 52.139000
v 2.917539 -7.513374 53.098351
v 2.917539 -7.513374 54.057701
v 2.917539 -7.513374 55.017052
v 1.945026 -7.513375 38.708099
v 1.945026 -7.513375 39.667450
v 1.945026 -7.513375 40.626801
v 1.945026 -7.513375 41.586151
v 1.945026 -7.513375 42.545502
v 1.945026 -7.513375 43.504848
v 1.945026 -7.513375 44.464199
v 1.945026 -7.513375 45.423550
v 1.945026 -7.513375 46.382900
v 1.945026 -7.513375 47.342251
v 1.945026 -7.513374 48.301601
v 1.945026 -7.513374 49.260952
v 1.945026 -7.513374 50.220303
v 1.945026 -7.513374 51.179649
v 1.945026 -7.513374 52.139000
v 1.945026 -7.513374 53.098351
v 1.945026 -7.513374 54.057701
v 1.945026 -7.513374 55.017052
v 0.972513 -7.513375 38.708099
v 0.972513 -7.513375 39.667450
v 0.972513 -7.513375 40.626801
v 0.972513 -7.513375 41.586151
v 0.972513 -7.513375 42.545502
v 0.972513 -7.513375 43.504848
v 0.972513 -7.513375 44.464199
v 0.972513 -7.513375 45.423550
v 0.972513 -7.513375 46.382900
v 0.972513 -7.513375 47.342251
v 0.972513 -7.513374 48.301601
v 0.972513 -7.513374 49.260952
v 0.972513 -7.513374 50.220303
v 0.972513 -7.513374 51.179649
v 0.972513 -7.513374 52.139000
v 0.972513 -7.513374 53.098351
v 0.972513 -7.513374 54.057701
v 0.972513 -7.513374 55.017052
v 0.000000 -7.513375 38.708099
v 0.000000 -7.513375 39.667450
v 0.000000 -7.513375 40.626801
v 0.000000 -7.513375 41.586151
v 0.000000 -7.513375 42.545502
v 0.000000 -7.513375 43.504848
v 0.000000 -7.513375 44.464199
v 0.000000 -7.513375 45.423550
v 0.000000 -7.513375 46.382900
v 0.000000 -7.513375 47.342251
v 0.000000 -7.513374 48.301601
v 0.000000 -7.513374 49.260952
v 0.000000 -7.513374 50.220303
v 0.000000 -7.513374 51.179649
v 0.000000 -7.513374 52.139000
v 0.000000 -7.513374 53.098351
v 0.000000 -7.513374 54.057701
v 0.000000 -7.513374 55.017052
v -0.972513 -7.513375 38.708099
v -0.972513 -7.513375 39.667450
v -0.972513 -7.513375 40.626801
v -0.972513 -7.513375 41.586151
v -0.972513 -7.513375 42.545502
v -0.972513 -7.513375 43.504848
v -0.972513 -7.513375 44.464199
v -0.972513 -7.513375 45.423550
v -0.972513 -7.513375 46.382900
v -0.972513 -7.513375 47.342251
v -0.972513 -7.513374 48.301601
v -0.972513 -7.513374 49.260952
v -0.972513 -7.513374 50.220303
v -0.972513 -7.513374 51.179649
v -0.972513 -7.513374 52.139000
v -0.972513 -7.513374 53.098351
v -0.972513 -7.513374 54.057701
v -0.972513 -7.513374 55.017052
v -1.945026 -7.513375 38.708099
v -1.945026 -7.513375 39.667450
v -1.945026 -7.513375 40.626801
v -1.945026 -7.513375 41.586151
v -1.945026 -7.513375 42.545502
v -1.945026 -7.513375 43.504848
v -1.945026 -7.513375 44.464199
v -1.945026 -7.513375 45.423550
v -1.945026 -7.513375 46.382900
v -1.945026 -7.513375 47.342251
v -1.945026 -7.513374 48.301601
v -1.945026 -7.513374 49.260952
v -1.945026 -7.513374 50.220303
v -1.945026 -7.513374 51.179649
v -1.945026 -7.513374 52.139000
v -1.945026 -7.513374 53.098351
v -1.945026 -7.513374 54.057701
v -1.945026 -7.513374 55.017052
v -2.917539 -7.513375 38.708099
v -2.917539 -7.513375 39.667450
v -2.917539 -7.513375 40.626801
v -2.917539 -7.513375 41.586151
v -2.917539 -7.513375 42.545502
v -2.917539 -7.513375 43.504848
v -2.917539 -7.513375 44.464199
v -2.917539 -7.513375 45.423550
v -2.917539 -7.513375 46.382900
v -2.917539 -7.513375 47.342251
v -2.917539 -7.513374 48.301601
v -2.917539 -7.513374 49.260952
v -2.917539 -7.513374 50.220303
v -2.917539 -7.513374 51.179649
v -2.917539 -7.513374 52.139000
v -2.917539 -7.513374 53.098351
v -2.917539 -7.513374 54.057701
v -2.917539 -7.513374 55.017052
v -3.890052 -7.513375 38.708099
v -3.890052 -7.513375 39.667450
v -3.890052 -7.513375 40.626801
v -3.890052 -7.513375 41.586151
v -3.890052 -7.513375 42.545502
v -3.890052 -7.513375 43.504848
v -3.890052 -7.513375 44.464199
v -3.890052 -7.513375 45.423550
v -3.890052 -7.513375 46.382900
v -3.890052 -7.513375 47.342251
v -3.890052 -7.513374 48.301601
v -3.890052 -7.513374 49.260952
v -3.890052 -7.513374 50.220303
v -3.890052 -7.513374 51.179649
v -3.890052 -7.513374 52.139000
v -3.890052 -7.513374 53.098351
v -3.890052 -7.513374 54.057701
v -3.890052 -7.513374 55.017052
v -4.862565 -7.513375 38.708099
v -4.862565 -7.513375 39.667450
v -4.862565 -7.513375 40.626801
v -4.862565 -7.513375 41.586151
v -4.862565 -7.513375 42.545502
v -4.862565 -7.513375 43.504848
v -4.862565 -7.513375 44.464199
v -4.862565 -7.513375 45.423550
v -4.862565 -7.513375 46.382900
v -4.862565 -7.513375 47.342251
v -4.862565 -7.513374 48.301601
v -4.862565 -7.513374 49.260952
v -4.862565 -7.513374 50.220303
v -4.862565 -7.513374 51.179649
v -4.862565 -7.513374 52.139000
v -4.862565 -7.513374 53.098351
v -4.862565 -7.513374 54.057701
v -4.862565 -7.513374 55.017052
v -5.835078 -7.513375 38.708099
v -5.835078 -7.513375 39.667450
v -5.835078 -7.513375 40.626801
v -5.835078 -7.513375 41.586151
v -5.835078 -7.513375 42.545502
v -5.835078 -7.513375 43.504848
v -5.835078 -7.513375 44.464199
v -5.835078 -7.513375 45.423550
v -5.835078 -7.513375 46.382900
v -5.835078 -7.513375 47.342251
v -5.835078 -7.513374 48.301601
v -5.835078 -7.513374 49.260952
v -5.835078 -7.513374 50.220303
v -5.835078 -7.513374 51.179649
v -5.835078 -7.513374 52.139000
v -5.835078 -7.513374 53.098351
v -5.835078 -7.513374 54.057701
v -5.835078 -7.513374 55.017052
v -6.807591 -7.513375 38.708099
v -6.807591 -7.513375 39.667450
v -6.807591 -7.513375 40.626801
v -6.807591 -7.513375 41.586151
v -6.807591 -7.513375 42.545502
v -6.807591 -7.513375 43.504848
v -6.807591 -7.513375 44.464199
v -6.807591 -7.513375 45.423550
v -6.807591 -7.513375 46.382900
v -6.807591 -7.513375 47.342251
v -6.807591 -7.513374 48.301601
v -6.807591 -7.513374 49.260952
v -6.807591 -7.513374 50.220303
v -6.807591 -7.513374 51.179649
v -6.807591 -7.513374 52.139000
v -6.807591 -7.513374 53.098351
v -6.807591 -7.513374 54.057701
v -6.807591 -7.513374 55.017052
v -7.780104 -7.513375 38.708099
v -7.780104 -7.513375 39.667450
v -7.780104 -7.513375 40.626801
v -7.780104 -7.513375 41.586151
v -7.780104 -7.513375 42.545502
v -7.780104 -7.513375 43.504848
v -7.780104 -7.513375 44.464199
v -7.780104 -7.513375 45.423550
v -7.780104 -7.513375 46.382900
v -7.780104 -7.513375 47.342251
v -7.780104 -7.513374 48.301601
v -7.780104 -7.513374 49.260952
v -7.780104 -7.513374 50.220303
v -7.780104 -7.513374 51.179649
v -7.780104 -7.513374 52.139000
v -7.780104 -7.513374 53.098351
v -7.780104 -7.513374 54.057701
v -7.780104 -7.513374 55.017052
v -7.780104 -7.513375 37.748749
v -7.780104 -6.514022 37.748749
v -7.780104 -6.514022 38.708099
v -7.780104 -7.513375 38.708099
v -7.780104 -6.514022 39.667450
v -7.780104 -7.513375 39.667450
v -7.780104 -6.514022 40.626801
v -7.780104 -7.513375 40.626801
v -7.780104 -6.514022 41.586151
v -7.780104 -7.513375 41.586151
v -7.780104 -6.514022 42.545502
v -7.780104 -7.513375 42.545502
v -7.780104 -6.514022 43.504848
v -7.780104 -7.513375 43.504848
v -7.780104 -6.514022 44.464199
v -7.780104 -7.513375 44.464199
v -7.780104 -6.514022 45.423550
v -7.780104 -7.513375 45.423550
v -7.780104 -6.514022 46.382900
v -7.780104 -7.513375 46.382900
v -7.780104 -6.514022 47.342251
v -7.780104 -7.513375 47.342251
v -7.780104 -6.514021 48.301601
v -7.780104 -7.513374 48.301601
v -7.780104 -6.514021 49.260952
v -7.780104 -7.513374 49.260952
v -7.780104 -6.514021 50.220303
v -7.780104 -7.513374 50.220303
v -7.780104 -6.514021 51.179649
v -7.780104 -7.513374 51.179649
v -7.780104 -6.514021 52.139000
v -7.780104 -7.513374 52.139000
v -7.780104 -6.514021 53.098351
v -7.780104 -7.513374 53.098351
v -7.780104 -6.514021 54.057701
v -7.780104 -7.513374 54.057701
v -7.780104 -6.514021 55.017052
v -7.780104 -7.513374 55.017052
v -7.780104 -5.514668 37.748749
v -7.780104 -5.514668 38.708099
v -7.780104 -5.514668 39.667450
v -7.780104 -5.514668 40.626801
v -7.780104 -5.514668 41.586151
v -7.780104 -5.514668 42.545502
v -7.780104 -5.514668 43.504848
v -7.780104 -5.514668 44.464199
v -7.780104 -5.514668 45.423550
v -7.780104 -5.514668 46.382900
v -7.780104 -5.514668 47.342251
v -7.780104 -5.514667 48.301601
v -7.780104 -5.514667 49.260952
v -7.780104 -5.514667 50.220303
v -7.780104 -5.514667 51.179649
v -7.780104 -5.514667 52.139000
v -7.780104 -5.514667 53.098351
v -7.780104 -5.514667 54.057701
v -7.780104 -5.514667 55.017052
v -7.780104 -4.515315 37.748749
v -7.780104 -4.515315 38.708099
v -7.780104 -4.515315 39.667450
v -7.780104 -4.515315 40.626801
v -7.780104 -4.515315 41.586151
v -7.780104 -4.515315 42.545502
v -7.780104 -4.515315 43.504848
v -7.780104 -4.515315 44.464199
v -7.780104 -4.515315 45.423550
v -7.780104 -4.515315 46.382900
v -7.780104 -4.515315 47.342251
v -7.780104 -4.515314 48.301601
v -7.780104 -4.515314 49.260952
v -7.780104 -4.515314 50.220303
v -7.780104 -4.515314 51.179649
v -7.780104 -4.515314 52.139000
v -7.780104 -4.515314 53.098351
v -7.780104 -4.515314 54.057701
v -7.780104 -4.515314 55.017052
v -7.780104 -3.515962 37.748749
v -7.780104 -3.515962 38.708099
v -7.780104 -3.515962 39.667450
v -7.780104 -3.515962 40.626801
v -7.780104 -3.515962 41.586151
v -7.780104 -3.515962 42.545502
v -7.780104 -3.515962 43.504848
v -7.780104 -3.515962 44.464199
v -7.780104 -3.515962 45.423550
v -7.780104 -3.515961 46.382900
v -7.780104 -3.515961 47.342251
v -7.780104 -3.515961 48.301601
v -7.780104 -3.515961 49.260952
v -7.780104 -3.515961 50.220303
v -7.780104 -3.515961 51.179649
v -7.780104 -3.515961 52.139000
v -7.780104 -3.515961 53.098351
v -7.780104 -3.515961 54.057701
v -7.780104 -3.515961 55.017052
v -7.780104 -2.516609 37.748749
v -7.780104 -2.516609 38.708099
v -7.780104 -2.516609 39.667450
v -7.780104 -2.516609 40.626801
v -7.780104 -2.516609 41.586151
v -7.780104 -2.516609 42.545502
v -7.780104 -2.516609 43.504848
v -7.780104 -2.516609 44.464199
v -7.780104 -2.516609 45.423550
v -7.780104 -2.516608 46.382900
v -7.780104 -2.516608 47.342251
v -7.780104 -2.516608 48.301601
v -7.780104 -2.516608 49.260952
v -7.780104 -2.516608 50.220303
v -7.780104 -2.516608 51.179649
v -7.780104 -2.516608 52.139000
v -7.780104 -2.516608 53.098351
v -7.780104 -2.516608 54.057701
v -7.780104 -2.516608 55.017052
v -7.780104 -1.517255 37.748749
v -7.780104 -1.517255 38.708099
v -7.780104 -1.517255 39.667450
v -7.780104 -1.517255 40.626801
v -7.780104 -1.517255 41.586151
v -7.780104 -1.517255 42.545502
v -7.780104 -1.517255 43.504848
v -7.780104 -1.517255 44.464199
v -7.780104 -1.517255 45.423550
v -7.780104 -1.517255 46.382900
v -7.780104 -1.517254 47.342251
v -7.780104 -1.517254 48.301601
v -7.780104 -1.517254 49.260952
v -7.780104 -1.517254 50.220303
v -7.780104 -1.517254 51.179649
v -7.780104 -1.517254 52.139000
v -7.780104 -1.517254 53.098351
v -7.780104 -1.517254 54.057701
v -7.780104 -1.517254 55.017052
v -7.780104 -0.517902 37.748749
v -7.780104 -0.517902 38.708099
v -7.780104 -0.517902 39.667450
v -7.780104 -0.517902 40.626801
v -7.780104 -0.517902 41.586151
v -7.780104 -0.517902 42.545502
v -7.780104 -0.517902 43.504848
v -7.780104 -0.517902 44.464199
v -7.780104 -0.517902 45.423550
v -7.780104 -0.517901 46.382900
v -7.780104 -0.517901 47.342251
v -7.780104 -0.517901 48.301601
v -7.780104 -0.517901 49.260952
v -7.780104 -0.517901 50.220303
v -7.780104 -0.517901 51.179649
v -7.780104 -0.517901 52.139000
v -7.780104 -0.517901 53.098351
v -7.780104 -0.517901 54.057701
v -7.780104 -0.517901 55.017052
v -7.780104 0.481451 37.748749
v -7.780104 0.481451 38.708099
v -7.780104 0.481451 39.667450
v -7.780104 0.481451 40.626801
v -7.780104 0.481451 41.586151
v -7.780104 0.481451 42.545502
v -7.780104 0.481451 43.504848
v -7.780104 0.481451 44.464199
v -7.780104 0.481451 45.423550
v -7.780104 0.481452 46.382900
v -7.780104 0.481452 47.342251
v -7.780104 0.481452 48.301601
v -7.780104 0.481452 49.260952
v -7.780104 0.481452 50.220303
v -7.780104 0.481452 51.179649
v -7.780104 0.481452 52.139000
v -7.780104 0.481452 53.098351
v -7.780104 0.481452 54.057701
v -7.780104 0.481452 55.017052
v -7.780104 1.480804 37.748749
v -7.780104 1.480804 38.708099
v -7.780104 1.480804 39.667450
v -7.780104 1.480804 40.626801
v -7.780104 1.480804 41.586151
v -7.780104 1.480804 42.545502
v -7.780104 1.480804 43.504848
v -7.780104 1.480804 44.464199
v -7.780104 1.480804 45.423550
v -7.780104 1.480804 46.382900
v -7.780104 1.480805 47.342251
v -7.780104 1.480805 48.301601
v -7.780104 1.480805 49.260952
v -7.780104 1.480805 50.220303
v -7.780104 1.480805 51.179649
v -7.780104 1.480805 52.139000
v -7.780104 1.480805 53.098351
v -7.780104 1.480805 54.057701
v -7.780104 1.480805 55.017052
v -7.780104 2.480158 37.748749
v -7.780104 2.480158 38.708099
v -7.780104 2.480158 39.667450
v -7.780104 2.480158 40.626801
v -7.780104 2.480158 41.586151
v -7.780104 2.480158 42.545502
v -7.780104 2.480158 43.504848
v -7.780104 2.480158 44.464199
v -7.780104 2.480158 45.423550
v -7.780104 2.480159 46.382900
v -7.780104 2.480159 47.342251
v -7.780104 2.480159 48.301601
v -7.780104 2.480159 49.260952
v -7.780104 2.480159 50.220303
v -7.780104 2.480159 51.179649
v -7.780104 2.480159 52.139000
v -7.780104 2.480159 53.098351
v -7.780104 2.480159 54.057701
v -7.780104 2.480159 55.017052
v -7.780104 3.479511 37.748749
v -7.780104 3.479511 38.708099
v -7.780104 3.479511 39.667450
v -7.780104 3.479511 40.626801
v -7.780104 3.479511 41.586151
v -7.780104 3.479511 42.545502
v -7.780104 3.479511 43.504848
v -7.780104 3.479511 44.464199
v -7.780104 3.479511 45.423550
v -7.780104 3.479511 46.382900
v -7.780104 3.479511 47.342251
v -7.780104 3.479511 48.301601
v -7.780104 3.479512 49.260952
v -7.780104 3.479512 50.220303
v -7.780104 3.479512 51.179649
v -7.780104 3.479512 52.139000
v -7.780104 3.479512 53.098351
v -7.780104 3.479512 54.057701
v -7.780104 3.479512 55.017052
v -7.780104 4.478864 37.748749
v -7.780104 4.478864 38.708099
v -7.780104 4.478864 39.667450
v -7.780104 4.478864 40.626801
v -7.780104 4.478864 41.586151
v -7.780104 4.478864 42.545502
v -7.780104 4.478864 43.504848
v -7.780104 4.478864 44.464199
v -7.780104 4.478864 45.423550
v -7.780104 4.478864 46.382900
v -7.780104 4.478864 47.342251
v -7.780104 4.478865 48.301601
v -7.780104 4.478865 49.260952
v -7.780104 4.478865 50.220303
v -7.780104 4.478865 51.179649
v -7.780104 4.478865 52.139000
v -7.780104 4.478865 53.098351
v -7.780104 4.478865 54.057701
v -7.780104 4.478865 55.017052
v -7.780104 5.478217 37.748749
v -7.780104 5.478217 38.708099
v -7.780104 5.478217 39.667450
v -7.780104 5.478217 40.626801
v -7.780104 5.478217 41.586151
v -7.780104 5.478217 42.545502
v -7.780104 5.478217 43.504848
v -7.780104 5.478217 44.464199
v -7.780104 5.478217 45.423550
v -7.780104 5.478217 46.382900
v -7.780104 5.478217 47.342251
v -7.780104 5.478218 48.301601
v -7.780104 5.478218 49.260952
v -7.780104 5.478218 50.220303
v -7.780104 5.478218 51.179649
v -7.780104 5.478218 52.139000
v -7.780104 5.478218 53.098351
v -7.780104 5.478218 54.057701
v -7.780104 5.478218 55.017052
v -7.780104 6.477571 37.748749
v -7.780104 6.477571 38.708099
v -7.780104 6.477571 39.667450
v -7.780104 6.477571 40.626801
v -7.780104 6.477571 41.586151
v -7.780104 6.477571 42.545502
v -7.780104 6.477571 43.504848
v -7.780104 6.477571 44.464199
v -7.780104 6.477571 45.423550
v -7.780104 6.477571 46.382900
v -7.780104 6.477571 47.342251
v -7.780104 6.477572 48.301601
v -7.780104 6.477572 49.260952
v -7.780104 6.477572 50.220303
v -7.780104 6.477572 51.179649
v -7.780104 6.477572 52.139000
v -7.780104 6.477572 53.098351
v -7.780104 6.477572 54.057701
v -7.780104 6.477572 55.017052
v -7.780104 7.476924 37.748749
v -7.780104 7.476924 38.708099
v -7.780104 7.476924 39.667450
v -7.780104 7.476924 40.626801
v -7.780104 7.476924 41.586151
v -7.780104 7.476924 42.545502
v -7.780104 7.476924 43.504848
v -7.780104 7.476924 44.464199
v -7.780104 7.476924 45.423550
v -7.780104 7.476924 46.382900
v -7.780104 7.476924 47.342251
v -7.780104 7.476925 48.301601
v -7.780104 7.476925 49.260952
v -7.780104 7.476925 50.220303
v -7.780104 7.476925 51.179649
v -7.780104 7.476925 52.139000
v -7.780104 7.476925 53.098351
v -7.780104 7.476925 54.057701
v -7.780104 7.476925 55.017052
v -7.780104 7.476924 37.748749
v -6.807591 7.476924 37.748749
v -6.311689 7.593889 38.377708
v -7.213359 7.593889 38.377708
v -5.815786 7.710853 39.006668
v -6.646613 7.710853 39.006668
v -5.319884 7.827818 39.635628
v -6.079867 7.827818 39.635628
v -4.823982 7.944783 40.264587
v -5.513122 7.944783 40.264587
v -5.835078 7.476924 37.748749
v -5.410019 7.593889 38.377708
v -4.984960 7.710853 39.006668
v -4.559901 7.827818 39.635628
v -4.134842 7.944783 40.264587
v -4.862565 7.476924 37.748749
v -4.508349 7.593889 38.377708
v -4.154133 7.710853 39.006668
v -3.799917 7.827818 39.635628
v -3.445701 7.944783 40.264587
v -3.890052 7.476924 37.748749
v -3.606679 7.593889 38.377708
v -3.323307 7.710853 39.006668
v -3.039934 7.827818 39.635628
v -2.756561 7.944783 40.264587
v -2.917539 7.476924 37.748749
v -2.705009 7.593889 38.377708
v -2.492480 7.710853 39.006668
v -2.279950 7.827818 39.635628
v -2.067421 7.944783 40.264587
v -1.945026 7.476924 37.748749
v -1.803340 7.593889 38.377708
v -1.661653 7.710853 39.006668
v -1.519967 7.827818 39.635628
v -1.378280 7.944783 40.264587
v -0.972513 7.476924 37.748749
v -0.901670 7.593889 38.377708
v -0.830827 7.710853 39.006668
v -0.759983 7.827818 39.635628
v -0.689140 7.944783 40.264587
v 0.000000 7.476924 37.748749
v 0.000000 7.593889 38.377708
v 0.000000 7.710853 39.006668
v 0.000000 7.827818 39.635628
v 0.000000 7.944783 40.264587
v 0.972513 7.476924 37.748749
v 0.901670 7.593889 38.377708
v 0.830827 7.710853 39.006668
v 0.759983 7.827818 39.635628
v 0.689140 7.944783 40.264587
v 1.945026 7.476924 37.748749
v 1.803340 7.593889 38.377708
v 1.661653 7.710853 39.006668
v 1.519967 7.827818 39.635628
v 1.378280 7.944783 40.264587
v 2.917539 7.476924 37.748749
v 2.705009 7.593889 38.377708
v 2.492480 7.710853 39.006668
v 2.279950 7.827818 39.635628
v 2.067421 7.944783 40.264587
v 3.890052 7.476924 37.748749
v 3.606679 7.593889 38.377708
v 3.323306 7.710853 39.006668
v 3.039934 7.827818 39.635628
v 2.756561 7.944783 40.264587
v 4.862565 7.476924 37.748749
v 4.508349 7.593889 38.377708
v 4.154133 7.710853 39.006668
v 3.799917 7.827818 39.635628
v 3.445701 7.944783 40.264587
v 5.835078 7.476924 37.748749
v 5.410019 7.593889 38.377708
v 4.984960 7.710853 39.006668
v 4.559901 7.827818 39.635628
v 4.134841 7.944783 40.264587
v 6.807591 7.476924 37.748749
v 6.311689 7.593889 38.377708
v 5.815786 7.710853 39.006668
v 5.319884 7.827818 39.635628
v 4.823982 7.944783 40.264587
v 7.780104 7.476924 37.748749
v 7.213359 7.593889 38.377708
v 6.646613 7.710853 39.006668
v 6.079867 7.827818 39.635628
v 5.513122 7.944783 40.264587
v 7.780104 7.476924 37.748749
v 7.780104 6.477571 37.748749
v 7.780104 6.477571 38.708099
v 7.780104 7.476924 38.708099
v 7.780104 6.477571 39.667450
v 7.780104 7.476924 39.667450
v 7.780104 6.477571 40.626801
v 7.780104 7.476924 40.626801
v 7.780104 6.477571 41.586151
v 7.780104 7.476924 41.586151
v 7.780104 6.477571 42.545502
v 7.780104 7.476924 42.545502
v 7.780104 6.477571 43.504848
v 7.780104 7.476924 43.504848
v 7.780104 6.477571 44.464199
v 7.780104 7.476924 44.464199
v 7.780104 6.477571 45.423550
v 7.780104 7.476924 45.423550
v 7.780104 6.477571 46.382900
v 7.780104 7.476924 46.382900
v 7.780104 6.477571 47.342251
v 7.780104 7.476924 47.342251
v 7.780104 6.477572 48.301601
v 7.780104 7.476925 48.301601
v 7.780104 6.477572 49.260952
v 7.780104 7.476925 49.260952
v 7.780104 6.477572 50.220303
v 7.780104 7.476925 50.220303
v 7.780104 6.477572 51.179649
v 7.780104 7.476925 51.179649
v 7.780104 6.477572 52.139000
v 7.780104 7.476925 52.139000
v 7.780104 6.477572 53.098351
v 7.780104 7.476925 53.098351
v 7.780104 6.477572 54.057701
v 7.780104 7.476925 54.057701
v 7.780104 6.477572 55.017052
v 7.780104 7.476925 55.017052
v 7.780104 5.478217 37.748749
v 7.780104 5.478217 38.708099
v 7.780104 5.478217 39.667450
v 7.780104 5.478217 40.626801
v 7.780104 5.478217 41.586151
v 7.780104 5.478217 42.545502
v 7.780104 5.478217 43.504848
v 7.780104 5.478217 44.464199
v 7.780104 5.478217 45.423550
v 7.780104 5.478217 46.382900
v 7.780104 5.478217 47.342251
v 7.780104 5.478218 48.301601
v 7.780104 5.478218 49.260952
v 7.780104 5.478218 50.220303
v 7.780104 5.478218 51.179649
v 7.780104 5.478218 52.139000
v 7.780104 5.478218 53.098351
v 7.780104 5.478218 54.057701
v 7.780104 5.478218 55.017052
v 7.780104 4.478864 37.748749
v 7.780104 4.478864 38.708099
v 7.780104 4.478864 39.667450
v 7.780104 4.478864 40.626801
v 7.780104 4.478864 41.586151
v 7.780104 4.478864 42.545502
v 7.780104 4.478864 43.504848
v 7.780104 4.478864 44.464199
v 7.780104 4.478864 45.423550
v 7.780104 4.478864 46.382900
v 7.780104 4.478864 47.342251
v 7.780104 4.478865 48.301601
v 7.780104 4.478865 49.260952
v 7.780104 4.478865 50.220303
v 7.780104 4.478865 51.179649
v 7.780104 4.478865 52.139000
v 7.780104 4.478865 53.098351
v 7.780104 4.478865 54.057701
v 7.780104 4.478865 55.017052
v 7.780104 3.479511 37.748749
v 7.780104 3.479511 38.708099
v 7.780104 3.479511 39.667450
v 7.780104 3.479511 40.626801
v 7.780104 3.479511 41.586151
v 7.780104 3.479511 42.545502
v 7.780104 3.479511 43.504848
v 7.780104 3.479511 44.464199
v 7.780104 3.479511 45.423550
v 7.780104 3.479511 46.382900
v 7.780104 3.479511 47.342251
v 7.780104 3.479511 48.301601
v 7.780104 3.479512 49.260952
v 7.780104 3.479512 50.220303
v 7.780104 3.479512 51.179649
v 7.780104 3.479512 52.139000
v 7.780104 3.479512 53.098351
v 7.780104 3.479512 54.057701
v 7.780104 3.479512 55.017052
v 7.780104 2.480158 37.748749
v 7.780104 2.480158 38.708099
v 7.780104 2.480158 39.667450
v 7.780104 2.480158 40.626801
v 7.780104 2.480158 41.586151
v 7.780104 2.480158 42.545502
v 7.780104 2.480158 43.504848
v 7.780104 2.480158 44.464199
v 7.780104 2.480158 45.423550
v 7.780104 2.480159 46.382900
v 7.780104 2.480159 47.342251
v 7.780104 2.480159 48.301601
v 7.780104 2.480159 49.260952
v 7.780104 2.480159 50.220303
v 7.780104 2.480159 51.179649
v 7.780104 2.480159 52.139000
v 7.780104 2.480159 53.098351
v 7.780104 2.480159 54.057701
v 7.780104 2.480159 55.017052
v 7.780104 1.480804 37.748749
v 7.780104 1.480804 38.708099
v 7.780104 1.480804 39.667450
v 7.780104 1.480804 40.626801
v 7.780104 1.480804 41.586151
v 7.780104 1.480804 42.545502
v 7.780104 1.480804 43.504848
v 7.780104 1.480804 44.464199
v 7.780104 1.480804 45.423550
v 7.780104 1.480804 46.382900
v 7.780104 1.480805 47.342251
v 7.780104 1.480805 48.301601
v 7.780104 1.480805 49.260952
v 7.780104 1.480805 50.220303
v 7.780104 1.480805 51.179649
v 7.780104 1.480805 52.139000
v 7.780104 1.480805 53.098351
v 7.780104 1.480805 54.057701
v 7.780104 1.480805 55.017052
v 7.780104 0.481451 37.748749
v 7.780104 0.481451 38.708099
v 7.780104 0.481451 39.667450
v 7.780104 0.481451 40.626801
v 7.780104 0.481451 41.586151
v 7.780104 0.481451 42.545502
v 7.780104 0.481451 43.504848
v 7.780104 0.481451 44.464199
v 7.780104 0.481451 45.423550
v 7.780104 0.481452 46.382900
v 7.780104 0.481452 47.342251
v 7.780104 0.481452 48.301601
v 7.780104 0.481452 49.260952
v 7.780104 0.481452 50.220303
v 7.780104 0.481452 51.179649
v 7.780104 0.481452 52.139000
v 7.780104 0.481452 53.098351
v 7.780104 0.481452 54.057701
v 7.780104 0.481452 55.017052
v 7.780104 -0.517902 37.748749
v 7.780104 -0.517902 38.708099
v 7.780104 -0.517902 39.667450
v 7.780104 -0.517902 40.626801
v 7.780104 -0.517902 41.586151
v 7.780104 -0.517902 42.545502
v 7.780104 -0.517902 43.504848
v 7.780104 -0.517902 44.464199
v 7.780104 -0.517902 45.423550
v 7.780104 -0.517901 46.382900
v 7.780104 -0.517901 47.342251
v 7.780104 -0.517901 48.301601
v 7.780104 -0.517901 49.260952
v 7.780104 -0.517901 50.220303
v 7.780104 -0.517901 51.179649
v 7.780104 -0.517901 52.139000
v 7.780104 -0.517901 53.098351
v 7.780104 -0.517901 54.057701
v 7.780104 -0.517901 55.017052
v 7.780104 -1.517255 37.748749
v 7.780104 -1.517255 38.708099
v 7.780104 -1.517255 39.667450
v 7.780104 -1.517255 40.626801
v 7.780104 -1.517255 41.586151
v 7.780104 -1.517255 42.545502
v 7.780104 -1.517255 43.504848
v 7.780104 -1.517255 44.464199
v 7.780104 -1.517255 45.423550
v 7.780104 -1.517255 46.382900
v 7.780104 -1.517254 47.342251
v 7.780104 -1.517254 48.301601
v 7.780104 -1.517254 49.260952
v 7.780104 -1.517254 50.220303
v 7.780104 -1.517254 51.179649
v 7.780104 -1.517254 52.139000
v 7.780104 -1.517254 53.098351
v 7.780104 -1.517254 54.057701
v 7.780104 -1.517254 55.017052
v 7.780104 -2.516609 37.748749
v 7.780104 -2.516609 38.708099
v 7.780104 -2.516609 39.667450
v 7.780104 -2.516609 40.626801
v 7.780104 -2.516609 41.586151
v 7.780104 -2.516609 42.545502
v 7.780104 -2.516609 43.504848
v 7.780104 -2.516609 44.464199
v 7.780104 -2.516609 45.423550
v 7.780104 -2.516608 46.382900
v 7.780104 -2.516608 47.342251
v 7.780104 -2.516608 48.301601
v 7.780104 -2.516608 49.260952
v 7.780104 -2.516608 50.220303
v 7.780104 -2.516608 51.179649
v 7.780104 -2.516608 52.139000
v 7.780104 -2.516608 53.098351
v 7.780104 -2.516608 54.057701
v 7.780104 -2.516608 55.017052
v 7.780104 -3.515962 37.748749
v 7.780104 -3.515962 38.708099
v 7.780104 -3.515962 39.667450
v 7.780104 -3.515962 40.626801
v 7.780104 -3.515962 41.586151
v 7.780104 -3.515962 42.545502
v 7.780104 -3.515962 43.504848
v 7.780104 -3.515962 44.464199
v 7.780104 -3.515962 45.423550
v 7.780104 -3.515961 46.382900
v 7.780104 -3.515961 47.342251
v 7.780104 -3.515961 48.301601
v 7.780104 -3.515961 49.260952
v 7.780104 -3.515961 50.220303
v 7.780104 -3.515961 51.179649
v 7.780104 -3.515961 52.139000
v 7.780104 -3.515961 53.098351
v 7.780104 -3.515961 54.057701
v 7.780104 -3.515961 55.017052
v 7.780104 -4.515315 37.748749
v 7.780104 -4.515315 38.708099
v 7.780104 -4.515315 39.667450
v 7.780104 -4.515315 40.626801
v 7.780104 -4.515315 41.586151
v 7.780104 -4.515315 42.545502
v 7.780104 -4.515315 43.504848
v 7.780104 -4.515315 44.464199
v 7.780104 -4.515315 45.423550
v 7.780104 -4.515315 46.382900
v 7.780104 -4.515315 47.342251
v 7.780104 -4.515314 48.301601
v 7.780104 -4.515314 49.260952
v 7.780104 -4.515314 50.220303
v 7.780104 -4.515314 51.179649
v 7.780104 -4.515314 52.139000
v 7.780104 -4.515314 53.098351
v 7.780104 -4.515314 54.057701
v 7.780104 -4.515314 55.017052
v 7.780104 -5.514668 37.748749
v 7.780104 -5.514668 38.708099
v 7.780104 -5.514668 39.667450
v 7.780104 -5.514668 40.626801
v 7.780104 -5.514668 41.586151
v 7.780104 -5.514668 42.545502
v 7.780104 -5.514668 43.504848
v 7.780104 -5.514668 44.464199
v 7.780104 -5.514668 45.423550
v 7.780104 -5.514668 46.382900
v 7.780104 -5.514668 47.342251
v 7.780104 -5.514667 48.301601
v 7.780104 -5.514667 49.260952
v 7.780104 -5.514667 50.220303
v 7.780104 -5.514667 51.179649
v 7.780104 -5.514667 52.139000
v 7.780104 -5.514667 53.098351
v 7.780104 -5.514667 54.057701
v 7.780104 -5.514667 55.017052
v 7.780104 -6.514022 37.748749
v 7.780104 -6.514022 38.708099
v 7.780104 -6.514022 39.667450
v 7.780104 -6.514022 40.626801
v 7.780104 -6.514022 41.586151
v 7.780104 -6.514022 42.545502
v 7.780104 -6.514022 43.504848
v 7.780104 -6.514022 44.464199
v 7.780104 -6.514022 45.423550
v 7.780104 -6.514022 46.382900
v 7.780104 -6.514022 47.342251
v 7.780104 -6.514021 48.301601
v 7.780104 -6.514021 49.260952
v 7.780104 -6.514021 50.220303
v 7.780104 -6.514021 51.179649
v 7.780104 -6.514021 52.139000
v 7.780104 -6.514021 53.098351
v 7.780104 -6.514021 54.057701
v 7.780104 -6.514021 55.017052
v 7.780104 -7.513375 37.748749
v 7.780104 -7.513375 38.708099
v 7.780104 -7.513375 39.667450
v 7.780104 -7.513375 40.626801
v 7.780104 -7.513375 41.586151
v 7.780104 -7.513375 42.545502
v 7.780104 -7.513375 43.504848
v 7.780104 -7.513375 44.464199
v 7.780104 -7.513375 45.423550
v 7.780104 -7.513375 46.382900
v 7.780104 -7.513375 47.342251
v 7.780104 -7.513374 48.301601
v 7.780104 -7.513374 49.260952
v 7.780104 -7.513374 50.220303
v 7.780104 -7.513374 51.179649
v 7.780104 -7.513374 52.139000
v 7.780104 -7.513374 53.098351
v 7.780104 -7.513374 54.057701
v 7.780104 -7.513374 55.017052
v -7.780104 -7.513374 55.017052
v -7.780104 -6.514021 55.017052
v -6.807591 -6.514021 55.017052
v -6.807591 -7.513374 55.017052
v -5.835078 -6.514021 55.017052
v -5.835078 -7.513374 55.017052
v -4.862565 -6.514021 55.017052
v -4.862565 -7.513374 55.017052
v -3.890052 -6.514021 55.017052
v -3.890052 -7.513374 55.017052
v -2.917539 -6.514021 55.017052
v -2.917539 -7.513374 55.017052
v -1.945026 -6.514021 55.017052
v -1.945026 -7.513374 55.017052
v -0.972513 -6.514021 55.017052
v -0.972513 -7.513374 55.017052
v 0.000000 -6.514021 55.017052
v 0.000000 -7.513374 55.017052
v 0.972513 -6.514021 55.017052
v 0.972513 -7.513374 55.017052
v 1.945026 -6.514021 55.017052
v 1.945026 -7.513374 55.017052
v 2.917539 -6.514021 55.017052
v 2.917539 -7.513374 55.017052
v 3.890052 -6.514021 55.017052
v 3.890052 -7.513374 55.017052
v 4.862565 -6.514021 55.017052
v 4.862565 -7.513374 55.017052
v 5.835078 -6.514021 55.017052
v 5.835078 -7.513374 55.017052
v 6.807591 -6.514021 55.017052
v 6.807591 -7.513374 55.017052
v 7.780104 -6.514021 55.017052
v 7.780104 -7.513374 55.017052
v -7.780104 -5.514667 55.017052
v -6.807591 -5.514667 55.017052
v -5.835078 -5.514667 55.017052
v -4.862565 -5.514667 55.017052
v -3.890052 -5.514667 55.017052
v -2.917539 -5.514667 55.017052
v -1.945026 -5.514667 55.017052
v -0.972513 -5.514667 55.017052
v 0.000000 -5.514667 55.017052
v 0.972513 -5.514667 55.017052
v 1.945026 -5.514667 55.017052
v 2.917539 -5.514667 55.017052
v 3.890052 -5.514667 55.017052
v 4.862565 -5.514667 55.017052
v 5.835078 -5.514667 55.017052
v 6.807591 -5.514667 55.017052
v 7.780104 -5.514667 55.017052
v -7.780104 -4.515314 55.017052
v -6.807591 -4.515314 55.017052
v -5.835078 -4.515314 55.017052
v -4.862565 -4.515314 55.017052
v -3.890052 -4.515314 55.017052
v -2.917539 -4.515314 55.017052
v -1.945026 -4.515314 55.017052
v -0.972513 -4.515314 55.017052
v 0.000000 -4.515314 55.017052
v 0.972513 -4.515314 55.017052
v 1.945026 -4.515314 55.017052
v 2.917539 -4.515314 55.017052
v 3.890052 -4.515314 55.017052
v 4.862565 -4.515314 55.017052
v 5.835078 -4.515314 55.017052
v 6.807591 -4.515314 55.017052
v 7.780104 -4.515314 55.017052
v -7.780104 -3.515961 55.017052
v -6.807591 -3.515961 55.017052
v -5.835078 -3.515961 55.017052
v -4.862565 -3.515961 55.017052
v -3.890052 -3.515961 55.017052
v -2.917539 -3.515961 55.017052
v -1.945026 -3.515961 55.017052
v -0.972513 -3.515961 55.017052
v 0.000000 -3.515961 55.017052
v 0.972513 -3.515961 55.017052
v 1.945026 -3.515961 55.017052
v 2.917539 -3.515961 55.017052
v 3.890052 -3.515961 55.017052
v 4.862565 -3.515961 55.017052
v 5.835078 -3.515961 55.017052
v 6.807591 -3.515961 55.017052
v 7.780104 -3.515961 55.017052
v -7.780104 -2.516608 55.017052
v -6.807591 -2.516608 55.017052
v -5.835078 -2.516608 55.017052
v -4.862565 -2.516608 55.017052
v -3.890052 -2.516608 55.017052
v -2.917539 -2.516608 55.017052
v -1.945026 -2.516608 55.017052
v -0.972513 -2.516608 55.017052
v 0.000000 -2.516608 55.017052
v 0.972513 -2.516608 55.017052
v 1.945026 -2.516608 55.017052
v 2.917539 -2.516608 55.017052
v 3.890052 -2.516608 55.017052
v 4.862565 -2.516608 55.017052
v 5.835078 -2.516608 55.017052
v 6.807591 -2.516608 55.017052
v 7.780104 -2.516608 55.017052
v -7.780104 -1.517254 55.017052
v -6.807591 -1.517254 55.017052
v -5.835078 -1.517254 55.017052
v -4.862565 -1.517254 55.017052
v -3.890052 -1.517254 55.017052
v -2.917539 -1.517254 55.017052
v -1.945026 -1.517254 55.017052
v -0.972513 -1.517254 55.017052
v 0.000000 -1.517254 55.017052
v 0.972513 -1.517254 55.017052
v 1.945026 -1.517254 55.017052
v 2.917539 -1.517254 55.017052
v 3.890052 -1.517254 55.017052
v 4.862565 -1.517254 55.017052
v 5.835078 -1.517254 55.017052
v 6.807591 -1.517254 55.017052
v 7.780104 -1.517254 55.017052
v -7.780104 -0.517901 55.017052
v -6.807591 -0.517901 55.017052
v -5.835078 -0.517901 55.017052
v -4.862565 -0.517901 55.017052
v -3.890052 -0.517901 55.017052
v -2.917539 -0.517901 55.017052
v -1.945026 -0.517901 55.017052
v -0.972513 -0.517901 55.017052
v 0.000000 -0.517901 55.017052
v 0.972513 -0.517901 55.017052
v 1.945026 -0.517901 55.017052
v 2.917539 -0.517901 55.017052
v 3.890052 -0.517901 55.017052
v 4.862565 -0.517901 55.017052
v 5.835078 -0.517901 55.017052
v 6.807591 -0.517901 55.017052
v 7.780104 -0.517901 55.017052
v -7.780104 0.481452 55.017052
v -6.807591 0.481452 55.017052
v -5.835078 0.481452 55.017052
v -4.862565 0.481452 55.017052
v -3.890052 0.481452 55.017052
v -2.917539 0.481452 55.017052
v -1.945026 0.481452 55.017052
v -0.972513 0.481452 55.017052
v 0.000000 0.481452 55.017052
v 0.972513 0.481452 55.017052
v 1.945026 0.481452 55.017052
v 2.917539 0.481452 55.017052
v 3.890052 0.481452 55.017052
v 4.862565 0.481452 55.017052
v 5.835078 0.481452 55.017052
v 6.807591 0.481452 55.017052
v 7.780104 0.481452 55.017052
v -7.780104 1.480805 55.017052
v -6.807591 1.480805 55.017052
v -5.835078 1.480805 55.017052
v -4.862565 1.480805 55.017052
v -3.890052 1.480805 55.017052
v -2.917539 1.480805 55.017052
v -1.945026 1.480805 55.017052
v -0.972513 1.480805 55.017052
v 0.000000 1.480805 55.017052
v 0.972513 1.480805 55.017052
v 1.945026 1.480805 55.017052
v 2.917539 1.480805 55.017052
v 3.890052 1.480805 55.017052
v 4.862565 1.480805 55.017052
v 5.835078 1.480805 55.017052
v 6.807591 1.480805 55.017052
v 7.780104 1.480805 55.017052
v -7.780104 2.480159 55.017052
v -6.807591 2.480159 55.017052
v -5.835078 2.480159 55.017052
v -4.862565 2.480159 55.017052
v -3.890052 2.480159 55.017052
v -2.917539 2.480159 55.017052
v -1.945026 2.480159 55.017052
v -0.972513 2.480159 55.017052
v 0.000000 2.480159 55.017052
v 0.972513 2.480159 55.017052
v 1.945026 2.480159 55.017052
v 2.917539 2.480159 55.017052
v 3.890052 2.480159 55.017052
v 4.862565 2.480159 55.017052
v 5.835078 2.480159 55.017052
v 6.807591 2.480159 55.017052
v 7.780104 2.480159 55.017052
v -7.780104 3.479512 55.017052
v -6.807591 3.479512 55.017052
v -5.835078 3.479512 55.017052
v -4.862565 3.479512 55.017052
v -3.890052 3.479512 55.017052
v -2.917539 3.479512 55.017052
v -1.945026 3.479512 55.017052
v -0.972513 3.479512 55.017052
v 0.000000 3.479512 55.017052
v 0.972513 3.479512 55.017052
v 1.945026 3.479512 55.017052
v 2.917539 3.479512 55.017052
v 3.890052 3.479512 55.017052
v 4.862565 3.479512 55.017052
v 5.835078 3.479512 55.017052
v 6.807591 3.479512 55.017052
v 7.780104 3.479512 55.017052
v -7.780104 4.478865 55.017052
v -6.807591 4.478865 55.017052
v -5.835078 4.478865 55.017052
v -4.862565 4.478865 55.017052
v -3.890052 4.478865 55.017052
v -2.917539 4.478865 55.017052
v -1.945026 4.478865 55.017052
v -0.972513 4.478865 55.017052
v 0.000000 4.478865 55.017052
v 0.972513 4.478865 55.017052
v 1.945026 4.478865 55.017052
v 2.917539 4.478865 55.017052
v 3.890052 4.478865 55.017052
v 4.862565 4.478865 55.017052
v 5.835078 4.478865 55.017052
v 6.807591 4.478865 55.017052
v 7.780104 4.478865 55.017052
v -7.780104 5.478218 55.017052
v -6.807591 5.478218 55.017052
v -5.835078 5.478218 55.017052
v -4.862565 5.478218 55.017052
v -3.890052 5.478218 55.017052
v -2.917539 5.478218 55.017052
v -1.945026 5.478218 55.017052
v -0.972513 5.478218 55.017052
v 0.000000 5.478218 55.017052
v 0.972513 5.478218 55.017052
v 1.945026 5.478218 55.017052
v 2.917539 5.478218 55.017052
v 3.890052 5.478218 55.017052
v 4.862565 5.478218 55.017052
v 5.835078 5.478218 55.017052
v 6.807591 5.478218 55.017052
v 7.780104 5.478218 55.017052
v -7.780104 6.477572 55.017052
v -6.807591 6.477572 55.017052
v -5.835078 6.477572 55.017052
v -4.862565 6.477572 55.017052
v -3.890052 6.477572 55.017052
v -2.917539 6.477572 55.017052
v -1.945026 6.477572 55.017052
v -0.972513 6.477572 55.017052
v 0.000000 6.477572 55.017052
v 0.972513 6.477572 55.017052
v 1.945026 6.477572 55.017052
v 2.917539 6.477572 55.017052
v 3.890052 6.477572 55.017052
v 4.862565 6.477572 55.017052
v 5.835078 6.477572 55.017052
v 6.807591 6.477572 55.017052
v 7.780104 6.477572 55.017052
v -7.780104 7.476925 55.017052
v -6.807591 7.476925 55.017052
v -5.835078 7.476925 55.017052
v -4.862565 7.476925 55.017052
v -3.890052 7.476925 55.017052
v -2.917539 7.476925 55.017052
v -1.945026 7.476925 55.017052
v -0.972513 7.476925 55.017052
v 0.000000 7.476925 55.017052
v 0.972513 7.476925 55.017052
v 1.945026 7.476925 55.017052
v 2.917539 7.476925 55.017052
v 3.890052 7.476925 55.017052
v 4.862565 7.476925 55.017052
v 5.835078 7.476925 55.017052
v 6.807591 7.476925 55.017052
v 7.780104 7.476925 55.017052
v -5.513122 7.944784 52.501217
v -5.513122 7.944784 51.559937
v -5.513122 8.475961 51.559937
v -5.513122 8.475961 52.501217
v -5.513122 9.007139 51.559937
v -5.513122 9.007139 52.501217
v -5.513122 7.944784 50.618660
v -5.513122 8.475961 50.618660
v -5.513122 9.007139 50.618660
v -5.513122 7.944784 49.677380
v -5.513122 8.475961 49.677380
v -5.513122 9.007139 49.677380
v -5.513122 7.944784 48.736099
v -5.513122 8.475961 48.736099
v -5.513122 9.007139 48.736099
v -5.513122 7.944784 47.794823
v -5.513122 8.475961 47.794823
v -5.513122 9.007139 47.794823
v -5.513122 7.944783 46.853542
v -5.513122 8.475961 46.853542
v -5.513122 9.007139 46.853542
v -5.513122 7.944783 45.912262
v -5.513122 8.475961 45.912262
v -5.513122 9.007139 45.912262
v -5.513122 7.944783 44.970982
v -5.513122 8.475961 44.970982
v -5.513122 9.007139 44.970982
v -5.513122 7.944783 44.029705
v -5.513122 8.475960 44.029705
v -5.513122 9.007138 44.029705
v -5.513122 7.944783 43.088425
v -5.513122 8.475960 43.088425
v -5.513122 9.007138 43.088425
v -5.513122 7.944783 42.147144
v -5.513122 8.475960 42.147144
v -5.513122 9.007138 42.147144
v -5.513122 7.944783 41.205868
v -5.513122 8.475960 41.205868
v -5.513122 9.007138 41.205868
v -5.513122 7.944783 40.264587
v -5.513122 8.475960 40.264587
v -5.513122 9.007138 40.264587
v -7.780104 7.476925 55.017052
v -7.780104 7.476925 54.057701
v -7.213359 7.593890 53.498627
v -7.213359 7.593890 54.388092
v -6.646613 7.710854 52.939552
v -6.646613 7.710854 53.759136
v -6.079867 7.827819 52.380478
v -6.079867 7.827819 53.130177
v -5.513122 7.944784 51.821404
v -5.513122 7.944784 52.501217
v -7.780104 7.476925 53.098351
v -7.213359 7.593890 52.609161
v -6.646613 7.710854 52.119972
v -6.079867 7.827819 51.630779
v -5.513122 7.944784 51.141590
v -7.780104 7.476925 52.139000
v -7.213359 7.593890 51.719696
v -6.646613 7.710854 51.300388
v -6.079867 7.827819 50.881084
v -5.513122 7.944784 50.461781
v -7.780104 7.476925 51.179649
v -7.213359 7.593890 50.830231
v -6.646613 7.710854 50.480808
v -6.079867 7.827819 50.131386
v -5.513122 7.944784 49.781967
v -7.780104 7.476925 50.220303
v -7.213359 7.593890 49.940765
v -6.646613 7.710854 49.661228
v -6.079867 7.827819 49.381691
v -5.513122 7.944784 49.102154
v -7.780104 7.476925 49.260952
v -7.213359 7.593890 49.051296
v -6.646613 7.710854 48.841644
v -6.079867 7.827819 48.631992
v -5.513122 7.944784 48.422340
v -7.780104 7.476925 48.301601
v -7.213359 7.593890 48.161835
v -6.646613 7.710854 48.022064
v -6.079867 7.827819 47.882298
v -5.513122 7.944784 47.742527
v -7.780104 7.476924 47.342251
v -7.213359 7.593889 47.272366
v -6.646613 7.710853 47.202484
v -6.079867 7.827818 47.132599
v -5.513122 7.944783 47.062714
v -7.780104 7.476924 46.382900
v -7.213359 7.593889 46.382900
v -6.646613 7.710853 46.382900
v -6.079867 7.827818 46.382900
v -5.513122 7.944783 46.382900
v -7.780104 7.476924 45.423550
v -7.213359 7.593889 45.493435
v -6.646613 7.710853 45.563320
v -6.079867 7.827818 45.633205
v -5.513122 7.944783 45.703091
v -7.780104 7.476924 44.464199
v -7.213359 7.593889 44.603970
v -6.646613 7.710853 44.743736
v -6.079867 7.827818 44.883507
v -5.513122 7.944783 45.023277
v -7.780104 7.476924 43.504848
v -7.213359 7.593889 43.714504
v -6.646613 7.710853 43.924156
v -6.079867 7.827818 44.133808
v -5.513122 7.944783 44.343464
v -7.780104 7.476924 42.545502
v -7.213359 7.593889 42.825039
v -6.646613 7.710853 43.104576
v -6.079867 7.827818 43.384113
v -5.513122 7.944783 43.663651
v -7.780104 7.476924 41.586151
v -7.213359 7.593889 41.935574
v -6.646613 7.710853 42.284992
v -6.079867 7.827818 42.634415
v -5.513122 7.944783 42.983837
v -7.780104 7.476924 40.626801
v -7.213359 7.593889 41.046104
v -6.646613 7.710853 41.465412
v -6.079867 7.827818 41.884720
v -5.513122 7.944783 42.304024
v -7.780104 7.476924 39.667450
v -7.213359 7.593889 40.156639
v -6.646613 7.710853 40.645832
v -6.079867 7.827818 41.135021
v -5.513122 7.944783 41.624214
v -7.780104 7.476924 38.708099
v -7.213359 7.593889 39.267174
v -6.646613 7.710853 39.826248
v -6.079867 7.827818 40.385326
v -5.513122 7.944783 40.944401
v -7.780104 7.476924 37.748749
v -7.213359 7.593889 38.377708
v -6.646613 7.710853 39.006668
v -6.079867 7.827818 39.635628
v -5.513122 7.944783 40.264587
v 7.780104 7.476924 37.748749
v 7.780104 7.476924 38.708099
v 7.213359 7.593889 39.267174
v 7.213359 7.593889 38.377708
v 6.646613 7.710853 39.826248
v 6.646613 7.710853 39.006668
v 6.079867 7.827818 40.385326
v 6.079867 7.827818 39.635628
v 5.513122 7.944783 40.944401
v 5.513122 7.944783 40.264587
v 7.780104 7.476924 39.667450
v 7.213359 7.593889 40.156639
v 6.646613 7.710853 40.645832
v 6.079867 7.827818 41.135021
v 5.513122 7.944783 41.624214
v 7.780104 7.476924 40.626801
v 7.213359 7.593889 41.046104
v 6.646613 7.710853 41.465412
v 6.079867 7.827818 41.884720
v 5.513122 7.944783 42.304024
v 7.780104 7.476924 41.586151
v 7.213359 7.593889 41.935574
v 6.646613 7.710853 42.284992
v 6.079867 7.827818 42.634415
v 5.513122 7.944783 42.983837
v 7.780104 7.476924 42.545502
v 7.213359 7.593889 42.825039
v 6.646613 7.710853 43.104576
v 6.079867 7.827818 43.384113
v 5.513122 7.944783 43.663651
v 7.780104 7.476924 43.504848
v 7.213359 7.593889 43.714504
v 6.646613 7.710853 43.924156
v 6.079867 7.827818 44.133808
v 5.513122 7.944783 44.343464
v 7.780104 7.476924 44.464199
v 7.213359 7.593889 44.603970
v 6.646613 7.710853 44.743736
v 6.079867 7.827818 44.883507
v 5.513122 7.944783 45.023277
v 7.780104 7.476924 45.423550
v 7.213359 7.593889 45.493435
v 6.646613 7.710853 45.563320
v 6.079867 7.827818 45.633205
v 5.513122 7.944783 45.703091
v 7.780104 7.476924 46.382900
v 7.213359 7.593889 46.382900
v 6.646613 7.710853 46.382900
v 6.079867 7.827818 46.382900
v 5.513122 7.944783 46.382900
v 7.780104 7.476924 47.342251
v 7.213359 7.593889 47.272366
v 6.646613 7.710853 47.202484
v 6.079867 7.827818 47.132599
v 5.513122 7.944783 47.062714
v 7.780104 7.476925 48.301601
v 7.213359 7.593890 48.161835
v 6.646613 7.710854 48.022064
v 6.079867 7.827819 47.882298
v 5.513122 7.944784 47.742527
v 7.780104 7.476925 49.260952
v 7.213359 7.593890 49.051296
v 6.646613 7.710854 48.841644
v 6.079867 7.827819 48.631992
v 5.513122 7.944784 48.422340
v 7.780104 7.476925 50.220303
v 7.213359 7.593890 49.940765
v 6.646613 7.710854 49.661228
v 6.079867 7.827819 49.381691
v 5.513122 7.944784 49.102154
v 7.780104 7.476925 51.179649
v 7.213359 7.593890 50.830231
v 6.646613 7.710854 50.480808
v 6.079867 7.827819 50.131386
v 5.513122 7.944784 49.781967
v 7.780104 7.476925 52.139000
v 7.213359 7.593890 51.719696
v 6.646613 7.710854 51.300388
v 6.079867 7.827819 50.881084
v 5.513122 7.944784 50.461781
v 7.780104 7.476925 53.098351
v 7.213359 7.593890 52.609161
v 6.646613 7.710854 52.119972
v 6.079867 7.827819 51.630779
v 5.513122 7.944784 51.141590
v 7.780104 7.476925 54.057701
v 7.213359 7.593890 53.498627
v 6.646613 7.710854 52.939552
v 6.079867 7.827819 52.380478
v 5.513122 7.944784 51.821404
v 7.780104 7.476925 55.017052
v 7.213359 7.593890 54.388092
v 6.646613 7.710854 53.759136
v 6.079867 7.827819 53.130177
v 5.513122 7.944784 52.501217
v 7.780104 7.476925 55.017052
v 6.807591 7.476925 55.017052
v 6.311689 7.593890 54.388092
v 7.213359 7.593890 54.388092
v 5.815786 7.710854 53.759136
v 6.646613 7.710854 53.759136
v 5.319884 7.827819 53.130177
v 6.079867 7.827819 53.130177
v 4.823982 7.944784 52.501217
v 5.513122 7.944784 52.501217
v 5.835078 7.476925 55.017052
v 5.410019 7.593890 54.388092
v 4.984960 7.710854 53.759136
v 4.559901 7.827819 53.130177
v 4.134842 7.944784 52.501217
v 4.862565 7.476925 55.017052
v 4.508349 7.593890 54.388092
v 4.154133 7.710854 53.759136
v 3.799917 7.827819 53.130177
v 3.445701 7.944784 52.501217
v 3.890052 7.476925 55.017052
v 3.606679 7.593890 54.388092
v 3.323307 7.710854 53.759136
v 3.039934 7.827819 53.130177
v 2.756561 7.944784 52.501217
v 2.917539 7.476925 55.017052
v 2.705009 7.593890 54.388092
v 2.492480 7.710854 53.759136
v 2.279950 7.827819 53.130177
v 2.067421 7.944784 52.501217
v 1.945026 7.476925 55.017052
v 1.803340 7.593890 54.388092
v 1.661653 7.710854 53.759136
v 1.519967 7.827819 53.130177
v 1.378280 7.944784 52.501217
v 0.972513 7.476925 55.017052
v 0.901670 7.593890 54.388092
v 0.830827 7.710854 53.759136
v 0.759983 7.827819 53.130177
v 0.689140 7.944784 52.501217
v 0.000000 7.476925 55.017052
v 0.000000 7.593890 54.388092
v 0.000000 7.710854 53.759136
v 0.000000 7.827819 53.130177
v 0.000000 7.944784 52.501217
v -0.972513 7.476925 55.017052
v -0.901670 7.593890 54.388092
v -0.830827 7.710854 53.759136
v -0.759983 7.827819 53.130177
v -0.689140 7.944784 52.501217
v -1.945026 7.476925 55.017052
v -1.803340 7.593890 54.388092
v -1.661653 7.710854 53.759136
v -1.519967 7.827819 53.130177
v -1.378280 7.944784 52.501217
v -2.917539 7.476925 55.017052
v -2.705009 7.593890 54.388092
v -2.492480 7.710854 53.759136
v -2.279950 7.827819 53.130177
v -2.067421 7.944784 52.501217
v -3.890052 7.476925 55.017052
v -3.606679 7.593890 54.388092
v -3.323306 7.710854 53.759136
v -3.039934 7.827819 53.130177
v -2.756561 7.944784 52.501217
v -4.862565 7.476925 55.017052
v -4.508349 7.593890 54.388092
v -4.154133 7.710854 53.759136
v -3.799917 7.827819 53.130177
v -3.445701 7.944784 52.501217
v -5.835078 7.476925 55.017052
v -5.410019 7.593890 54.388092
v -4.984960 7.710854 53.759136
v -4.559901 7.827819 53.130177
v -4.134841 7.944784 52.501217
v -6.807591 7.476925 55.017052
v -6.311689 7.593890 54.388092
v -5.815786 7.710854 53.759136
v -5.319884 7.827819 53.130177
v -4.823982 7.944784 52.501217
v -7.780104 7.476925 55.017052
v -7.213359 7.593890 54.388092
v -6.646613 7.710854 53.759136
v -6.079867 7.827819 53.130177
v -5.513122 7.944784 52.501217
v -5.513122 9.007139 52.501217
v -5.513122 9.007139 51.559937
v -5.115445 9.012581 51.186504
v -5.115445 9.012581 52.059887
v -4.717769 9.018023 50.813072
v -4.717769 9.018023 51.618557
v -5.513122 9.007139 50.618660
v -5.115445 9.012581 50.313122
v -4.717769 9.018023 50.007587
v -5.513122 9.007139 49.677380
v -5.115445 9.012581 49.439739
v -4.717769 9.018023 49.202103
v -5.513122 9.007139 48.736099
v -5.115445 9.012581 48.566357
v -4.717769 9.018023 48.396618
v -5.513122 9.007139 47.794823
v -5.115445 9.012581 47.692978
v -4.717769 9.018023 47.591133
v -5.513122 9.007139 46.853542
v -5.115445 9.012581 46.819595
v -4.717769 9.018023 46.785648
v -5.513122 9.007139 45.912262
v -5.115445 9.012581 45.946213
v -4.717769 9.018023 45.980160
v -5.513122 9.007139 44.970982
v -5.115445 9.012581 45.072830
v -4.717769 9.018023 45.174675
v -5.513122 9.007138 44.029705
v -5.115445 9.012580 44.199448
v -4.717769 9.018023 44.369190
v -5.513122 9.007138 43.088425
v -5.115445 9.012580 43.326065
v -4.717769 9.018023 43.563705
v -5.513122 9.007138 42.147144
v -5.115445 9.012580 42.452682
v -4.717769 9.018023 42.758221
v -5.513122 9.007138 41.205868
v -5.115445 9.012580 41.579300
v -4.717769 9.018023 41.952736
v -5.513122 9.007138 40.264587
v -5.115445 9.012580 40.705917
v -4.717769 9.018023 41.147251
v -5.513122 7.944783 40.264587
v -4.594268 7.944783 40.264587
v -4.594268 8.475960 40.264587
v -5.513122 8.475960 40.264587
v -4.594268 9.007138 40.264587
v -5.513122 9.007138 40.264587
v -3.675415 7.944783 40.264587
v -3.675415 8.475960 40.264587
v -3.675415 9.007138 40.264587
v -2.756561 7.944783 40.264587
v -2.756561 8.475960 40.264587
v -2.756561 9.007138 40.264587
v -1.837707 7.944783 40.264587
v -1.837707 8.475960 40.264587
v -1.837707 9.007138 40.264587
v -0.918854 7.944783 40.264587
v -0.918854 8.475960 40.264587
v -0.918854 9.007138 40.264587
v 0.000000 7.944783 40.264587
v 0.000000 8.475960 40.264587
v 0.000000 9.007138 40.264587
v 0.918854 7.944783 40.264587
v 0.918854 8.475960 40.264587
v 0.918854 9.007138 40.264587
v 1.837707 7.944783 40.264587
v 1.837707 8.475960 40.264587
v 1.837707 9.007138 40.264587
v 2.756561 7.944783 40.264587
v 2.756561 8.475960 40.264587
v 2.756561 9.007138 40.264587
v 3.675415 7.944783 40.264587
v 3.675415 8.475960 40.264587
v 3.675415 9.007138 40.264587
v 4.594268 7.944783 40.264587
v 4.594268 8.475960 40.264587
v 4.594268 9.007138 40.264587
v 5.513122 7.944783 40.264587
v 5.513122 8.475960 40.264587
v 5.513122 9.007138 40.264587
v 5.513122 7.944783 40.264587
v 5.513122 7.944783 41.205868
v 5.513122 8.475960 41.205868
v 5.513122 8.475960 40.264587
v 5.513122 9.007138 41.205868
v 5.513122 9.007138 40.264587
v 5.513122 7.944783 42.147144
v 5.513122 8.475960 42.147144
v 5.513122 9.007138 42.147144
v 5.513122 7.944783 43.088425
v 5.513122 8.475960 43.088425
v 5.513122 9.007138 43.088425
v 5.513122 7.944783 44.029705
v 5.513122 8.475960 44.029705
v 5.513122 9.007138 44.029705
v 5.513122 7.944783 44.970982
v 5.513122 8.475961 44.970982
v 5.513122 9.007139 44.970982
v 5.513122 7.944783 45.912262
v 5.513122 8.475961 45.912262
v 5.513122 9.007139 45.912262
v 5.513122 7.944783 46.853542
v 5.513122 8.475961 46.853542
v 5.513122 9.007139 46.853542
v 5.513122 7.944784 47.794823
v 5.513122 8.475961 47.794823
v 5.513122 9.007139 47.794823
v 5.513122 7.944784 48.736099
v 5.513122 8.475961 48.736099
v 5.513122 9.007139 48.736099
v 5.513122 7.944784 49.677380
v 5.513122 8.475961 49.677380
v 5.513122 9.007139 49.677380
v 5.513122 7.944784 50.618660
v 5.513122 8.475961 50.618660
v 5.513122 9.007139 50.618660
v 5.513122 7.944784 51.559937
v 5.513122 8.475961 51.559937
v 5.513122 9.007139 51.559937
v 5.513122 7.944784 52.501217
v 5.513122 8.475961 52.501217
v 5.513122 9.007139 52.501217
v 5.513122 7.944784 52.501217
v 4.594268 7.944784 52.501217
v 4.594268 8.475961 52.501217
v 5.513122 8.475961 52.501217
v 4.594268 9.007139 52.501217
v 5.513122 9.007139 52.501217
v 3.675415 7.944784 52.501217
v 3.675415 8.475961 52.501217
v 3.675415 9.007139 52.501217
v 2.756561 7.944784 52.501217
v 2.756561 8.475961 52.501217
v 2.756561 9.007139 52.501217
v 1.837707 7.944784 52.501217
v 1.837707 8.475961 52.501217
v 1.837707 9.007139 52.501217
v 0.918854 7.944784 52.501217
v 0.918854 8.475961 52.501217
v 0.918854 9.007139 52.501217
v 0.000000 7.944784 52.501217
v 0.000000 8.475961 52.501217
v 0.000000 9.007139 52.501217
v -0.918854 7.944784 52.501217
v -0.918854 8.475961 52.501217
v -0.918854 9.007139 52.501217
v -1.837707 7.944784 52.501217
v -1.837707 8.475961 52.501217
v -1.837707 9.007139 52.501217
v -2.756561 7.944784 52.501217
v -2.756561 8.475961 52.501217
v -2.756561 9.007139 52.501217
v -3.675415 7.944784 52.501217
v -3.675415 8.475961 52.501217
v -3.675415 9.007139 52.501217
v -4.594268 7.944784 52.501217
v -4.594268 8.475961 52.501217
v -4.594268 9.007139 52.501217
v -5.513122 7.944784 52.501217
v -5.513122 8.475961 52.501217
v -5.513122 9.007139 52.501217
v -4.717769 9.018023 51.618557
v -4.717769 9.018023 50.666618
v -4.717769 8.504083 50.666618
v -4.717769 8.504083 51.618557
v -4.717769 7.990142 50.666618
v -4.717769 7.990142 51.618557
v -4.717769 9.018023 49.714684
v -4.717769 8.504083 49.714684
v -4.717769 7.990142 49.714684
v -4.717769 9.018023 48.762745
v -4.717769 8.504083 48.762745
v -4.717769 7.990142 48.762745
v -4.717769 9.018023 47.810810
v -4.717769 8.504083 47.810810
v -4.717769 7.990142 47.810810
v -4.717769 9.018023 46.858871
v -4.717769 8.504083 46.858871
v -4.717769 7.990141 46.858871
v -4.717769 9.018023 45.906937
v -4.717769 8.504083 45.906937
v -4.717769 7.990141 45.906937
v -4.717769 9.018023 44.954998
v -4.717769 8.504083 44.954998
v -4.717769 7.990141 44.954998
v -4.717769 9.018023 44.003063
v -4.717769 8.504082 44.003063
v -4.717769 7.990141 44.003063
v -4.717769 9.018023 43.051125
v -4.717769 8.504082 43.051125
v -4.717769 7.990141 43.051125
v -4.717769 9.018023 42.099190
v -4.717769 8.504082 42.099190
v -4.717769 7.990141 42.099190
v -4.717769 9.018023 41.147251
v -4.717769 8.504082 41.147251
v -4.717769 7.990141 41.147251
v -5.513122 9.007138 40.264587
v -4.594268 9.007138 40.264587
v -4.262871 9.012580 40.705917
v -5.115445 9.012580 40.705917
v -3.931474 9.018023 41.147251
v -4.717769 9.018023 41.147251
v -3.675415 9.007138 40.264587
v -3.410297 9.012580 40.705917
v -3.145179 9.018023 41.147251
v -2.756561 9.007138 40.264587
v -2.557723 9.012580 40.705917
v -2.358884 9.018023 41.147251
v -1.837707 9.007138 40.264587
v -1.705148 9.012580 40.705917
v -1.572590 9.018023 41.147251
v -0.918854 9.007138 40.264587
v -0.852574 9.012580 40.705917
v -0.786295 9.018023 41.147251
v 0.000000 9.007138 40.264587
v 0.000000 9.012580 40.705917
v 0.000000 9.018023 41.147251
v 0.918854 9.007138 40.264587
v 0.852574 9.012580 40.705917
v 0.786295 9.018023 41.147251
v 1.837707 9.007138 40.264587
v 1.705148 9.012580 40.705917
v 1.572590 9.018023 41.147251
v 2.756561 9.007138 40.264587
v 2.557723 9.012580 40.705917
v 2.358884 9.018023 41.147251
v 3.675415 9.007138 40.264587
v 3.410297 9.012580 40.705917
v 3.145179 9.018023 41.147251
v 4.594268 9.007138 40.264587
v 4.262871 9.012580 40.705917
v 3.931474 9.018023 41.147251
v 5.513122 9.007138 40.264587
v 5.115445 9.012580 40.705917
v 4.717769 9.018023 41.147251
v 5.513122 9.007138 40.264587
v 5.513122 9.007138 41.205868
v 5.115445 9.012580 41.579300
v 5.115445 9.012580 40.705917
v 4.717769 9.018023 41.952736
v 4.717769 9.018023 41.147251
v 5.513122 9.007138 42.147144
v 5.115445 9.012580 42.452682
v 4.717769 9.018023 42.758221
v 5.513122 9.007138 43.088425
v 5.115445 9.012580 43.326065
v 4.717769 9.018023 43.563705
v 5.513122 9.007138 44.029705
v 5.115445 9.012580 44.199448
v 4.717769 9.018023 44.369190
v 5.513122 9.007139 44.970982
v 5.115445 9.012581 45.072830
v 4.717769 9.018023 45.174675
v 5.513122 9.007139 45.912262
v 5.115445 9.012581 45.946213
v 4.717769 9.018023 45.980160
v 5.513122 9.007139 46.853542
v 5.115445 9.012581 46.819595
v 4.717769 9.018023 46.785648
v 5.513122 9.007139 47.794823
v 5.115445 9.012581 47.692978
v 4.717769 9.018023 47.591133
v 5.513122 9.007139 48.736099
v 5.115445 9.012581 48.566357
v 4.717769 9.018023 48.396618
v 5.513122 9.007139 49.677380
v 5.115445 9.012581 49.439739
v 4.717769 9.018023 49.202103
v 5.513122 9.007139 50.618660
v 5.115445 9.012581 50.313122
v 4.717769 9.018023 50.007587
v 5.513122 9.007139 51.559937
v 5.115445 9.012581 51.186504
v 4.717769 9.018023 50.813072
v 5.513122 9.007139 52.501217
v 5.115445 9.012581 52.059887
v 4.717769 9.018023 51.618557
v 5.513122 9.007139 52.501217
v 4.594268 9.007139 52.501217
v 4.262871 9.012581 52.059887
v 5.115445 9.012581 52.059887
v 3.931474 9.018023 51.618557
v 4.717769 9.018023 51.618557
v 3.675415 9.007139 52.501217
v 3.410297 9.012581 52.059887
v 3.145179 9.018023 51.618557
v 2.756561 9.007139 52.501217
v 2.557723 9.012581 52.059887
v 2.358884 9.018023 51.618557
v 1.837707 9.007139 52.501217
v 1.705148 9.012581 52.059887
v 1.572590 9.018023 51.618557
v 0.918854 9.007139 52.501217
v 0.852574 9.012581 52.059887
v 0.786295 9.018023 51.618557
v 0.000000 9.007139 52.501217
v 0.000000 9.012581 52.059887
v 0.000000 9.018023 51.618557
v -0.918854 9.007139 52.501217
v -0.852574 9.012581 52.059887
v -0.786295 9.018023 51.618557
v -1.837707 9.007139 52.501217
v -1.705148 9.012581 52.059887
v -1.572590 9.018023 51.618557
v -2.756561 9.007139 52.501217
v -2.557723 9.012581 52.059887
v -2.358884 9.018023 51.618557
v -3.675415 9.007139 52.501217
v -3.410297 9.012581 52.059887
v -3.145179 9.018023 51.618557
v -4.594268 9.007139 52.501217
v -4.262871 9.012581 52.059887
v -3.931474 9.018023 51.618557
v -5.513122 9.007139 52.501217
v -5.115445 9.012581 52.059887
v -4.717769 9.018023 51.618557
v -4.717769 7.990141 41.147251
v -3.774215 7.990141 41.147251
v -3.774215 7.990141 42.099190
v -4.717769 7.990141 42.099190
v -3.774215 7.990141 43.051125
v -4.717769 7.990141 43.051125
v -3.774215 7.990141 44.003063
v -4.717769 7.990141 44.003063
v -3.774215 7.990141 44.954998
v -4.717769 7.990141 44.954998
v -3.774215 7.990141 45.906937
v -4.717769 7.990141 45.906937
v -3.774215 7.990141 46.858871
v -4.717769 7.990141 46.858871
v -3.774215 7.990142 47.810810
v -4.717769 7.990142 47.810810
v -3.774215 7.990142 48.762745
v -4.717769 7.990142 48.762745
v -3.774215 7.990142 49.714684
v -4.717769 7.990142 49.714684
v -3.774215 7.990142 50.666618
v -4.717769 7.990142 50.666618
v -3.774215 7.990142 51.618557
v -4.717769 7.990142 51.618557
v -2.830661 7.990141 41.147251
v -2.830661 7.990141 42.099190
v -2.830661 7.990141 43.051125
v -2.830661 7.990141 44.003063
v -2.830661 7.990141 44.954998
v -2.830661 7.990141 45.906937
v -2.830661 7.990141 46.858871
v -2.830661 7.990142 47.810810
v -2.830661 7.990142 48.762745
v -2.830661 7.990142 49.714684
v -2.830661 7.990142 50.666618
v -2.830661 7.990142 51.618557
v -1.887108 7.990141 41.147251
v -1.887108 7.990141 42.099190
v -1.887108 7.990141 43.051125
v -1.887108 7.990141 44.003063
v -1.887108 7.990141 44.954998
v -1.887108 7.990141 45.906937
v -1.887108 7.990141 46.858871
v -1.887108 7.990142 47.810810
v -1.887108 7.990142 48.762745
v -1.887108 7.990142 49.714684
v -1.887108 7.990142 50.666618
v -1.887108 7.990142 51.618557
v -0.943554 7.990141 41.147251
v -0.943554 7.990141 42.099190
v -0.943554 7.990141 43.051125
v -0.943554 7.990141 44.003063
v -0.943554 7.990141 44.954998
v -0.943554 7.990141 45.906937
v -0.943554 7.990141 46.858871
v -0.943554 7.990142 47.810810
v -0.943554 7.990142 48.762745
v -0.943554 7.990142 49.714684
v -0.943554 7.990142 50.666618
v -0.943554 7.990142 51.618557
v 0.000000 7.990141 41.147251
v 0.000000 7.990141 42.099190
v 0.000000 7.990141 43.051125
v 0.000000 7.990141 44.003063
v 0.000000 7.990141 44.954998
v 0.000000 7.990141 45.906937
v 0.000000 7.990141 46.858871
v 0.000000 7.990142 47.810810
v 0.000000 7.990142 48.762745
v 0.000000 7.990142 49.714684
v 0.000000 7.990142 50.666618
v 0.000000 7.990142 51.618557
v 0.943554 7.990141 41.147251
v 0.943554 7.990141 42.099190
v 0.943554 7.990141 43.051125
v 0.943554 7.990141 44.003063
v 0.943554 7.990141 44.954998
v 0.943554 7.990141 45.906937
v 0.943554 7.990141 46.858871
v 0.943554 7.990142 47.810810
v 0.943554 7.990142 48.762745
v 0.943554 7.990142 49.714684
v 0.943554 7.990142 50.666618
v 0.943554 7.990142 51.618557
v 1.887108 7.990141 41.147251
v 1.887108 7.990141 42.099190
v 1.887108 7.990141 43.051125
v 1.887108 7.990141 44.003063
v 1.887108 7.990141 44.954998
v 1.887108 7.990141 45.906937
v 1.887108 7.990141 46.858871
v 1.887108 7.990142 47.810810
v 1.887108 7.990142 48.762745
v 1.887108 7.990142 49.714684
v 1.887108 7.990142 50.666618
v 1.887108 7.990142 51.618557
v 2.830661 7.990141 41.147251
v 2.830661 7.990141 42.099190
v 2.830661 7.990141 43.051125
v 2.830661 7.990141 44.003063
v 2.830661 7.990141 44.954998
v 2.830661 7.990141 45.906937
v 2.830661 7.990141 46.858871
v 2.830661 7.990142 47.810810
v 2.830661 7.990142 48.762745
v 2.830661 7.990142 49.714684
v 2.830661 7.990142 50.666618
v 2.830661 7.990142 51.618557
v 3.774215 7.990141 41.147251
v 3.774215 7.990141 42.099190
v 3.774215 7.990141 43.051125
v 3.774215 7.990141 44.003063
v 3.774215 7.990141 44.954998
v 3.774215 7.990141 45.906937
v 3.774215 7.990141 46.858871
v 3.774215 7.990142 47.810810
v 3.774215 7.990142 48.762745
v 3.774215 7.990142 49.714684
v 3.774215 7.990142 50.666618
v 3.774215 7.990142 51.618557
v 4.717769 7.990141 41.147251
v 4.717769 7.990141 42.099190
v 4.717769 7.990141 43.051125
v 4.717769 7.990141 44.003063
v 4.717769 7.990141 44.954998
v 4.717769 7.990141 45.906937
v 4.717769 7.990141 46.858871
v 4.717769 7.990142 47.810810
v 4.717769 7.990142 48.762745
v 4.717769 7.990142 49.714684
v 4.717769 7.990142 50.666618
v 4.717769 7.990142 51.618557
v -4.717769 9.018023 41.147251
v -3.774215 9.018023 41.147251
v -3.774215 8.504082 41.147251
v -4.717769 8.504082 41.147251
v -3.774215 7.990141 41.147251
v -4.717769 7.990141 41.147251
v -2.830661 9.018023 41.147251
v -2.830661 8.504082 41.147251
v -2.830661 7.990141 41.147251
v -1.887108 9.018023 41.147251
v -1.887108 8.504082 41.147251
v -1.887108 7.990141 41.147251
v -0.943554 9.018023 41.147251
v -0.943554 8.504082 41.147251
v -0.943554 7.990141 41.147251
v 0.000000 9.018023 41.147251
v 0.000000 8.504082 41.147251
v 0.000000 7.990141 41.147251
v 0.943554 9.018023 41.147251
v 0.943554 8.504082 41.147251
v 0.943554 7.990141 41.147251
v 1.887108 9.018023 41.147251
v 1.887108 8.504082 41.147251
v 1.887108 7.990141 41.147251
v 2.830661 9.018023 41.147251
v 2.830661 8.504082 41.147251
v 2.830661 7.990141 41.147251
v 3.774215 9.018023 41.147251
v 3.774215 8.504082 41.147251
v 3.774215 7.990141 41.147251
v 4.717769 9.018023 41.147251
v 4.717769 8.504082 41.147251
v 4.717769 7.990141 41.147251
v 4.717769 9.018023 41.147251
v 4.717769 9.018023 42.099190
v 4.717769 8.504082 42.099190
v 4.717769 8.504082 41.147251
v 4.717769 7.990141 42.099190
v 4.717769 7.990141 41.147251
v 4.717769 9.018023 43.051125
v 4.717769 8.504082 43.051125
v 4.717769 7.990141 43.051125
v 4.717769 9.018023 44.003063
v 4.717769 8.504082 44.003063
v 4.717769 7.990141 44.003063
v 4.717769 9.018023 44.954998
v 4.717769 8.504083 44.954998
v 4.717769 7.990141 44.954998
v 4.717769 9.018023 45.906937
v 4.717769 8.504083 45.906937
v 4.717769 7.990141 45.906937
v 4.717769 9.018023 46.858871
v 4.717769 8.504083 46.858871
v 4.717769 7.990141 46.858871
v 4.717769 9.018023 47.810810
v 4.717769 8.504083 47.810810
v 4.717769 7.990142 47.810810
v 4.717769 9.018023 48.762745
v 4.717769 8.504083 48.762745
v 4.717769 7.990142 48.762745
v 4.717769 9.018023 49.714684
v 4.717769 8.504083 49.714684
v 4.717769 7.990142 49.714684
v 4.717769 9.018023 50.666618
v 4.717769 8.504083 50.666618
v 4.717769 7.990142 50.666618
v 4.717769 9.018023 51.618557
v 4.717769 8.504083 51.618557
v 4.717769 7.990142 51.618557
v 4.717769 9.018023 51.618557
v 3.774215 9.018023 51.618557
v 3.774215 8.504083 51.618557
v 4.717769 8.504083 51.618557
v 3.774215 7.990142 51.618557
v 4.717769 7.990142 51.618557
v 2.830661 9.018023 51.618557
v 2.830661 8.504083 51.618557
v 2.830661 7.990142 51.618557
v 1.887108 9.018023 51.618557
v 1.887108 8.504083 51.618557
v 1.887108 7.990142 51.618557
v 0.943554 9.018023 51.618557
v 0.943554 8.504083 51.618557
v 0.943554 7.990142 51.618557
v 0.000000 9.018023 51.618557
v 0.000000 8.504083 51.618557
v 0.000000 7.990142 51.618557
v -0.943554 9.018023 51.618557
v -0.943554 8.504083 51.618557
v -0.943554 7.990142 51.618557
v -1.887108 9.018023 51.618557
v -1.887108 8.504083 51.618557
v -1.887108 7.990142 51.618557
v -2.830661 9.018023 51.618557
v -2.830661 8.504083 51.618557
v -2.830661 7.990142 51.618557
v -3.774215 9.018023 51.618557
v -3.774215 8.504083 51.618557
v -3.774215 7.990142 51.618557
v -4.717769 9.018023 51.618557
v -4.717769 8.504083 51.618557
v -4.717769 7.990142 51.618557
v 8.446079 9.999999 -8.446080
v 8.446079 9.999999 -7.452424
v 8.446079 10.818005 -7.452424
v 8.446079 10.818005 -8.446080
v 8.446079 11.636012 -7.452424
v 8.446079 11.636012 -8.446080
v 8.446079 9.999999 -6.458767
v 8.446079 10.818005 -6.458767
v 8.446079 11.636012 -6.458767
v 8.446079 10.000000 -5.465111
v 8.446079 10.818006 -5.465111
v 8.446079 11.636013 -5.465111
v 8.446079 10.000000 -4.471455
v 8.446079 10.818006 -4.471455
v 8.446079 11.636013 -4.471455
v 8.446079 10.000000 -3.477798
v 8.446079 10.818006 -3.477798
v 8.446079 11.636013 -3.477798
v 8.446079 10.000000 -2.484142
v 8.446079 10.818006 -2.484142
v 8.446079 11.636013 -2.484142
v 8.446079 10.000000 -1.490486
v 8.446079 10.818006 -1.490486
v 8.446079 11.636013 -1.490486
v 8.446079 10.000000 -0.496829
v 8.446079 10.818006 -0.496829
v 8.446079 11.636013 -0.496829
v 8.446079 10.000000 0.496827
v 8.446079 10.818006 0.496827
v 8.446079 11.636013 0.496827
v 8.446079 10.000000 1.490484
v 8.446079 10.818006 1.490484
v 8.446079 11.636013 1.490484
v 8.446079 10.000000 2.484140
v 8.446079 10.818006 2.484140
v 8.446079 11.636013 2.484140
v 8.446079 10.000000 3.477796
v 8.446079 10.818006 3.477796
v 8.446079 11.636013 3.477796
v 8.446079 10.000000 4.471453
v 8.446079 10.818006 4.471453
v 8.446079 11.636013 4.471453
v 8.446079 10.000000 5.465109
v 8.446079 10.818006 5.465109
v 8.446079 11.636013 5.465109
v 8.446079 10.000001 6.458765
v 8.446079 10.818007 6.458765
v 8.446079 11.636014 6.458765
v 8.446079 10.000001 7.452422
v 8.446079 10.818007 7.452422
v 8.446079 11.636014 7.452422
v 8.446079 10.000001 8.446078
v 8.446079 10.818007 8.446078
v 8.446079 11.636014 8.446078
v -10.000000 10.000001 9.999999
v -10.000000 10.000001 8.999999
v -9.482026 10.000001 8.533823
v -9.482026 10.000001 9.482025
v -8.964053 10.000001 8.067646
v -8.964053 10.000001 8.964052
v -8.446079 10.000001 7.601470
v -8.446079 10.000001 8.446078
v -10.000000 10.000001 7.999999
v -9.482026 10.000001 7.585620
v -8.964053 10.000001 7.171241
v -8.446079 10.000001 6.756862
v -10.000000 10.000001 6.999999
v -9.482026 10.000001 6.637417
v -8.964053 10.000000 6.274836
v -8.446079 10.000000 5.912254
v -10.000000 10.000000 5.999999
v -9.482026 10.000000 5.689215
v -8.964053 10.000000 5.378431
v -8.446079 10.000000 5.067646
v -10.000000 10.000000 4.999999
v -9.482026 10.000000 4.741012
v -8.964053 10.000000 4.482025
v -8.446079 10.000000 4.223038
v -10.000000 10.000000 3.999999
v -9.482026 10.000000 3.792810
v -8.964053 10.000000 3.585620
v -8.446079 10.000000 3.378431
v -10.000000 10.000000 2.999999
v -9.482026 10.000000 2.844607
v -8.964053 10.000000 2.689215
v -8.446079 10.000000 2.533823
v -10.000000 10.000000 1.999999
v -9.482026 10.000000 1.896404
v -8.964053 10.000000 1.792810
v -8.446079 10.000000 1.689215
v -10.000000 10.000000 0.999999
v -9.482026 10.000000 0.948202
v -8.964053 10.000000 0.896404
v -8.446079 10.000000 0.844607
v -10.000000 10.000000 -0.000001
v -9.482026 10.000000 -0.000001
v -8.964053 10.000000 -0.000001
v -8.446079 10.000000 -0.000001
v -10.000000 10.000000 -1.000001
v -9.482026 10.000000 -0.948204
v -8.964053 10.000000 -0.896406
v -8.446079 10.000000 -0.844609
v -10.000000 10.000000 -2.000001
v -9.482026 10.000000 -1.896406
v -8.964053 10.000000 -1.792812
v -8.446079 10.000000 -1.689217
v -10.000000 10.000000 -3.000001
v -9.482026 10.000000 -2.844609
v -8.964053 10.000000 -2.689217
v -8.446079 10.000000 -2.533825
v -10.000000 10.000000 -4.000001
v -9.482026 10.000000 -3.792812
v -8.964053 10.000000 -3.585622
v -8.446079 10.000000 -3.378433
v -10.000000 10.000000 -5.000001
v -9.482026 10.000000 -4.741014
v -8.964053 10.000000 -4.482027
v -8.446079 10.000000 -4.223041
v -10.000000 10.000000 -6.000001
v -9.482026 10.000000 -5.689217
v -8.964053 10.000000 -5.378433
v -8.446079 10.000000 -5.067648
v -10.000000 9.999999 -7.000001
v -9.482026 9.999999 -6.637419
v -8.964053 10.000000 -6.274838
v -8.446079 10.000000 -5.912256
v -10.000000 9.999999 -8.000001
v -9.482026 9.999999 -7.585622
v -8.964053 9.999999 -7.171243
v -8.446079 9.999999 -6.756864
v -10.000000 9.999999 -9.000001
v -9.482026 9.999999 -8.533825
v -8.964053 9.999999 -8.067648
v -8.446079 9.999999 -7.601472
v -10.000000 9.999999 -10.000001
v -9.482026 9.999999 -9.482027
v -8.964053 9.999999 -8.964054
v -8.446079 9.999999 -8.446080
v 9.000000 10.000001 9.999999
v 8.533824 10.000001 9.482025
v 8.067647 10.000001 8.964052
v 7.601471 10.000001 8.446078
v 8.000000 10.000001 9.999999
v 7.585621 10.000001 9.482025
v 7.171242 10.000001 8.964052
v 6.756863 10.000001 8.446078
v 7.000000 10.000001 9.999999
v 6.637418 10.000001 9.482025
v 6.274837 10.000001 8.964052
v 5.912255 10.000001 8.446078
v 6.000000 10.000001 9.999999
v 5.689216 10.000001 9.482025
v 5.378432 10.000001 8.964052
v 5.067647 10.000001 8.446078
v 5.000000 10.000001 9.999999
v 4.741013 10.000001 9.482025
v 4.482026 10.000001 8.964052
v 4.223039 10.000001 8.446078
v 4.000000 10.000001 9.999999
v 3.792811 10.000001 9.482025
v 3.585621 10.000001 8.964052
v 3.378432 10.000001 8.446078
v 3.000000 10.000001 9.999999
v 2.844608 10.000001 9.482025
v 2.689216 10.000001 8.964052
v 2.533824 10.000001 8.446078
v 2.000000 10.000001 9.999999
v 1.896405 10.000001 9.482025
v 1.792811 10.000001 8.964052
v 1.689216 10.000001 8.446078
v 1.000000 10.000001 9.999999
v 0.948203 10.000001 9.482025
v 0.896405 10.000001 8.964052
v 0.844608 10.000001 8.446078
v 0.000000 10.000001 9.999999
v 0.000000 10.000001 9.482025
v 0.000000 10.000001 8.964052
v 0.000000 10.000001 8.446078
v -1.000000 10.000001 9.999999
v -0.948203 10.000001 9.482025
v -0.896405 10.000001 8.964052
v -0.844608 10.000001 8.446078
v -2.000000 10.000001 9.999999
v -1.896405 10.000001 9.482025
v -1.792811 10.000001 8.964052
v -1.689216 10.000001 8.446078
v -3.000000 10.000001 9.999999
v -2.844608 10.000001 9.482025
v -2.689216 10.000001 8.964052
v -2.533824 10.000001 8.446078
v -4.000000 10.000001 9.999999
v -3.792811 10.000001 9.482025
v -3.585621 10.000001 8.964052
v -3.378432 10.000001 8.446078
v -5.000000 10.000001 9.999999
v -4.741013 10.000001 9.482025
v -4.482026 10.000001 8.964052
v -4.223040 10.000001 8.446078
v -6.000000 10.000001 9.999999
v -5.689216 10.000001 9.482025
v -5.378432 10.000001 8.964052
v -5.067647 10.000001 8.446078
v -7.000000 10.000001 9.999999
v -6.637418 10.000001 9.482025
v -6.274837 10.000001 8.964052
v -5.912255 10.000001 8.446078
v -8.000000 10.000001 9.999999
v -7.585621 10.000001 9.482025
v -7.171242 10.000001 8.964052
v -6.756863 10.000001 8.446078
v -9.000000 10.000001 9.999999
v -8.533824 10.000001 9.482025
v -8.067647 10.000001 8.964052
v -7.601471 10.000001 8.446078
v -10.000000 10.000001 9.999999
v -9.482026 10.000001 9.482025
v -8.964053 10.000001 8.964052
v -8.446079 10.000001 8.446078
v -9.000000 9.999999 -10.000001
v -8.533824 9.999999 -9.482027
v -8.067647 9.999999 -8.964054
v -7.601471 9.999999 -8.446080
v -8.000000 9.999999 -10.000001
v -7.585621 9.999999 -9.482027
v -7.171242 9.999999 -8.964054
v -6.756863 9.999999 -8.446080
v -7.000000 9.999999 -10.000001
v -6.637418 9.999999 -9.482027
v -6.274837 9.999999 -8.964054
v -5.912255 9.999999 -8.446080
v -6.000000 9.999999 -10.000001
v -5.689216 9.999999 -9.482027
v -5.378432 9.999999 -8.964054
v -5.067647 9.999999 -8.446080
v -5.000000 9.999999 -10.000001
v -4.741013 9.999999 -9.482027
v -4.482026 9.999999 -8.964054
v -4.223039 9.999999 -8.446080
v -4.000000 9.999999 -10.000001
v -3.792811 9.999999 -9.482027
v -3.585621 9.999999 -8.964054
v -3.378432 9.999999 -8.446080
v -3.000000 9.999999 -10.000001
v -2.844608 9.999999 -9.482027
v -2.689216 9.999999 -8.964054
v -2.533824 9.999999 -8.446080
v -2.000000 9.999999 -10.000001
v -1.896405 9.999999 -9.482027
v -1.792811 9.999999 -8.964054
v -1.689216 9.999999 -8.446080
v -1.000000 9.999999 -10.000001
v -0.948203 9.999999 -9.482027
v -0.896405 9.999999 -8.964054
v -0.844608 9.999999 -8.446080
v 0.000000 9.999999 -10.000001
v 0.000000 9.999999 -9.482027
v 0.000000 9.999999 -8.964054
v 0.000000 9.999999 -8.446080
v 1.000000 9.999999 -10.000001
v 0.948203 9.999999 -9.482027
v 0.896405 9.999999 -8.964054
v 0.844608 9.999999 -8.446080
v 2.000000 9.999999 -10.000001
v 1.896405 9.999999 -9.482027
v 1.792811 9.999999 -8.964054
v 1.689216 9.999999 -8.446080
v 3.000000 9.999999 -10.000001
v 2.844608 9.999999 -9.482027
v 2.689216 9.999999 -8.964054
v 2.533824 9.999999 -8.446080
v 4.000000 9.999999 -10.000001
v 3.792811 9.999999 -9.482027
v 3.585621 9.999999 -8.964054
v 3.378432 9.999999 -8.446080
v 5.000000 9.999999 -10.000001
v 4.741013 9.999999 -9.482027
v 4.482026 9.999999 -8.964054
v 4.223040 9.999999 -8.446080
v 6.000000 9.999999 -10.000001
v 5.689216 9.999999 -9.482027
v 5.378432 9.999999 -8.964054
v 5.067647 9.999999 -8.446080
v 7.000000 9.999999 -10.000001
v 6.637418 9.999999 -9.482027
v 6.274837 9.999999 -8.964054
v 5.912255 9.999999 -8.446080
v 8.000000 9.999999 -10.000001
v 7.585621 9.999999 -9.482027
v 7.171242 9.999999 -8.964054
v 6.756863 9.999999 -8.446080
v 9.000000 9.999999 -10.000001
v 8.533824 9.999999 -9.482027
v 8.067647 9.999999 -8.964054
v 7.601471 9.999999 -8.446080
v 8.446079 11.636014 8.446078
v 7.452423 11.636014 8.446078
v 6.960763 11.528081 7.888864
v 7.888865 11.528081 7.888864
v 6.469104 11.420148 7.331650
v 7.331651 11.420148 7.331650
v 6.458766 11.636014 8.446078
v 6.032661 11.528081 7.888864
v 5.606557 11.420148 7.331650
v 5.465110 11.636014 8.446078
v 5.104560 11.528081 7.888864
v 4.744009 11.420148 7.331650
v 4.471454 11.636014 8.446078
v 4.176458 11.528081 7.888864
v 3.881462 11.420148 7.331650
v 3.477797 11.636014 8.446078
v 3.248356 11.528081 7.888864
v 3.018915 11.420148 7.331650
v 2.484141 11.636014 8.446078
v 2.320254 11.528081 7.888864
v 2.156368 11.420148 7.331650
v 1.490485 11.636014 8.446078
v 1.392153 11.528081 7.888864
v 1.293821 11.420148 7.331650
v 0.496828 11.636014 8.446078
v 0.464051 11.528081 7.888864
v 0.431274 11.420148 7.331650
v -0.496828 11.636014 8.446078
v -0.464051 11.528081 7.888864
v -0.431274 11.420148 7.331650
v -1.490485 11.636014 8.446078
v -1.392153 11.528081 7.888864
v -1.293821 11.420148 7.331650
v -2.484141 11.636014 8.446078
v -2.320254 11.528081 7.888864
v -2.156368 11.420148 7.331650
v -3.477797 11.636014 8.446078
v -3.248356 11.528081 7.888864
v -3.018915 11.420148 7.331650
v -4.471454 11.636014 8.446078
v -4.176458 11.528081 7.888864
v -3.881462 11.420148 7.331650
v -5.465110 11.636014 8.446078
v -5.104560 11.528081 7.888864
v -4.744009 11.420148 7.331650
v -6.458766 11.636014 8.446078
v -6.032661 11.528081 7.888864
v -5.606557 11.420148 7.331650
v -7.452423 11.636014 8.446078
v -6.960763 11.528081 7.888864
v -6.469104 11.420148 7.331650
v -8.446079 11.636014 8.446078
v -7.888865 11.528081 7.888864
v -7.331651 11.420148 7.331650
v -8.446079 10.000001 8.446078
v -8.446079 10.000001 7.452422
v -8.446079 10.818007 7.452422
v -8.446079 10.818007 8.446078
v -8.446079 11.636014 7.452422
v -8.446079 11.636014 8.446078
v -8.446079 10.000001 6.458765
v -8.446079 10.818007 6.458765
v -8.446079 11.636014 6.458765
v -8.446079 10.000000 5.465109
v -8.446079 10.818006 5.465109
v -8.446079 11.636013 5.465109
v -8.446079 10.000000 4.471453
v -8.446079 10.818006 4.471453
v -8.446079 11.636013 4.471453
v -8.446079 10.000000 3.477796
v -8.446079 10.818006 3.477796
v -8.446079 11.636013 3.477796
v -8.446079 10.000000 2.484140
v -8.446079 10.818006 2.484140
v -8.446079 11.636013 2.484140
v -8.446079 10.000000 1.490484
v -8.446079 10.818006 1.490484
v -8.446079 11.636013 1.490484
v -8.446079 10.000000 0.496827
v -8.446079 10.818006 0.496827
v -8.446079 11.636013 0.496827
v -8.446079 10.000000 -0.496829
v -8.446079 10.818006 -0.496829
v -8.446079 11.636013 -0.496829
v -8.446079 10.000000 -1.490486
v -8.446079 10.818006 -1.490486
v -8.446079 11.636013 -1.490486
v -8.446079 10.000000 -2.484142
v -8.446079 10.818006 -2.484142
v -8.446079 11.636013 -2.484142
v -8.446079 10.000000 -3.477798
v -8.446079 10.818006 -3.477798
v -8.446079 11.636013 -3.477798
v -8.446079 10.000000 -4.471455
v -8.446079 10.818006 -4.471455
v -8.446079 11.636013 -4.471455
v -8.446079 10.000000 -5.465111
v -8.446079 10.818006 -5.465111
v -8.446079 11.636013 -5.465111
v -8.446079 9.999999 -6.458767
v -8.446079 10.818005 -6.458767
v -8.446079 11.636012 -6.458767
v -8.446079 9.999999 -7.452424
v -8.446079 10.818005 -7.452424
v -8.446079 11.636012 -7.452424
v -8.446079 9.999999 -8.446080
v -8.446079 10.818005 -8.446080
v -8.446079 11.636012 -8.446080
v 8.446079 10.000001 8.446078
v 7.452423 10.000001 8.446078
v 7.452423 10.818007 8.446078
v 8.446079 10.818007 8.446078
v 7.452423 11.636014 8.446078
v 8.446079 11.636014 8.446078
v 6.458766 10.000001 8.446078
v 6.458766 10.818007 8.446078
v 6.458766 11.636014 8.446078
v 5.465110 10.000001 8.446078
v 5.465110 10.818007 8.446078
v 5.465110 11.636014 8.446078
v 4.471454 10.000001 8.446078
v 4.471454 10.818007 8.446078
v 4.471454 11.636014 8.446078
v 3.477797 10.000001 8.446078
v 3.477797 10.818007 8.446078
v 3.477797 11.636014 8.446078
v 2.484141 10.000001 8.446078
v 2.484141 10.818007 8.446078
v 2.484141 11.636014 8.446078
v 1.490485 10.000001 8.446078
v 1.490485 10.818007 8.446078
v 1.490485 11.636014 8.446078
v 0.496828 10.000001 8.446078
v 0.496828 10.818007 8.446078
v 0.496828 11.636014 8.446078
v -0.496828 10.000001 8.446078
v -0.496828 10.818007 8.446078
v -0.496828 11.636014 8.446078
v -1.490485 10.000001 8.446078
v -1.490485 10.818007 8.446078
v -1.490485 11.636014 8.446078
v -2.484141 10.000001 8.446078
v -2.484141 10.818007 8.446078
v -2.484141 11.636014 8.446078
v -3.477797 10.000001 8.446078
v -3.477797 10.818007 8.446078
v -3.477797 11.636014 8.446078
v -4.471454 10.000001 8.446078
v -4.471454 10.818007 8.446078
v -4.471454 11.636014 8.446078
v -5.465110 10.000001 8.446078
v -5.465110 10.818007 8.446078
v -5.465110 11.636014 8.446078
v -6.458766 10.000001 8.446078
v -6.458766 10.818007 8.446078
v -6.458766 11.636014 8.446078
v -7.452423 10.000001 8.446078
v -7.452423 10.818007 8.446078
v -7.452423 11.636014 8.446078
v -8.446079 10.000001 8.446078
v -8.446079 10.818007 8.446078
v -8.446079 11.636014 8.446078
v -8.446079 9.999999 -8.446080
v -7.452423 9.999999 -8.446080
v -7.452423 10.818005 -8.446080
v -8.446079 10.818005 -8.446080
v -7.452423 11.636012 -8.446080
v -8.446079 11.636012 -8.446080
v -6.458766 9.999999 -8.446080
v -6.458766 10.818005 -8.446080
v -6.458766 11.636012 -8.446080
v -5.465110 9.999999 -8.446080
v -5.465110 10.818005 -8.446080
v -5.465110 11.636012 -8.446080
v -4.471454 9.999999 -8.446080
v -4.471454 10.818005 -8.446080
v -4.471454 11.636012 -8.446080
v -3.477797 9.999999 -8.446080
v -3.477797 10.818005 -8.446080
v -3.477797 11.636012 -8.446080
v -2.484141 9.999999 -8.446080
v -2.484141 10.818005 -8.446080
v -2.484141 11.636012 -8.446080
v -1.490485 9.999999 -8.446080
v -1.490485 10.818005 -8.446080
v -1.490485 11.636012 -8.446080
v -0.496828 9.999999 -8.446080
v -0.496828 10.818005 -8.446080
v -0.496828 11.636012 -8.446080
v 0.496828 9.999999 -8.446080
v 0.496828 10.818005 -8.446080
v 0.496828 11.636012 -8.446080
v 1.490485 9.999999 -8.446080
v 1.490485 10.818005 -8.446080
v 1.490485 11.636012 -8.446080
v 2.484141 9.999999 -8.446080
v 2.484141 10.818005 -8.446080
v 2.484141 11.636012 -8.446080
v 3.477797 9.999999 -8.446080
v 3.477797 10.818005 -8.446080
v 3.477797 11.636012 -8.446080
v 4.471454 9.999999 -8.446080
v 4.471454 10.818005 -8.446080
v 4.471454 11.636012 -8.446080
v 5.465110 9.999999 -8.446080
v 5.465110 10.818005 -8.446080
v 5.465110 11.636012 -8.446080
v 6.458766 9.999999 -8.446080
v 6.458766 10.818005 -8.446080
v 6.458766 11.636012 -8.446080
v 7.452423 9.999999 -8.446080
v 7.452423 10.818005 -8.446080
v 7.452423 11.636012 -8.446080
v 8.446079 9.999999 -8.446080
v 8.446079 10.818005 -8.446080
v 8.446079 11.636012 -8.446080
v 7.331651 11.420146 -7.331652
v 7.331651 11.420146 -6.354099
v 7.331651 10.726930 -6.354099
v 7.331651 10.726930 -7.331652
v 7.331651 10.033715 -6.354099
v 7.331651 10.033715 -7.331652
v 7.331651 11.420147 -5.376545
v 7.331651 10.726931 -5.376545
v 7.331651 10.033716 -5.376545
v 7.331651 11.420147 -4.398992
v 7.331651 10.726931 -4.398992
v 7.331651 10.033716 -4.398992
v 7.331651 11.420147 -3.421438
v 7.331651 10.726931 -3.421438
v 7.331651 10.033716 -3.421438
v 7.331651 11.420147 -2.443885
v 7.331651 10.726931 -2.443885
v 7.331651 10.033716 -2.443885
v 7.331651 11.420147 -1.466331
v 7.331651 10.726931 -1.466331
v 7.331651 10.033716 -1.466331
v 7.331651 11.420147 -0.488778
v 7.331651 10.726931 -0.488778
v 7.331651 10.033716 -0.488778
v 7.331651 11.420147 0.488776
v 7.331651 10.726931 0.488776
v 7.331651 10.033716 0.488776
v 7.331651 11.420147 1.466329
v 7.331651 10.726931 1.466329
v 7.331651 10.033716 1.466329
v 7.331651 11.420147 2.443883
v 7.331651 10.726931 2.443883
v 7.331651 10.033716 2.443883
v 7.331651 11.420147 3.421436
v 7.331651 10.726931 3.421436
v 7.331651 10.033716 3.421436
v 7.331651 11.420147 4.398990
v 7.331651 10.726931 4.398990
v 7.331651 10.033716 4.398990
v 7.331651 11.420147 5.376543
v 7.331651 10.726931 5.376543
v 7.331651 10.033716 5.376543
v 7.331651 11.420148 6.354097
v 7.331651 10.726932 6.354097
v 7.331651 10.033717 6.354097
v 7.331651 11.420148 7.331650
v 7.331651 10.726932 7.331650
v 7.331651 10.033717 7.331650
v -8.446079 11.636012 -8.446080
v -7.452423 11.636012 -8.446080
v -6.960763 11.528079 -7.888866
v -7.888865 11.528079 -7.888866
v -6.469104 11.420146 -7.331652
v -7.331651 11.420146 -7.331652
v -6.458766 11.636012 -8.446080
v -6.032661 11.528079 -7.888866
v -5.606557 11.420146 -7.331652
v -5.465110 11.636012 -8.446080
v -5.104560 11.528079 -7.888866
v -4.744009 11.420146 -7.331652
v -4.471454 11.636012 -8.446080
v -4.176458 11.528079 -7.888866
v -3.881462 11.420146 -7.331652
v -3.477797 11.636012 -8.446080
v -3.248356 11.528079 -7.888866
v -3.018915 11.420146 -7.331652
v -2.484141 11.636012 -8.446080
v -2.320254 11.528079 -7.888866
v -2.156368 11.420146 -7.331652
v -1.490485 11.636012 -8.446080
v -1.392153 11.528079 -7.888866
v -1.293821 11.420146 -7.331652
v -0.496828 11.636012 -8.446080
v -0.464051 11.528079 -7.888866
v -0.431274 11.420146 -7.331652
v 0.496828 11.636012 -8.446080
v 0.464051 11.528079 -7.888866
v 0.431274 11.420146 -7.331652
v 1.490485 11.636012 -8.446080
v 1.392153 11.528079 -7.888866
v 1.293821 11.420146 -7.331652
v 2.484141 11.636012 -8.446080
v 2.320254 11.528079 -7.888866
v 2.156368 11.420146 -7.331652
v 3.477797 11.636012 -8.446080
v 3.248356 11.528079 -7.888866
v 3.018915 11.420146 -7.331652
v 4.471454 11.636012 -8.446080
v 4.176458 11.528079 -7.888866
v 3.881462 11.420146 -7.331652
v 5.465110 11.636012 -8.446080
v 5.104560 11.528079 -7.888866
v 4.744009 11.420146 -7.331652
v 6.458766 11.636012 -8.446080
v 6.032661 11.528079 -7.888866
v 5.606557 11.420146 -7.331652
v 7.452423 11.636012 -8.446080
v 6.960763 11.528079 -7.888866
v 6.469104 11.420146 -7.331652
v 8.446079 11.636012 -8.446080
v 7.888865 11.528079 -7.888866
v 7.331651 11.420146 -7.331652
v 8.446079 11.636012 -8.446080
v 8.446079 11.636012 -7.452424
v 7.888865 11.528079 -6.960764
v 7.888865 11.528079 -7.888866
v 7.331651 11.420146 -6.469105
v 7.331651 11.420146 -7.331652
v 8.446079 11.636012 -6.458767
v 7.888865 11.528080 -6.032662
v 7.331651 11.420147 -5.606558
v 8.446079 11.636013 -5.465111
v 7.888865 11.528080 -5.104561
v 7.331651 11.420147 -4.744010
v 8.446079 11.636013 -4.471455
v 7.888865 11.528080 -4.176459
v 7.331651 11.420147 -3.881463
v 8.446079 11.636013 -3.477798
v 7.888865 11.528080 -3.248357
v 7.331651 11.420147 -3.018916
v 8.446079 11.636013 -2.484142
v 7.888865 11.528080 -2.320255
v 7.331651 11.420147 -2.156369
v 8.446079 11.636013 -1.490486
v 7.888865 11.528080 -1.392154
v 7.331651 11.420147 -1.293822
v 8.446079 11.636013 -0.496829
v 7.888865 11.528080 -0.464052
v 7.331651 11.420147 -0.431275
v 8.446079 11.636013 0.496827
v 7.888865 11.528080 0.464050
v 7.331651 11.420147 0.431273
v 8.446079 11.636013 1.490484
v 7.888865 11.528080 1.392152
v 7.331651 11.420147 1.293820
v 8.446079 11.636013 2.484140
v 7.888865 11.528080 2.320253
v 7.331651 11.420147 2.156367
v 8.446079 11.636013 3.477796
v 7.888865 11.528080 3.248355
v 7.331651 11.420147 3.018914
v 8.446079 11.636013 4.471453
v 7.888865 11.528080 4.176457
v 7.331651 11.420147 3.881461
v 8.446079 11.636013 5.465109
v 7.888865 11.528080 5.104559
v 7.331651 11.420147 4.744008
v 8.446079 11.636014 6.458765
v 7.888865 11.528080 6.032660
v 7.331651 11.420147 5.606556
v 8.446079 11.636014 7.452422
v 7.888865 11.528081 6.960762
v 7.331651 11.420148 6.469103
v 8.446079 11.636014 8.446078
v 7.888865 11.528081 7.888864
v 7.331651 11.420148 7.331650
v -8.446079 11.636014 8.446078
v -8.446079 11.636014 7.452422
v -7.888865 11.528081 6.960762
v -7.888865 11.528081 7.888864
v -7.331651 11.420148 6.469103
v -7.331651 11.420148 7.331650
v -8.446079 11.636014 6.458765
v -7.888865 11.528080 6.032660
v -7.331651 11.420147 5.606556
v -8.446079 11.636013 5.465109
v -7.888865 11.528080 5.104559
v -7.331651 11.420147 4.744008
v -8.446079 11.636013 4.471453
v -7.888865 11.528080 4.176457
v -7.331651 11.420147 3.881461
v -8.446079 11.636013 3.477796
v -7.888865 11.528080 3.248355
v -7.331651 11.420147 3.018914
v -8.446079 11.636013 2.484140
v -7.888865 11.528080 2.320253
v -7.331651 11.420147 2.156367
v -8.446079 11.636013 1.490484
v -7.888865 11.528080 1.392152
v -7.331651 11.420147 1.293820
v -8.446079 11.636013 0.496827
v -7.888865 11.528080 0.464050
v -7.331651 11.420147 0.431273
v -8.446079 11.636013 -0.496829
v -7.888865 11.528080 -0.464052
v -7.331651 11.420147 -0.431275
v -8.446079 11.636013 -1.490486
v -7.888865 11.528080 -1.392154
v -7.331651 11.420147 -1.293822
v -8.446079 11.636013 -2.484142
v -7.888865 11.528080 -2.320255
v -7.331651 11.420147 -2.156369
v -8.446079 11.636013 -3.477798
v -7.888865 11.528080 -3.248357
v -7.331651 11.420147 -3.018916
v -8.446079 11.636013 -4.471455
v -7.888865 11.528080 -4.176459
v -7.331651 11.420147 -3.881463
v -8.446079 11.636013 -5.465111
v -7.888865 11.528080 -5.104561
v -7.331651 11.420147 -4.744010
v -8.446079 11.636012 -6.458767
v -7.888865 11.528080 -6.032662
v -7.331651 11.420147 -5.606558
v -8.446079 11.636012 -7.452424
v -7.888865 11.528079 -6.960764
v -7.331651 11.420146 -6.469105
v -8.446079 11.636012 -8.446080
v -7.888865 11.528079 -7.888866
v -7.331651 11.420146 -7.331652
v 7.331651 10.033715 -7.331652
v 7.331651 10.033715 -6.354099
v 6.354098 10.033715 -6.354099
v 6.354098 10.033715 -7.331652
v 5.376544 10.033715 -6.354099
v 5.376544 10.033715 -7.331652
v 4.398991 10.033715 -6.354099
v 4.398991 10.033715 -7.331652
v 3.421437 10.033715 -6.354099
v 3.421437 10.033715 -7.331652
v 2.443884 10.033715 -6.354099
v 2.443884 10.033715 -7.331652
v 1.466330 10.033715 -6.354099
v 1.466330 10.033715 -7.331652
v 0.488777 10.033715 -6.354099
v 0.488777 10.033715 -7.331652
v -0.488777 10.033715 -6.354099
v -0.488777 10.033715 -7.331652
v -1.466330 10.033715 -6.354099
v -1.466330 10.033715 -7.331652
v -2.443884 10.033715 -6.354099
v -2.443884 10.033715 -7.331652
v -3.421437 10.033715 -6.354099
v -3.421437 10.033715 -7.331652
v -4.398991 10.033715 -6.354099
v -4.398991 10.033715 -7.331652
v -5.376544 10.033715 -6.354099
v -5.376544 10.033715 -7.331652
v -6.354098 10.033715 -6.354099
v -6.354098 10.033715 -7.331652
v -7.331651 10.033715 -6.354099
v -7.331651 10.033715 -7.331652
v 7.331651 10.033716 -5.376545
v 6.354098 10.033716 -5.376545
v 5.376544 10.033716 -5.376545
v 4.398991 10.033716 -5.376545
v 3.421437 10.033716 -5.376545
v 2.443884 10.033716 -5.376545
v 1.466330 10.033716 -5.376545
v 0.488777 10.033716 -5.376545
v -0.488777 10.033716 -5.376545
v -1.466330 10.033716 -5.376545
v -2.443884 10.033716 -5.376545
v -3.421437 10.033716 -5.376545
v -4.398991 10.033716 -5.376545
v -5.376544 10.033716 -5.376545
v -6.354098 10.033716 -5.376545
v -7.331651 10.033716 -5.376545
v 7.331651 10.033716 -4.398992
v 6.354098 10.033716 -4.398992
v 5.376544 10.033716 -4.398992
v 4.398991 10.033716 -4.398992
v 3.421437 10.033716 -4.398992
v 2.443884 10.033716 -4.398992
v 1.466330 10.033716 -4.398992
v 0.488777 10.033716 -4.398992
v -0.488777 10.033716 -4.398992
v -1.466330 10.033716 -4.398992
v -2.443884 10.033716 -4.398992
v -3.421437 10.033716 -4.398992
v -4.398991 10.033716 -4.398992
v -5.376544 10.033716 -4.398992
v -6.354098 10.033716 -4.398992
v -7.331651 10.033716 -4.398992
v 7.331651 10.033716 -3.421438
v 6.354098 10.033716 -3.421438
v 5.376544 10.033716 -3.421438
v 4.398991 10.033716 -3.421438
v 3.421437 10.033716 -3.421438
v 2.443884 10.033716 -3.421438
v 1.466330 10.033716 -3.421438
v 0.488777 10.033716 -3.421438
v -0.488777 10.033716 -3.421438
v -1.466330 10.033716 -3.421438
v -2.443884 10.033716 -3.421438
v -3.421437 10.033716 -3.421438
v -4.398991 10.033716 -3.421438
v -5.376544 10.033716 -3.421438
v -6.354098 10.033716 -3.421438
v -7.331651 10.033716 -3.421438
v 7.331651 10.033716 -2.443885
v 6.354098 10.033716 -2.443885
v 5.376544 10.033716 -2.443885
v 4.398991 10.033716 -2.443885
v 3.421437 10.033716 -2.443885
v 2.443884 10.033716 -2.443885
v 1.466330 10.033716 -2.443885
v 0.488777 10.033716 -2.443885
v -0.488777 10.033716 -2.443885
v -1.466330 10.033716 -2.443885
v -2.443884 10.033716 -2.443885
v -3.421437 10.033716 -2.443885
v -4.398991 10.033716 -2.443885
v -5.376544 10.033716 -2.443885
v -6.354098 10.033716 -2.443885
v -7.331651 10.033716 -2.443885
v 7.331651 10.033716 -1.466331
v 6.354098 10.033716 -1.466331
v 5.376544 10.033716 -1.466331
v 4.398991 10.033716 -1.466331
v 3.421437 10.033716 -1.466331
v 2.443884 10.033716 -1.466331
v 1.466330 10.033716 -1.466331
v 0.488777 10.033716 -1.466331
v -0.488777 10.033716 -1.466331
v -1.466330 10.033716 -1.466331
v -2.443884 10.033716 -1.466331
v -3.421437 10.033716 -1.466331
v -4.398991 10.033716 -1.466331
v -5.376544 10.033716 -1.466331
v -6.354098 10.033716 -1.466331
v -7.331651 10.033716 -1.466331
v 7.331651 10.033716 -0.488778
v 6.354098 10.033716 -0.488778
v 5.376544 10.033716 -0.488778
v 4.398991 10.033716 -0.488778
v 3.421437 10.033716 -0.488778
v 2.443884 10.033716 -0.488778
v 1.466330 10.033716 -0.488778
v 0.488777 10.033716 -0.488778
v -0.488777 10.033716 -0.488778
v -1.466330 10.033716 -0.488778
v -2.443884 10.033716 -0.488778
v -3.421437 10.033716 -0.488778
v -4.398991 10.033716 -0.488778
v -5.376544 10.033716 -0.488778
v -6.354098 10.033716 -0.488778
v -7.331651 10.033716 -0.488778
v 7.331651 10.033716 0.488776
v 6.354098 10.033716 0.488776
v 5.376544 10.033716 0.488776
v 4.398991 10.033716 0.488776
v 3.421437 10.033716 0.488776
v 2.443884 10.033716 0.488776
v 1.466330 10.033716 0.488776
v 0.488777 10.033716 0.488776
v -0.488777 10.033716 0.488776
v -1.466330 10.033716 0.488776
v -2.443884 10.033716 0.488776
v -3.421437 10.033716 0.488776
v -4.398991 10.033716 0.488776
v -5.376544 10.033716 0.488776
v -6.354098 10.033716 0.488776
v -7.331651 10.033716 0.488776
v 7.331651 10.033716 1.466329
v 6.354098 10.033716 1.466329
v 5.376544 10.033716 1.466329
v 4.398991 10.033716 1.466329
v 3.421437 10.033716 1.466329
v 2.443884 10.033716 1.466329
v 1.466330 10.033716 1.466329
v 0.488777 10.033716 1.466329
v -0.488777 10.033716 1.466329
v -1.466330 10.033716 1.466329
v -2.443884 10.033716 1.466329
v -3.421437 10.033716 1.466329
v -4.398991 10.033716 1.466329
v -5.376544 10.033716 1.466329
v -6.354098 10.033716 1.466329
v -7.331651 10.033716 1.466329
v 7.331651 10.033716 2.443883
v 6.354098 10.033716 2.443883
v 5.376544 10.033716 2.443883
v 4.398991 10.033716 2.443883
v 3.421437 10.033716 2.443883
v 2.443884 10.033716 2.443883
v 1.466330 10.033716 2.443883
v 0.488777 10.033716 2.443883
v -0.488777 10.033716 2.443883
v -1.466330 10.033716 2.443883
v -2.443884 10.033716 2.443883
v -3.421437 10.033716 2.443883
v -4.398991 10.033716 2.443883
v -5.376544 10.033716 2.443883
v -6.354098 10.033716 2.443883
v -7.331651 10.033716 2.443883
v 7.331651 10.033716 3.421436
v 6.354098 10.033716 3.421436
v 5.376544 10.033716 3.421436
v 4.398991 10.033716 3.421436
v 3.421437 10.033716 3.421436
v 2.443884 10.033716 3.421436
v 1.466330 10.033716 3.421436
v 0.488777 10.033716 3.421436
v -0.488777 10.033716 3.421436
v -1.466330 10.033716 3.421436
v -2.443884 10.033716 3.421436
v -3.421437 10.033716 3.421436
v -4.398991 10.033716 3.421436
v -5.376544 10.033716 3.421436
v -6.354098 10.033716 3.421436
v -7.331651 10.033716 3.421436
v 7.331651 10.033716 4.398990
v 6.354098 10.033716 4.398990
v 5.376544 10.033716 4.398990
v 4.398991 10.033716 4.398990
v 3.421437 10.033716 4.398990
v 2.443884 10.033716 4.398990
v 1.466330 10.033716 4.398990
v 0.488777 10.033716 4.398990
v -0.488777 10.033716 4.398990
v -1.466330 10.033716 4.398990
v -2.443884 10.033716 4.398990
v -3.421437 10.033716 4.398990
v -4.398991 10.033716 4.398990
v -5.376544 10.033716 4.398990
v -6.354098 10.033716 4.398990
v -7.331651 10.033716 4.398990
v 7.331651 10.033716 5.376543
v 6.354098 10.033716 5.376543
v 5.376544 10.033716 5.376543
v 4.398991 10.033716 5.376543
v 3.421437 10.033716 5.376543
v 2.443884 10.033716 5.376543
v 1.466330 10.033716 5.376543
v 0.488777 10.033716 5.376543
v -0.488777 10.033716 5.376543
v -1.466330 10.033716 5.376543
v -2.443884 10.033716 5.376543
v -3.421437 10.033716 5.376543
v -4.398991 10.033716 5.376543
v -5.376544 10.033716 5.376543
v -6.354098 10.033716 5.376543
v -7.331651 10.033716 5.376543
v 7.331651 10.033717 6.354097
v 6.354098 10.033717 6.354097
v 5.376544 10.033717 6.354097
v 4.398991 10.033717 6.354097
v 3.421437 10.033717 6.354097
v 2.443884 10.033717 6.354097
v 1.466330 10.033717 6.354097
v 0.488777 10.033717 6.354097
v -0.488777 10.033717 6.354097
v -1.466330 10.033717 6.354097
v -2.443884 10.033717 6.354097
v -3.421437 10.033717 6.354097
v -4.398991 10.033717 6.354097
v -5.376544 10.033717 6.354097
v -6.354098 10.033717 6.354097
v -7.331651 10.033717 6.354097
v 7.331651 10.033717 7.331650
v 6.354098 10.033717 7.331650
v 5.376544 10.033717 7.331650
v 4.398991 10.033717 7.331650
v 3.421437 10.033717 7.331650
v 2.443884 10.033717 7.331650
v 1.466330 10.033717 7.331650
v 0.488777 10.033717 7.331650
v -0.488777 10.033717 7.331650
v -1.466330 10.033717 7.331650
v -2.443884 10.033717 7.331650
v -3.421437 10.033717 7.331650
v -4.398991 10.033717 7.331650
v -5.376544 10.033717 7.331650
v -6.354098 10.033717 7.331650
v -7.331651 10.033717 7.331650
v -7.331651 11.420148 7.331650
v -7.331651 11.420148 6.354097
v -7.331651 10.726932 6.354097
v -7.331651 10.726932 7.331650
v -7.331651 10.033717 6.354097
v -7.331651 10.033717 7.331650
v -7.331651 11.420147 5.376543
v -7.331651 10.726931 5.376543
v -7.331651 10.033716 5.376543
v -7.331651 11.420147 4.398990
v -7.331651 10.726931 4.398990
v -7.331651 10.033716 4.398990
v -7.331651 11.420147 3.421436
v -7.331651 10.726931 3.421436
v -7.331651 10.033716 3.421436
v -7.331651 11.420147 2.443883
v -7.331651 10.726931 2.443883
v -7.331651 10.033716 2.443883
v -7.331651 11.420147 1.466329
v -7.331651 10.726931 1.466329
v -7.331651 10.033716 1.466329
v -7.331651 11.420147 0.488776
v -7.331651 10.726931 0.488776
v -7.331651 10.033716 0.488776
v -7.331651 11.420147 -0.488778
v -7.331651 10.726931 -0.488778
v -7.331651 10.033716 -0.488778
v -7.331651 11.420147 -1.466331
v -7.331651 10.726931 -1.466331
v -7.331651 10.033716 -1.466331
v -7.331651 11.420147 -2.443885
v -7.331651 10.726931 -2.443885
v -7.331651 10.033716 -2.443885
v -7.331651 11.420147 -3.421438
v -7.331651 10.726931 -3.421438
v -7.331651 10.033716 -3.421438
v -7.331651 11.420147 -4.398992
v -7.331651 10.726931 -4.398992
v -7.331651 10.033716 -4.398992
v -7.331651 11.420147 -5.376545
v -7.331651 10.726931 -5.376545
v -7.331651 10.033716 -5.376545
v -7.331651 11.420146 -6.354099
v -7.331651 10.726930 -6.354099
v -7.331651 10.033715 -6.354099
v -7.331651 11.420146 -7.331652
v -7.331651 10.726930 -7.331652
v -7.331651 10.033715 -7.331652
v 7.331651 11.420148 7.331650
v 6.354098 11.420148 7.331650
v 6.354098 10.726932 7.331650
v 7.331651 10.726932 7.331650
v 6.354098 10.033717 7.331650
v 7.331651 10.033717 7.331650
v 5.376544 11.420148 7.331650
v 5.376544 10.726932 7.331650
v 5.376544 10.033717 7.331650
v 4.398991 11.420148 7.331650
v 4.398991 10.726932 7.331650
v 4.398991 10.033717 7.331650
v 3.421437 11.420148 7.331650
v 3.421437 10.726932 7.331650
v 3.421437 10.033717 7.331650
v 2.443884 11.420148 7.331650
v 2.443884 10.726932 7.331650
v 2.443884 10.033717 7.331650
v 1.466330 11.420148 7.331650
v 1.466330 10.726932 7.331650
v 1.466330 10.033717 7.331650
v 0.488777 11.420148 7.331650
v 0.488777 10.726932 7.331650
v 0.488777 10.033717 7.331650
v -0.488777 11.420148 7.331650
v -0.488777 10.726932 7.331650
v -0.488777 10.033717 7.331650
v -1.466330 11.420148 7.331650
v -1.466330 10.726932 7.331650
v -1.466330 10.033717 7.331650
v -2.443884 11.420148 7.331650
v -2.443884 10.726932 7.331650
v -2.443884 10.033717 7.331650
v -3.421437 11.420148 7.331650
v -3.421437 10.726932 7.331650
v -3.421437 10.033717 7.331650
v -4.398991 11.420148 7.331650
v -4.398991 10.726932 7.331650
v -4.398991 10.033717 7.331650
v -5.376544 11.420148 7.331650
v -5.376544 10.726932 7.331650
v -5.376544 10.033717 7.331650
v -6.354098 11.420148 7.331650
v -6.354098 10.726932 7.331650
v -6.354098 10.033717 7.331650
v -7.331651 11.420148 7.331650
v -7.331651 10.726932 7.331650
v -7.331651 10.033717 7.331650
v -7.331651 11.420146 -7.331652
v -6.354098 11.420146 -7.331652
v -6.354098 10.726930 -7.331652
v -7.331651 10.726930 -7.331652
v -6.354098 10.033715 -7.331652
v -7.331651 10.033715 -7.331652
v -5.376544 11.420146 -7.331652
v -5.376544 10.726930 -7.331652
v -5.376544 10.033715 -7.331652
v -4.398991 11.420146 -7.331652
v -4.398991 10.726930 -7.331652
v -4.398991 10.033715 -7.331652
v -3.421437 11.420146 -7.331652
v -3.421437 10.726930 -7.331652
v -3.421437 10.033715 -7.331652
v -2.443884 11.420146 -7.331652
v -2.443884 10.726930 -7.331652
v -2.443884 10.033715 -7.331652
v -1.466330 11.420146 -7.331652
v -1.466330 10.726930 -7.331652
v -1.466330 10.033715 -7.331652
v -0.488777 11.420146 -7.331652
v -0.488777 10.726930 -7.331652
v -0.488777 10.033715 -7.331652
v 0.488777 11.420146 -7.331652
v 0.488777 10.726930 -7.331652
v 0.488777 10.033715 -7.331652
v 1.466330 11.420146 -7.331652
v 1.466330 10.726930 -7.331652
v 1.466330 10.033715 -7.331652
v 2.443884 11.420146 -7.331652
v 2.443884 10.726930 -7.331652
v 2.443884 10.033715 -7.331652
v 3.421437 11.420146 -7.331652
v 3.421437 10.726930 -7.331652
v 3.421437 10.033715 -7.331652
v 4.398991 11.420146 -7.331652
v 4.398991 10.726930 -7.331652
v 4.398991 10.033715 -7.331652
v 5.376544 11.420146 -7.331652
v 5.376544 10.726930 -7.331652
v 5.376544 10.033715 -7.331652
v 6.354098 11.420146 -7.331652
v 6.354098 10.726930 -7.331652
v 6.354098 10.033715 -7.331652
v 7.331651 11.420146 -7.331652
v 7.331651 10.726930 -7.331652
v 7.331651 10.033715 -7.331652
v 2.814839 1.287254 34.957962
v 2.814839 -0.688369 34.957962
v 2.814839 -4.639616 34.957962
v 2.814839 -8.052119 34.957962
v 2.814839 -7.513375 34.957962
v 2.814839 1.634771 32.298435
v 2.814839 -1.968957 32.298435
v 2.814839 -2.316475 32.298435
v 2.814839 -5.920204 32.298435
v 2.814839 -6.267722 32.298435
v 2.814839 -9.231157 32.298435
v 2.814839 1.825998 34.957962
v 2.814839 2.364741 34.957962
v 2.814839 0.299443 34.957962
v 2.814839 -0.149626 34.957962
v 2.814839 -3.651804 34.957962
v 2.814839 -4.100872 34.957962
v 2.814839 -0.981145 32.298435
v 2.814839 -1.328664 32.298435
v 2.814839 -4.932392 32.298435
v 2.814839 -5.279911 32.298435
v 2.814839 -8.883638 32.298435
v 2.814839 2.813810 34.957962
v 2.814839 0.838186 34.957962
v 2.814839 -2.663993 34.957962
v 2.814839 -3.113061 34.957962
v 2.814839 -6.615240 34.957962
v 2.814839 -7.064307 34.957962
v 2.814839 0.006666 32.298435
v 2.814839 0.646960 32.298435
v 2.814839 -0.340852 32.298435
v 2.814839 -3.944581 32.298435
v 2.814839 -3.304287 32.298435
v 2.814839 -4.292099 32.298435
v 2.814839 -7.895828 32.298435
v 2.814839 -7.255534 32.298435
v 2.814839 -8.243345 32.298435
v 2.814839 -1.676181 34.957962
v 2.814839 -1.137437 34.957962
v 2.814839 -2.125249 34.957962
v 2.814839 -5.627428 34.957962
v 2.814839 -5.088684 34.957962
v 2.814839 -6.076496 34.957962
vn 1.0000 -0.0000 -0.0000
vn -0.0000 -0.0000 1.0000
vn -1.0000 -0.0000 -0.0000
vn 0.0005 -0.0000 -1.0000
vn -0.0000 1.0000 -0.0000
vn -0.0000 -1.0000 -0.0000
vn -0.0000 0.1884 -0.9821
vn -0.0000 0.1881 -0.9821
vn -0.0000 0.1882 -0.9821
vn -0.0000 0.1880 -0.9822
vn -0.0000 0.1881 -0.9822
vn -0.0000 0.1883 -0.9821
vn -0.0000 0.1885 -0.9821
vn -0.0001 1.0000 -0.0000
vn 0.9239 -0.3827 -0.0000
vn 0.0001 -1.0000 -0.0000
vn -0.0000 -0.9239 0.3827
vn -0.0000 -0.0003 -1.0000
vn -0.0005 -0.0000 -1.0000
vn -0.0000 -0.9234 0.3838
vn -0.0000 0.9999 -0.0130
vn 0.0867 -0.8167 0.5705
vn -0.5529 0.5528 0.6235
vn -0.0000 -1.0000 -0.0001
vn -0.0000 -0.0000 -1.0000
vn -0.0000 1.0000 -0.0001
vn -0.0000 -0.5604 0.8282
vn -0.4900 -0.0000 0.8717
vn 0.4900 -0.0000 0.8717
vn -0.0000 -0.9831 0.1828
vn 0.2021 -0.9794 -0.0000
vn -0.2021 -0.9794 -0.0000
vn -0.0000 -0.9831 -0.1828
vn 0.0137 -0.9999 -0.0000
vn -0.0000 -0.9999 0.0123
vn -0.0137 -0.9999 -0.0000
vn -0.0000 -0.9999 -0.0123
vn -0.0000 -0.9818 0.1902
vn -0.0000 -0.9818 -0.1902
vn 0.1902 -0.9818 -0.0000
vn -0.1902 -0.9818 -0.0000
vn -0.0000 1.0000 0.0001
vn 0.8660 -0.5000 -0.0000
vn -0.0000 -0.3827 -0.9239
vn -0.0000 -0.7071 -0.7071
s 1
f 1//1 2//1 3//1 4//1
f 4//1 3//1 5//1 6//1
f 6//1 5//1 7//1 8//1
f 8//1 7//1 9//1 10//1
f 10//1 9//1 11//1 12//1
f 12//1 11//1 13//1 14//1
f 14//1 13//1 15//1 16//1
f 16//1 15//1 17//1 18//1
f 18//1 17//1 19//1 20//1
f 20//1 19//1 21//1 22//1
f 22//1 21//1 23//1 24//1
f 24//1 23//1 25//1 26//1
f 26//1 25//1 27//1 28//1
f 28//1 27//1 29//1 30//1
f 30//1 29//1 31//1 32//1
f 32//1 31//1 33//1 34//1
f 34//1 33//1 35//1 36//1
f 36//1 35//1 37//1 38//1
f 38//1 37//1 39//1 40//1
f 40//1 39//1 41//1 42//1
f 2//1 43//1 44//1 3//1
f 3//1 44//1 45//1 5//1
f 5//1 45//1 46//1 7//1
f 7//1 46//1 47//1 9//1
f 9//1 47//1 48//1 11//1
f 11//1 48//1 49//1 13//1
f 13//1 49//1 50//1 15//1
f 15//1 50//1 51//1 17//1
f 17//1 51//1 52//1 19//1
f 19//1 52//1 53//1 21//1
f 21//1 53//1 54//1 23//1
f 23//1 54//1 55//1 25//1
f 25//1 55//1 56//1 27//1
f 27//1 56//1 57//1 29//1
f 29//1 57//1 58//1 31//1
f 31//1 58//1 59//1 33//1
f 33//1 59//1 60//1 35//1
f 35//1 60//1 61//1 37//1
f 37//1 61//1 62//1 39//1
f 39//1 62//1 63//1 41//1
f 43//1 64//1 65//1 44//1
f 44//1 65//1 66//1 45//1
f 45//1 66//1 67//1 46//1
f 46//1 67//1 68//1 47//1
f 47//1 68//1 69//1 48//1
f 48//1 69//1 70//1 49//1
f 49//1 70//1 71//1 50//1
f 50//1 71//1 72//1 51//1
f 51//1 72//1 73//1 52//1
f 52//1 73//1 74//1 53//1
f 53//1 74//1 75//1 54//1
f 54//1 75//1 76//1 55//1
f 55//1 76//1 77//1 56//1
f 56//1 77//1 78//1 57//1
f 57//1 78//1 79//1 58//1
f 58//1 79//1 80//1 59//1
f 59//1 80//1 81//1 60//1
f 60//1 81//1 82//1 61//1
f 61//1 82//1 83//1 62//1
f 62//1 83//1 84//1 63//1
f 64//1 85//1 86//1 65//1
f 65//1 86//1 87//1 66//1
f 66//1 87//1 88//1 67//1
f 67//1 88//1 89//1 68//1
f 68//1 89//1 90//1 69//1
f 69//1 90//1 91//1 70//1
f 70//1 91//1 92//1 71//1
f 71//1 92//1 93//1 72//1
f 72//1 93//1 94//1 73//1
f 73//1 94//1 95//1 74//1
f 74//1 95//1 96//1 75//1
f 75//1 96//1 97//1 76//1
f 76//1 97//1 98//1 77//1
f 77//1 98//1 99//1 78//1
f 78//1 99//1 100//1 79//1
f 79//1 100//1 101//1 80//1
f 80//1 101//1 102//1 81//1
f 81//1 102//1 103//1 82//1
f 82//1 103//1 104//1 83//1
f 83//1 104//1 105//1 84//1
f 85//1 106//1 107//1 86//1
f 86//1 107//1 108//1 87//1
f 87//1 108//1 109//1 88//1
f 88//1 109//1 110//1 89//1
f 89//1 110//1 111//1 90//1
f 90//1 111//1 112//1 91//1
f 91//1 112//1 113//1 92//1
f 92//1 113//1 114//1 93//1
f 93//1 114//1 115//1 94//1
f 94//1 115//1 116//1 95//1
f 95//1 116//1 117//1 96//1
f 96//1 117//1 118//1 97//1
f 97//1 118//1 119//1 98//1
f 98//1 119//1 120//1 99//1
f 99//1 120//1 121//1 100//1
f 100//1 121//1 122//1 101//1
f 101//1 122//1 123//1 102//1
f 102//1 123//1 124//1 103//1
f 103//1 124//1 125//1 104//1
f 104//1 125//1 126//1 105//1
f 106//1 127//1 128//1 107//1
f 107//1 128//1 129//1 108//1
f 108//1 129//1 130//1 109//1
f 109//1 130//1 131//1 110//1
f 110//1 131//1 132//1 111//1
f 111//1 132//1 133//1 112//1
f 112//1 133//1 134//1 113//1
f 113//1 134//1 135//1 114//1
f 114//1 135//1 136//1 115//1
f 115//1 136//1 137//1 116//1
f 116//1 137//1 138//1 117//1
f 117//1 138//1 139//1 118//1
f 118//1 139//1 140//1 119//1
f 119//1 140//1 141//1 120//1
f 120//1 141//1 142//1 121//1
f 121//1 142//1 143//1 122//1
f 122//1 143//1 144//1 123//1
f 123//1 144//1 145//1 124//1
f 124//1 145//1 146//1 125//1
f 125//1 146//1 147//1 126//1
f 127//1 148//1 149//1 128//1
f 128//1 149//1 150//1 129//1
f 129//1 150//1 151//1 130//1
f 130//1 151//1 152//1 131//1
f 131//1 152//1 153//1 132//1
f 132//1 153//1 154//1 133//1
f 133//1 154//1 155//1 134//1
f 134//1 155//1 156//1 135//1
f 135//1 156//1 157//1 136//1
f 136//1 157//1 158//1 137//1
f 137//1 158//1 159//1 138//1
f 138//1 159//1 160//1 139//1
f 139//1 160//1 161//1 140//1
f 140//1 161//1 162//1 141//1
f 141//1 162//1 163//1 142//1
f 142//1 163//1 164//1 143//1
f 143//1 164//1 165//1 144//1
f 144//1 165//1 166//1 145//1
f 145//1 166//1 167//1 146//1
f 146//1 167//1 168//1 147//1
f 148//1 169//1 170//1 149//1
f 149//1 170//1 171//1 150//1
f 150//1 171//1 172//1 151//1
f 151//1 172//1 173//1 152//1
f 152//1 173//1 174//1 153//1
f 153//1 174//1 175//1 154//1
f 154//1 175//1 176//1 155//1
f 155//1 176//1 177//1 156//1
f 156//1 177//1 178//1 157//1
f 157//1 178//1 179//1 158//1
f 158//1 179//1 180//1 159//1
f 159//1 180//1 181//1 160//1
f 160//1 181//1 182//1 161//1
f 161//1 182//1 183//1 162//1
f 162//1 183//1 184//1 163//1
f 163//1 184//1 185//1 164//1
f 164//1 185//1 186//1 165//1
f 165//1 186//1 187//1 166//1
f 166//1 187//1 188//1 167//1
f 167//1 188//1 189//1 168//1
f 169//1 190//1 191//1 170//1
f 170//1 191//1 192//1 171//1
f 171//1 192//1 193//1 172//1
f 172//1 193//1 194//1 173//1
f 173//1 194//1 195//1 174//1
f 174//1 195//1 196//1 175//1
f 175//1 196//1 197//1 176//1
f 176//1 197//1 198//1 177//1
f 177//1 198//1 199//1 178//1
f 178//1 199//1 200//1 179//1
f 179//1 200//1 201//1 180//1
f 180//1 201//1 202//1 181//1
f 181//1 202//1 203//1 182//1
f 182//1 203//1 204//1 183//1
f 183//1 204//1 205//1 184//1
f 184//1 205//1 206//1 185//1
f 185//1 206//1 207//1 186//1
f 186//1 207//1 208//1 187//1
f 187//1 208//1 209//1 188//1
f 188//1 209//1 210//1 189//1
f 190//1 211//1 212//1 191//1
f 191//1 212//1 213//1 192//1
f 192//1 213//1 214//1 193//1
f 193//1 214//1 215//1 194//1
f 194//1 215//1 216//1 195//1
f 195//1 216//1 217//1 196//1
f 196//1 217//1 218//1 197//1
f 197//1 218//1 219//1 198//1
f 198//1 219//1 220//1 199//1
f 199//1 220//1 221//1 200//1
f 200//1 221//1 222//1 201//1
f 201//1 222//1 223//1 202//1
f 202//1 223//1 224//1 203//1
f 203//1 224//1 225//1 204//1
f 204//1 225//1 226//1 205//1
f 205//1 226//1 227//1 206//1
f 206//1 227//1 228//1 207//1
f 207//1 228//1 229//1 208//1
f 208//1 229//1 230//1 209//1
f 209//1 230//1 231//1 210//1
f 211//1 232//1 233//1 212//1
f 212//1 233//1 234//1 213//1
f 213//1 234//1 235//1 214//1
f 214//1 235//1 236//1 215//1
f 215//1 236//1 237//1 216//1
f 216//1 237//1 238//1 217//1
f 217//1 238//1 239//1 218//1
f 218//1 239//1 240//1 219//1
f 219//1 240//1 241//1 220//1
f 220//1 241//1 242//1 221//1
f 221//1 242//1 243//1 222//1
f 222//1 243//1 244//1 223//1
f 223//1 244//1 245//1 224//1
f 224//1 245//1 246//1 225//1
f 225//1 246//1 247//1 226//1
f 226//1 247//1 248//1 227//1
f 227//1 248//1 249//1 228//1
f 228//1 249//1 250//1 229//1
f 229//1 250//1 251//1 230//1
f 230//1 251//1 252//1 231//1
f 232//1 253//1 254//1 233//1
f 233//1 254//1 255//1 234//1
f 234//1 255//1 256//1 235//1
f 235//1 256//1 257//1 236//1
f 236//1 257//1 258//1 237//1
f 237//1 258//1 259//1 238//1
f 238//1 259//1 260//1 239//1
f 239//1 260//1 261//1 240//1
f 240//1 261//1 262//1 241//1
f 241//1 262//1 263//1 242//1
f 242//1 263//1 264//1 243//1
f 243//1 264//1 265//1 244//1
f 244//1 265//1 266//1 245//1
f 245//1 266//1 267//1 246//1
f 246//1 267//1 268//1 247//1
f 247//1 268//1 269//1 248//1
f 248//1 269//1 270//1 249//1
f 249//1 270//1 271//1 250//1
f 250//1 271//1 272//1 251//1
f 251//1 272//1 273//1 252//1
f 253//1 274//1 275//1 254//1
f 254//1 275//1 276//1 255//1
f 255//1 276//1 277//1 256//1
f 256//1 277//1 278//1 257//1
f 257//1 278//1 279//1 258//1
f 258//1 279//1 280//1 259//1
f 259//1 280//1 281//1 260//1
f 260//1 281//1 282//1 261//1
f 261//1 282//1 283//1 262//1
f 262//1 283//1 284//1 263//1
f 263//1 284//1 285//1 264//1
f 264//1 285//1 286//1 265//1
f 265//1 286//1 287//1 266//1
f 266//1 287//1 288//1 267//1
f 267//1 288//1 289//1 268//1
f 268//1 289//1 290//1 269//1
f 269//1 290//1 291//1 270//1
f 270//1 291//1 292//1 271//1
f 271//1 292//1 293//1 272//1
f 272//1 293//1 294//1 273//1
f 274//1 295//1 296//1 275//1
f 275//1 296//1 297//1 276//1
f 276//1 297//1 298//1 277//1
f 277//1 298//1 299//1 278//1
f 278//1 299//1 300//1 279//1
f 279//1 300//1 301//1 280//1
f 280//1 301//1 302//1 281//1
f 281//1 302//1 303//1 282//1
f 282//1 303//1 304//1 283//1
f 283//1 304//1 305//1 284//1
f 284//1 305//1 306//1 285//1
f 285//1 306//1 307//1 286//1
f 286//1 307//1 308//1 287//1
f 287//1 308//1 309//1 288//1
f 288//1 309//1 310//1 289//1
f 289//1 310//1 311//1 290//1
f 290//1 311//1 312//1 291//1
f 291//1 312//1 313//1 292//1
f 292//1 313//1 314//1 293//1
f 293//1 314//1 315//1 294//1
f 295//1 316//1 317//1 296//1
f 296//1 317//1 318//1 297//1
f 297//1 318//1 319//1 298//1
f 298//1 319//1 320//1 299//1
f 299//1 320//1 321//1 300//1
f 300//1 321//1 322//1 301//1
f 301//1 322//1 323//1 302//1
f 302//1 323//1 324//1 303//1
f 303//1 324//1 325//1 304//1
f 304//1 325//1 326//1 305//1
f 305//1 326//1 327//1 306//1
f 306//1 327//1 328//1 307//1
f 307//1 328//1 329//1 308//1
f 308//1 329//1 330//1 309//1
f 309//1 330//1 331//1 310//1
f 310//1 331//1 332//1 311//1
f 311//1 332//1 333//1 312//1
f 312//1 333//1 334//1 313//1
f 313//1 334//1 335//1 314//1
f 314//1 335//1 336//1 315//1
f 316//1 337//1 338//1 317//1
f 317//1 338//1 339//1 318//1
f 318//1 339//1 340//1 319//1
f 319//1 340//1 341//1 320//1
f 320//1 341//1 342//1 321//1
f 321//1 342//1 343//1 322//1
f 322//1 343//1 344//1 323//1
f 323//1 344//1 345//1 324//1
f 324//1 345//1 346//1 325//1
f 325//1 346//1 347//1 326//1
f 326//1 347//1 348//1 327//1
f 327//1 348//1 349//1 328//1
f 328//1 349//1 350//1 329//1
f 329//1 350//1 351//1 330//1
f 330//1 351//1 352//1 331//1
f 331//1 352//1 353//1 332//1
f 332//1 353//1 354//1 333//1
f 333//1 354//1 355//1 334//1
f 334//1 355//1 356//1 335//1
f 335//1 356//1 357//1 336//1
f 337//1 358//1 359//1 338//1
f 338//1 359//1 360//1 339//1
f 339//1 360//1 361//1 340//1
f 340//1 361//1 362//1 341//1
f 341//1 362//1 363//1 342//1
f 342//1 363//1 364//1 343//1
f 343//1 364//1 365//1 344//1
f 344//1 365//1 366//1 345//1
f 345//1 366//1 367//1 346//1
f 346//1 367//1 368//1 347//1
f 347//1 368//1 369//1 348//1
f 348//1 369//1 370//1 349//1
f 349//1 370//1 371//1 350//1
f 350//1 371//1 372//1 351//1
f 351//1 372//1 373//1 352//1
f 352//1 373//1 374//1 353//1
f 353//1 374//1 375//1 354//1
f 354//1 375//1 376//1 355//1
f 355//1 376//1 377//1 356//1
f 356//1 377//1 378//1 357//1
f 358//1 379//1 380//1 359//1
f 359//1 380//1 381//1 360//1
f 360//1 381//1 382//1 361//1
f 361//1 382//1 383//1 362//1
f 362//1 383//1 384//1 363//1
f 363//1 384//1 385//1 364//1
f 364//1 385//1 386//1 365//1
f 365//1 386//1 387//1 366//1
f 366//1 387//1 388//1 367//1
f 367//1 388//1 389//1 368//1
f 368//1 389//1 390//1 369//1
f 369//1 390//1 391//1 370//1
f 370//1 391//1 392//1 371//1
f 371//1 392//1 393//1 372//1
f 372//1 393//1 394//1 373//1
f 373//1 394//1 395//1 374//1
f 374//1 395//1 396//1 375//1
f 375//1 396//1 397//1 376//1
f 376//1 397//1 398//1 377//1
f 377//1 398//1 399//1 378//1
f 379//1 400//1 401//1 380//1
f 380//1 401//1 402//1 381//1
f 381//1 402//1 403//1 382//1
f 382//1 403//1 404//1 383//1
f 383//1 404//1 405//1 384//1
f 384//1 405//1 406//1 385//1
f 385//1 406//1 407//1 386//1
f 386//1 407//1 408//1 387//1
f 387//1 408//1 409//1 388//1
f 388//1 409//1 410//1 389//1
f 389//1 410//1 411//1 390//1
f 390//1 411//1 412//1 391//1
f 391//1 412//1 413//1 392//1
f 392//1 413//1 414//1 393//1
f 393//1 414//1 415//1 394//1
f 394//1 415//1 416//1 395//1
f 395//1 416//1 417//1 396//1
f 396//1 417//1 418//1 397//1
f 397//1 418//1 419//1 398//1
f 398//1 419//1 420//1 399//1
f 400//1 421//1 422//1 401//1
f 401//1 422//1 423//1 402//1
f 402//1 423//1 424//1 403//1
f 403//1 424//1 425//1 404//1
f 404//1 425//1 426//1 405//1
f 405//1 426//1 427//1 406//1
f 406//1 427//1 428//1 407//1
f 407//1 428//1 429//1 408//1
f 408//1 429//1 430//1 409//1
f 409//1 430//1 431//1 410//1
f 410//1 431//1 432//1 411//1
f 411//1 432//1 433//1 412//1
f 412//1 433//1 434//1 413//1
f 413//1 434//1 435//1 414//1
f 414//1 435//1 436//1 415//1
f 415//1 436//1 437//1 416//1
f 416//1 437//1 438//1 417//1
f 417//1 438//1 439//1 418//1
f 418//1 439//1 440//1 419//1
f 419//1 440//1 441//1 420//1
f 442//2 443//2 444//2 445//2
f 445//2 444//2 446//2 447//2
f 447//2 446//2 448//2 449//2
f 449//2 448//2 450//2 451//2
f 451//2 450//2 452//2 453//2
f 453//2 452//2 454//2 455//2
f 455//2 454//2 456//2 457//2
f 457//2 456//2 458//2 459//2
f 459//2 458//2 460//2 461//2
f 461//2 460//2 462//2 463//2
f 463//2 462//2 464//2 465//2
f 465//2 464//2 466//2 467//2
f 467//2 466//2 468//2 469//2
f 469//2 468//2 470//2 471//2
f 471//2 470//2 472//2 473//2
f 473//2 472//2 474//2 475//2
f 475//2 474//2 476//2 477//2
f 477//2 476//2 478//2 479//2
f 479//2 478//2 480//2 481//2
f 481//2 480//2 482//2 483//2
f 443//2 484//2 485//2 444//2
f 444//2 485//2 486//2 446//2
f 446//2 486//2 487//2 448//2
f 448//2 487//2 488//2 450//2
f 450//2 488//2 489//2 452//2
f 452//2 489//2 490//2 454//2
f 454//2 490//2 491//2 456//2
f 456//2 491//2 492//2 458//2
f 458//2 492//2 493//2 460//2
f 460//2 493//2 494//2 462//2
f 462//2 494//2 495//2 464//2
f 464//2 495//2 496//2 466//2
f 466//2 496//2 497//2 468//2
f 468//2 497//2 498//2 470//2
f 470//2 498//2 499//2 472//2
f 472//2 499//2 500//2 474//2
f 474//2 500//2 501//2 476//2
f 476//2 501//2 502//2 478//2
f 478//2 502//2 503//2 480//2
f 480//2 503//2 504//2 482//2
f 484//2 505//2 506//2 485//2
f 485//2 506//2 507//2 486//2
f 486//2 507//2 508//2 487//2
f 487//2 508//2 509//2 488//2
f 488//2 509//2 510//2 489//2
f 489//2 510//2 511//2 490//2
f 490//2 511//2 512//2 491//2
f 491//2 512//2 513//2 492//2
f 492//2 513//2 514//2 493//2
f 493//2 514//2 515//2 494//2
f 494//2 515//2 516//2 495//2
f 495//2 516//2 517//2 496//2
f 496//2 517//2 518//2 497//2
f 497//2 518//2 519//2 498//2
f 498//2 519//2 520//2 499//2
f 499//2 520//2 521//2 500//2
f 500//2 521//2 522//2 501//2
f 501//2 522//2 523//2 502//2
f 502//2 523//2 524//2 503//2
f 503//2 524//2 525//2 504//2
f 505//2 526//2 527//2 506//2
f 506//2 527//2 528//2 507//2
f 507//2 528//2 529//2 508//2
f 508//2 529//2 530//2 509//2
f 509//2 530//2 531//2 510//2
f 510//2 531//2 532//2 511//2
f 511//2 532//2 533//2 512//2
f 512//2 533//2 534//2 513//2
f 513//2 534//2 535//2 514//2
f 514//2 535//2 536//2 515//2
f 515//2 536//2 537//2 516//2
f 516//2 537//2 538//2 517//2
f 517//2 538//2 539//2 518//2
f 518//2 539//2 540//2 519//2
f 519//2 540//2 541//2 520//2
f 520//2 541//2 542//2 521//2
f 521//2 542//2 543//2 522//2
f 522//2 543//2 544//2 523//2
f 523//2 544//2 545//2 524//2
f 524//2 545//2 546//2 525//2
f 526//2 547//2 548//2 527//2
f 527//2 548//2 549//2 528//2
f 528//2 549//2 550//2 529//2
f 529//2 550//2 551//2 530//2
f 530//2 551//2 552//2 531//2
f 531//2 552//2 553//2 532//2
f 532//2 553//2 554//2 533//2
f 533//2 554//2 555//2 534//2
f 534//2 555//2 556//2 535//2
f 535//2 556//2 557//2 536//2
f 536//2 557//2 558//2 537//2
f 537//2 558//2 559//2 538//2
f 538//2 559//2 560//2 539//2
f 539//2 560//2 561//2 540//2
f 540//2 561//2 562//2 541//2
f 541//2 562//2 563//2 542//2
f 542//2 563//2 564//2 543//2
f 543//2 564//2 565//2 544//2
f 544//2 565//2 566//2 545//2
f 545//2 566//2 567//2 546//2
f 547//2 568//2 569//2 548//2
f 548//2 569//2 570//2 549//2
f 549//2 570//2 571//2 550//2
f 550//2 571//2 572//2 551//2
f 551//2 572//2 573//2 552//2
f 552//2 573//2 574//2 553//2
f 553//2 574//2 575//2 554//2
f 554//2 575//2 576//2 555//2
f 555//2 576//2 577//2 556//2
f 556//2 577//2 578//2 557//2
f 557//2 578//2 579//2 558//2
f 558//2 579//2 580//2 559//2
f 559//2 580//2 581//2 560//2
f 560//2 581//2 582//2 561//2
f 561//2 582//2 583//2 562//2
f 562//2 583//2 584//2 563//2
f 563//2 584//2 585//2 564//2
f 564//2 585//2 586//2 565//2
f 565//2 586//2 587//2 566//2
f 566//2 587//2 588//2 567//2
f 568//2 589//2 590//2 569//2
f 569//2 590//2 591//2 570//2
f 570//2 591//2 592//2 571//2
f 571//2 592//2 593//2 572//2
f 572//2 593//2 594//2 573//2
f 573//2 594//2 595//2 574//2
f 574//2 595//2 596//2 575//2
f 575//2 596//2 597//2 576//2
f 576//2 597//2 598//2 577//2
f 577//2 598//2 599//2 578//2
f 578//2 599//2 600//2 579//2
f 579//2 600//2 601//2 580//2
f 580//2 601//2 602//2 581//2
f 581//2 602//2 603//2 582//2
f 582//2 603//2 604//2 583//2
f 583//2 604//2 605//2 584//2
f 584//2 605//2 606//2 585//2
f 585//2 606//2 607//2 586//2
f 586//2 607//2 608//2 587//2
f 587//2 608//2 609//2 588//2
f 589//2 610//2 611//2 590//2
f 590//2 611//2 612//2 591//2
f 591//2 612//2 613//2 592//2
f 592//2 613//2 614//2 593//2
f 593//2 614//2 615//2 594//2
f 594//2 615//2 616//2 595//2
f 595//2 616//2 617//2 596//2
f 596//2 617//2 618//2 597//2
f 597//2 618//2 619//2 598//2
f 598//2 619//2 620//2 599//2
f 599//2 620//2 621//2 600//2
f 600//2 621//2 622//2 601//2
f 601//2 622//2 623//2 602//2
f 602//2 623//2 624//2 603//2
f 603//2 624//2 625//2 604//2
f 604//2 625//2 626//2 605//2
f 605//2 626//2 627//2 606//2
f 606//2 627//2 628//2 607//2
f 607//2 628//2 629//2 608//2
f 608//2 629//2 630//2 609//2
f 610//2 631//2 632//2 611//2
f 611//2 632//2 633//2 612//2
f 612//2 633//2 634//2 613//2
f 613//2 634//2 635//2 614//2
f 614//2 635//2 636//2 615//2
f 615//2 636//2 637//2 616//2
f 616//2 637//2 638//2 617//2
f 617//2 638//2 639//2 618//2
f 618//2 639//2 640//2 619//2
f 619//2 640//2 641//2 620//2
f 620//2 641//2 642//2 621//2
f 621//2 642//2 643//2 622//2
f 622//2 643//2 644//2 623//2
f 623//2 644//2 645//2 624//2
f 624//2 645//2 646//2 625//2
f 625//2 646//2 647//2 626//2
f 626//2 647//2 648//2 627//2
f 627//2 648//2 649//2 628//2
f 628//2 649//2 650//2 629//2
f 629//2 650//2 651//2 630//2
f 631//2 652//2 653//2 632//2
f 632//2 653//2 654//2 633//2
f 633//2 654//2 655//2 634//2
f 634//2 655//2 656//2 635//2
f 635//2 656//2 657//2 636//2
f 636//2 657//2 658//2 637//2
f 637//2 658//2 659//2 638//2
f 638//2 659//2 660//2 639//2
f 639//2 660//2 661//2 640//2
f 640//2 661//2 662//2 641//2
f 641//2 662//2 663//2 642//2
f 642//2 663//2 664//2 643//2
f 643//2 664//2 665//2 644//2
f 644//2 665//2 666//2 645//2
f 645//2 666//2 667//2 646//2
f 646//2 667//2 668//2 647//2
f 647//2 668//2 669//2 648//2
f 648//2 669//2 670//2 649//2
f 649//2 670//2 671//2 650//2
f 650//2 671//2 672//2 651//2
f 652//2 673//2 674//2 653//2
f 653//2 674//2 675//2 654//2
f 654//2 675//2 676//2 655//2
f 655//2 676//2 677//2 656//2
f 656//2 677//2 678//2 657//2
f 657//2 678//2 679//2 658//2
f 658//2 679//2 680//2 659//2
f 659//2 680//2 681//2 660//2
f 660//2 681//2 682//2 661//2
f 661//2 682//2 683//2 662//2
f 662//2 683//2 684//2 663//2
f 663//2 684//2 685//2 664//2
f 664//2 685//2 686//2 665//2
f 665//2 686//2 687//2 666//2
f 666//2 687//2 688//2 667//2
f 667//2 688//2 689//2 668//2
f 668//2 689//2 690//2 669//2
f 669//2 690//2 691//2 670//2
f 670//2 691//2 692//2 671//2
f 671//2 692//2 693//2 672//2
f 673//2 694//2 695//2 674//2
f 674//2 695//2 696//2 675//2
f 675//2 696//2 697//2 676//2
f 676//2 697//2 698//2 677//2
f 677//2 698//2 699//2 678//2
f 678//2 699//2 700//2 679//2
f 679//2 700//2 701//2 680//2
f 680//2 701//2 702//2 681//2
f 681//2 702//2 703//2 682//2
f 682//2 703//2 704//2 683//2
f 683//2 704//2 705//2 684//2
f 684//2 705//2 706//2 685//2
f 685//2 706//2 707//2 686//2
f 686//2 707//2 708//2 687//2
f 687//2 708//2 709//2 688//2
f 688//2 709//2 710//2 689//2
f 689//2 710//2 711//2 690//2
f 690//2 711//2 712//2 691//2
f 691//2 712//2 713//2 692//2
f 692//2 713//2 714//2 693//2
f 694//2 715//2 716//2 695//2
f 695//2 716//2 717//2 696//2
f 696//2 717//2 718//2 697//2
f 697//2 718//2 719//2 698//2
f 698//2 719//2 720//2 699//2
f 699//2 720//2 721//2 700//2
f 700//2 721//2 722//2 701//2
f 701//2 722//2 723//2 702//2
f 702//2 723//2 724//2 703//2
f 703//2 724//2 725//2 704//2
f 704//2 725//2 726//2 705//2
f 705//2 726//2 727//2 706//2
f 706//2 727//2 728//2 707//2
f 707//2 728//2 729//2 708//2
f 708//2 729//2 730//2 709//2
f 709//2 730//2 731//2 710//2
f 710//2 731//2 732//2 711//2
f 711//2 732//2 733//2 712//2
f 712//2 733//2 734//2 713//2
f 713//2 734//2 735//2 714//2
f 715//2 736//2 737//2 716//2
f 716//2 737//2 738//2 717//2
f 717//2 738//2 739//2 718//2
f 718//2 739//2 740//2 719//2
f 719//2 740//2 741//2 720//2
f 720//2 741//2 742//2 721//2
f 721//2 742//2 743//2 722//2
f 722//2 743//2 744//2 723//2
f 723//2 744//2 745//2 724//2
f 724//2 745//2 746//2 725//2
f 725//2 746//2 747//2 726//2
f 726//2 747//2 748//2 727//2
f 727//2 748//2 749//2 728//2
f 728//2 749//2 750//2 729//2
f 729//2 750//2 751//2 730//2
f 730//2 751//2 752//2 731//2
f 731//2 752//2 753//2 732//2
f 732//2 753//2 754//2 733//2
f 733//2 754//2 755//2 734//2
f 734//2 755//2 756//2 735//2
f 736//2 757//2 758//2 737//2
f 737//2 758//2 759//2 738//2
f 738//2 759//2 760//2 739//2
f 739//2 760//2 761//2 740//2
f 740//2 761//2 762//2 741//2
f 741//2 762//2 763//2 742//2
f 742//2 763//2 764//2 743//2
f 743//2 764//2 765//2 744//2
f 744//2 765//2 766//2 745//2
f 745//2 766//2 767//2 746//2
f 746//2 767//2 768//2 747//2
f 747//2 768//2 769//2 748//2
f 748//2 769//2 770//2 749//2
f 749//2 770//2 771//2 750//2
f 750//2 771//2 772//2 751//2
f 751//2 772//2 773//2 752//2
f 752//2 773//2 774//2 753//2
f 753//2 774//2 775//2 754//2
f 754//2 775//2 776//2 755//2
f 755//2 776//2 777//2 756//2
f 757//2 778//2 779//2 758//2
f 758//2 779//2 780//2 759//2
f 759//2 780//2 781//2 760//2
f 760//2 781//2 782//2 761//2
f 761//2 782//2 783//2 762//2
f 762//2 783//2 784//2 763//2
f 763//2 784//2 785//2 764//2
f 764//2 785//2 786//2 765//2
f 765//2 786//2 787//2 766//2
f 766//2 787//2 788//2 767//2
f 767//2 788//2 789//2 768//2
f 768//2 789//2 790//2 769//2
f 769//2 790//2 791//2 770//2
f 770//2 791//2 792//2 771//2
f 771//2 792//2 793//2 772//2
f 772//2 793//2 794//2 773//2
f 773//2 794//2 795//2 774//2
f 774//2 795//2 796//2 775//2
f 775//2 796//2 797//2 776//2
f 776//2 797//2 798//2 777//2
f 778//2 799//2 800//2 779//2
f 779//2 800//2 801//2 780//2
f 780//2 801//2 802//2 781//2
f 781//2 802//2 803//2 782//2
f 782//2 803//2 804//2 783//2
f 783//2 804//2 805//2 784//2
f 784//2 805//2 806//2 785//2
f 785//2 806//2 807//2 786//2
f 786//2 807//2 808//2 787//2
f 787//2 808//2 809//2 788//2
f 788//2 809//2 810//2 789//2
f 789//2 810//2 811//2 790//2
f 790//2 811//2 812//2 791//2
f 791//2 812//2 813//2 792//2
f 792//2 813//2 814//2 793//2
f 793//2 814//2 815//2 794//2
f 794//2 815//2 816//2 795//2
f 795//2 816//2 817//2 796//2
f 796//2 817//2 818//2 797//2
f 797//2 818//2 819//2 798//2
f 799//2 820//2 821//2 800//2
f 800//2 821//2 822//2 801//2
f 801//2 822//2 823//2 802//2
f 802//2 823//2 824//2 803//2
f 803//2 824//2 825//2 804//2
f 804//2 825//2 826//2 805//2
f 805//2 826//2 827//2 806//2
f 806//2 827//2 828//2 807//2
f 807//2 828//2 829//2 808//2
f 808//2 829//2 830//2 809//2
f 809//2 830//2 831//2 810//2
f 810//2 831//2 832//2 811//2
f 811//2 832//2 833//2 812//2
f 812//2 833//2 834//2 813//2
f 813//2 834//2 835//2 814//2
f 814//2 835//2 836//2 815//2
f 815//2 836//2 837//2 816//2
f 816//2 837//2 838//2 817//2
f 817//2 838//2 839//2 818//2
f 818//2 839//2 840//2 819//2
f 820//2 841//2 842//2 821//2
f 821//2 842//2 843//2 822//2
f 822//2 843//2 844//2 823//2
f 823//2 844//2 845//2 824//2
f 824//2 845//2 846//2 825//2
f 825//2 846//2 847//2 826//2
f 826//2 847//2 848//2 827//2
f 827//2 848//2 849//2 828//2
f 828//2 849//2 850//2 829//2
f 829//2 850//2 851//2 830//2
f 830//2 851//2 852//2 831//2
f 831//2 852//2 853//2 832//2
f 832//2 853//2 854//2 833//2
f 833//2 854//2 855//2 834//2
f 834//2 855//2 856//2 835//2
f 835//2 856//2 857//2 836//2
f 836//2 857//2 858//2 837//2
f 837//2 858//2 859//2 838//2
f 838//2 859//2 860//2 839//2
f 839//2 860//2 861//2 840//2
f 841//2 862//2 863//2 842//2
f 842//2 863//2 864//2 843//2
f 843//2 864//2 865//2 844//2
f 844//2 865//2 866//2 845//2
f 845//2 866//2 867//2 846//2
f 846//2 867//2 868//2 847//2
f 847//2 868//2 869//2 848//2
f 848//2 869//2 870//2 849//2
f 849//2 870//2 871//2 850//2
f 850//2 871//2 872//2 851//2
f 851//2 872//2 873//2 852//2
f 852//2 873//2 874//2 853//2
f 853//2 874//2 875//2 854//2
f 854//2 875//2 876//2 855//2
f 855//2 876//2 877//2 856//2
f 856//2 877//2 878//2 857//2
f 857//2 878//2 879//2 858//2
f 858//2 879//2 880//2 859//2
f 859//2 880//2 881//2 860//2
f 860//2 881//2 882//2 861//2
f 883//3 884//3 885//3 886//3
f 886//3 885//3 887//3 888//3
f 888//3 887//3 889//3 890//3
f 890//3 889//3 891//3 892//3
f 892//3 891//3 893//3 894//3
f 894//3 893//3 895//3 896//3
f 896//3 895//3 897//3 898//3
f 898//3 897//3 899//3 900//3
f 900//3 899//3 901//3 902//3
f 902//3 901//3 903//3 904//3
f 904//3 903//3 905//3 906//3
f 906//3 905//3 907//3 908//3
f 908//3 907//3 909//3 910//3
f 910//3 909//3 911//3 912//3
f 912//3 911//3 913//3 914//3
f 914//3 913//3 915//3 916//3
f 916//3 915//3 917//3 918//3
f 918//3 917//3 919//3 920//3
f 920//3 919//3 921//3 922//3
f 922//3 921//3 923//3 924//3
f 884//3 925//3 926//3 885//3
f 885//3 926//3 927//3 887//3
f 887//3 927//3 928//3 889//3
f 889//3 928//3 929//3 891//3
f 891//3 929//3 930//3 893//3
f 893//3 930//3 931//3 895//3
f 895//3 931//3 932//3 897//3
f 897//3 932//3 933//3 899//3
f 899//3 933//3 934//3 901//3
f 901//3 934//3 935//3 903//3
f 903//3 935//3 936//3 905//3
f 905//3 936//3 937//3 907//3
f 907//3 937//3 938//3 909//3
f 909//3 938//3 939//3 911//3
f 911//3 939//3 940//3 913//3
f 913//3 940//3 941//3 915//3
f 915//3 941//3 942//3 917//3
f 917//3 942//3 943//3 919//3
f 919//3 943//3 944//3 921//3
f 921//3 944//3 945//3 923//3
f 925//3 946//3 947//3 926//3
f 926//3 947//3 948//3 927//3
f 927//3 948//3 949//3 928//3
f 928//3 949//3 950//3 929//3
f 929//3 950//3 951//3 930//3
f 930//3 951//3 952//3 931//3
f 931//3 952//3 953//3 932//3
f 932//3 953//3 954//3 933//3
f 933//3 954//3 955//3 934//3
f 934//3 955//3 956//3 935//3
f 935//3 956//3 957//3 936//3
f 936//3 957//3 958//3 937//3
f 937//3 958//3 959//3 938//3
f 938//3 959//3 960//3 939//3
f 939//3 960//3 961//3 940//3
f 940//3 961//3 962//3 941//3
f 941//3 962//3 963//3 942//3
f 942//3 963//3 964//3 943//3
f 943//3 964//3 965//3 944//3
f 944//3 965//3 966//3 945//3
f 946//3 967//3 968//3 947//3
f 947//3 968//3 969//3 948//3
f 948//3 969//3 970//3 949//3
f 949//3 970//3 971//3 950//3
f 950//3 971//3 972//3 951//3
f 951//3 972//3 973//3 952//3
f 952//3 973//3 974//3 953//3
f 953//3 974//3 975//3 954//3
f 954//3 975//3 976//3 955//3
f 955//3 976//3 977//3 956//3
f 956//3 977//3 978//3 957//3
f 957//3 978//3 979//3 958//3
f 958//3 979//3 980//3 959//3
f 959//3 980//3 981//3 960//3
f 960//3 981//3 982//3 961//3
f 961//3 982//3 983//3 962//3
f 962//3 983//3 984//3 963//3
f 963//3 984//3 985//3 964//3
f 964//3 985//3 986//3 965//3
f 965//3 986//3 987//3 966//3
f 967//3 988//3 989//3 968//3
f 968//3 989//3 990//3 969//3
f 969//3 990//3 991//3 970//3
f 970//3 991//3 992//3 971//3
f 971//3 992//3 993//3 972//3
f 972//3 993//3 994//3 973//3
f 973//3 994//3 995//3 974//3
f 974//3 995//3 996//3 975//3
f 975//3 996//3 997//3 976//3
f 976//3 997//3 998//3 977//3
f 977//3 998//3 999//3 978//3
f 978//3 999//3 1000//3 979//3
f 979//3 1000//3 1001//3 980//3
f 980//3 1001//3 1002//3 981//3
f 981//3 1002//3 1003//3 982//3
f 982//3 1003//3 1004//3 983//3
f 983//3 1004//3 1005//3 984//3
f 984//3 1005//3 1006//3 985//3
f 985//3 1006//3 1007//3 986//3
f 986//3 1007//3 1008//3 987//3
f 988//3 1009//3 1010//3 989//3
f 989//3 1010//3 1011//3 990//3
f 990//3 1011//3 1012//3 991//3
f 991//3 1012//3 1013//3 992//3
f 992//3 1013//3 1014//3 993//3
f 993//3 1014//3 1015//3 994//3
f 994//3 1015//3 1016//3 995//3
f 995//3 1016//3 1017//3 996//3
f 996//3 1017//3 1018//3 997//3
f 997//3 1018//3 1019//3 998//3
f 998//3 1019//3 1020//3 999//3
f 999//3 1020//3 1021//3 1000//3
f 1000//3 1021//3 1022//3 1001//3
f 1001//3 1022//3 1023//3 1002//3
f 1002//3 1023//3 1024//3 1003//3
f 1003//3 1024//3 1025//3 1004//3
f 1004//3 1025//3 1026//3 1005//3
f 1005//3 1026//3 1027//3 1006//3
f 1006//3 1027//3 1028//3 1007//3
f 1007//3 1028//3 1029//3 1008//3
f 1009//3 1030//3 1031//3 1010//3
f 1010//3 1031//3 1032//3 1011//3
f 1011//3 1032//3 1033//3 1012//3
f 1012//3 1033//3 1034//3 1013//3
f 1013//3 1034//3 1035//3 1014//3
f 1014//3 1035//3 1036//3 1015//3
f 1015//3 1036//3 1037//3 1016//3
f 1016//3 1037//3 1038//3 1017//3
f 1017//3 1038//3 1039//3 1018//3
f 1018//3 1039//3 1040//3 1019//3
f 1019//3 1040//3 1041//3 1020//3
f 1020//3 1041//3 1042//3 1021//3
f 1021//3 1042//3 1043//3 1022//3
f 1022//3 1043//3 1044//3 1023//3
f 1023//3 1044//3 1045//3 1024//3
f 1024//3 1045//3 1046//3 1025//3
f 1025//3 1046//3 1047//3 1026//3
f 1026//3 1047//3 1048//3 1027//3
f 1027//3 1048//3 1049//3 1028//3
f 1028//3 1049//3 1050//3 1029//3
f 1030//3 1051//3 1052//3 1031//3
f 1031//3 1052//3 1053//3 1032//3
f 1032//3 1053//3 1054//3 1033//3
f 1033//3 1054//3 1055//3 1034//3
f 1034//3 1055//3 1056//3 1035//3
f 1035//3 1056//3 1057//3 1036//3
f 1036//3 1057//3 1058//3 1037//3
f 1037//3 1058//3 1059//3 1038//3
f 1038//3 1059//3 1060//3 1039//3
f 1039//3 1060//3 1061//3 1040//3
f 1040//3 1061//3 1062//3 1041//3
f 1041//3 1062//3 1063//3 1042//3
f 1042//3 1063//3 1064//3 1043//3
f 1043//3 1064//3 1065//3 1044//3
f 1044//3 1065//3 1066//3 1045//3
f 1045//3 1066//3 1067//3 1046//3
f 1046//3 1067//3 1068//3 1047//3
f 1047//3 1068//3 1069//3 1048//3
f 1048//3 1069//3 1070//3 1049//3
f 1049//3 1070//3 1071//3 1050//3
f 1051//3 1072//3 1073//3 1052//3
f 1052//3 1073//3 1074//3 1053//3
f 1053//3 1074//3 1075//3 1054//3
f 1054//3 1075//3 1076//3 1055//3
f 1055//3 1076//3 1077//3 1056//3
f 1056//3 1077//3 1078//3 1057//3
f 1057//3 1078//3 1079//3 1058//3
f 1058//3 1079//3 1080//3 1059//3
f 1059//3 1080//3 1081//3 1060//3
f 1060//3 1081//3 1082//3 1061//3
f 1061//3 1082//3 1083//3 1062//3
f 1062//3 1083//3 1084//3 1063//3
f 1063//3 1084//3 1085//3 1064//3
f 1064//3 1085//3 1086//3 1065//3
f 1065//3 1086//3 1087//3 1066//3
f 1066//3 1087//3 1088//3 1067//3
f 1067//3 1088//3 1089//3 1068//3
f 1068//3 1089//3 1090//3 1069//3
f 1069//3 1090//3 1091//3 1070//3
f 1070//3 1091//3 1092//3 1071//3
f 1072//3 1093//3 1094//3 1073//3
f 1073//3 1094//3 1095//3 1074//3
f 1074//3 1095//3 1096//3 1075//3
f 1075//3 1096//3 1097//3 1076//3
f 1076//3 1097//3 1098//3 1077//3
f 1077//3 1098//3 1099//3 1078//3
f 1078//3 1099//3 1100//3 1079//3
f 1079//3 1100//3 1101//3 1080//3
f 1080//3 1101//3 1102//3 1081//3
f 1081//3 1102//3 1103//3 1082//3
f 1082//3 1103//3 1104//3 1083//3
f 1083//3 1104//3 1105//3 1084//3
f 1084//3 1105//3 1106//3 1085//3
f 1085//3 1106//3 1107//3 1086//3
f 1086//3 1107//3 1108//3 1087//3
f 1087//3 1108//3 1109//3 1088//3
f 1088//3 1109//3 1110//3 1089//3
f 1089//3 1110//3 1111//3 1090//3
f 1090//3 1111//3 1112//3 1091//3
f 1091//3 1112//3 1113//3 1092//3
f 1093//3 1114//3 1115//3 1094//3
f 1094//3 1115//3 1116//3 1095//3
f 1095//3 1116//3 1117//3 1096//3
f 1096//3 1117//3 1118//3 1097//3
f 1097//3 1118//3 1119//3 1098//3
f 1098//3 1119//3 1120//3 1099//3
f 1099//3 1120//3 1121//3 1100//3
f 1100//3 1121//3 1122//3 1101//3
f 1101//3 1122//3 1123//3 1102//3
f 1102//3 1123//3 1124//3 1103//3
f 1103//3 1124//3 1125//3 1104//3
f 1104//3 1125//3 1126//3 1105//3
f 1105//3 1126//3 1127//3 1106//3
f 1106//3 1127//3 1128//3 1107//3
f 1107//3 1128//3 1129//3 1108//3
f 1108//3 1129//3 1130//3 1109//3
f 1109//3 1130//3 1131//3 1110//3
f 1110//3 1131//3 1132//3 1111//3
f 1111//3 1132//3 1133//3 1112//3
f 1112//3 1133//3 1134//3 1113//3
f 1114//3 1135//3 1136//3 1115//3
f 1115//3 1136//3 1137//3 1116//3
f 1116//3 1137//3 1138//3 1117//3
f 1117//3 1138//3 1139//3 1118//3
f 1118//3 1139//3 1140//3 1119//3
f 1119//3 1140//3 1141//3 1120//3
f 1120//3 1141//3 1142//3 1121//3
f 1121//3 1142//3 1143//3 1122//3
f 1122//3 1143//3 1144//3 1123//3
f 1123//3 1144//3 1145//3 1124//3
f 1124//3 1145//3 1146//3 1125//3
f 1125//3 1146//3 1147//3 1126//3
f 1126//3 1147//3 1148//3 1127//3
f 1127//3 1148//3 1149//3 1128//3
f 1128//3 1149//3 1150//3 1129//3
f 1129//3 1150//3 1151//3 1130//3
f 1130//3 1151//3 1152//3 1131//3
f 1131//3 1152//3 1153//3 1132//3
f 1132//3 1153//3 1154//3 1133//3
f 1133//3 1154//3 1155//3 1134//3
f 1135//3 1156//3 1157//3 1136//3
f 1136//3 1157//3 1158//3 1137//3
f 1137//3 1158//3 1159//3 1138//3
f 1138//3 1159//3 1160//3 1139//3
f 1139//3 1160//3 1161//3 1140//3
f 1140//3 1161//3 1162//3 1141//3
f 1141//3 1162//3 1163//3 1142//3
f 1142//3 1163//3 1164//3 1143//3
f 1143//3 1164//3 1165//3 1144//3
f 1144//3 1165//3 1166//3 1145//3
f 1145//3 1166//3 1167//3 1146//3
f 1146//3 1167//3 1168//3 1147//3
f 1147//3 1168//3 1169//3 1148//3
f 1148//3 1169//3 1170//3 1149//3
f 1149//3 1170//3 1171//3 1150//3
f 1150//3 1171//3 1172//3 1151//3
f 1151//3 1172//3 1173//3 1152//3
f 1152//3 1173//3 1174//3 1153//3
f 1153//3 1174//3 1175//3 1154//3
f 1154//3 1175//3 1176//3 1155//3
f 1156//3 1177//3 1178//3 1157//3
f 1157//3 1178//3 1179//3 1158//3
f 1158//3 1179//3 1180//3 1159//3
f 1159//3 1180//3 1181//3 1160//3
f 1160//3 1181//3 1182//3 1161//3
f 1161//3 1182//3 1183//3 1162//3
f 1162//3 1183//3 1184//3 1163//3
f 1163//3 1184//3 1185//3 1164//3
f 1164//3 1185//3 1186//3 1165//3
f 1165//3 1186//3 1187//3 1166//3
f 1166//3 1187//3 1188//3 1167//3
f 1167//3 1188//3 1189//3 1168//3
f 1168//3 1189//3 1190//3 1169//3
f 1169//3 1190//3 1191//3 1170//3
f 1170//3 1191//3 1192//3 1171//3
f 1171//3 1192//3 1193//3 1172//3
f 1172//3 1193//3 1194//3 1173//3
f 1173//3 1194//3 1195//3 1174//3
f 1174//3 1195//3 1196//3 1175//3
f 1175//3 1196//3 1197//3 1176//3
f 1177//3 1198//3 1199//3 1178//3
f 1178//3 1199//3 1200//3 1179//3
f 1179//3 1200//3 1201//3 1180//3
f 1180//3 1201//3 1202//3 1181//3
f 1181//3 1202//3 1203//3 1182//3
f 1182//3 1203//3 1204//3 1183//3
f 1183//3 1204//3 1205//3 1184//3
f 1184//3 1205//3 1206//3 1185//3
f 1185//3 1206//3 1207//3 1186//3
f 1186//3 1207//3 1208//3 1187//3
f 1187//3 1208//3 1209//3 1188//3
f 1188//3 1209//3 1210//3 1189//3
f 1189//3 1210//3 1211//3 1190//3
f 1190//3 1211//3 1212//3 1191//3
f 1191//3 1212//3 1213//3 1192//3
f 1192//3 1213//3 1214//3 1193//3
f 1193//3 1214//3 1215//3 1194//3
f 1194//3 1215//3 1216//3 1195//3
f 1195//3 1216//3 1217//3 1196//3
f 1196//3 1217//3 1218//3 1197//3
f 1198//3 1219//3 1220//3 1199//3
f 1199//3 1220//3 1221//3 1200//3
f 1200//3 1221//3 1222//3 1201//3
f 1201//3 1222//3 1223//3 1202//3
f 1202//3 1223//3 1224//3 1203//3
f 1203//3 1224//3 1225//3 1204//3
f 1204//3 1225//3 1226//3 1205//3
f 1205//3 1226//3 1227//3 1206//3
f 1206//3 1227//3 1228//3 1207//3
f 1207//3 1228//3 1229//3 1208//3
f 1208//3 1229//3 1230//3 1209//3
f 1209//3 1230//3 1231//3 1210//3
f 1210//3 1231//3 1232//3 1211//3
f 1211//3 1232//3 1233//3 1212//3
f 1212//3 1233//3 1234//3 1213//3
f 1213//3 1234//3 1235//3 1214//3
f 1214//3 1235//3 1236//3 1215//3
f 1215//3 1236//3 1237//3 1216//3
f 1216//3 1237//3 1238//3 1217//3
f 1217//3 1238//3 1239//3 1218//3
f 1219//3 1240//3 1241//3 1220//3
f 1220//3 1241//3 1242//3 1221//3
f 1221//3 1242//3 1243//3 1222//3
f 1222//3 1243//3 1244//3 1223//3
f 1223//3 1244//3 1245//3 1224//3
f 1224//3 1245//3 1246//3 1225//3
f 1225//3 1246//3 1247//3 1226//3
f 1226//3 1247//3 1248//3 1227//3
f 1227//3 1248//3 1249//3 1228//3
f 1228//3 1249//3 1250//3 1229//3
f 1229//3 1250//3 1251//3 1230//3
f 1230//3 1251//3 1252//3 1231//3
f 1231//3 1252//3 1253//3 1232//3
f 1232//3 1253//3 1254//3 1233//3
f 1233//3 1254//3 1255//3 1234//3
f 1234//3 1255//3 1256//3 1235//3
f 1235//3 1256//3 1257//3 1236//3
f 1236//3 1257//3 1258//3 1237//3
f 1237//3 1258//3 1259//3 1238//3
f 1238//3 1259//3 1260//3 1239//3
f 1240//3 1261//3 1262//3 1241//3
f 1241//3 1262//3 1263//3 1242//3
f 1242//3 1263//3 1264//3 1243//3
f 1243//3 1264//3 1265//3 1244//3
f 1244//3 1265//3 1266//3 1245//3
f 1245//3 1266//3 1267//3 1246//3
f 1246//3 1267//3 1268//3 1247//3
f 1247//3 1268//3 1269//3 1248//3
f 1248//3 1269//3 1270//3 1249//3
f 1249//3 1270//3 1271//3 1250//3
f 1250//3 1271//3 1272//3 1251//3
f 1251//3 1272//3 1273//3 1252//3
f 1252//3 1273//3 1274//3 1253//3
f 1253//3 1274//3 1275//3 1254//3
f 1254//3 1275//3 1276//3 1255//3
f 1255//3 1276//3 1277//3 1256//3
f 1256//3 1277//3 1278//3 1257//3
f 1257//3 1278//3 1279//3 1258//3
f 1258//3 1279//3 1280//3 1259//3
f 1259//3 1280//3 1281//3 1260//3
f 1261//3 1282//3 1283//3 1262//3
f 1262//3 1283//3 1284//3 1263//3
f 1263//3 1284//3 1285//3 1264//3
f 1264//3 1285//3 1286//3 1265//3
f 1265//3 1286//3 1287//3 1266//3
f 1266//3 1287//3 1288//3 1267//3
f 1267//3 1288//3 1289//3 1268//3
f 1268//3 1289//3 1290//3 1269//3
f 1269//3 1290//3 1291//3 1270//3
f 1270//3 1291//3 1292//3 1271//3
f 1271//3 1292//3 1293//3 1272//3
f 1272//3 1293//3 1294//3 1273//3
f 1273//3 1294//3 1295//3 1274//3
f 1274//3 1295//3 1296//3 1275//3
f 1275//3 1296//3 1297//3 1276//3
f 1276//3 1297//3 1298//3 1277//3
f 1277//3 1298//3 1299//3 1278//3
f 1278//3 1299//3 1300//3 1279//3
f 1279//3 1300//3 1301//3 1280//3
f 1280//3 1301//3 1302//3 1281//3
f 1282//3 1303//3 1304//3 1283//3
f 1283//3 1304//3 1305//3 1284//3
f 1284//3 1305//3 1306//3 1285//3
f 1285//3 1306//3 1307//3 1286//3
f 1286//3 1307//3 1308//3 1287//3
f 1287//3 1308//3 1309//3 1288//3
f 1288//3 1309//3 1310//3 1289//3
f 1289//3 1310//3 1311//3 1290//3
f 1290//3 1311//3 1312//3 1291//3
f 1291//3 1312//3 1313//3 1292//3
f 1292//3 1313//3 1314//3 1293//3
f 1293//3 1314//3 1315//3 1294//3
f 1294//3 1315//3 1316//3 1295//3
f 1295//3 1316//3 1317//3 1296//3
f 1296//3 1317//3 1318//3 1297//3
f 1297//3 1318//3 1319//3 1298//3
f 1298//3 1319//3 1320//3 1299//3
f 1299//3 1320//3 1321//3 1300//3
f 1300//3 1321//3 1322//3 1301//3
f 1301//3 1322//3 1323//3 1302//3
f 1324//4 1325//4 1326//4 1327//4
f 1327//4 1326//4 1328//4 1329//4
f 1329//4 1328//4 1330//4 1331//4
f 1331//4 1330//4 1332//4 1333//4
f 1333//4 1332//4 1334//4 1335//4
f 1335//4 1334//4 1336//4 1337//4
f 1337//4 1336//4 1338//4 1339//4
f 1339//4 1338//4 1340//4 1341//4
f 1341//4 1340//4 1342//4 1343//4
f 1343//4 1342//4 1344//4 1345//4
f 1345//4 1344//4 1346//4 1347//4
f 1347//4 1346//4 1348//4 1349//4
f 1349//4 1348//4 1350//4 1351//4
f 1351//4 1350//4 1352//4 1353//4
f 1353//4 1352//4 1354//4 1355//4
f 1325//4 1356//4 1357//4 1326//4
f 1326//4 1357//4 1358//4 1328//4
f 1328//4 1358//4 1359//4 1330//4
f 1330//4 1359//4 1360//4 1332//4
f 1332//4 1360//4 1361//4 1334//4
f 1334//4 1361//4 1362//4 1336//4
f 1336//4 1362//4 1363//4 1338//4
f 1338//4 1363//4 1364//4 1340//4
f 1340//4 1364//4 1365//4 1342//4
f 1342//4 1365//4 1366//4 1344//4
f 1344//4 1366//4 1367//4 1346//4
f 1346//4 1367//4 1368//4 1348//4
f 1348//4 1368//4 1369//4 1350//4
f 1350//4 1369//4 1370//4 1352//4
f 1352//4 1370//4 1371//4 1354//4
f 1356//4 1372//4 1373//4 1357//4
f 1357//4 1373//4 1374//4 1358//4
f 1358//4 1374//4 1375//4 1359//4
f 1359//4 1375//4 1376//4 1360//4
f 1360//4 1376//4 1377//4 1361//4
f 1361//4 1377//4 1378//4 1362//4
f 1362//4 1378//4 1379//4 1363//4
f 1363//4 1379//4 1380//4 1364//4
f 1364//4 1380//4 1381//4 1365//4
f 1365//4 1381//4 1382//4 1366//4
f 1366//4 1382//4 1383//4 1367//4
f 1367//4 1383//4 1384//4 1368//4
f 1368//4 1384//4 1385//4 1369//4
f 1369//4 1385//4 1386//4 1370//4
f 1370//4 1386//4 1387//4 1371//4
f 1372//4 1388//4 1389//4 1373//4
f 1373//4 1389//4 1390//4 1374//4
f 1374//4 1390//4 1391//4 1375//4
f 1375//4 1391//4 1392//4 1376//4
f 1376//4 1392//4 1393//4 1377//4
f 1377//4 1393//4 1394//4 1378//4
f 1378//4 1394//4 1395//4 1379//4
f 1379//4 1395//4 1396//4 1380//4
f 1380//4 1396//4 1397//4 1381//4
f 1381//4 1397//4 1398//4 1382//4
f 1382//4 1398//4 1399//4 1383//4
f 1383//4 1399//4 1400//4 1384//4
f 1384//4 1400//4 1401//4 1385//4
f 1385//4 1401//4 1402//4 1386//4
f 1386//4 1402//4 1403//4 1387//4
f 1388//4 1404//4 1405//4 1389//4
f 1389//4 1405//4 1406//4 1390//4
f 1390//4 1406//4 1407//4 1391//4
f 1391//4 1407//4 1408//4 1392//4
f 1392//4 1408//4 1409//4 1393//4
f 1393//4 1409//4 1410//4 1394//4
f 1394//4 1410//4 1411//4 1395//4
f 1395//4 1411//4 1412//4 1396//4
f 1396//4 1412//4 1413//4 1397//4
f 1397//4 1413//4 1414//4 1398//4
f 1398//4 1414//4 1415//4 1399//4
f 1399//4 1415//4 1416//4 1400//4
f 1400//4 1416//4 1417//4 1401//4
f 1401//4 1417//4 1418//4 1402//4
f 1402//4 1418//4 1419//4 1403//4
f 1404//4 1420//4 1421//4 1405//4
f 1405//4 1421//4 1422//4 1406//4
f 1406//4 1422//4 1423//4 1407//4
f 1407//4 1423//4 1424//4 1408//4
f 1408//4 1424//4 1425//4 1409//4
f 1409//4 1425//4 1426//4 1410//4
f 1410//4 1426//4 1427//4 1411//4
f 1411//4 1427//4 1428//4 1412//4
f 1412//4 1428//4 1429//4 1413//4
f 1413//4 1429//4 1430//4 1414//4
f 1414//4 1430//4 1431//4 1415//4
f 1415//4 1431//4 1432//4 1416//4
f 1416//4 1432//4 1433//4 1417//4
f 1417//4 1433//4 1434//4 1418//4
f 1418//4 1434//4 1435//4 1419//4
f 1420//4 1436//4 1437//4 1421//4
f 1421//4 1437//4 1438//4 1422//4
f 1422//4 1438//4 1439//4 1423//4
f 1423//4 1439//4 1440//4 1424//4
f 1424//4 1440//4 1441//4 1425//4
f 1425//4 1441//4 1442//4 1426//4
f 1426//4 1442//4 1443//4 1427//4
f 1427//4 1443//4 1444//4 1428//4
f 1428//4 1444//4 1445//4 1429//4
f 1429//4 1445//4 1446//4 1430//4
f 1430//4 1446//4 1447//4 1431//4
f 1431//4 1447//4 1448//4 1432//4
f 1432//4 1448//4 1449//4 1433//4
f 1433//4 1449//4 1450//4 1434//4
f 1434//4 1450//4 1451//4 1435//4
f 1436//4 1452//4 1453//4 1437//4
f 1437//4 1453//4 1454//4 1438//4
f 1438//4 1454//4 1455//4 1439//4
f 1439//4 1455//4 1456//4 1440//4
f 1440//4 1456//4 1457//4 1441//4
f 1441//4 1457//4 1458//4 1442//4
f 1442//4 1458//4 1459//4 1443//4
f 1443//4 1459//4 1460//4 1444//4
f 1444//4 1460//4 1461//4 1445//4
f 1445//4 1461//4 1462//4 1446//4
f 1446//4 1462//4 1463//4 1447//4
f 1447//4 1463//4 1464//4 1448//4
f 1448//4 1464//4 1465//4 1449//4
f 1449//4 1465//4 1466//4 1450//4
f 1450//4 1466//4 1467//4 1451//4
f 1452//4 1468//4 1469//4 1453//4
f 1453//4 1469//4 1470//4 1454//4
f 1454//4 1470//4 1471//4 1455//4
f 1455//4 1471//4 1472//4 1456//4
f 1456//4 1472//4 1473//4 1457//4
f 1457//4 1473//4 1474//4 1458//4
f 1458//4 1474//4 1475//4 1459//4
f 1459//4 1475//4 1476//4 1460//4
f 1460//4 1476//4 1477//4 1461//4
f 1461//4 1477//4 1478//4 1462//4
f 1462//4 1478//4 1479//4 1463//4
f 1463//4 1479//4 1480//4 1464//4
f 1464//4 1480//4 1481//4 1465//4
f 1465//4 1481//4 1482//4 1466//4
f 1466//4 1482//4 1483//4 1467//4
f 1468//4 1484//4 1485//4 1469//4
f 1469//4 1485//4 1486//4 1470//4
f 1470//4 1486//4 1487//4 1471//4
f 1471//4 1487//4 1488//4 1472//4
f 1472//4 1488//4 1489//4 1473//4
f 1473//4 1489//4 1490//4 1474//4
f 1474//4 1490//4 1491//4 1475//4
f 1475//4 1491//4 1492//4 1476//4
f 1476//4 1492//4 1493//4 1477//4
f 1477//4 1493//4 1494//4 1478//4
f 1478//4 1494//4 1495//4 1479//4
f 1479//4 1495//4 1496//4 1480//4
f 1480//4 1496//4 1497//4 1481//4
f 1481//4 1497//4 1498//4 1482//4
f 1482//4 1498//4 1499//4 1483//4
f 1484//4 1500//4 1501//4 1485//4
f 1485//4 1501//4 1502//4 1486//4
f 1486//4 1502//4 1503//4 1487//4
f 1487//4 1503//4 1504//4 1488//4
f 1488//4 1504//4 1505//4 1489//4
f 1489//4 1505//4 1506//4 1490//4
f 1490//4 1506//4 1507//4 1491//4
f 1491//4 1507//4 1508//4 1492//4
f 1492//4 1508//4 1509//4 1493//4
f 1493//4 1509//4 1510//4 1494//4
f 1494//4 1510//4 1511//4 1495//4
f 1495//4 1511//4 1512//4 1496//4
f 1496//4 1512//4 1513//4 1497//4
f 1497//4 1513//4 1514//4 1498//4
f 1498//4 1514//4 1515//4 1499//4
f 1500//4 1516//4 1517//4 1501//4
f 1501//4 1517//4 1518//4 1502//4
f 1502//4 1518//4 1519//4 1503//4
f 1503//4 1519//4 1520//4 1504//4
f 1504//4 1520//4 1521//4 1505//4
f 1505//4 1521//4 1522//4 1506//4
f 1506//4 1522//4 1523//4 1507//4
f 1507//4 1523//4 1524//4 1508//4
f 1508//4 1524//4 1525//4 1509//4
f 1509//4 1525//4 1526//4 1510//4
f 1510//4 1526//4 1527//4 1511//4
f 1511//4 1527//4 1528//4 1512//4
f 1512//4 1528//4 1529//4 1513//4
f 1513//4 1529//4 1530//4 1514//4
f 1514//4 1530//4 1531//4 1515//4
f 1516//4 1532//4 1533//4 1517//4
f 1517//4 1533//4 1534//4 1518//4
f 1518//4 1534//4 1535//4 1519//4
f 1519//4 1535//4 1536//4 1520//4
f 1520//4 1536//4 1537//4 1521//4
f 1521//4 1537//4 1538//4 1522//4
f 1522//4 1538//4 1539//4 1523//4
f 1523//4 1539//4 1540//4 1524//4
f 1524//4 1540//4 1541//4 1525//4
f 1525//4 1541//4 1542//4 1526//4
f 1526//4 1542//4 1543//4 1527//4
f 1527//4 1543//4 1544//4 1528//4
f 1528//4 1544//4 1545//4 1529//4
f 1529//4 1545//4 1546//4 1530//4
f 1530//4 1546//4 1547//4 1531//4
f 1532//4 1548//4 1549//4 1533//4
f 1533//4 1549//4 1550//4 1534//4
f 1534//4 1550//4 1551//4 1535//4
f 1535//4 1551//4 1552//4 1536//4
f 1536//4 1552//4 1553//4 1537//4
f 1537//4 1553//4 1554//4 1538//4
f 1538//4 1554//4 1555//4 1539//4
f 1539//4 1555//4 1556//4 1540//4
f 1540//4 1556//4 1557//4 1541//4
f 1541//4 1557//4 1558//4 1542//4
f 1542//4 1558//4 1559//4 1543//4
f 1543//4 1559//4 1560//4 1544//4
f 1544//4 1560//4 1561//4 1545//4
f 1545//4 1561//4 1562//4 1546//4
f 1546//4 1562//4 1563//4 1547//4
f 1548//4 1564//4 1565//4 1549//4
f 1549//4 1565//4 1566//4 1550//4
f 1550//4 1566//4 1567//4 1551//4
f 1551//4 1567//4 1568//4 1552//4
f 1552//4 1568//4 1569//4 1553//4
f 1553//4 1569//4 1570//4 1554//4
f 1554//4 1570//4 1571//4 1555//4
f 1555//4 1571//4 1572//4 1556//4
f 1556//4 1572//4 1573//4 1557//4
f 1557//4 1573//4 1574//4 1558//4
f 1558//4 1574//4 1575//4 1559//4
f 1559//4 1575//4 1576//4 1560//4
f 1560//4 1576//4 1577//4 1561//4
f 1561//4 1577//4 1578//4 1562//4
f 1562//4 1578//4 1579//4 1563//4
f 1564//4 1580//4 1581//4 1565//4
f 1565//4 1581//4 1582//4 1566//4
f 1566//4 1582//4 1583//4 1567//4
f 1567//4 1583//4 1584//4 1568//4
f 1568//4 1584//4 1585//4 1569//4
f 1569//4 1585//4 1586//4 1570//4
f 1570//4 1586//4 1587//4 1571//4
f 1571//4 1587//4 1588//4 1572//4
f 1572//4 1588//4 1589//4 1573//4
f 1573//4 1589//4 1590//4 1574//4
f 1574//4 1590//4 1591//4 1575//4
f 1575//4 1591//4 1592//4 1576//4
f 1576//4 1592//4 1593//4 1577//4
f 1577//4 1593//4 1594//4 1578//4
f 1578//4 1594//4 1595//4 1579//4
f 1580//4 1596//4 1597//4 1581//4
f 1581//4 1597//4 1598//4 1582//4
f 1582//4 1598//4 1599//4 1583//4
f 1583//4 1599//4 1600//4 1584//4
f 1584//4 1600//4 1601//4 1585//4
f 1585//4 1601//4 1602//4 1586//4
f 1586//4 1602//4 1603//4 1587//4
f 1587//4 1603//4 1604//4 1588//4
f 1588//4 1604//4 1605//4 1589//4
f 1589//4 1605//4 1606//4 1590//4
f 1590//4 1606//4 1607//4 1591//4
f 1591//4 1607//4 1608//4 1592//4
f 1592//4 1608//4 1609//4 1593//4
f 1593//4 1609//4 1610//4 1594//4
f 1594//4 1610//4 1611//4 1595//4
f 1596//4 1612//4 1613//4 1597//4
f 1597//4 1613//4 1614//4 1598//4
f 1598//4 1614//4 1615//4 1599//4
f 1599//4 1615//4 1616//4 1600//4
f 1600//4 1616//4 1617//4 1601//4
f 1601//4 1617//4 1618//4 1602//4
f 1602//4 1618//4 1619//4 1603//4
f 1603//4 1619//4 1620//4 1604//4
f 1604//4 1620//4 1621//4 1605//4
f 1605//4 1621//4 1622//4 1606//4
f 1606//4 1622//4 1623//4 1607//4
f 1607//4 1623//4 1624//4 1608//4
f 1608//4 1624//4 1625//4 1609//4
f 1609//4 1625//4 1626//4 1610//4
f 1610//4 1626//4 1627//4 1611//4
f 1612//4 1628//4 1629//4 1613//4
f 1613//4 1629//4 1630//4 1614//4
f 1614//4 1630//4 1631//4 1615//4
f 1615//4 1631//4 1632//4 1616//4
f 1616//4 1632//4 1633//4 1617//4
f 1617//4 1633//4 1634//4 1618//4
f 1618//4 1634//4 1635//4 1619//4
f 1619//4 1635//4 1636//4 1620//4
f 1620//4 1636//4 1637//4 1621//4
f 1621//4 1637//4 1638//4 1622//4
f 1622//4 1638//4 1639//4 1623//4
f 1623//4 1639//4 1640//4 1624//4
f 1624//4 1640//4 1641//4 1625//4
f 1625//4 1641//4 1642//4 1626//4
f 1626//4 1642//4 1643//4 1627//4
f 1628//4 1644//4 1645//4 1629//4
f 1629//4 1645//4 1646//4 1630//4
f 1630//4 1646//4 1647//4 1631//4
f 1631//4 1647//4 1648//4 1632//4
f 1632//4 1648//4 1649//4 1633//4
f 1633//4 1649//4 1650//4 1634//4
f 1634//4 1650//4 1651//4 1635//4
f 1635//4 1651//4 1652//4 1636//4
f 1636//4 1652//4 1653//4 1637//4
f 1637//4 1653//4 1654//4 1638//4
f 1638//4 1654//4 1655//4 1639//4
f 1639//4 1655//4 1656//4 1640//4
f 1640//4 1656//4 1657//4 1641//4
f 1641//4 1657//4 1658//4 1642//4
f 1642//4 1658//4 1659//4 1643//4
f 1660//5 1661//5 1662//5 1663//5
f 1663//5 1662//5 1664//5 1665//5
f 1665//5 1664//5 1666//5 1667//5
f 1667//5 1666//5 1668//5 1669//5
f 1669//5 1668//5 1670//5 1671//5
f 1671//5 1670//5 1672//5 1673//5
f 1673//5 1672//5 1674//5 1675//5
f 1675//5 1674//5 1676//5 1677//5
f 1677//5 1676//5 1678//5 1679//5
f 1679//5 1678//5 1680//5 1681//5
f 1681//5 1680//5 1682//5 1683//5
f 1683//5 1682//5 1684//5 1685//5
f 1685//5 1684//5 1686//5 1687//5
f 1687//5 1686//5 1688//5 1689//5
f 1689//5 1688//5 1690//5 1691//5
f 1691//5 1690//5 1692//5 1693//5
f 1693//5 1692//5 1694//5 1695//5
f 1695//5 1694//5 1696//5 1697//5
f 1697//5 1696//5 1698//5 1699//5
f 1699//5 1698//5 1700//5 1701//5
f 1661//5 1702//5 1703//5 1662//5
f 1662//5 1703//5 1704//5 1664//5
f 1664//5 1704//5 1705//5 1666//5
f 1666//5 1705//5 1706//5 1668//5
f 1668//5 1706//5 1707//5 1670//5
f 1670//5 1707//5 1708//5 1672//5
f 1672//5 1708//5 1709//5 1674//5
f 1674//5 1709//5 1710//5 1676//5
f 1676//5 1710//5 1711//5 1678//5
f 1678//5 1711//5 1712//5 1680//5
f 1680//5 1712//5 1713//5 1682//5
f 1682//5 1713//5 1714//5 1684//5
f 1684//5 1714//5 1715//5 1686//5
f 1686//5 1715//5 1716//5 1688//5
f 1688//5 1716//5 1717//5 1690//5
f 1690//5 1717//5 1718//5 1692//5
f 1692//5 1718//5 1719//5 1694//5
f 1694//5 1719//5 1720//5 1696//5
f 1696//5 1720//5 1721//5 1698//5
f 1698//5 1721//5 1722//5 1700//5
f 1702//5 1723//5 1724//5 1703//5
f 1703//5 1724//5 1725//5 1704//5
f 1704//5 1725//5 1726//5 1705//5
f 1705//5 1726//5 1727//5 1706//5
f 1706//5 1727//5 1728//5 1707//5
f 1707//5 1728//5 1729//5 1708//5
f 1708//5 1729//5 1730//5 1709//5
f 1709//5 1730//5 1731//5 1710//5
f 1710//5 1731//5 1732//5 1711//5
f 1711//5 1732//5 1733//5 1712//5
f 1712//5 1733//5 1734//5 1713//5
f 1713//5 1734//5 1735//5 1714//5
f 1714//5 1735//5 1736//5 1715//5
f 1715//5 1736//5 1737//5 1716//5
f 1716//5 1737//5 1738//5 1717//5
f 1717//5 1738//5 1739//5 1718//5
f 1718//5 1739//5 1740//5 1719//5
f 1719//5 1740//5 1741//5 1720//5
f 1720//5 1741//5 1742//5 1721//5
f 1721//5 1742//5 1743//5 1722//5
f 1723//5 1744//5 1745//5 1724//5
f 1724//5 1745//5 1746//5 1725//5
f 1725//5 1746//5 1747//5 1726//5
f 1726//5 1747//5 1748//5 1727//5
f 1727//5 1748//5 1749//5 1728//5
f 1728//5 1749//5 1750//5 1729//5
f 1729//5 1750//5 1751//5 1730//5
f 1730//5 1751//5 1752//5 1731//5
f 1731//5 1752//5 1753//5 1732//5
f 1732//5 1753//5 1754//5 1733//5
f 1733//5 1754//5 1755//5 1734//5
f 1734//5 1755//5 1756//5 1735//5
f 1735//5 1756//5 1757//5 1736//5
f 1736//5 1757//5 1758//5 1737//5
f 1737//5 1758//5 1759//5 1738//5
f 1738//5 1759//5 1760//5 1739//5
f 1739//5 1760//5 1761//5 1740//5
f 1740//5 1761//5 1762//5 1741//5
f 1741//5 1762//5 1763//5 1742//5
f 1742//5 1763//5 1764//5 1743//5
f 1744//5 1765//5 1766//5 1745//5
f 1745//5 1766//5 1767//5 1746//5
f 1746//5 1767//5 1768//5 1747//5
f 1747//5 1768//5 1769//5 1748//5
f 1748//5 1769//5 1770//5 1749//5
f 1749//5 1770//5 1771//5 1750//5
f 1750//5 1771//5 1772//5 1751//5
f 1751//5 1772//5 1773//5 1752//5
f 1752//5 1773//5 1774//5 1753//5
f 1753//5 1774//5 1775//5 1754//5
f 1754//5 1775//5 1776//5 1755//5
f 1755//5 1776//5 1777//5 1756//5
f 1756//5 1777//5 1778//5 1757//5
f 1757//5 1778//5 1779//5 1758//5
f 1758//5 1779//5 1780//5 1759//5
f 1759//5 1780//5 1781//5 1760//5
f 1760//5 1781//5 1782//5 1761//5
f 1761//5 1782//5 1783//5 1762//5
f 1762//5 1783//5 1784//5 1763//5
f 1763//5 1784//5 1785//5 1764//5
f 1765//5 1786//5 1787//5 1766//5
f 1766//5 1787//5 1788//5 1767//5
f 1767//5 1788//5 1789//5 1768//5
f 1768//5 1789//5 1790//5 1769//5
f 1769//5 1790//5 1791//5 1770//5
f 1770//5 1791//5 1792//5 1771//5
f 1771//5 1792//5 1793//5 1772//5
f 1772//5 1793//5 1794//5 1773//5
f 1773//5 1794//5 1795//5 1774//5
f 1774//5 1795//5 1796//5 1775//5
f 1775//5 1796//5 1797//5 1776//5
f 1776//5 1797//5 1798//5 1777//5
f 1777//5 1798//5 1799//5 1778//5
f 1778//5 1799//5 1800//5 1779//5
f 1779//5 1800//5 1801//5 1780//5
f 1780//5 1801//5 1802//5 1781//5
f 1781//5 1802//5 1803//5 1782//5
f 1782//5 1803//5 1804//5 1783//5
f 1783//5 1804//5 1805//5 1784//5
f 1784//5 1805//5 1806//5 1785//5
f 1786//5 1807//5 1808//5 1787//5
f 1787//5 1808//5 1809//5 1788//5
f 1788//5 1809//5 1810//5 1789//5
f 1789//5 1810//5 1811//5 1790//5
f 1790//5 1811//5 1812//5 1791//5
f 1791//5 1812//5 1813//5 1792//5
f 1792//5 1813//5 1814//5 1793//5
f 1793//5 1814//5 1815//5 1794//5
f 1794//5 1815//5 1816//5 1795//5
f 1795//5 1816//5 1817//5 1796//5
f 1796//5 1817//5 1818//5 1797//5
f 1797//5 1818//5 1819//5 1798//5
f 1798//5 1819//5 1820//5 1799//5
f 1799//5 1820//5 1821//5 1800//5
f 1800//5 1821//5 1822//5 1801//5
f 1801//5 1822//5 1823//5 1802//5
f 1802//5 1823//5 1824//5 1803//5
f 1803//5 1824//5 1825//5 1804//5
f 1804//5 1825//5 1826//5 1805//5
f 1805//5 1826//5 1827//5 1806//5
f 1807//5 1828//5 1829//5 1808//5
f 1808//5 1829//5 1830//5 1809//5
f 1809//5 1830//5 1831//5 1810//5
f 1810//5 1831//5 1832//5 1811//5
f 1811//5 1832//5 1833//5 1812//5
f 1812//5 1833//5 1834//5 1813//5
f 1813//5 1834//5 1835//5 1814//5
f 1814//5 1835//5 1836//5 1815//5
f 1815//5 1836//5 1837//5 1816//5
f 1816//5 1837//5 1838//5 1817//5
f 1817//5 1838//5 1839//5 1818//5
f 1818//5 1839//5 1840//5 1819//5
f 1819//5 1840//5 1841//5 1820//5
f 1820//5 1841//5 1842//5 1821//5
f 1821//5 1842//5 1843//5 1822//5
f 1822//5 1843//5 1844//5 1823//5
f 1823//5 1844//5 1845//5 1824//5
f 1824//5 1845//5 1846//5 1825//5
f 1825//5 1846//5 1847//5 1826//5
f 1826//5 1847//5 1848//5 1827//5
f 1828//5 1849//5 1850//5 1829//5
f 1829//5 1850//5 1851//5 1830//5
f 1830//5 1851//5 1852//5 1831//5
f 1831//5 1852//5 1853//5 1832//5
f 1832//5 1853//5 1854//5 1833//5
f 1833//5 1854//5 1855//5 1834//5
f 1834//5 1855//5 1856//5 1835//5
f 1835//5 1856//5 1857//5 1836//5
f 1836//5 1857//5 1858//5 1837//5
f 1837//5 1858//5 1859//5 1838//5
f 1838//5 1859//5 1860//5 1839//5
f 1839//5 1860//5 1861//5 1840//5
f 1840//5 1861//5 1862//5 1841//5
f 1841//5 1862//5 1863//5 1842//5
f 1842//5 1863//5 1864//5 1843//5
f 1843//5 1864//5 1865//5 1844//5
f 1844//5 1865//5 1866//5 1845//5
f 1845//5 1866//5 1867//5 1846//5
f 1846//5 1867//5 1868//5 1847//5
f 1847//5 1868//5 1869//5 1848//5
f 1849//5 1870//5 1871//5 1850//5
f 1850//5 1871//5 1872//5 1851//5
f 1851//5 1872//5 1873//5 1852//5
f 1852//5 1873//5 1874//5 1853//5
f 1853//5 1874//5 1875//5 1854//5
f 1854//5 1875//5 1876//5 1855//5
f 1855//5 1876//5 1877//5 1856//5
f 1856//5 1877//5 1878//5 1857//5
f 1857//5 1878//5 1879//5 1858//5
f 1858//5 1879//5 1880//5 1859//5
f 1859//5 1880//5 1881//5 1860//5
f 1860//5 1881//5 1882//5 1861//5
f 1861//5 1882//5 1883//5 1862//5
f 1862//5 1883//5 1884//5 1863//5
f 1863//5 1884//5 1885//5 1864//5
f 1864//5 1885//5 1886//5 1865//5
f 1865//5 1886//5 1887//5 1866//5
f 1866//5 1887//5 1888//5 1867//5
f 1867//5 1888//5 1889//5 1868//5
f 1868//5 1889//5 1890//5 1869//5
f 1870//5 1891//5 1892//5 1871//5
f 1871//5 1892//5 1893//5 1872//5
f 1872//5 1893//5 1894//5 1873//5
f 1873//5 1894//5 1895//5 1874//5
f 1874//5 1895//5 1896//5 1875//5
f 1875//5 1896//5 1897//5 1876//5
f 1876//5 1897//5 1898//5 1877//5
f 1877//5 1898//5 1899//5 1878//5
f 1878//5 1899//5 1900//5 1879//5
f 1879//5 1900//5 1901//5 1880//5
f 1880//5 1901//5 1902//5 1881//5
f 1881//5 1902//5 1903//5 1882//5
f 1882//5 1903//5 1904//5 1883//5
f 1883//5 1904//5 1905//5 1884//5
f 1884//5 1905//5 1906//5 1885//5
f 1885//5 1906//5 1907//5 1886//5
f 1886//5 1907//5 1908//5 1887//5
f 1887//5 1908//5 1909//5 1888//5
f 1888//5 1909//5 1910//5 1889//5
f 1889//5 1910//5 1911//5 1890//5
f 1891//5 1912//5 1913//5 1892//5
f 1892//5 1913//5 1914//5 1893//5
f 1893//5 1914//5 1915//5 1894//5
f 1894//5 1915//5 1916//5 1895//5
f 1895//5 1916//5 1917//5 1896//5
f 1896//5 1917//5 1918//5 1897//5
f 1897//5 1918//5 1919//5 1898//5
f 1898//5 1919//5 1920//5 1899//5
f 1899//5 1920//5 1921//5 1900//5
f 1900//5 1921//5 1922//5 1901//5
f 1901//5 1922//5 1923//5 1902//5
f 1902//5 1923//5 1924//5 1903//5
f 1903//5 1924//5 1925//5 1904//5
f 1904//5 1925//5 1926//5 1905//5
f 1905//5 1926//5 1927//5 1906//5
f 1906//5 1927//5 1928//5 1907//5
f 1907//5 1928//5 1929//5 1908//5
f 1908//5 1929//5 1930//5 1909//5
f 1909//5 1930//5 1931//5 1910//5
f 1910//5 1931//5 1932//5 1911//5
f 1912//5 1933//5 1934//5 1913//5
f 1913//5 1934//5 1935//5 1914//5
f 1914//5 1935//5 1936//5 1915//5
f 1915//5 1936//5 1937//5 1916//5
f 1916//5 1937//5 1938//5 1917//5
f 1917//5 1938//5 1939//5 1918//5
f 1918//5 1939//5 1940//5 1919//5
f 1919//5 1940//5 1941//5 1920//5
f 1920//5 1941//5 1942//5 1921//5
f 1921//5 1942//5 1943//5 1922//5
f 1922//5 1943//5 1944//5 1923//5
f 1923//5 1944//5 1945//5 1924//5
f 1924//5 1945//5 1946//5 1925//5
f 1925//5 1946//5 1947//5 1926//5
f 1926//5 1947//5 1948//5 1927//5
f 1927//5 1948//5 1949//5 1928//5
f 1928//5 1949//5 1950//5 1929//5
f 1929//5 1950//5 1951//5 1930//5
f 1930//5 1951//5 1952//5 1931//5
f 1931//5 1952//5 1953//5 1932//5
f 1933//5 1954//5 1955//5 1934//5
f 1934//5 1955//5 1956//5 1935//5
f 1935//5 1956//5 1957//5 1936//5
f 1936//5 1957//5 1958//5 1937//5
f 1937//5 1958//5 1959//5 1938//5
f 1938//5 1959//5 1960//5 1939//5
f 1939//5 1960//5 1961//5 1940//5
f 1940//5 1961//5 1962//5 1941//5
f 1941//5 1962//5 1963//5 1942//5
f 1942//5 1963//5 1964//5 1943//5
f 1943//5 1964//5 1965//5 1944//5
f 1944//5 1965//5 1966//5 1945//5
f 1945//5 1966//5 1967//5 1946//5
f 1946//5 1967//5 1968//5 1947//5
f 1947//5 1968//5 1969//5 1948//5
f 1948//5 1969//5 1970//5 1949//5
f 1949//5 1970//5 1971//5 1950//5
f 1950//5 1971//5 1972//5 1951//5
f 1951//5 1972//5 1973//5 1952//5
f 1952//5 1973//5 1974//5 1953//5
f 1954//5 1975//5 1976//5 1955//5
f 1955//5 1976//5 1977//5 1956//5
f 1956//5 1977//5 1978//5 1957//5
f 1957//5 1978//5 1979//5 1958//5
f 1958//5 1979//5 1980//5 1959//5
f 1959//5 1980//5 1981//5 1960//5
f 1960//5 1981//5 1982//5 1961//5
f 1961//5 1982//5 1983//5 1962//5
f 1962//5 1983//5 1984//5 1963//5
f 1963//5 1984//5 1985//5 1964//5
f 1964//5 1985//5 1986//5 1965//5
f 1965//5 1986//5 1987//5 1966//5
f 1966//5 1987//5 1988//5 1967//5
f 1967//5 1988//5 1989//5 1968//5
f 1968//5 1989//5 1990//5 1969//5
f 1969//5 1990//5 1991//5 1970//5
f 1970//5 1991//5 1992//5 1971//5
f 1971//5 1992//5 1993//5 1972//5
f 1972//5 1993//5 1994//5 1973//5
f 1973//5 1994//5 1995//5 1974//5
f 1975//5 1996//5 1997//5 1976//5
f 1976//5 1997//5 1998//5 1977//5
f 1977//5 1998//5 1999//5 1978//5
f 1978//5 1999//5 2000//5 1979//5
f 1979//5 2000//5 2001//5 1980//5
f 1980//5 2001//5 2002//5 1981//5
f 1981//5 2002//5 2003//5 1982//5
f 1982//5 2003//5 2004//5 1983//5
f 1983//5 2004//5 2005//5 1984//5
f 1984//5 2005//5 2006//5 1985//5
f 1985//5 2006//5 2007//5 1986//5
f 1986//5 2007//5 2008//5 1987//5
f 1987//5 2008//5 2009//5 1988//5
f 1988//5 2009//5 2010//5 1989//5
f 1989//5 2010//5 2011//5 1990//5
f 1990//5 2011//5 2012//5 1991//5
f 1991//5 2012//5 2013//5 1992//5
f 1992//5 2013//5 2014//5 1993//5
f 1993//5 2014//5 2015//5 1994//5
f 1994//5 2015//5 2016//5 1995//5
f 1996//5 2017//5 2018//5 1997//5
f 1997//5 2018//5 2019//5 1998//5
f 1998//5 2019//5 2020//5 1999//5
f 1999//5 2020//5 2021//5 2000//5
f 2000//5 2021//5 2022//5 2001//5
f 2001//5 2022//5 2023//5 2002//5
f 2002//5 2023//5 2024//5 2003//5
f 2003//5 2024//5 2025//5 2004//5
f 2004//5 2025//5 2026//5 2005//5
f 2005//5 2026//5 2027//5 2006//5
f 2006//5 2027//5 2028//5 2007//5
f 2007//5 2028//5 2029//5 2008//5
f 2008//5 2029//5 2030//5 2009//5
f 2009//5 2030//5 2031//5 2010//5
f 2010//5 2031//5 2032//5 2011//5
f 2011//5 2032//5 2033//5 2012//5
f 2012//5 2033//5 2034//5 2013//5
f 2013//5 2034//5 2035//5 2014//5
f 2014//5 2035//5 2036//5 2015//5
f 2015//5 2036//5 2037//5 2016//5
f 2017//5 2038//5 2039//5 2018//5
f 2018//5 2039//5 2040//5 2019//5
f 2019//5 2040//5 2041//5 2020//5
f 2020//5 2041//5 2042//5 2021//5
f 2021//5 2042//5 2043//5 2022//5
f 2022//5 2043//5 2044//5 2023//5
f 2023//5 2044//5 2045//5 2024//5
f 2024//5 2045//5 2046//5 2025//5
f 2025//5 2046//5 2047//5 2026//5
f 2026//5 2047//5 2048//5 2027//5
f 2027//5 2048//5 2049//5 2028//5
f 2028//5 2049//5 2050//5 2029//5
f 2029//5 2050//5 2051//5 2030//5
f 2030//5 2051//5 2052//5 2031//5
f 2031//5 2052//5 2053//5 2032//5
f 2032//5 2053//5 2054//5 2033//5
f 2033//5 2054//5 2055//5 2034//5
f 2034//5 2055//5 2056//5 2035//5
f 2035//5 2056//5 2057//5 2036//5
f 2036//5 2057//5 2058//5 2037//5
f 2038//5 2059//5 2060//5 2039//5
f 2039//5 2060//5 2061//5 2040//5
f 2040//5 2061//5 2062//5 2041//5
f 2041//5 2062//5 2063//5 2042//5
f 2042//5 2063//5 2064//5 2043//5
f 2043//5 2064//5 2065//5 2044//5
f 2044//5 2065//5 2066//5 2045//5
f 2045//5 2066//5 2067//5 2046//5
f 2046//5 2067//5 2068//5 2047//5
f 2047//5 2068//5 2069//5 2048//5
f 2048//5 2069//5 2070//5 2049//5
f 2049//5 2070//5 2071//5 2050//5
f 2050//5 2071//5 2072//5 2051//5
f 2051//5 2072//5 2073//5 2052//5
f 2052//5 2073//5 2074//5 2053//5
f 2053//5 2074//5 2075//5 2054//5
f 2054//5 2075//5 2076//5 2055//5
f 2055//5 2076//5 2077//5 2056//5
f 2056//5 2077//5 2078//5 2057//5
f 2057//5 2078//5 2079//5 2058//5
f 2059//5 2080//5 2081//5 2060//5
f 2060//5 2081//5 2082//5 2061//5
f 2061//5 2082//5 2083//5 2062//5
f 2062//5 2083//5 2084//5 2063//5
f 2063//5 2084//5 2085//5 2064//5
f 2064//5 2085//5 2086//5 2065//5
f 2065//5 2086//5 2087//5 2066//5
f 2066//5 2087//5 2088//5 2067//5
f 2067//5 2088//5 2089//5 2068//5
f 2068//5 2089//5 2090//5 2069//5
f 2069//5 2090//5 2091//5 2070//5
f 2070//5 2091//5 2092//5 2071//5
f 2071//5 2092//5 2093//5 2072//5
f 2072//5 2093//5 2094//5 2073//5
f 2073//5 2094//5 2095//5 2074//5
f 2074//5 2095//5 2096//5 2075//5
f 2075//5 2096//5 2097//5 2076//5
f 2076//5 2097//5 2098//5 2077//5
f 2077//5 2098//5 2099//5 2078//5
f 2078//5 2099//5 2100//5 2079//5
f 2101//6 2102//6 2103//6 2104//6
f 2104//6 2103//6 2105//6 2106//6
f 2106//6 2105//6 2107//6 2108//6
f 2102//6 2109//6 2110//6 2103//6
f 2103//6 2110//6 2111//6 2105//6
f 2105//6 2111//6 2112//6 2107//6
f 2109//6 2113//6 2114//6 2110//6
f 2110//6 2114//6 2115//6 2111//6
f 2111//6 2115//6 2116//6 2112//6
f 2113//6 2117//6 2118//6 2114//6
f 2114//6 2118//6 2119//6 2115//6
f 2115//6 2119//6 2120//6 2116//6
f 2117//6 2121//6 2122//6 2118//6
f 2118//6 2122//6 2123//6 2119//6
f 2119//6 2123//6 2124//6 2120//6
f 2121//6 2125//6 2126//6 2122//6
f 2122//6 2126//6 2127//6 2123//6
f 2123//6 2127//6 2128//6 2124//6
f 2125//6 2129//6 2130//6 2126//6
f 2126//6 2130//6 2131//6 2127//6
f 2127//6 2131//6 2132//6 2128//6
f 2129//6 2133//6 2134//6 2130//6
f 2130//6 2134//6 2135//6 2131//6
f 2131//6 2135//6 2136//6 2132//6
f 2133//6 2137//6 2138//6 2134//6
f 2134//6 2138//6 2139//6 2135//6
f 2135//6 2139//6 2140//6 2136//6
f 2137//6 2141//6 2142//6 2138//6
f 2138//6 2142//6 2143//6 2139//6
f 2139//6 2143//6 2144//6 2140//6
f 2141//6 2145//6 2146//6 2142//6
f 2142//6 2146//6 2147//6 2143//6
f 2143//6 2147//6 2148//6 2144//6
f 2145//6 2149//6 2150//6 2146//6
f 2146//6 2150//6 2151//6 2147//6
f 2147//6 2151//6 2152//6 2148//6
f 2149//6 2153//6 2154//6 2150//6
f 2150//6 2154//6 2155//6 2151//6
f 2151//6 2155//6 2156//6 2152//6
f 2153//6 2157//6 2158//6 2154//6
f 2154//6 2158//6 2159//6 2155//6
f 2155//6 2159//6 2160//6 2156//6
f 2157//6 2161//6 2162//6 2158//6
f 2158//6 2162//6 2163//6 2159//6
f 2159//6 2163//6 2164//6 2160//6
f 2161//6 2165//6 2166//6 2162//6
f 2162//6 2166//6 2167//6 2163//6
f 2163//6 2167//6 2168//6 2164//6
f 2165//6 2169//6 2170//6 2166//6
f 2166//6 2170//6 2171//6 2167//6
f 2167//6 2171//6 2172//6 2168//6
f 2169//6 2173//6 2174//6 2170//6
f 2170//6 2174//6 2175//6 2171//6
f 2171//6 2175//6 2176//6 2172//6
f 2173//6 2177//6 2178//6 2174//6
f 2174//6 2178//6 2179//6 2175//6
f 2175//6 2179//6 2180//6 2176//6
f 2177//6 2181//6 2182//6 2178//6
f 2178//6 2182//6 2183//6 2179//6
f 2179//6 2183//6 2184//6 2180//6
f 2185//7 2186//7 2187//7 2188//7
f 2188//7 2187//7 2189//8 2190//7
f 2190//7 2189//8 2191//9 2192//10
f 2192//10 2191//9 2193//7 2194//7
f 2194//7 2193//7 2195//9 2196//7
f 2196//7 2195//9 2197//9 2198//7
f 2198//7 2197//9 2199//8 2200//7
f 2200//7 2199//8 2201//11 2202//9
f 2186//7 2203//8 2204//12 2187//7
f 2187//7 2204//12 2205//9 2189//8
f 2189//8 2205//9 2206//9 2191//9
f 2191//9 2206//9 2207//7 2193//7
f 2193//7 2207//7 2208//9 2195//9
f 2195//9 2208//9 2209//9 2197//9
f 2197//9 2209//9 2210//7 2199//8
f 2199//8 2210//7 2211//7 2201//11
f 2203//8 2212//8 2213//7 2204//12
f 2204//12 2213//7 2214//8 2205//9
f 2205//9 2214//8 2215//9 2206//9
f 2206//9 2215//9 2216//7 2207//7
f 2207//7 2216//7 2217//9 2208//9
f 2208//9 2217//9 2218//9 2209//9
f 2209//9 2218//9 2219//12 2210//7
f 2210//7 2219//12 2220//9 2211//7
f 2212//8 2221//7 2222//12 2213//7
f 2213//7 2222//12 2223//13 2214//8
f 2214//8 2223//13 2224//9 2215//9
f 2215//9 2224//9 2225//7 2216//7
f 2216//7 2225//7 2226//9 2217//9
f 2217//9 2226//9 2227//9 2218//9
f 2218//9 2227//9 2228//7 2219//12
f 2219//12 2228//7 2229//7 2220//9
f 2221//7 2230//8 2231//7 2222//12
f 2222//12 2231//7 2232//9 2223//13
f 2223//13 2232//9 2233//9 2224//9
f 2224//9 2233//9 2234//7 2225//7
f 2225//7 2234//7 2235//9 2226//9
f 2226//9 2235//9 2236//9 2227//9
f 2227//9 2236//9 2237//11 2228//7
f 2228//7 2237//11 2238//11 2229//7
f 2230//8 2239//7 2240//7 2231//7
f 2231//7 2240//7 2241//9 2232//9
f 2232//9 2241//9 2242//9 2233//9
f 2233//9 2242//9 2243//7 2234//7
f 2234//7 2243//7 2244//9 2235//9
f 2235//9 2244//9 2245//9 2236//9
f 2236//9 2245//9 2246//7 2237//11
f 2237//11 2246//7 2247//7 2238//11
f 2239//7 2248//7 2249//8 2240//7
f 2240//7 2249//8 2250//9 2241//9
f 2241//9 2250//9 2251//9 2242//9
f 2242//9 2251//9 2252//7 2243//7
f 2243//7 2252//7 2253//9 2244//9
f 2244//9 2253//9 2254//9 2245//9
f 2245//9 2254//9 2255//7 2246//7
f 2246//7 2255//7 2256//9 2247//7
f 2248//7 2257//8 2258//7 2249//8
f 2249//8 2258//7 2259//9 2250//9
f 2250//9 2259//9 2260//13 2251//9
f 2251//9 2260//13 2261//7 2252//7
f 2252//7 2261//7 2262//12 2253//9
f 2253//9 2262//12 2263//12 2254//9
f 2254//9 2263//12 2264//7 2255//7
f 2255//7 2264//7 2265//7 2256//9
f 2257//8 2266//7 2258//7
f 2258//7 2266//7 2267//13 2259//9
f 2259//9 2267//13 2260//13
f 2260//13 2267//13 2268//9 2261//7
f 2261//7 2268//9 2262//12
f 2262//12 2268//9 2269//12 2263//12
f 2263//12 2269//12 2264//7
f 2264//7 2269//12 2270//7 2265//7
f 2266//7 2271//7 2272//12 2267//13
f 2267//13 2272//12 2273//9 2268//9
f 2268//9 2273//9 2274//12 2269//12
f 2269//12 2274//12 2275//7 2270//7
f 2271//7 2276//7 2278//7 2272//12
f 4261//5 4263//5 4264//6 4262//6
f 2272//12 2278//7 2279//9 2273//9
f 2273//9 2279//9 2280//12 2274//12
f 2274//12 2280//12 2281//7 2275//7
f 2276//7 2282//7 2283//7
f 2276//7 2283//7 2284//9 2278//7
f 2278//7 2284//9 2285//11
f 2278//7 2285//11 2286//7 2279//9
f 2279//9 2286//7 2287//12
f 2279//9 2287//12 2288//12 2280//12
f 2280//12 2288//12 2289//12
f 2280//12 2289//12 2290//7 2281//7
f 2282//7 2291//7 2292//7 2283//7
f 2283//7 2292//7 2293//9 2284//9
f 2284//9 2293//9 2294//8 2285//11
f 2285//11 2294//8 2295//7 2286//7
f 2286//7 2295//7 2296//7 2287//12
f 2287//12 2296//7 2297//9 2288//12
f 2288//12 2297//9 2306//7 2289//12
f 2289//12 2306//7 2299//7 2290//7
f 2291//7 2300//7 2301//7 2292//7
f 2292//7 2301//7 2302//9 2293//9
f 2293//9 2302//9 2303//9 2294//8
f 2294//8 2303//9 2304//12 2295//7
f 2295//7 2304//12 2305//12 2296//7
f 2296//7 2305//12 2313//12 2297//9
f 2297//9 2313//12 2314//7 2306//7
s 0
f 4249//5 4251//5 4252//14 4250//1
s 1
f 2300//7 2307//8 2308//12 2301//7
f 2301//7 2308//12 2309//9 2302//9
f 2302//9 2309//9 2310//9 2303//9
f 2303//9 2310//9 2311//12 2304//12
f 2304//12 2311//12 2319//8 2305//12
f 2305//12 2319//8 2320//12 2313//12
f 2307//8 2315//7 2316//7 2308//12
f 2308//12 2316//7 2317//9 2309//9
f 2309//9 2317//9 2318//9 2310//9
f 2310//9 2318//9 2325//9 2311//12
f 2311//12 2325//9 2326//12 2319//8
s 0
f 4237//5 4239//5 4240//14 4238//1
s 1
f 2313//12 2320//12 2321//7 2314//7
f 2315//7 2322//8 2323//12 2316//7
f 2316//7 2323//12 2324//9 2317//9
f 2317//9 2324//9 2331//12 2318//9
f 2318//9 2331//12 2332//12 2325//9
f 4031//3 8126//15 8127//16
f 2319//8 2326//12 2327//7 2320//12
f 2320//12 2327//7 2328//13 2321//7
f 2322//8 2329//10 2330//12 2323//12
f 2323//12 2330//12 2337//12 2324//9
f 2324//9 2337//12 2338//12 2331//12
f 2325//9 2332//12 2333//13 2326//12
f 2326//12 2333//13 2334//13 2327//7
f 2327//7 2334//13 2335//9 2328//13
f 2329//10 2336//7 2345//7 2330//12
f 2330//12 2345//7 2346//9 2337//12
f 4027//2 8124//17 8125//5
f 2331//12 2338//12 2339//9 2332//12
f 2332//12 2339//9 2340//12 2333//13
f 2333//13 2340//12 2341//7 2334//13
f 2334//13 2341//7 2342//13 2335//9
f 2336//7 2343//7 2344//7 2345//7
f 2337//12 2346//9 2347//12 2338//12
f 2338//12 2347//12 2348//7 2339//9
f 2339//9 2348//7 2349//7 2340//12
f 2340//12 2349//7 2350//7 2341//7
f 2341//7 2350//7 2351//9 2342//13
f 2352//18 2353//18 2354//18 2355//18
f 2355//18 2354//18 2356//18 2357//18
f 2357//18 2356//18 2358//18 2359//18
f 2359//18 2358//18 2360//18 2361//18
f 2361//18 2360//18 2362//18 2363//18
f 2363//18 2362//18 2364//18 2365//18
f 2365//18 2364//18 2366//18 2367//18
f 2367//18 2366//18 2368//18 2369//18
f 2369//18 2368//18 2370//18 2371//18
f 2371//18 2370//18 2372//18 2373//18
f 2373//18 2372//18 2374//18 2375//18
f 2375//18 2374//18 2376//18 2377//18
f 2377//18 2376//18 2378//18 2379//18
f 2379//18 2378//18 2380//18 2381//18
f 2381//18 2380//18 2382//18 2383//18
f 2353//18 2384//18 2385//18 2354//18
f 2354//18 2385//18 2386//18 2356//18
f 2356//18 2386//18 2387//18 2358//18
f 2358//18 2387//18 2388//18 2360//18
f 2360//18 2388//18 2389//18 2362//18
f 2362//18 2389//18 2390//18 2364//18
f 2364//18 2390//18 2391//18 2366//18
f 2366//18 2391//18 2392//18 2368//18
f 2368//18 2392//18 2393//18 2370//18
f 2370//18 2393//18 2394//18 2372//18
f 2372//18 2394//18 2395//18 2374//18
f 2374//18 2395//18 2396//18 2376//18
f 2376//18 2396//18 2397//18 2378//18
f 2378//18 2397//18 2398//18 2380//18
f 2380//18 2398//18 2399//18 2382//18
f 2384//18 2400//18 2401//18 2385//18
f 2385//18 2401//18 2402//18 2386//18
f 2386//18 2402//18 2403//18 2387//18
f 2387//18 2403//18 2404//18 2388//18
f 2388//18 2404//18 2405//18 2389//18
f 2389//18 2405//18 2406//18 2390//18
f 2390//18 2406//18 2407//18 2391//18
f 2391//18 2407//18 2408//18 2392//18
f 2392//18 2408//18 2409//18 2393//18
f 2393//18 2409//18 2410//18 2394//18
f 2394//18 2410//18 2411//18 2395//18
f 2395//18 2411//18 2412//18 2396//18
f 2396//18 2412//18 2413//18 2397//18
f 2397//18 2413//18 2414//18 2398//18
f 2398//18 2414//18 2415//18 2399//18
f 2400//18 2416//18 2417//18 2401//18
f 2401//18 2417//18 2418//18 2402//18
f 2402//18 2418//18 2419//18 2403//18
f 2403//18 2419//18 2420//18 2404//18
f 2404//18 2420//18 2421//18 2405//18
f 2405//18 2421//18 2422//18 2406//18
f 2406//18 2422//18 2423//18 2407//18
f 2407//18 2423//18 2424//18 2408//18
f 2408//18 2424//18 2425//18 2409//18
f 2409//18 2425//18 2426//18 2410//18
f 2410//18 2426//18 2427//18 2411//18
f 2411//18 2427//18 2428//18 2412//18
f 2412//18 2428//18 2429//18 2413//18
f 2413//18 2429//18 2430//18 2414//18
f 2414//18 2430//18 2431//18 2415//18
f 2416//18 2432//18 2433//18 2417//18
f 2417//18 2433//18 2434//18 2418//18
f 2418//18 2434//18 2435//18 2419//18
f 2419//18 2435//18 2436//18 2420//18
f 2420//18 2436//18 2437//18 2421//18
f 2421//18 2437//18 2438//18 2422//18
f 2422//18 2438//18 2439//18 2423//18
f 2423//18 2439//18 2440//18 2424//18
f 2424//18 2440//18 2441//18 2425//18
f 2425//18 2441//18 2442//18 2426//18
f 2426//18 2442//18 2443//18 2427//18
f 2427//18 2443//18 2444//18 2428//18
f 2428//18 2444//18 2445//18 2429//18
f 2429//18 2445//18 2446//18 2430//18
f 2430//18 2446//18 2447//18 2431//18
f 2432//18 2448//18 2449//18 2433//18
f 2433//18 2449//18 2450//18 2434//18
f 2434//18 2450//18 2451//18 2435//18
f 2435//18 2451//18 2452//18 2436//18
f 2436//18 2452//18 2453//18 2437//18
f 2437//18 2453//18 2454//18 2438//18
f 2438//18 2454//18 2455//18 2439//18
f 2439//18 2455//18 2456//18 2440//18
f 2440//18 2456//18 2457//18 2441//18
f 2441//18 2457//18 2458//18 2442//18
f 2442//18 2458//18 2459//18 2443//18
f 2443//18 2459//18 2460//18 2444//18
f 2444//18 2460//18 2461//18 2445//18
f 2445//18 2461//18 2462//18 2446//18
f 2446//18 2462//18 2463//18 2447//18
f 2448//18 2464//18 2465//18 2449//18
f 2449//18 2465//18 2466//18 2450//18
f 2450//18 2466//18 2467//18 2451//18
f 2451//18 2467//18 2468//18 2452//18
f 2452//18 2468//18 2469//18 2453//18
f 2453//18 2469//18 2470//18 2454//18
f 2454//18 2470//18 2471//18 2455//18
f 2455//18 2471//18 2472//18 2456//18
f 2456//18 2472//18 2473//18 2457//18
f 2457//18 2473//18 2474//18 2458//18
f 2458//18 2474//18 2475//18 2459//18
f 2459//18 2475//18 2476//18 2460//18
f 2460//18 2476//18 2477//18 2461//18
f 2461//18 2477//18 2478//18 2462//18
f 2462//18 2478//18 2479//18 2463//18
f 2464//18 2480//18 2481//18 2465//18
f 2465//18 2481//18 2482//18 2466//18
f 2466//18 2482//18 2483//18 2467//18
f 2467//18 2483//18 2484//18 2468//18
f 2468//18 2484//18 2485//18 2469//18
f 2469//18 2485//18 2486//18 2470//18
f 2470//18 2486//18 2487//18 2471//18
f 2471//18 2487//18 2488//18 2472//18
f 2472//18 2488//18 2489//18 2473//18
f 2473//18 2489//18 2490//18 2474//18
f 2474//18 2490//18 2491//18 2475//18
f 2475//18 2491//18 2492//18 2476//18
f 2476//18 2492//18 2493//18 2477//18
f 2477//18 2493//18 2494//18 2478//18
f 2478//18 2494//18 2495//18 2479//18
f 2480//18 2496//18 2497//18 2481//18
f 2481//18 2497//18 2498//18 2482//18
f 2482//18 2498//18 2499//18 2483//18
f 2483//18 2499//18 2500//18 2484//18
f 2484//18 2500//18 2501//18 2485//18
f 2485//18 2501//18 2502//18 2486//18
f 2486//18 2502//18 2503//18 2487//18
f 2487//18 2503//18 2504//18 2488//18
f 2488//18 2504//18 2505//18 2489//18
f 2489//18 2505//18 2506//18 2490//18
f 2490//18 2506//18 2507//18 2491//18
f 2491//18 2507//18 2508//18 2492//18
f 2492//18 2508//18 2509//18 2493//18
f 2493//18 2509//18 2510//18 2494//18
f 2494//18 2510//18 2511//18 2495//18
f 2496//18 2512//18 2513//18 2497//18
f 2497//18 2513//18 2514//18 2498//18
f 2498//18 2514//18 2515//18 2499//18
f 2499//18 2515//18 2516//18 2500//18
f 2500//18 2516//18 2517//18 2501//18
f 2501//18 2517//18 2518//18 2502//18
f 2502//18 2518//18 2519//18 2503//18
f 2503//18 2519//18 2520//18 2504//18
f 2504//18 2520//18 2521//18 2505//18
f 2505//18 2521//18 2522//18 2506//18
f 2506//18 2522//18 2523//18 2507//18
f 2507//18 2523//18 2524//18 2508//18
f 2508//18 2524//18 2525//18 2509//18
f 2509//18 2525//18 2526//18 2510//18
f 2510//18 2526//18 2527//18 2511//18
f 2512//18 2528//18 2529//18 2513//18
f 2513//18 2529//18 2530//18 2514//18
f 2514//18 2530//18 2531//18 2515//18
f 2515//18 2531//18 2532//18 2516//18
f 2516//18 2532//18 2533//18 2517//18
f 2517//18 2533//18 2534//18 2518//18
f 2518//18 2534//18 2535//18 2519//18
f 2519//18 2535//18 2536//18 2520//18
f 2520//18 2536//18 2537//18 2521//18
f 2521//18 2537//18 2538//18 2522//18
f 2522//18 2538//18 2539//18 2523//18
f 2523//18 2539//18 2540//18 2524//18
f 2524//18 2540//18 2541//18 2525//18
f 2525//18 2541//18 2542//18 2526//18
f 2526//18 2542//18 2543//18 2527//18
f 2528//18 2544//18 2545//18 2529//18
f 2529//18 2545//18 2546//18 2530//18
f 2530//18 2546//18 2547//18 2531//18
f 2531//18 2547//18 2548//18 2532//18
f 2532//18 2548//18 2549//18 2533//18
f 2533//18 2549//18 2550//18 2534//18
f 2534//18 2550//18 2551//18 2535//18
f 2535//18 2551//18 2552//18 2536//18
f 2536//18 2552//18 2553//18 2537//18
f 2537//18 2553//18 2554//18 2538//18
f 2538//18 2554//18 2555//18 2539//18
f 2539//18 2555//18 2556//18 2540//18
f 2540//18 2556//18 2557//18 2541//18
f 2541//18 2557//18 2558//18 2542//18
f 2542//18 2558//18 2559//18 2543//18
f 2544//18 2560//18 2561//18 2545//18
f 2545//18 2561//18 2562//18 2546//18
f 2546//18 2562//18 2563//18 2547//18
f 2547//18 2563//18 2564//18 2548//18
f 2548//18 2564//18 2565//18 2549//18
f 2549//18 2565//18 2566//18 2550//18
f 2550//18 2566//18 2567//18 2551//18
f 2551//18 2567//18 2568//18 2552//18
f 2552//18 2568//18 2569//18 2553//18
f 2553//18 2569//18 2570//18 2554//18
f 2554//18 2570//18 2571//18 2555//18
f 2555//18 2571//18 2572//18 2556//18
f 2556//18 2572//18 2573//18 2557//18
f 2557//18 2573//18 2574//18 2558//18
f 2558//18 2574//18 2575//18 2559//18
f 2560//18 2576//18 2577//18 2561//18
f 2561//18 2577//18 2578//18 2562//18
f 2562//18 2578//18 2579//18 2563//18
f 2563//18 2579//18 2580//18 2564//18
f 2564//18 2580//18 2581//18 2565//18
f 2565//18 2581//18 2582//18 2566//18
f 2566//18 2582//18 2583//18 2567//18
f 2567//18 2583//18 2584//18 2568//18
f 2568//18 2584//18 2585//18 2569//18
f 2569//18 2585//18 2586//18 2570//18
f 2570//18 2586//18 2587//18 2571//18
f 2571//18 2587//18 2588//18 2572//18
f 2572//18 2588//18 2589//18 2573//18
f 2573//18 2589//18 2590//18 2574//18
f 2574//18 2590//18 2591//18 2575//18
f 2576//18 2592//18 2593//18 2577//18
f 2577//18 2593//18 2594//18 2578//18
f 2578//18 2594//18 2595//18 2579//18
f 2579//18 2595//18 2596//18 2580//18
f 2580//18 2596//18 2597//18 2581//18
f 2581//18 2597//18 2598//18 2582//18
f 2582//18 2598//18 2599//18 2583//18
f 2583//18 2599//18 2600//18 2584//18
f 2584//18 2600//18 2601//18 2585//18
f 2585//18 2601//18 2602//18 2586//18
f 2586//18 2602//18 2603//18 2587//18
f 2587//18 2603//18 2604//18 2588//18
f 2588//18 2604//18 2605//18 2589//18
f 2589//18 2605//18 2606//18 2590//18
f 2590//18 2606//18 2607//18 2591//18
f 2592//18 2608//18 2609//18 2593//18
f 2593//18 2609//18 2610//18 2594//18
f 2594//18 2610//18 2611//18 2595//18
f 2595//18 2611//18 2612//18 2596//18
f 2596//18 2612//18 2613//18 2597//18
f 2597//18 2613//18 2614//18 2598//18
f 2598//18 2614//18 2615//18 2599//18
f 2599//18 2615//18 2616//18 2600//18
f 2600//18 2616//18 2617//18 2601//18
f 2601//18 2617//18 2618//18 2602//18
f 2602//18 2618//18 2619//18 2603//18
f 2603//18 2619//18 2620//18 2604//18
f 2604//18 2620//18 2621//18 2605//18
f 2605//18 2621//18 2622//18 2606//18
f 2606//18 2622//18 2623//18 2607//18
f 2608//18 2624//18 2625//18 2609//18
f 2609//18 2625//18 2626//18 2610//18
f 2610//18 2626//18 2627//18 2611//18
f 2611//18 2627//18 2628//18 2612//18
f 2612//18 2628//18 2629//18 2613//18
f 2613//18 2629//18 2630//18 2614//18
f 2614//18 2630//18 2631//18 2615//18
f 2615//18 2631//18 2632//18 2616//18
f 2616//18 2632//18 2633//18 2617//18
f 2617//18 2633//18 2634//18 2618//18
f 2618//18 2634//18 2635//18 2619//18
f 2619//18 2635//18 2636//18 2620//18
f 2620//18 2636//18 2637//18 2621//18
f 2621//18 2637//18 2638//18 2622//18
f 2622//18 2638//18 2639//18 2623//18
f 2624//18 2640//18 2641//18 2625//18
f 2625//18 2641//18 2642//18 2626//18
f 2626//18 2642//18 2643//18 2627//18
f 2627//18 2643//18 2644//18 2628//18
f 2628//18 2644//18 2645//18 2629//18
f 2629//18 2645//18 2646//18 2630//18
f 2630//18 2646//18 2647//18 2631//18
f 2631//18 2647//18 2648//18 2632//18
f 2632//18 2648//18 2649//18 2633//18
f 2633//18 2649//18 2650//18 2634//18
f 2634//18 2650//18 2651//18 2635//18
f 2635//18 2651//18 2652//18 2636//18
f 2636//18 2652//18 2653//18 2637//18
f 2637//18 2653//18 2654//18 2638//18
f 2638//18 2654//18 2655//18 2639//18
f 2640//18 2656//18 2657//18 2641//18
f 2641//18 2657//18 2658//18 2642//18
f 2642//18 2658//18 2659//18 2643//18
f 2643//18 2659//18 2660//18 2644//18
f 2644//18 2660//18 2661//18 2645//18
f 2645//18 2661//18 2662//18 2646//18
f 2646//18 2662//18 2663//18 2647//18
f 2647//18 2663//18 2664//18 2648//18
f 2648//18 2664//18 2665//18 2649//18
f 2649//18 2665//18 2666//18 2650//18
f 2650//18 2666//18 2667//18 2651//18
f 2651//18 2667//18 2668//18 2652//18
f 2652//18 2668//18 2669//18 2653//18
f 2653//18 2669//18 2670//18 2654//18
f 2654//18 2670//18 2671//18 2655//18
f 2656//18 2672//18 2673//18 2657//18
f 2657//18 2673//18 2674//18 2658//18
f 2658//18 2674//18 2675//18 2659//18
f 2659//18 2675//18 2676//18 2660//18
f 2660//18 2676//18 2677//18 2661//18
f 2661//18 2677//18 2678//18 2662//18
f 2662//18 2678//18 2679//18 2663//18
f 2663//18 2679//18 2680//18 2664//18
f 2664//18 2680//18 2681//18 2665//18
f 2665//18 2681//18 2682//18 2666//18
f 2666//18 2682//18 2683//18 2667//18
f 2667//18 2683//18 2684//18 2668//18
f 2668//18 2684//18 2685//18 2669//18
f 2669//18 2685//18 2686//18 2670//18
f 2670//18 2686//18 2687//18 2671//18
f 2688//19 2689//19 2690//19 2691//19
f 2691//19 2690//19 2692//19 2693//19
f 2693//19 2692//19 2694//19 2695//19
f 2695//19 2694//19 2696//19 2697//19
f 2697//19 2696//19 2698//19 2699//19
f 2699//19 2698//19 2700//19 2701//19
f 2701//19 2700//19 2702//19 2703//19
f 2703//19 2702//19 2704//19 2705//19
f 2705//19 2704//19 2706//19 2707//19
f 2707//19 2706//19 2708//19 2709//19
f 2709//19 2708//19 2710//19 2711//19
f 2711//19 2710//19 2712//19 2713//19
f 2713//19 2712//19 2714//19 2715//19
f 2715//19 2714//19 2716//19 2717//19
f 2717//19 2716//19 2718//19 2719//19
f 2689//19 2720//19 2721//19 2690//19
f 2690//19 2721//19 2722//19 2692//19
f 2692//19 2722//19 2723//19 2694//19
f 2694//19 2723//19 2724//19 2696//19
f 2696//19 2724//19 2725//19 2698//19
f 2698//19 2725//19 2726//19 2700//19
f 2700//19 2726//19 2727//19 2702//19
f 2702//19 2727//19 2728//19 2704//19
f 2704//19 2728//19 2729//19 2706//19
f 2706//19 2729//19 2730//19 2708//19
f 2708//19 2730//19 2731//19 2710//19
f 2710//19 2731//19 2732//19 2712//19
f 2712//19 2732//19 2733//19 2714//19
f 2714//19 2733//19 2734//19 2716//19
f 2716//19 2734//19 2735//19 2718//19
f 2720//19 2736//19 2737//19 2721//19
f 2721//19 2737//19 2738//19 2722//19
f 2722//19 2738//19 2739//19 2723//19
f 2723//19 2739//19 2740//19 2724//19
f 2724//19 2740//19 2741//19 2725//19
f 2725//19 2741//19 2742//19 2726//19
f 2726//19 2742//19 2743//19 2727//19
f 2727//19 2743//19 2744//19 2728//19
f 2728//19 2744//19 2745//19 2729//19
f 2729//19 2745//19 2746//19 2730//19
f 2730//19 2746//19 2747//19 2731//19
f 2731//19 2747//19 2748//19 2732//19
f 2732//19 2748//19 2749//19 2733//19
f 2733//19 2749//19 2750//19 2734//19
f 2734//19 2750//19 2751//19 2735//19
f 2736//19 2752//19 2753//19 2737//19
f 2737//19 2753//19 2754//19 2738//19
f 2738//19 2754//19 2755//19 2739//19
f 2739//19 2755//19 2756//19 2740//19
f 2740//19 2756//19 2757//19 2741//19
f 2741//19 2757//19 2758//19 2742//19
f 2742//19 2758//19 2759//19 2743//19
f 2743//19 2759//19 2760//19 2744//19
f 2744//19 2760//19 2761//19 2745//19
f 2745//19 2761//19 2762//19 2746//19
f 2746//19 2762//19 2763//19 2747//19
f 2747//19 2763//19 2764//19 2748//19
f 2748//19 2764//19 2765//19 2749//19
f 2749//19 2765//19 2766//19 2750//19
f 2750//19 2766//19 2767//19 2751//19
f 2752//19 2768//19 2769//19 2753//19
f 2753//19 2769//19 2770//19 2754//19
f 2754//19 2770//19 2771//19 2755//19
f 2755//19 2771//19 2772//19 2756//19
f 2756//19 2772//19 2773//19 2757//19
f 2757//19 2773//19 2774//19 2758//19
f 2758//19 2774//19 2775//19 2759//19
f 2759//19 2775//19 2776//19 2760//19
f 2760//19 2776//19 2777//19 2761//19
f 2761//19 2777//19 2778//19 2762//19
f 2762//19 2778//19 2779//19 2763//19
f 2763//19 2779//19 2780//19 2764//19
f 2764//19 2780//19 2781//19 2765//19
f 2765//19 2781//19 2782//19 2766//19
f 2766//19 2782//19 2783//19 2767//19
f 2768//19 2784//19 2785//19 2769//19
f 2769//19 2785//19 2786//19 2770//19
f 2770//19 2786//19 2787//19 2771//19
f 2771//19 2787//19 2788//19 2772//19
f 2772//19 2788//19 2789//19 2773//19
f 2773//19 2789//19 2790//19 2774//19
f 2774//19 2790//19 2791//19 2775//19
f 2775//19 2791//19 2792//19 2776//19
f 2776//19 2792//19 2793//19 2777//19
f 2777//19 2793//19 2794//19 2778//19
f 2778//19 2794//19 2795//19 2779//19
f 2779//19 2795//19 2796//19 2780//19
f 2780//19 2796//19 2797//19 2781//19
f 2781//19 2797//19 2798//19 2782//19
f 2782//19 2798//19 2799//19 2783//19
f 2784//19 2800//19 2801//19 2785//19
f 2785//19 2801//19 2802//19 2786//19
f 2786//19 2802//19 2803//19 2787//19
f 2787//19 2803//19 2804//19 2788//19
f 2788//19 2804//19 2805//19 2789//19
f 2789//19 2805//19 2806//19 2790//19
f 2790//19 2806//19 2807//19 2791//19
f 2791//19 2807//19 2808//19 2792//19
f 2792//19 2808//19 2809//19 2793//19
f 2793//19 2809//19 2810//19 2794//19
f 2794//19 2810//19 2811//19 2795//19
f 2795//19 2811//19 2812//19 2796//19
f 2796//19 2812//19 2813//19 2797//19
f 2797//19 2813//19 2814//19 2798//19
f 2798//19 2814//19 2815//19 2799//19
f 2800//19 2816//19 2817//19 2801//19
f 2801//19 2817//19 2818//19 2802//19
f 2802//19 2818//19 2819//19 2803//19
f 2803//19 2819//19 2820//19 2804//19
f 2804//19 2820//19 2821//19 2805//19
f 2805//19 2821//19 2822//19 2806//19
f 2806//19 2822//19 2823//19 2807//19
f 2807//19 2823//19 2824//19 2808//19
f 2808//19 2824//19 2825//19 2809//19
f 2809//19 2825//19 2826//19 2810//19
f 2810//19 2826//19 2827//19 2811//19
f 2811//19 2827//19 2828//19 2812//19
f 2812//19 2828//19 2829//19 2813//19
f 2813//19 2829//19 2830//19 2814//19
f 2814//19 2830//19 2831//19 2815//19
f 2816//19 2832//19 2833//19 2817//19
f 2817//19 2833//19 2834//19 2818//19
f 2818//19 2834//19 2835//19 2819//19
f 2819//19 2835//19 2836//19 2820//19
f 2820//19 2836//19 2837//19 2821//19
f 2821//19 2837//19 2838//19 2822//19
f 2822//19 2838//19 2839//19 2823//19
f 2823//19 2839//19 2840//19 2824//19
f 2824//19 2840//19 2841//19 2825//19
f 2825//19 2841//19 2842//19 2826//19
f 2826//19 2842//19 2843//19 2827//19
f 2827//19 2843//19 2844//19 2828//19
f 2828//19 2844//19 2845//19 2829//19
f 2829//19 2845//19 2846//19 2830//19
f 2830//19 2846//19 2847//19 2831//19
f 2832//19 2848//19 2849//19 2833//19
f 2833//19 2849//19 2850//19 2834//19
f 2834//19 2850//19 2851//19 2835//19
f 2835//19 2851//19 2852//19 2836//19
f 2836//19 2852//19 2853//19 2837//19
f 2837//19 2853//19 2854//19 2838//19
f 2838//19 2854//19 2855//19 2839//19
f 2839//19 2855//19 2856//19 2840//19
f 2840//19 2856//19 2857//19 2841//19
f 2841//19 2857//19 2858//19 2842//19
f 2842//19 2858//19 2859//19 2843//19
f 2843//19 2859//19 2860//19 2844//19
f 2844//19 2860//19 2861//19 2845//19
f 2845//19 2861//19 2862//19 2846//19
f 2846//19 2862//19 2863//19 2847//19
f 2848//19 2864//19 2865//19 2849//19
f 2849//19 2865//19 2866//19 2850//19
f 2850//19 2866//19 2867//19 2851//19
f 2851//19 2867//19 2868//19 2852//19
f 2852//19 2868//19 2869//19 2853//19
f 2853//19 2869//19 2870//19 2854//19
f 2854//19 2870//19 2871//19 2855//19
f 2855//19 2871//19 2872//19 2856//19
f 2856//19 2872//19 2873//19 2857//19
f 2857//19 2873//19 2874//19 2858//19
f 2858//19 2874//19 2875//19 2859//19
f 2859//19 2875//19 2876//19 2860//19
f 2860//19 2876//19 2877//19 2861//19
f 2861//19 2877//19 2878//19 2862//19
f 2862//19 2878//19 2879//19 2863//19
f 2864//19 2880//19 2881//19 2865//19
f 2865//19 2881//19 2882//19 2866//19
f 2866//19 2882//19 2883//19 2867//19
f 2867//19 2883//19 2884//19 2868//19
f 2868//19 2884//19 2885//19 2869//19
f 2869//19 2885//19 2886//19 2870//19
f 2870//19 2886//19 2887//19 2871//19
f 2871//19 2887//19 2888//19 2872//19
f 2872//19 2888//19 2889//19 2873//19
f 2873//19 2889//19 2890//19 2874//19
f 2874//19 2890//19 2891//19 2875//19
f 2875//19 2891//19 2892//19 2876//19
f 2876//19 2892//19 2893//19 2877//19
f 2877//19 2893//19 2894//19 2878//19
f 2878//19 2894//19 2895//19 2879//19
f 2880//19 2896//19 2897//19 2881//19
f 2881//19 2897//19 2898//19 2882//19
f 2882//19 2898//19 2899//19 2883//19
f 2883//19 2899//19 2900//19 2884//19
f 2884//19 2900//19 2901//19 2885//19
f 2885//19 2901//19 2902//19 2886//19
f 2886//19 2902//19 2903//19 2887//19
f 2887//19 2903//19 2904//19 2888//19
f 2888//19 2904//19 2905//19 2889//19
f 2889//19 2905//19 2906//19 2890//19
f 2890//19 2906//19 2907//19 2891//19
f 2891//19 2907//19 2908//19 2892//19
f 2892//19 2908//19 2909//19 2893//19
f 2893//19 2909//19 2910//19 2894//19
f 2894//19 2910//19 2911//19 2895//19
f 2896//19 2912//19 2913//19 2897//19
f 2897//19 2913//19 2914//19 2898//19
f 2898//19 2914//19 2915//19 2899//19
f 2899//19 2915//19 2916//19 2900//19
f 2900//19 2916//19 2917//19 2901//19
f 2901//19 2917//19 2918//19 2902//19
f 2902//19 2918//19 2919//19 2903//19
f 2903//19 2919//19 2920//19 2904//19
f 2904//19 2920//19 2921//19 2905//19
f 2905//19 2921//19 2922//19 2906//19
f 2906//19 2922//19 2923//19 2907//19
f 2907//19 2923//19 2924//19 2908//19
f 2908//19 2924//19 2925//19 2909//19
f 2909//19 2925//19 2926//19 2910//19
f 2910//19 2926//19 2927//19 2911//19
f 2912//19 2928//19 2929//19 2913//19
f 2913//19 2929//19 2930//19 2914//19
f 2914//19 2930//19 2931//19 2915//19
f 2915//19 2931//19 2932//19 2916//19
f 2916//19 2932//19 2933//19 2917//19
f 2917//19 2933//19 2934//19 2918//19
f 2918//19 2934//19 2935//19 2919//19
f 2919//19 2935//19 2936//19 2920//19
f 2920//19 2936//19 2937//19 2921//19
f 2921//19 2937//19 2938//19 2922//19
f 2922//19 2938//19 2939//19 2923//19
f 2923//19 2939//19 2940//19 2924//19
f 2924//19 2940//19 2941//19 2925//19
f 2925//19 2941//19 2942//19 2926//19
f 2926//19 2942//19 2943//19 2927//19
f 2928//19 2944//19 2945//19 2929//19
f 2929//19 2945//19 2946//19 2930//19
f 2930//19 2946//19 2947//19 2931//19
f 2931//19 2947//19 2948//19 2932//19
f 2932//19 2948//19 2949//19 2933//19
f 2933//19 2949//19 2950//19 2934//19
f 2934//19 2950//19 2951//19 2935//19
f 2935//19 2951//19 2952//19 2936//19
f 2936//19 2952//19 2953//19 2937//19
f 2937//19 2953//19 2954//19 2938//19
f 2938//19 2954//19 2955//19 2939//19
f 2939//19 2955//19 2956//19 2940//19
f 2940//19 2956//19 2957//19 2941//19
f 2941//19 2957//19 2958//19 2942//19
f 2942//19 2958//19 2959//19 2943//19
f 2944//19 2960//19 2961//19 2945//19
f 2945//19 2961//19 2962//19 2946//19
f 2946//19 2962//19 2963//19 2947//19
f 2947//19 2963//19 2964//19 2948//19
f 2948//19 2964//19 2965//19 2949//19
f 2949//19 2965//19 2966//19 2950//19
f 2950//19 2966//19 2967//19 2951//19
f 2951//19 2967//19 2968//19 2952//19
f 2952//19 2968//19 2969//19 2953//19
f 2953//19 2969//19 2970//19 2954//19
f 2954//19 2970//19 2971//19 2955//19
f 2955//19 2971//19 2972//19 2956//19
f 2956//19 2972//19 2973//19 2957//19
f 2957//19 2973//19 2974//19 2958//19
f 2958//19 2974//19 2975//19 2959//19
f 2960//19 2976//19 2977//19 2961//19
f 2961//19 2977//19 2978//19 2962//19
f 2962//19 2978//19 2979//19 2963//19
f 2963//19 2979//19 2980//19 2964//19
f 2964//19 2980//19 2981//19 2965//19
f 2965//19 2981//19 2982//19 2966//19
f 2966//19 2982//19 2983//19 2967//19
f 2967//19 2983//19 2984//19 2968//19
f 2968//19 2984//19 2985//19 2969//19
f 2969//19 2985//19 2986//19 2970//19
f 2970//19 2986//19 2987//19 2971//19
f 2971//19 2987//19 2988//19 2972//19
f 2972//19 2988//19 2989//19 2973//19
f 2973//19 2989//19 2990//19 2974//19
f 2974//19 2990//19 2991//19 2975//19
f 2976//19 2992//19 2993//19 2977//19
f 2977//19 2993//19 2994//19 2978//19
f 2978//19 2994//19 2995//19 2979//19
f 2979//19 2995//19 2996//19 2980//19
f 2980//19 2996//19 2997//19 2981//19
f 2981//19 2997//19 2998//19 2982//19
f 2982//19 2998//19 2999//19 2983//19
f 2983//19 2999//19 3000//19 2984//19
f 2984//19 3000//19 3001//19 2985//19
f 2985//19 3001//19 3002//19 2986//19
f 2986//19 3002//19 3003//19 2987//19
f 2987//19 3003//19 3004//19 2988//19
f 2988//19 3004//19 3005//19 2989//19
f 2989//19 3005//19 3006//19 2990//19
f 2990//19 3006//19 3007//19 2991//19
f 2992//19 3008//19 3009//19 2993//19
f 2993//19 3009//19 3010//19 2994//19
f 2994//19 3010//19 3011//19 2995//19
f 2995//19 3011//19 3012//19 2996//19
f 2996//19 3012//19 3013//19 2997//19
f 2997//19 3013//19 3014//19 2998//19
f 2998//19 3014//19 3015//19 2999//19
f 2999//19 3015//19 3016//19 3000//19
f 3000//19 3016//19 3017//19 3001//19
f 3001//19 3017//19 3018//19 3002//19
f 3002//19 3018//19 3019//19 3003//19
f 3003//19 3019//19 3020//19 3004//19
f 3004//19 3020//19 3021//19 3005//19
f 3005//19 3021//19 3022//19 3006//19
f 3006//19 3022//19 3023//19 3007//19
f 3024//5 3025//5 3026//5 3027//5
f 3027//5 3026//5 3028//5 3029//5
f 3029//5 3028//5 3030//5 3031//5
f 3031//5 3030//5 3032//5 3033//5
f 3033//5 3032//5 3034//5 3035//5
f 3035//5 3034//5 3036//5 3037//5
f 3037//5 3036//5 3038//5 3039//5
f 3039//5 3038//5 3040//5 3041//5
f 3041//5 3040//5 3042//5 3043//5
f 3043//5 3042//5 3044//5 3045//5
f 3045//5 3044//5 3046//5 3047//5
f 3047//5 3046//5 3048//5 3049//5
f 3049//5 3048//5 3050//5 3051//5
f 3025//5 3052//5 3053//5 3026//5
f 3026//5 3053//5 3054//5 3028//5
f 3028//5 3054//5 3055//5 3030//5
f 3030//5 3055//5 3056//5 3032//5
f 3032//5 3056//5 3057//5 3034//5
f 3034//5 3057//5 3058//5 3036//5
f 3036//5 3058//5 3059//5 3038//5
f 3038//5 3059//5 3060//5 3040//5
f 3040//5 3060//5 3061//5 3042//5
f 3042//5 3061//5 3062//5 3044//5
f 3044//5 3062//5 3063//5 3046//5
f 3046//5 3063//5 3064//5 3048//5
f 3048//5 3064//5 3065//5 3050//5
f 3052//5 3066//5 3067//5 3053//5
f 3053//5 3067//5 3068//5 3054//5
f 3054//5 3068//5 3069//5 3055//5
f 3055//5 3069//5 3070//5 3056//5
f 3056//5 3070//5 3071//5 3057//5
f 3057//5 3071//5 3072//5 3058//5
f 3058//5 3072//5 3073//5 3059//5
f 3059//5 3073//5 3074//5 3060//5
f 3060//5 3074//5 3075//5 3061//5
f 3061//5 3075//5 3076//5 3062//5
f 3062//5 3076//5 3077//5 3063//5
f 3063//5 3077//5 3078//5 3064//5
f 3064//5 3078//5 3079//5 3065//5
f 3066//5 3080//5 3081//5 3067//5
f 3067//5 3081//5 3082//5 3068//5
f 3068//5 3082//5 3083//5 3069//5
f 3069//5 3083//5 3084//5 3070//5
f 3070//5 3084//5 3085//5 3071//5
f 3071//5 3085//5 3086//5 3072//5
f 3072//5 3086//5 3087//5 3073//5
f 3073//5 3087//5 3088//5 3074//5
f 3074//5 3088//5 3089//5 3075//5
f 3075//5 3089//5 3090//5 3076//5
f 3076//5 3090//5 3091//5 3077//5
f 3077//5 3091//5 3092//5 3078//5
f 3078//5 3092//5 3093//5 3079//5
f 3080//5 3094//5 3095//5 3081//5
f 3081//5 3095//5 3096//5 3082//5
f 3082//5 3096//5 3097//5 3083//5
f 3083//5 3097//5 3098//5 3084//5
f 3084//5 3098//5 3099//5 3085//5
f 3085//5 3099//5 3100//5 3086//5
f 3086//5 3100//5 3101//5 3087//5
f 3087//5 3101//5 3102//5 3088//5
f 3088//5 3102//5 3103//5 3089//5
f 3089//5 3103//5 3104//5 3090//5
f 3090//5 3104//5 3105//5 3091//5
f 3091//5 3105//5 3106//5 3092//5
f 3092//5 3106//5 3107//5 3093//5
f 3094//5 3108//5 3109//5 3095//5
f 3095//5 3109//5 3110//5 3096//5
f 3096//5 3110//5 3111//5 3097//5
f 3097//5 3111//5 3112//5 3098//5
f 3098//5 3112//5 3113//5 3099//5
f 3099//5 3113//5 3114//5 3100//5
f 3100//5 3114//5 3115//5 3101//5
f 3101//5 3115//5 3116//5 3102//5
f 3102//5 3116//5 3117//5 3103//5
f 3103//5 3117//5 3118//5 3104//5
f 3104//5 3118//5 3119//5 3105//5
f 3105//5 3119//5 3120//5 3106//5
f 3106//5 3120//5 3121//5 3107//5
f 3122//1 3123//1 3124//1 3125//1
f 3125//1 3124//1 3126//1 3127//1
f 3127//1 3126//1 3128//1 3129//1
f 3129//1 3128//1 3130//1 3131//1
f 3131//1 3130//1 3132//1 3133//1
f 3133//1 3132//1 3134//1 3135//1
f 3135//1 3134//1 3136//1 3137//1
f 3137//1 3136//1 3138//1 3139//1
f 3139//1 3138//1 3140//1 3141//1
f 3141//1 3140//1 3142//1 3143//1
f 3143//1 3142//1 3144//1 3145//1
f 3145//1 3144//1 3146//1 3147//1
f 3147//1 3146//1 3148//1 3149//1
f 3123//1 3150//1 3151//1 3124//1
f 3124//1 3151//1 3152//1 3126//1
f 3126//1 3152//1 3153//1 3128//1
f 3128//1 3153//1 3154//1 3130//1
f 3130//1 3154//1 3155//1 3132//1
f 3132//1 3155//1 3156//1 3134//1
f 3134//1 3156//1 3157//1 3136//1
f 3136//1 3157//1 3158//1 3138//1
f 3138//1 3158//1 3159//1 3140//1
f 3140//1 3159//1 3160//1 3142//1
f 3142//1 3160//1 3161//1 3144//1
f 3144//1 3161//1 3162//1 3146//1
f 3146//1 3162//1 3163//1 3148//1
f 3150//1 3164//1 3165//1 3151//1
f 3151//1 3165//1 3166//1 3152//1
f 3152//1 3166//1 3167//1 3153//1
f 3153//1 3167//1 3168//1 3154//1
f 3154//1 3168//1 3169//1 3155//1
f 3155//1 3169//1 3170//1 3156//1
f 3156//1 3170//1 3171//1 3157//1
f 3157//1 3171//1 3172//1 3158//1
f 3158//1 3172//1 3173//1 3159//1
f 3159//1 3173//1 3174//1 3160//1
f 3160//1 3174//1 3175//1 3161//1
f 3161//1 3175//1 3176//1 3162//1
f 3162//1 3176//1 3177//1 3163//1
f 3164//1 3178//1 3179//1 3165//1
f 3165//1 3179//1 3180//1 3166//1
f 3166//1 3180//1 3181//1 3167//1
f 3167//1 3181//1 3182//1 3168//1
f 3168//1 3182//1 3183//1 3169//1
f 3169//1 3183//1 3184//1 3170//1
f 3170//1 3184//1 3185//1 3171//1
f 3171//1 3185//1 3186//1 3172//1
f 3172//1 3186//1 3187//1 3173//1
f 3173//1 3187//1 3188//1 3174//1
f 3174//1 3188//1 3189//1 3175//1
f 3175//1 3189//1 3190//1 3176//1
f 3176//1 3190//1 3191//1 3177//1
f 3178//1 3192//1 3193//1 3179//1
f 3179//1 3193//1 3194//1 3180//1
f 3180//1 3194//1 3195//1 3181//1
f 3181//1 3195//1 3196//1 3182//1
f 3182//1 3196//1 3197//1 3183//1
f 3183//1 3197//1 3198//1 3184//1
f 3184//1 3198//1 3199//1 3185//1
f 3185//1 3199//1 3200//1 3186//1
f 3186//1 3200//1 3201//1 3187//1
f 3187//1 3201//1 3202//1 3188//1
f 3188//1 3202//1 3203//1 3189//1
f 3189//1 3203//1 3204//1 3190//1
f 3190//1 3204//1 3205//1 3191//1
f 3192//1 3206//1 3207//1 3193//1
f 3193//1 3207//1 3208//1 3194//1
f 3194//1 3208//1 3209//1 3195//1
f 3195//1 3209//1 3210//1 3196//1
f 3196//1 3210//1 3211//1 3197//1
f 3197//1 3211//1 3212//1 3198//1
f 3198//1 3212//1 3213//1 3199//1
f 3199//1 3213//1 3214//1 3200//1
f 3200//1 3214//1 3215//1 3201//1
f 3201//1 3215//1 3216//1 3202//1
f 3202//1 3216//1 3217//1 3203//1
f 3203//1 3217//1 3218//1 3204//1
f 3204//1 3218//1 3219//1 3205//1
f 3206//1 3220//1 3221//1 3207//1
f 3207//1 3221//1 3222//1 3208//1
f 3208//1 3222//1 3223//1 3209//1
f 3209//1 3223//1 3224//1 3210//1
f 3210//1 3224//1 3225//1 3211//1
f 3211//1 3225//1 3226//1 3212//1
f 3212//1 3226//1 3227//1 3213//1
f 3213//1 3227//1 3228//1 3214//1
f 3214//1 3228//1 3229//1 3215//1
f 3215//1 3229//1 3230//1 3216//1
f 3216//1 3230//1 3231//1 3217//1
f 3217//1 3231//1 3232//1 3218//1
f 3218//1 3232//1 3233//1 3219//1
f 3220//1 3234//1 3235//1 3221//1
f 3221//1 3235//1 3236//1 3222//1
f 3222//1 3236//1 3237//1 3223//1
f 3223//1 3237//1 3238//1 3224//1
f 3224//1 3238//1 3239//1 3225//1
f 3225//1 3239//1 3240//1 3226//1
f 3226//1 3240//1 3241//1 3227//1
f 3227//1 3241//1 3242//1 3228//1
f 3228//1 3242//1 3243//1 3229//1
f 3229//1 3243//1 3244//1 3230//1
f 3230//1 3244//1 3245//1 3231//1
f 3231//1 3245//1 3246//1 3232//1
f 3232//1 3246//1 3247//1 3233//1
f 3248//6 3249//6 3250//6 3251//6
f 3251//6 3250//6 3252//6 3253//6
f 3253//6 3252//6 3254//6 3255//6
f 3255//6 3254//6 3256//6 3257//6
f 3257//6 3256//6 3258//6 3259//6
f 3259//6 3258//6 3260//6 3261//6
f 3261//6 3260//6 3262//6 3263//6
f 3263//6 3262//6 3264//6 3265//6
f 3265//6 3264//6 3266//6 3267//6
f 3267//6 3266//6 3268//6 3269//6
f 3269//6 3268//6 3270//6 3271//6
f 3271//6 3270//6 3272//6 3273//6
f 3273//6 3272//6 3274//6 3275//6
f 3249//6 3276//6 3277//6 3250//6
f 3250//6 3277//6 3278//6 3252//6
f 3252//6 3278//6 3279//6 3254//6
f 3254//6 3279//6 3280//6 3256//6
f 3256//6 3280//6 3281//6 3258//6
f 3258//6 3281//6 3282//6 3260//6
f 3260//6 3282//6 3283//6 3262//6
f 3262//6 3283//6 3284//6 3264//6
f 3264//6 3284//6 3285//6 3266//6
f 3266//6 3285//6 3286//6 3268//6
f 3268//6 3286//6 3287//6 3270//6
f 3270//6 3287//6 3288//6 3272//6
f 3272//6 3288//6 3289//6 3274//6
f 3276//6 3290//6 3291//6 3277//6
f 3277//6 3291//6 3292//6 3278//6
f 3278//6 3292//6 3293//6 3279//6
f 3279//6 3293//6 3294//6 3280//6
f 3280//6 3294//6 3295//6 3281//6
f 3281//6 3295//6 3296//6 3282//6
f 3282//6 3296//6 3297//6 3283//6
f 3283//6 3297//6 3298//6 3284//6
f 3284//6 3298//6 3299//6 3285//6
f 3285//6 3299//6 3300//6 3286//6
f 3286//6 3300//6 3301//6 3287//6
f 3287//6 3301//6 3302//6 3288//6
f 3288//6 3302//6 3303//6 3289//6
f 3290//6 3304//6 3305//6 3291//6
f 3291//6 3305//6 3306//6 3292//6
f 3292//6 3306//6 3307//6 3293//6
f 3293//6 3307//6 3308//6 3294//6
f 3294//6 3308//6 3309//6 3295//6
f 3295//6 3309//6 3310//6 3296//6
f 3296//6 3310//6 3311//6 3297//6
f 3297//6 3311//6 3312//6 3298//6
f 3298//6 3312//6 3313//6 3299//6
f 3299//6 3313//6 3314//6 3300//6
f 3300//6 3314//6 3315//6 3301//6
f 3301//6 3315//6 3316//6 3302//6
f 3302//6 3316//6 3317//6 3303//6
f 3304//6 3318//6 3319//6 3305//6
f 3305//6 3319//6 3320//6 3306//6
f 3306//6 3320//6 3321//6 3307//6
f 3307//6 3321//6 3322//6 3308//6
f 3308//6 3322//6 3323//6 3309//6
f 3309//6 3323//6 3324//6 3310//6
f 3310//6 3324//6 3325//6 3311//6
f 3311//6 3325//6 3326//6 3312//6
f 3312//6 3326//6 3327//6 3313//6
f 3313//6 3327//6 3328//6 3314//6
f 3314//6 3328//6 3329//6 3315//6
f 3315//6 3329//6 3330//6 3316//6
f 3316//6 3330//6 3331//6 3317//6
f 3318//6 3332//6 3333//6 3319//6
f 3319//6 3333//6 3334//6 3320//6
f 3320//6 3334//6 3335//6 3321//6
f 3321//6 3335//6 3336//6 3322//6
f 3322//6 3336//6 3337//6 3323//6
f 3323//6 3337//6 3338//6 3324//6
f 3324//6 3338//6 3339//6 3325//6
f 3325//6 3339//6 3340//6 3326//6
f 3326//6 3340//6 3341//6 3327//6
f 3327//6 3341//6 3342//6 3328//6
f 3328//6 3342//6 3343//6 3329//6
f 3329//6 3343//6 3344//6 3330//6
f 3330//6 3344//6 3345//6 3331//6
f 3346//3 3347//3 3348//3 3349//3
f 3349//3 3348//3 3350//3 3351//3
f 3351//3 3350//3 3352//3 3353//3
f 3353//3 3352//3 3354//3 3355//3
f 3355//3 3354//3 3356//3 3357//3
f 3357//3 3356//3 3358//3 3359//3
f 3359//3 3358//3 3360//3 3361//3
f 3361//3 3360//3 3362//3 3363//3
f 3363//3 3362//3 3364//3 3365//3
f 3365//3 3364//3 3366//3 3367//3
f 3367//3 3366//3 3368//3 3369//3
f 3369//3 3368//3 3370//3 3371//3
f 3371//3 3370//3 3372//3 3373//3
f 3347//3 3374//3 3375//3 3348//3
f 3348//3 3375//3 3376//3 3350//3
f 3350//3 3376//3 3377//3 3352//3
f 3352//3 3377//3 3378//3 3354//3
f 3354//3 3378//3 3379//3 3356//3
f 3356//3 3379//3 3380//3 3358//3
f 3358//3 3380//3 3381//3 3360//3
f 3360//3 3381//3 3382//3 3362//3
f 3362//3 3382//3 3383//3 3364//3
f 3364//3 3383//3 3384//3 3366//3
f 3366//3 3384//3 3385//3 3368//3
f 3368//3 3385//3 3386//3 3370//3
f 3370//3 3386//3 3387//3 3372//3
f 3374//3 3388//3 3389//3 3375//3
f 3375//3 3389//3 3390//3 3376//3
f 3376//3 3390//3 3391//3 3377//3
f 3377//3 3391//3 3392//3 3378//3
f 3378//3 3392//3 3393//3 3379//3
f 3379//3 3393//3 3394//3 3380//3
f 3380//3 3394//3 3395//3 3381//3
f 3381//3 3395//3 3396//3 3382//3
f 3382//3 3396//3 3397//3 3383//3
f 3383//3 3397//3 3398//3 3384//3
f 3384//3 3398//3 3399//3 3385//3
f 3385//3 3399//3 3400//3 3386//3
f 3386//3 3400//3 3401//3 3387//3
f 3388//3 3402//3 3403//3 3389//3
f 3389//3 3403//3 3404//3 3390//3
f 3390//3 3404//3 3405//3 3391//3
f 3391//3 3405//3 3406//3 3392//3
f 3392//3 3406//3 3407//3 3393//3
f 3393//3 3407//3 3408//3 3394//3
f 3394//3 3408//3 3409//3 3395//3
f 3395//3 3409//3 3410//3 3396//3
f 3396//3 3410//3 3411//3 3397//3
f 3397//3 3411//3 3412//3 3398//3
f 3398//3 3412//3 3413//3 3399//3
f 3399//3 3413//3 3414//3 3400//3
f 3400//3 3414//3 3415//3 3401//3
f 3402//3 3416//3 3417//3 3403//3
f 3403//3 3417//3 3418//3 3404//3
f 3404//3 3418//3 3419//3 3405//3
f 3405//3 3419//3 3420//3 3406//3
f 3406//3 3420//3 3421//3 3407//3
f 3407//3 3421//3 3422//3 3408//3
f 3408//3 3422//3 3423//3 3409//3
f 3409//3 3423//3 3424//3 3410//3
f 3410//3 3424//3 3425//3 3411//3
f 3411//3 3425//3 3426//3 3412//3
f 3412//3 3426//3 3427//3 3413//3
f 3413//3 3427//3 3428//3 3414//3
f 3414//3 3428//3 3429//3 3415//3
f 3416//3 3430//3 3431//3 3417//3
f 3417//3 3431//3 3432//3 3418//3
f 3418//3 3432//3 3433//3 3419//3
f 3419//3 3433//3 3434//3 3420//3
f 3420//3 3434//3 3435//3 3421//3
f 3421//3 3435//3 3436//3 3422//3
f 3422//3 3436//3 3437//3 3423//3
f 3423//3 3437//3 3438//3 3424//3
f 3424//3 3438//3 3439//3 3425//3
f 3425//3 3439//3 3440//3 3426//3
f 3426//3 3440//3 3441//3 3427//3
f 3427//3 3441//3 3442//3 3428//3
f 3428//3 3442//3 3443//3 3429//3
f 3430//3 3444//3 3445//3 3431//3
f 3431//3 3445//3 3446//3 3432//3
f 3432//3 3446//3 3447//3 3433//3
f 3433//3 3447//3 3448//3 3434//3
f 3434//3 3448//3 3449//3 3435//3
f 3435//3 3449//3 3450//3 3436//3
f 3436//3 3450//3 3451//3 3437//3
f 3437//3 3451//3 3452//3 3438//3
f 3438//3 3452//3 3453//3 3439//3
f 3439//3 3453//3 3454//3 3440//3
f 3440//3 3454//3 3455//3 3441//3
f 3441//3 3455//3 3456//3 3442//3
f 3442//3 3456//3 3457//3 3443//3
f 3444//3 3458//3 3459//3 3445//3
f 3445//3 3459//3 3460//3 3446//3
f 3446//3 3460//3 3461//3 3447//3
f 3447//3 3461//3 3462//3 3448//3
f 3448//3 3462//3 3463//3 3449//3
f 3449//3 3463//3 3464//3 3450//3
f 3450//3 3464//3 3465//3 3451//3
f 3451//3 3465//3 3466//3 3452//3
f 3452//3 3466//3 3467//3 3453//3
f 3453//3 3467//3 3468//3 3454//3
f 3454//3 3468//3 3469//3 3455//3
f 3455//3 3469//3 3470//3 3456//3
f 3456//3 3470//3 3471//3 3457//3
f 3472//20 3473//20 3474//20 3475//20
f 3475//20 3474//20 3476//20 3477//20
f 3477//20 3476//20 3478//20 3479//20
f 3479//20 3478//20 3480//20 3481//20
f 3481//20 3480//20 3482//20 3483//20
f 3483//20 3482//20 3484//20 3485//20
f 3485//20 3484//20 3486//20 3487//20
f 3487//20 3486//20 3488//20 3489//20
f 3489//20 3488//20 3490//20 3491//20
f 3491//20 3490//20 3492//20 3493//20
f 3473//20 3494//20 3495//20 3474//20
f 3474//20 3495//20 3496//20 3476//20
f 3476//20 3496//20 3497//20 3478//20
f 3478//20 3497//20 3498//20 3480//20
f 3480//20 3498//20 3499//20 3482//20
f 3482//20 3499//20 3500//20 3484//20
f 3484//20 3500//20 3501//20 3486//20
f 3486//20 3501//20 3502//20 3488//20
f 3488//20 3502//20 3503//20 3490//20
f 3490//20 3503//20 3504//20 3492//20
f 3494//20 3505//20 3506//20 3495//20
f 3495//20 3506//20 3507//20 3496//20
f 3496//20 3507//20 3508//20 3497//20
f 3497//20 3508//20 3509//20 3498//20
f 3498//20 3509//20 3510//20 3499//20
f 3499//20 3510//20 3511//20 3500//20
f 3500//20 3511//20 3512//20 3501//20
f 3501//20 3512//20 3513//20 3502//20
f 3502//20 3513//20 3514//20 3503//20
f 3503//20 3514//20 3515//20 3504//20
f 3505//20 3516//20 3517//20 3506//20
f 3506//20 3517//20 3518//20 3507//20
f 3507//20 3518//20 3519//20 3508//20
f 3508//20 3519//20 3520//20 3509//20
f 3509//20 3520//20 3521//20 3510//20
f 3510//20 3521//20 3522//20 3511//20
f 3511//20 3522//20 3523//20 3512//20
f 3512//20 3523//20 3524//20 3513//20
f 3513//20 3524//20 3525//20 3514//20
f 3514//20 3525//20 3526//20 3515//20
f 3516//20 3527//20 3528//20 3517//20
f 3517//20 3528//20 3529//20 3518//20
f 3518//20 3529//20 3530//20 3519//20
f 3519//20 3530//20 3531//20 3520//20
f 3520//20 3531//20 3532//20 3521//20
f 3521//20 3532//20 3533//20 3522//20
f 3522//20 3533//20 3534//20 3523//20
f 3523//20 3534//20 3535//20 3524//20
f 3524//20 3535//20 3536//20 3525//20
f 3525//20 3536//20 3537//20 3526//20
f 3527//20 3538//20 3539//20 3528//20
f 3528//20 3539//20 3540//20 3529//20
f 3529//20 3540//20 3541//20 3530//20
f 3530//20 3541//20 3542//20 3531//20
f 3531//20 3542//20 3543//20 3532//20
f 3532//20 3543//20 3544//20 3533//20
f 3533//20 3544//20 3545//20 3534//20
f 3534//20 3545//20 3546//20 3535//20
f 3535//20 3546//20 3547//20 3536//20
f 3536//20 3547//20 3548//20 3537//20
f 3373//3 3549//3 3550//3 3551//3
f 3551//3 3550//3 3552//3 3553//3
f 3553//3 3552//3 3554//3 3555//3
f 3555//3 3554//3 3556//3 3557//3
f 3557//3 3556//3 3558//3 3559//3
f 3559//3 3558//3 3560//3 3561//3
f 3561//3 3560//3 3562//3 3563//3
f 3563//3 3562//3 3564//3 3565//3
f 3565//3 3564//3 3566//3 3567//3
f 3567//3 3566//3 3568//3 3569//3
f 3549//3 3570//3 3571//3 3550//3
f 3550//3 3571//3 3572//3 3552//3
f 3552//3 3572//3 3573//3 3554//3
f 3554//3 3573//3 3574//3 3556//3
f 3556//3 3574//3 3575//3 3558//3
f 3558//3 3575//3 3576//3 3560//3
f 3560//3 3576//3 3577//3 3562//3
f 3562//3 3577//3 3578//3 3564//3
f 3564//3 3578//3 3579//3 3566//3
f 3566//3 3579//3 3580//3 3568//3
f 3570//3 3581//3 3582//3 3571//3
f 3571//3 3582//3 3583//3 3572//3
f 3572//3 3583//3 3584//3 3573//3
f 3573//3 3584//3 3585//3 3574//3
f 3574//3 3585//3 3586//3 3575//3
f 3575//3 3586//3 3587//3 3576//3
f 3576//3 3587//3 3588//3 3577//3
f 3577//3 3588//3 3589//3 3578//3
f 3578//3 3589//3 3590//3 3579//3
f 3579//3 3590//3 3591//3 3580//3
f 3581//3 3592//3 3593//3 3582//3
f 3582//3 3593//3 3594//3 3583//3
f 3583//3 3594//3 3595//3 3584//3
f 3584//3 3595//3 3596//3 3585//3
f 3585//3 3596//3 3597//3 3586//3
f 3586//3 3597//3 3598//3 3587//3
f 3587//3 3598//3 3599//3 3588//3
f 3588//3 3599//3 3600//3 3589//3
f 3589//3 3600//3 3601//3 3590//3
f 3590//3 3601//3 3602//3 3591//3
f 3592//3 3603//3 3604//3 3593//3
f 3593//3 3604//3 3605//3 3594//3
f 3594//3 3605//3 3606//3 3595//3
f 3595//3 3606//3 3607//3 3596//3
f 3596//3 3607//3 3608//3 3597//3
f 3597//3 3608//3 3609//3 3598//3
f 3598//3 3609//3 3610//3 3599//3
f 3599//3 3610//3 3611//3 3600//3
f 3600//3 3611//3 3612//3 3601//3
f 3601//3 3612//3 3613//3 3602//3
f 3603//3 3614//3 3615//3 3604//3
f 3604//3 3615//3 3616//3 3605//3
f 3605//3 3616//3 3617//3 3606//3
f 3606//3 3617//3 3618//3 3607//3
f 3607//3 3618//3 3619//3 3608//3
f 3608//3 3619//3 3620//3 3609//3
f 3609//3 3620//3 3621//3 3610//3
f 3610//3 3621//3 3622//3 3611//3
f 3611//3 3622//3 3623//3 3612//3
f 3612//3 3623//3 3624//3 3613//3
f 3614//3 3625//3 3626//3 3615//3
f 3615//3 3626//3 3627//3 3616//3
f 3616//3 3627//3 3628//3 3617//3
f 3617//3 3628//3 3629//3 3618//3
f 3618//3 3629//3 3630//3 3619//3
f 3619//3 3630//3 3631//3 3620//3
f 3620//3 3631//3 3632//3 3621//3
f 3621//3 3632//3 3633//3 3622//3
f 3622//3 3633//3 3634//3 3623//3
f 3623//3 3634//3 3635//3 3624//3
f 3625//3 3636//3 3637//3 3626//3
f 3626//3 3637//3 3638//3 3627//3
f 3627//3 3638//3 3639//3 3628//3
f 3628//3 3639//3 3640//3 3629//3
f 3629//3 3640//3 3641//3 3630//3
f 3630//3 3641//3 3642//3 3631//3
f 3631//3 3642//3 3643//3 3632//3
f 3632//3 3643//3 3644//3 3633//3
f 3633//3 3644//3 3645//3 3634//3
f 3634//3 3645//3 3646//3 3635//3
f 3636//3 3647//3 3648//3 3637//3
f 3637//3 3648//3 3649//3 3638//3
f 3638//3 3649//3 3650//3 3639//3
f 3639//3 3650//3 3651//3 3640//3
f 3640//3 3651//3 3652//3 3641//3
f 3641//3 3652//3 3653//3 3642//3
f 3642//3 3653//3 3654//3 3643//3
f 3643//3 3654//3 3655//3 3644//3
f 3644//3 3655//3 3656//3 3645//3
f 3645//3 3656//3 3657//3 3646//3
f 3647//3 3658//3 3659//3 3648//3
f 3648//3 3659//3 3660//3 3649//3
f 3649//3 3660//3 3661//3 3650//3
f 3650//3 3661//3 3662//3 3651//3
f 3651//3 3662//3 3663//3 3652//3
f 3652//3 3663//3 3664//3 3653//3
f 3653//3 3664//3 3665//3 3654//3
f 3654//3 3665//3 3666//3 3655//3
f 3655//3 3666//3 3667//3 3656//3
f 3656//3 3667//3 3668//3 3657//3
f 3658//3 3471//3 3669//3 3659//3
f 3659//3 3669//3 3670//3 3660//3
f 3660//3 3670//3 3671//3 3661//3
f 3661//3 3671//3 3672//3 3662//3
f 3662//3 3672//3 3673//3 3663//3
f 3663//3 3673//3 3674//3 3664//3
f 3664//3 3674//3 3675//3 3665//3
f 3665//3 3675//3 3676//3 3666//3
f 3666//3 3676//3 3677//3 3667//3
f 3667//3 3677//3 3678//3 3668//3
f 3679//21 3680//21 3681//21 3682//21
f 3682//21 3681//21 3683//21 3684//21
f 3684//21 3683//21 3685//21 3686//21
f 3686//21 3685//21 3687//21 3688//21
f 3688//21 3687//21 3689//21 3690//21
f 3690//21 3689//21 3691//21 3692//21
f 3692//21 3691//21 3693//21 3694//21
f 3694//21 3693//21 3695//21 3696//21
f 3696//21 3695//21 3697//21 3698//21
f 3680//21 3699//21 3700//21 3681//21
f 3681//21 3700//21 3701//21 3683//21
f 3683//21 3701//21 3702//21 3685//21
f 3685//21 3702//21 3703//21 3687//21
f 3687//21 3703//21 3704//21 3689//21
f 3689//21 3704//21 3705//21 3691//21
f 3691//21 3705//21 3706//21 3693//21
f 3693//21 3706//21 3707//21 3695//21
f 3695//21 3707//21 3708//21 3697//21
f 3699//21 3709//21 3710//21 3700//21
f 3700//21 3710//21 3711//21 3701//21
f 3701//21 3711//21 3712//21 3702//21
f 3702//21 3712//21 3713//21 3703//21
f 3703//21 3713//21 3714//21 3704//21
f 3704//21 3714//21 3715//21 3705//21
f 3705//21 3715//21 3716//21 3706//21
f 3706//21 3716//21 3717//21 3707//21
f 3707//21 3717//21 3718//21 3708//21
f 3709//21 3719//21 3720//21 3710//21
f 3710//21 3720//21 3721//21 3711//21
f 3711//21 3721//21 3722//21 3712//21
f 3712//21 3722//21 3723//21 3713//21
f 3713//21 3723//21 3724//21 3714//21
f 3714//21 3724//21 3725//21 3715//21
f 3715//21 3725//21 3726//21 3716//21
f 3716//21 3726//21 3727//21 3717//21
f 3717//21 3727//21 3728//21 3718//21
f 3719//21 3729//21 3730//21 3720//21
f 3720//21 3730//21 3731//21 3721//21
f 3721//21 3731//21 3732//21 3722//21
f 3722//21 3732//21 3733//21 3723//21
f 3723//21 3733//21 3734//21 3724//21
f 3724//21 3734//21 3735//21 3725//21
f 3725//21 3735//21 3736//21 3726//21
f 3726//21 3736//21 3737//21 3727//21
f 3727//21 3737//21 3738//21 3728//21
f 3729//21 3739//21 3740//21 3730//21
f 3730//21 3740//21 3741//21 3731//21
f 3731//21 3741//21 3742//21 3732//21
f 3732//21 3742//21 3743//21 3733//21
f 3733//21 3743//21 3744//21 3734//21
f 3734//21 3744//21 3745//21 3735//21
f 3735//21 3745//21 3746//21 3736//21
f 3736//21 3746//21 3747//21 3737//21
f 3737//21 3747//21 3748//21 3738//21
f 3149//1 3749//1 3750//1 3751//1
f 3751//1 3750//1 3752//1 3753//1
f 3753//1 3752//1 3754//1 3755//1
f 3755//1 3754//1 3756//1 3757//1
f 3757//1 3756//1 3758//1 3759//1
f 3759//1 3758//1 3760//1 3761//1
f 3761//1 3760//1 3762//1 3763//1
f 3763//1 3762//1 3764//1 3765//1
f 3765//1 3764//1 3766//1 3767//1
f 3767//1 3766//1 3768//1 3769//1
f 3749//1 3770//1 3771//1 3750//1
f 3750//1 3771//1 3772//1 3752//1
f 3752//1 3772//1 3773//1 3754//1
f 3754//1 3773//1 3774//1 3756//1
f 3756//1 3774//1 3775//1 3758//1
f 3758//1 3775//1 3776//1 3760//1
f 3760//1 3776//1 3777//1 3762//1
f 3762//1 3777//1 3778//1 3764//1
f 3764//1 3778//1 3779//1 3766//1
f 3766//1 3779//1 3780//1 3768//1
f 3770//1 3781//1 3782//1 3771//1
f 3771//1 3782//1 3783//1 3772//1
f 3772//1 3783//1 3784//1 3773//1
f 3773//1 3784//1 3785//1 3774//1
f 3774//1 3785//1 3786//1 3775//1
f 3775//1 3786//1 3787//1 3776//1
f 3776//1 3787//1 3788//1 3777//1
f 3777//1 3788//1 3789//1 3778//1
f 3778//1 3789//1 3790//1 3779//1
f 3779//1 3790//1 3791//1 3780//1
f 3781//1 3792//1 3793//1 3782//1
f 3782//1 3793//1 3794//1 3783//1
f 3783//1 3794//1 3795//1 3784//1
f 3784//1 3795//1 3796//1 3785//1
f 3785//1 3796//1 3797//1 3786//1
f 3786//1 3797//1 3798//1 3787//1
f 3787//1 3798//1 3799//1 3788//1
f 3788//1 3799//1 3800//1 3789//1
f 3789//1 3800//1 3801//1 3790//1
f 3790//1 3801//1 3802//1 3791//1
f 3792//1 3803//1 3804//1 3793//1
f 3793//1 3804//1 3805//1 3794//1
f 3794//1 3805//1 3806//1 3795//1
f 3795//1 3806//1 3807//1 3796//1
f 3796//1 3807//1 3808//1 3797//1
f 3797//1 3808//1 3809//1 3798//1
f 3798//1 3809//1 3810//1 3799//1
f 3799//1 3810//1 3811//1 3800//1
f 3800//1 3811//1 3812//1 3801//1
f 3801//1 3812//1 3813//1 3802//1
f 3803//1 3814//1 3815//1 3804//1
f 3804//1 3815//1 3816//1 3805//1
f 3805//1 3816//1 3817//1 3806//1
f 3806//1 3817//1 3818//1 3807//1
f 3807//1 3818//1 3819//1 3808//1
f 3808//1 3819//1 3820//1 3809//1
f 3809//1 3820//1 3821//1 3810//1
f 3810//1 3821//1 3822//1 3811//1
f 3811//1 3822//1 3823//1 3812//1
f 3812//1 3823//1 3824//1 3813//1
f 3814//1 3825//1 3826//1 3815//1
f 3815//1 3826//1 3827//1 3816//1
f 3816//1 3827//1 3828//1 3817//1
f 3817//1 3828//1 3829//1 3818//1
f 3818//1 3829//1 3830//1 3819//1
f 3819//1 3830//1 3831//1 3820//1
f 3820//1 3831//1 3832//1 3821//1
f 3821//1 3832//1 3833//1 3822//1
f 3822//1 3833//1 3834//1 3823//1
f 3823//1 3834//1 3835//1 3824//1
f 3825//1 3836//1 3837//1 3826//1
f 3826//1 3837//1 3838//1 3827//1
f 3827//1 3838//1 3839//1 3828//1
f 3828//1 3839//1 3840//1 3829//1
f 3829//1 3840//1 3841//1 3830//1
f 3830//1 3841//1 3842//1 3831//1
f 3831//1 3842//1 3843//1 3832//1
f 3832//1 3843//1 3844//1 3833//1
f 3833//1 3844//1 3845//1 3834//1
f 3834//1 3845//1 3846//1 3835//1
f 3836//1 3847//1 3848//1 3837//1
f 3837//1 3848//1 3849//1 3838//1
f 3838//1 3849//1 3850//1 3839//1
f 3839//1 3850//1 3851//1 3840//1
f 3840//1 3851//1 3852//1 3841//1
f 3841//1 3852//1 3853//1 3842//1
f 3842//1 3853//1 3854//1 3843//1
f 3843//1 3854//1 3855//1 3844//1
f 3844//1 3855//1 3856//1 3845//1
f 3845//1 3856//1 3857//1 3846//1
f 3847//1 3858//1 3859//1 3848//1
f 3848//1 3859//1 3860//1 3849//1
f 3849//1 3860//1 3861//1 3850//1
f 3850//1 3861//1 3862//1 3851//1
f 3851//1 3862//1 3863//1 3852//1
f 3852//1 3863//1 3864//1 3853//1
f 3853//1 3864//1 3865//1 3854//1
f 3854//1 3865//1 3866//1 3855//1
f 3855//1 3866//1 3867//1 3856//1
f 3856//1 3867//1 3868//1 3857//1
f 3858//1 3247//1 3869//1 3859//1
f 3859//1 3869//1 3870//1 3860//1
f 3860//1 3870//1 3871//1 3861//1
f 3861//1 3871//1 3872//1 3862//1
f 3862//1 3872//1 3873//1 3863//1
f 3863//1 3873//1 3874//1 3864//1
f 3864//1 3874//1 3875//1 3865//1
f 3865//1 3875//1 3876//1 3866//1
f 3866//1 3876//1 3877//1 3867//1
f 3867//1 3877//1 3878//1 3868//1
f 3879//5 3880//5 3881//5 3882//5
f 3882//5 3881//5 3883//5 3884//5
f 3880//5 3885//5 3886//5 3881//5
f 3881//5 3886//5 3887//5 3883//5
f 3885//5 3888//5 3889//5 3886//5
f 3886//5 3889//5 3890//5 3887//5
f 3888//5 3891//5 3892//5 3889//5
f 3889//5 3892//5 3893//5 3890//5
f 3891//5 3894//5 3895//5 3892//5
f 3892//5 3895//5 3896//5 3893//5
f 3894//5 3897//5 3898//5 3895//5
f 3895//5 3898//5 3899//5 3896//5
f 3769//1 3768//1 3900//1 3901//1
f 3901//1 3900//1 3902//1 3903//1
f 3768//1 3780//1 3904//1 3900//1
f 3900//1 3904//1 3905//1 3902//1
f 3780//1 3791//1 3906//1 3904//1
f 3904//1 3906//1 3907//1 3905//1
f 3791//1 3802//1 3908//1 3906//1
f 3906//1 3908//1 3909//1 3907//1
f 3802//1 3813//1 3910//1 3908//1
f 3908//1 3910//1 3911//1 3909//1
f 3813//1 3824//1 3912//1 3910//1
f 3910//1 3912//1 3913//1 3911//1
f 3824//1 3835//1 3914//1 3912//1
f 3912//1 3914//1 3915//1 3913//1
f 3835//1 3846//1 3916//1 3914//1
f 3914//1 3916//1 3917//1 3915//1
f 3846//1 3857//1 3918//1 3916//1
f 3916//1 3918//1 3919//1 3917//1
f 3857//1 3868//1 3920//1 3918//1
f 3918//1 3920//1 3921//1 3919//1
f 3868//1 3878//1 3922//1 3920//1
f 3920//1 3922//1 3923//1 3921//1
f 3924//6 3925//6 3926//6 3927//6
f 3927//6 3926//6 3928//6 3929//6
f 3925//6 3930//6 3931//6 3926//6
f 3926//6 3931//6 3932//6 3928//6
f 3930//6 3933//6 3934//6 3931//6
f 3931//6 3934//6 3935//6 3932//6
f 3933//6 3936//6 3937//6 3934//6
f 3934//6 3937//6 3938//6 3935//6
f 3936//6 3939//6 3940//6 3937//6
f 3937//6 3940//6 3941//6 3938//6
f 3939//6 3942//6 3943//6 3940//6
f 3940//6 3943//6 3944//6 3941//6
f 3569//3 3568//3 3945//3 3946//3
f 3946//3 3945//3 3947//3 3948//3
f 3568//3 3580//3 3949//3 3945//3
f 3945//3 3949//3 3950//3 3947//3
f 3580//3 3591//3 3951//3 3949//3
f 3949//3 3951//3 3952//3 3950//3
f 3591//3 3602//3 3953//3 3951//3
f 3951//3 3953//3 3954//3 3952//3
f 3602//3 3613//3 3955//3 3953//3
f 3953//3 3955//3 3956//3 3954//3
f 3613//3 3624//3 3957//3 3955//3
f 3955//3 3957//3 3958//3 3956//3
f 3624//3 3635//3 3959//3 3957//3
f 3957//3 3959//3 3960//3 3958//3
f 3635//3 3646//3 3961//3 3959//3
f 3959//3 3961//3 3962//3 3960//3
f 3646//3 3657//3 3963//3 3961//3
f 3961//3 3963//3 3964//3 3962//3
f 3657//3 3668//3 3965//3 3963//3
f 3963//3 3965//3 3966//3 3964//3
f 3668//3 3678//3 3967//3 3965//3
f 3965//3 3967//3 3968//3 3966//3
f 4005//2 4006//2 4007//2 4008//2
f 4008//2 4007//2 4009//2 4010//2
f 4006//2 4011//2 4012//2 4007//2
f 4007//2 4012//2 4013//2 4009//2
f 4011//2 4014//2 4015//2 4012//2
f 4012//2 4015//2 4016//2 4013//2
f 4014//2 4017//2 4018//2 4015//2
f 4015//2 4018//2 4019//2 4016//2
f 4017//2 4020//2 4021//2 4018//2
f 4018//2 4021//2 4022//2 4019//2
f 4020//2 2312//22 8123//23 4021//2
f 4021//2 8123//23 4023//2 4022//2
f 4024//1 2312//22 8147//24
f 4028//2 2298//17 8150//24
f 4032//25 2277//15 8153//16
f 4036//25 4037//25 4038//25 4039//25
f 4039//25 4038//25 4040//25 4041//25
f 4037//25 4042//25 4043//25 4038//25
f 4038//25 4043//25 4044//25 4040//25
f 4042//25 4045//25 4046//25 4043//25
f 4043//25 4046//25 4047//25 4044//25
f 4045//25 4048//25 4049//25 4046//25
f 4046//25 4049//25 4050//25 4047//25
f 4048//25 4051//25 4052//25 4049//25
f 4049//25 4052//25 4053//25 4050//25
f 4051//25 4054//25 4055//25 4052//25
f 4052//25 4055//25 4056//25 4053//25
f 4057//6 4058//6 4059//6 4060//6
f 4060//6 4059//6 4061//6 4062//6
f 4062//6 4061//6 4063//6 4064//6
f 4058//6 4065//6 4066//6 4059//6
f 4059//6 4066//6 4067//6 4061//6
f 4061//6 4067//6 4068//6 4063//6
f 4065//6 4069//6 4070//6 4066//6
f 4066//6 4070//6 4071//6 4067//6
f 4067//6 4071//6 4072//6 4068//6
f 4069//6 4073//6 4074//6 4070//6
f 4070//6 4074//6 4075//6 4071//6
f 4071//6 4075//6 4076//6 4072//6
f 4073//6 4077//6 4078//6 4074//6
f 4074//6 4078//6 4079//6 4075//6
f 4075//6 4079//6 4080//6 4076//6
f 4077//6 4081//6 4082//6 4078//6
f 4078//6 4082//6 4083//6 4079//6
f 4079//6 4083//6 4084//6 4080//6
f 4085//3 4086//3 4087//3 4088//3
f 4088//3 4087//3 4089//3 4090//3
f 4090//3 4089//3 4091//3 4092//3
f 4086//3 4093//3 4094//3 4087//3
f 4087//3 4094//3 4095//3 4089//3
f 4089//3 4095//3 4096//3 4091//3
f 4093//3 4097//3 4098//3 4094//3
f 4094//3 4098//3 4099//3 4095//3
f 4095//3 4099//3 4100//3 4096//3
f 4097//3 4101//3 4102//3 4098//3
f 4098//3 4102//3 4103//3 4099//3
f 4099//3 4103//3 4104//3 4100//3
f 4101//3 4105//3 4106//3 4102//3
f 4102//3 4106//3 4107//3 4103//3
f 4103//3 4107//3 4108//3 4104//3
f 4105//3 4109//3 4110//3 4106//3
f 4106//3 4110//3 4111//3 4107//3
f 4107//3 4111//3 4112//3 4108//3
f 4109//3 4113//3 4114//3 4110//3
f 4110//3 4114//3 4115//3 4111//3
f 4111//3 4115//3 4116//3 4112//3
f 4113//3 4117//3 4118//3 4114//3
f 4114//3 4118//3 4119//3 4115//3
f 4115//3 4119//3 4120//3 4116//3
f 4117//3 4121//3 4122//3 4118//3
f 4118//3 4122//3 4123//3 4119//3
f 4119//3 4123//3 4124//3 4120//3
f 4121//3 4125//3 4126//3 4122//3
f 4122//3 4126//3 4127//3 4123//3
f 4123//3 4127//3 4128//3 4124//3
f 4125//3 4129//3 4130//3 4126//3
f 4126//3 4130//3 4131//3 4127//3
f 4127//3 4131//3 4132//3 4128//3
f 4133//5 4134//5 4135//5 4136//5
f 4136//5 4135//5 4137//5 4138//5
f 4138//5 4137//5 4139//5 4140//5
f 4134//5 4141//5 4142//5 4135//5
f 4135//5 4142//5 4143//5 4137//5
f 4137//5 4143//5 4144//5 4139//5
f 4141//5 4145//5 4146//5 4142//5
f 4142//5 4146//5 4147//5 4143//5
f 4143//5 4147//5 4148//5 4144//5
f 4145//5 4149//5 4150//5 4146//5
f 4146//5 4150//5 4151//5 4147//5
f 4147//5 4151//5 4152//5 4148//5
f 4149//5 4153//5 4154//5 4150//5
f 4150//5 4154//5 4155//5 4151//5
f 4151//5 4155//5 4156//5 4152//5
f 4153//5 4157//5 4158//5 4154//5
f 4154//5 4158//5 4159//5 4155//5
f 4155//5 4159//5 4160//5 4156//5
f 4161//1 4162//1 4163//1 4164//1
f 4164//1 4163//1 4165//1 4166//1
f 4166//1 4165//1 4167//1 4168//1
f 4162//1 4169//1 4170//1 4163//1
f 4163//1 4170//1 4171//1 4165//1
f 4165//1 4171//1 4172//1 4167//1
f 4169//1 4173//1 4174//1 4170//1
f 4170//1 4174//1 4175//1 4171//1
f 4171//1 4175//1 4176//1 4172//1
f 4173//1 4177//1 4178//1 4174//1
f 4174//1 4178//1 4179//1 4175//1
f 4175//1 4179//1 4180//1 4176//1
f 4177//1 4181//1 4182//1 4178//1
f 4178//1 4182//1 4183//1 4179//1
f 4179//1 4183//1 4184//1 4180//1
f 4181//1 4185//1 4186//1 4182//1
f 4182//1 4186//1 4187//1 4183//1
f 4183//1 4187//1 4188//1 4184//1
f 4185//1 4189//1 4190//1 4186//1
f 4186//1 4190//1 4191//1 4187//1
f 4187//1 4191//1 4192//1 4188//1
f 4189//1 4193//1 4194//1 4190//1
f 4190//1 4194//1 4195//1 4191//1
f 4191//1 4195//1 4196//1 4192//1
f 4193//1 4197//1 4198//1 4194//1
f 4194//1 4198//1 4199//1 4195//1
f 4195//1 4199//1 4200//1 4196//1
f 4197//1 4201//1 4202//1 4198//1
f 4198//1 4202//1 4203//1 4199//1
f 4199//1 4203//1 4204//1 4200//1
f 4201//1 4205//1 4206//1 4202//1
f 4202//1 4206//1 4207//1 4203//1
f 4203//1 4207//1 4208//1 4204//1
f 4209//25 4210//25 4211//25 4212//25
f 4212//25 4211//25 4213//25 4214//25
f 4210//25 4215//25 4216//25 4211//25
f 4211//25 4216//25 4217//25 4213//25
f 4215//25 4218//25 4219//25 4216//25
f 4216//25 4219//25 4220//25 4217//25
f 4218//25 4221//25 4222//25 4219//25
f 4219//25 4222//25 4223//25 4220//25
f 4221//25 4224//25 4225//25 4222//25
f 4222//25 4225//25 4226//25 4223//25
f 4224//25 4227//25 4228//25 4225//25
f 4225//25 4228//25 4229//25 4226//25
f 4266//2 4267//2 4268//2 4269//2
f 4269//2 4268//2 4270//2 4271//2
f 4267//2 4272//2 4273//2 4268//2
f 4268//2 4273//2 4274//2 4270//2
f 4272//2 4275//2 4276//2 4273//2
f 4273//2 4276//2 4277//2 4274//2
f 4275//2 4278//2 4279//2 4276//2
f 4276//2 4279//2 4280//2 4277//2
f 4278//2 4281//2 4282//2 4279//2
f 4279//2 4282//2 4283//2 4280//2
f 4281//2 4284//2 4285//2 4282//2
f 4282//2 4285//2 4286//2 4283//2
s 0
f 4291//26 8119//2 8156//5
s 1
f 4295//5 8120//6 8159//5
f 4299//27 4300//27 4301//27 4302//27
f 4302//27 4301//27 4303//27 4304//27
f 4304//27 4303//27 4305//27 4306//27
f 4306//27 4305//27 4307//27 4308//27
f 4308//27 4307//27 4309//27 4310//27
f 4310//27 4309//27 4311//27 4312//27
f 4312//27 4311//27 4313//27 4314//27
f 4314//27 4313//27 4315//27 4316//27
f 4300//27 4317//27 4318//27 4301//27
f 4301//27 4318//27 4319//27 4303//27
f 4303//27 4319//27 4320//27 4305//27
f 4305//27 4320//27 4321//27 4307//27
f 4307//27 4321//27 4322//27 4309//27
f 4309//27 4322//27 4323//27 4311//27
f 4311//27 4323//27 4324//27 4313//27
f 4313//27 4324//27 4325//27 4315//27
f 4317//27 4326//27 4327//27 4318//27
f 4318//27 4327//27 4328//27 4319//27
f 4319//27 4328//27 4329//27 4320//27
f 4320//27 4329//27 4330//27 4321//27
f 4321//27 4330//27 4331//27 4322//27
f 4322//27 4331//27 4332//27 4323//27
f 4323//27 4332//27 4333//27 4324//27
f 4324//27 4333//27 4334//27 4325//27
f 4326//27 4335//27 4336//27 4327//27
f 4327//27 4336//27 4337//27 4328//27
f 4328//27 4337//27 4338//27 4329//27
f 4329//27 4338//27 4339//27 4330//27
f 4330//27 4339//27 4340//27 4331//27
f 4331//27 4340//27 4341//27 4332//27
f 4332//27 4341//27 4342//27 4333//27
f 4333//27 4342//27 4343//27 4334//27
f 4335//27 4344//27 4345//27 4336//27
f 4336//27 4345//27 4346//27 4337//27
f 4337//27 4346//27 4347//27 4338//27
f 4338//27 4347//27 4348//27 4339//27
f 4339//27 4348//27 4349//27 4340//27
f 4340//27 4349//27 4350//27 4341//27
f 4341//27 4350//27 4351//27 4342//27
f 4342//27 4351//27 4352//27 4343//27
f 4344//27 4353//27 4354//27 4345//27
f 4345//27 4354//27 4355//27 4346//27
f 4346//27 4355//27 4356//27 4347//27
f 4347//27 4356//27 4357//27 4348//27
f 4348//27 4357//27 4358//27 4349//27
f 4349//27 4358//27 4359//27 4350//27
f 4350//27 4359//27 4360//27 4351//27
f 4351//27 4360//27 4361//27 4352//27
f 4353//27 4362//27 4363//27 4354//27
f 4354//27 4363//27 4364//27 4355//27
f 4355//27 4364//27 4365//27 4356//27
f 4356//27 4365//27 4366//27 4357//27
f 4357//27 4366//27 4367//27 4358//27
f 4358//27 4367//27 4368//27 4359//27
f 4359//27 4368//27 4369//27 4360//27
f 4360//27 4369//27 4370//27 4361//27
f 4362//27 4371//27 4372//27 4363//27
f 4363//27 4372//27 4373//27 4364//27
f 4364//27 4373//27 4374//27 4365//27
f 4365//27 4374//27 4375//27 4366//27
f 4366//27 4375//27 4376//27 4367//27
f 4367//27 4376//27 4377//27 4368//27
f 4368//27 4377//27 4378//27 4369//27
f 4369//27 4378//27 4379//27 4370//27
f 4371//27 4380//27 4381//27 4372//27
f 4372//27 4381//27 4382//27 4373//27
f 4373//27 4382//27 4383//27 4374//27
f 4374//27 4383//27 4384//27 4375//27
f 4375//27 4384//27 4385//27 4376//27
f 4376//27 4385//27 4386//27 4377//27
f 4377//27 4386//27 4387//27 4378//27
f 4378//27 4387//27 4388//27 4379//27
f 4380//27 4389//27 4390//27 4381//27
f 4381//27 4390//27 4391//27 4382//27
f 4382//27 4391//27 4392//27 4383//27
f 4383//27 4392//27 4393//27 4384//27
f 4384//27 4393//27 4394//27 4385//27
f 4385//27 4394//27 4395//27 4386//27
f 4386//27 4395//27 4396//27 4387//27
f 4387//27 4396//27 4397//27 4388//27
f 4389//27 4398//27 4399//27 4390//27
f 4390//27 4399//27 4400//27 4391//27
f 4391//27 4400//27 4401//27 4392//27
f 4392//27 4401//27 4402//27 4393//27
f 4393//27 4402//27 4403//27 4394//27
f 4394//27 4403//27 4404//27 4395//27
f 4395//27 4404//27 4405//27 4396//27
f 4396//27 4405//27 4406//27 4397//27
f 4398//27 4407//27 4408//27 4399//27
f 4399//27 4408//27 4409//27 4400//27
f 4400//27 4409//27 4410//27 4401//27
f 4401//27 4410//27 4411//27 4402//27
f 4402//27 4411//27 4412//27 4403//27
f 4403//27 4412//27 4413//27 4404//27
f 4404//27 4413//27 4414//27 4405//27
f 4405//27 4414//27 4415//27 4406//27
f 4407//27 4416//27 4417//27 4408//27
f 4408//27 4417//27 4418//27 4409//27
f 4409//27 4418//27 4419//27 4410//27
f 4410//27 4419//27 4420//27 4411//27
f 4411//27 4420//27 4421//27 4412//27
f 4412//27 4421//27 4422//27 4413//27
f 4413//27 4422//27 4423//27 4414//27
f 4414//27 4423//27 4424//27 4415//27
f 4416//27 4425//27 4426//27 4417//27
f 4417//27 4426//27 4427//27 4418//27
f 4418//27 4427//27 4428//27 4419//27
f 4419//27 4428//27 4429//27 4420//27
f 4420//27 4429//27 4430//27 4421//27
f 4421//27 4430//27 4431//27 4422//27
f 4422//27 4431//27 4432//27 4423//27
f 4423//27 4432//27 4433//27 4424//27
f 4425//27 4434//27 4435//27 4426//27
f 4426//27 4435//27 4436//27 4427//27
f 4427//27 4436//27 4437//27 4428//27
f 4428//27 4437//27 4438//27 4429//27
f 4429//27 4438//27 4439//27 4430//27
f 4430//27 4439//27 4440//27 4431//27
f 4431//27 4440//27 4441//27 4432//27
f 4432//27 4441//27 4442//27 4433//27
f 4434//27 4443//27 4444//27 4435//27
f 4435//27 4444//27 4445//27 4436//27
f 4436//27 4445//27 4446//27 4437//27
f 4437//27 4446//27 4447//27 4438//27
f 4438//27 4447//27 4448//27 4439//27
f 4439//27 4448//27 4449//27 4440//27
f 4440//27 4449//27 4450//27 4441//27
f 4441//27 4450//27 4451//27 4442//27
f 4452//28 4453//28 4454//28 4455//28
f 4455//28 4454//28 4456//28 4457//28
f 4457//28 4456//28 4458//28 4459//28
f 4459//28 4458//28 4460//28 4461//28
f 4461//28 4460//28 4462//28 4463//28
f 4463//28 4462//28 4464//28 4465//28
f 4465//28 4464//28 4466//28 4467//28
f 4467//28 4466//28 4468//28 4469//28
f 4453//28 4470//28 4471//28 4454//28
f 4454//28 4471//28 4472//28 4456//28
f 4456//28 4472//28 4473//28 4458//28
f 4458//28 4473//28 4474//28 4460//28
f 4460//28 4474//28 4475//28 4462//28
f 4462//28 4475//28 4476//28 4464//28
f 4464//28 4476//28 4477//28 4466//28
f 4466//28 4477//28 4478//28 4468//28
f 4470//28 4479//28 4480//28 4471//28
f 4471//28 4480//28 4481//28 4472//28
f 4472//28 4481//28 4482//28 4473//28
f 4473//28 4482//28 4483//28 4474//28
f 4474//28 4483//28 4484//28 4475//28
f 4475//28 4484//28 4485//28 4476//28
f 4476//28 4485//28 4486//28 4477//28
f 4477//28 4486//28 4487//28 4478//28
f 4479//28 4488//28 4489//28 4480//28
f 4480//28 4489//28 4490//28 4481//28
f 4481//28 4490//28 4491//28 4482//28
f 4482//28 4491//28 4492//28 4483//28
f 4483//28 4492//28 4493//28 4484//28
f 4484//28 4493//28 4494//28 4485//28
f 4485//28 4494//28 4495//28 4486//28
f 4486//28 4495//28 4496//28 4487//28
f 4488//28 4497//28 4498//28 4489//28
f 4489//28 4498//28 4499//28 4490//28
f 4490//28 4499//28 4500//28 4491//28
f 4491//28 4500//28 4501//28 4492//28
f 4492//28 4501//28 4502//28 4493//28
f 4493//28 4502//28 4503//28 4494//28
f 4494//28 4503//28 4504//28 4495//28
f 4495//28 4504//28 4505//28 4496//28
f 4497//28 4506//28 4507//28 4498//28
f 4498//28 4507//28 4508//28 4499//28
f 4499//28 4508//28 4509//28 4500//28
f 4500//28 4509//28 4510//28 4501//28
f 4501//28 4510//28 4511//28 4502//28
f 4502//28 4511//28 4512//28 4503//28
f 4503//28 4512//28 4513//28 4504//28
f 4504//28 4513//28 4514//28 4505//28
f 4506//28 4515//28 4516//28 4507//28
f 4507//28 4516//28 4517//28 4508//28
f 4508//28 4517//28 4518//28 4509//28
f 4509//28 4518//28 4519//28 4510//28
f 4510//28 4519//28 4520//28 4511//28
f 4511//28 4520//28 4521//28 4512//28
f 4512//28 4521//28 4522//28 4513//28
f 4513//28 4522//28 4523//28 4514//28
f 4515//28 4524//28 4525//28 4516//28
f 4516//28 4525//28 4526//28 4517//28
f 4517//28 4526//28 4527//28 4518//28
f 4518//28 4527//28 4528//28 4519//28
f 4519//28 4528//28 4529//28 4520//28
f 4520//28 4529//28 4530//28 4521//28
f 4521//28 4530//28 4531//28 4522//28
f 4522//28 4531//28 4532//28 4523//28
f 4524//28 4533//28 4534//28 4525//28
f 4525//28 4534//28 4535//28 4526//28
f 4526//28 4535//28 4536//28 4527//28
f 4527//28 4536//28 4537//28 4528//28
f 4528//28 4537//28 4538//28 4529//28
f 4529//28 4538//28 4539//28 4530//28
f 4530//28 4539//28 4540//28 4531//28
f 4531//28 4540//28 4541//28 4532//28
f 4533//28 4542//28 4543//28 4534//28
f 4534//28 4543//28 4544//28 4535//28
f 4535//28 4544//28 4545//28 4536//28
f 4536//28 4545//28 4546//28 4537//28
f 4537//28 4546//28 4547//28 4538//28
f 4538//28 4547//28 4548//28 4539//28
f 4539//28 4548//28 4549//28 4540//28
f 4540//28 4549//28 4550//28 4541//28
f 4542//28 4551//28 4552//28 4543//28
f 4543//28 4552//28 4553//28 4544//28
f 4544//28 4553//28 4554//28 4545//28
f 4545//28 4554//28 4555//28 4546//28
f 4546//28 4555//28 4556//28 4547//28
f 4547//28 4556//28 4557//28 4548//28
f 4548//28 4557//28 4558//28 4549//28
f 4549//28 4558//28 4559//28 4550//28
f 4551//28 4560//28 4561//28 4552//28
f 4552//28 4561//28 4562//28 4553//28
f 4553//28 4562//28 4563//28 4554//28
f 4554//28 4563//28 4564//28 4555//28
f 4555//28 4564//28 4565//28 4556//28
f 4556//28 4565//28 4566//28 4557//28
f 4557//28 4566//28 4567//28 4558//28
f 4558//28 4567//28 4568//28 4559//28
f 4560//28 4569//28 4570//28 4561//28
f 4561//28 4570//28 4571//28 4562//28
f 4562//28 4571//28 4572//28 4563//28
f 4563//28 4572//28 4573//28 4564//28
f 4564//28 4573//28 4574//28 4565//28
f 4565//28 4574//28 4575//28 4566//28
f 4566//28 4575//28 4576//28 4567//28
f 4567//28 4576//28 4577//28 4568//28
f 4569//28 4578//28 4579//28 4570//28
f 4570//28 4579//28 4580//28 4571//28
f 4571//28 4580//28 4581//28 4572//28
f 4572//28 4581//28 4582//28 4573//28
f 4573//28 4582//28 4583//28 4574//28
f 4574//28 4583//28 4584//28 4575//28
f 4575//28 4584//28 4585//28 4576//28
f 4576//28 4585//28 4586//28 4577//28
f 4578//28 4587//28 4588//28 4579//28
f 4579//28 4588//28 4589//28 4580//28
f 4580//28 4589//28 4590//28 4581//28
f 4581//28 4590//28 4591//28 4582//28
f 4582//28 4591//28 4592//28 4583//28
f 4583//28 4592//28 4593//28 4584//28
f 4584//28 4593//28 4594//28 4585//28
f 4585//28 4594//28 4595//28 4586//28
f 8122//5 4596//5 4597//5 4598//5
f 4598//5 4597//5 4599//5 4600//5
f 4600//5 4599//5 4601//5 4602//5
f 4602//5 4601//5 4603//5 4604//5
f 4604//5 4603//5 4605//5 4606//5
f 4606//5 4605//5 4607//5 4608//5
f 4596//5 4609//5 4610//5 4597//5
f 4597//5 4610//5 4611//5 4599//5
f 4599//5 4611//5 4612//5 4601//5
f 4601//5 4612//5 4613//5 4603//5
f 4603//5 4613//5 4614//5 4605//5
f 4605//5 4614//5 4615//5 4607//5
f 4609//5 4616//5 4617//5 4610//5
f 4610//5 4617//5 4618//5 4611//5
f 4611//5 4618//5 4619//5 4612//5
f 4612//5 4619//5 4620//5 4613//5
f 4613//5 4620//5 4621//5 4614//5
f 4614//5 4621//5 4622//5 4615//5
f 4616//5 4623//5 4624//5 4617//5
f 4617//5 4624//5 4625//5 4618//5
f 4618//5 4625//5 4626//5 4619//5
f 4619//5 4626//5 4627//5 4620//5
f 4620//5 4627//5 4628//5 4621//5
f 4621//5 4628//5 4629//5 4622//5
f 4623//5 4630//5 4631//5 4624//5
f 4624//5 4631//5 4632//5 4625//5
f 4625//5 4632//5 4633//5 4626//5
f 4626//5 4633//5 4634//5 4627//5
f 4627//5 4634//5 4635//5 4628//5
f 4628//5 4635//5 4636//5 4629//5
f 4630//5 4637//5 4638//5 4631//5
f 4631//5 4638//5 4639//5 4632//5
f 4632//5 4639//5 4640//5 4633//5
f 4633//5 4640//5 4641//5 4634//5
f 4634//5 4641//5 4642//5 4635//5
f 4635//5 4642//5 4643//5 4636//5
f 4637//5 4644//5 4645//5 4638//5
f 4638//5 4645//5 4646//5 4639//5
f 4639//5 4646//5 4647//5 4640//5
f 4640//5 4647//5 4648//5 4641//5
f 4641//5 4648//5 4649//5 4642//5
f 4642//5 4649//5 4650//5 4643//5
f 4644//5 4651//5 4652//5 4645//5
f 4645//5 4652//5 4653//5 4646//5
f 4646//5 4653//5 4654//5 4647//5
f 4647//5 4654//5 4655//5 4648//5
f 4648//5 4655//5 4656//5 4649//5
f 4649//5 4656//5 4657//5 4650//5
f 4651//5 4658//5 4659//5 4652//5
f 4652//5 4659//5 4660//5 4653//5
f 4653//5 4660//5 4661//5 4654//5
f 4654//5 4661//5 4662//5 4655//5
f 4655//5 4662//5 4663//5 4656//5
f 4656//5 4663//5 4664//5 4657//5
f 4658//5 4665//5 4666//5 4659//5
f 4659//5 4666//5 4667//5 4660//5
f 4660//5 4667//5 4668//5 4661//5
f 4661//5 4668//5 4669//5 4662//5
f 4662//5 4669//5 4670//5 4663//5
f 4663//5 4670//5 4671//5 4664//5
f 4665//5 4672//5 4673//5 4666//5
f 4666//5 4673//5 4674//5 4667//5
f 4667//5 4674//5 4675//5 4668//5
f 4668//5 4675//5 4676//5 4669//5
f 4669//5 4676//5 4677//5 4670//5
f 4670//5 4677//5 4678//5 4671//5
f 4672//5 4679//5 4680//5 4673//5
f 4673//5 4680//5 4681//5 4674//5
f 4674//5 4681//5 4682//5 4675//5
f 4675//5 4682//5 4683//5 4676//5
f 4676//5 4683//5 4684//5 4677//5
f 4677//5 4684//5 4685//5 4678//5
f 4679//5 4686//5 4687//5 4680//5
f 4680//5 4687//5 4688//5 4681//5
f 4681//5 4688//5 4689//5 4682//5
f 4682//5 4689//5 4690//5 4683//5
f 4683//5 4690//5 4691//5 4684//5
f 4684//5 4691//5 4692//5 4685//5
f 4686//5 4693//5 4694//5 4687//5
f 4687//5 4694//5 4695//5 4688//5
f 4688//5 4695//5 4696//5 4689//5
f 4689//5 4696//5 4697//5 4690//5
f 4690//5 4697//5 4698//5 4691//5
f 4691//5 4698//5 4699//5 4692//5
f 4693//5 4700//5 4701//5 4694//5
f 4694//5 4701//5 4702//5 4695//5
f 4695//5 4702//5 4703//5 4696//5
f 4696//5 4703//5 4704//5 4697//5
f 4697//5 4704//5 4705//5 4698//5
f 4698//5 4705//5 4706//5 4699//5
f 4700//5 4707//5 4708//5 4701//5
f 4701//5 4708//5 4709//5 4702//5
f 4702//5 4709//5 4710//5 4703//5
f 4703//5 4710//5 4711//5 4704//5
f 4704//5 4711//5 4712//5 4705//5
f 4705//5 4712//5 4713//5 4706//5
f 4714//29 4715//29 4716//29 4717//29
f 4717//29 4716//29 4718//29 4719//29
f 4719//29 4718//29 4720//29 4721//29
f 4721//29 4720//29 4722//29 4723//29
f 4723//29 4722//29 4724//29 4725//29
f 4725//29 4724//29 4726//29 4727//29
f 4727//29 4726//29 4728//29 4729//29
f 4729//29 4728//29 4730//29 4731//29
f 4715//29 4732//29 4733//29 4716//29
f 4716//29 4733//29 4734//29 4718//29
f 4718//29 4734//29 4735//29 4720//29
f 4720//29 4735//29 4736//29 4722//29
f 4722//29 4736//29 4737//29 4724//29
f 4724//29 4737//29 4738//29 4726//29
f 4726//29 4738//29 4739//29 4728//29
f 4728//29 4739//29 4740//29 4730//29
f 4732//29 4741//29 4742//29 4733//29
f 4733//29 4742//29 4743//29 4734//29
f 4734//29 4743//29 4744//29 4735//29
f 4735//29 4744//29 4745//29 4736//29
f 4736//29 4745//29 4746//29 4737//29
f 4737//29 4746//29 4747//29 4738//29
f 4738//29 4747//29 4748//29 4739//29
f 4739//29 4748//29 4749//29 4740//29
f 4741//29 4750//29 4751//29 4742//29
f 4742//29 4751//29 4752//29 4743//29
f 4743//29 4752//29 4753//29 4744//29
f 4744//29 4753//29 4754//29 4745//29
f 4745//29 4754//29 4755//29 4746//29
f 4746//29 4755//29 4756//29 4747//29
f 4747//29 4756//29 4757//29 4748//29
f 4748//29 4757//29 4758//29 4749//29
f 4750//29 4759//29 4760//29 4751//29
f 4751//29 4760//29 4761//29 4752//29
f 4752//29 4761//29 4762//29 4753//29
f 4753//29 4762//29 4763//29 4754//29
f 4754//29 4763//29 4764//29 4755//29
f 4755//29 4764//29 4765//29 4756//29
f 4756//29 4765//29 4766//29 4757//29
f 4757//29 4766//29 4767//29 4758//29
f 4759//29 4768//29 4769//29 4760//29
f 4760//29 4769//29 4770//29 4761//29
f 4761//29 4770//29 4771//29 4762//29
f 4762//29 4771//29 4772//29 4763//29
f 4763//29 4772//29 4773//29 4764//29
f 4764//29 4773//29 4774//29 4765//29
f 4765//29 4774//29 4775//29 4766//29
f 4766//29 4775//29 4776//29 4767//29
f 4768//29 4777//29 4778//29 4769//29
f 4769//29 4778//29 4779//29 4770//29
f 4770//29 4779//29 4780//29 4771//29
f 4771//29 4780//29 4781//29 4772//29
f 4772//29 4781//29 4782//29 4773//29
f 4773//29 4782//29 4783//29 4774//29
f 4774//29 4783//29 4784//29 4775//29
f 4775//29 4784//29 4785//29 4776//29
f 4777//29 4786//29 4787//29 4778//29
f 4778//29 4787//29 4788//29 4779//29
f 4779//29 4788//29 4789//29 4780//29
f 4780//29 4789//29 4790//29 4781//29
f 4781//29 4790//29 4791//29 4782//29
f 4782//29 4791//29 4792//29 4783//29
f 4783//29 4792//29 4793//29 4784//29
f 4784//29 4793//29 4794//29 4785//29
f 4786//29 4795//29 4796//29 4787//29
f 4787//29 4796//29 4797//29 4788//29
f 4788//29 4797//29 4798//29 4789//29
f 4789//29 4798//29 4799//29 4790//29
f 4790//29 4799//29 4800//29 4791//29
f 4791//29 4800//29 4801//29 4792//29
f 4792//29 4801//29 4802//29 4793//29
f 4793//29 4802//29 4803//29 4794//29
f 4795//29 4804//29 4805//29 4796//29
f 4796//29 4805//29 4806//29 4797//29
f 4797//29 4806//29 4807//29 4798//29
f 4798//29 4807//29 4808//29 4799//29
f 4799//29 4808//29 4809//29 4800//29
f 4800//29 4809//29 4810//29 4801//29
f 4801//29 4810//29 4811//29 4802//29
f 4802//29 4811//29 4812//29 4803//29
f 4804//29 4813//29 4814//29 4805//29
f 4805//29 4814//29 4815//29 4806//29
f 4806//29 4815//29 4816//29 4807//29
f 4807//29 4816//29 4817//29 4808//29
f 4808//29 4817//29 4818//29 4809//29
f 4809//29 4818//29 4819//29 4810//29
f 4810//29 4819//29 4820//29 4811//29
f 4811//29 4820//29 4821//29 4812//29
f 4813//29 4822//29 4823//29 4814//29
f 4814//29 4823//29 4824//29 4815//29
f 4815//29 4824//29 4825//29 4816//29
f 4816//29 4825//29 4826//29 4817//29
f 4817//29 4826//29 4827//29 4818//29
f 4818//29 4827//29 4828//29 4819//29
f 4819//29 4828//29 4829//29 4820//29
f 4820//29 4829//29 4830//29 4821//29
f 4822//29 4831//29 4832//29 4823//29
f 4823//29 4832//29 4833//29 4824//29
f 4824//29 4833//29 4834//29 4825//29
f 4825//29 4834//29 4835//29 4826//29
f 4826//29 4835//29 4836//29 4827//29
f 4827//29 4836//29 4837//29 4828//29
f 4828//29 4837//29 4838//29 4829//29
f 4829//29 4838//29 4839//29 4830//29
f 4831//29 4840//29 4841//29 4832//29
f 4832//29 4841//29 4842//29 4833//29
f 4833//29 4842//29 4843//29 4834//29
f 4834//29 4843//29 4844//29 4835//29
f 4835//29 4844//29 4845//29 4836//29
f 4836//29 4845//29 4846//29 4837//29
f 4837//29 4846//29 4847//29 4838//29
f 4838//29 4847//29 4848//29 4839//29
f 4840//29 4849//29 4850//29 4841//29
f 4841//29 4850//29 4851//29 4842//29
f 4842//29 4851//29 4852//29 4843//29
f 4843//29 4852//29 4853//29 4844//29
f 4844//29 4853//29 4854//29 4845//29
f 4845//29 4854//29 4855//29 4846//29
f 4846//29 4855//29 4856//29 4847//29
f 4847//29 4856//29 4857//29 4848//29
f 4608//5 4607//5 4858//5 4859//5
f 4859//5 4858//5 4860//5 4861//5
f 4861//5 4860//5 4862//5 4863//5
f 4863//5 4862//5 4864//5 4865//5
f 4865//5 4864//5 4866//5 4867//5
f 4867//5 4866//5 4868//5 4869//5
f 4869//5 4868//5 4870//5 4871//5
f 4871//5 4870//5 4872//5 4873//5
f 4873//5 4872//5 4874//5 4875//5
f 4875//5 4874//5 4876//5 4877//5
f 4877//5 4876//5 4878//5 4879//5
f 4879//5 4878//5 4880//5 4881//5
f 4881//5 4880//5 4882//5 4883//5
f 4883//5 4882//5 4884//5 4885//5
f 4885//5 4884//5 4886//5 4887//5
f 4887//5 4886//5 4888//5 4889//5
f 4889//5 4888//5 4890//5 4891//5
f 4891//5 4890//5 4892//5 4893//5
f 4607//5 4615//5 4894//5 4858//5
f 4858//5 4894//5 4895//5 4860//5
f 4860//5 4895//5 4896//5 4862//5
f 4862//5 4896//5 4897//5 4864//5
f 4864//5 4897//5 4898//5 4866//5
f 4866//5 4898//5 4899//5 4868//5
f 4868//5 4899//5 4900//5 4870//5
f 4870//5 4900//5 4901//5 4872//5
f 4872//5 4901//5 4902//5 4874//5
f 4874//5 4902//5 4903//5 4876//5
f 4876//5 4903//5 4904//5 4878//5
f 4878//5 4904//5 4905//5 4880//5
f 4880//5 4905//5 4906//5 4882//5
f 4882//5 4906//5 4907//5 4884//5
f 4884//5 4907//5 4908//5 4886//5
f 4886//5 4908//5 4909//5 4888//5
f 4888//5 4909//5 4910//5 4890//5
f 4890//5 4910//5 4911//5 4892//5
f 4615//5 4622//5 4912//5 4894//5
f 4894//5 4912//5 4913//5 4895//5
f 4895//5 4913//5 4914//5 4896//5
f 4896//5 4914//5 4915//5 4897//5
f 4897//5 4915//5 4916//5 4898//5
f 4898//5 4916//5 4917//5 4899//5
f 4899//5 4917//5 4918//5 4900//5
f 4900//5 4918//5 4919//5 4901//5
f 4901//5 4919//5 4920//5 4902//5
f 4902//5 4920//5 4921//5 4903//5
f 4903//5 4921//5 4922//5 4904//5
f 4904//5 4922//5 4923//5 4905//5
f 4905//5 4923//5 4924//5 4906//5
f 4906//5 4924//5 4925//5 4907//5
f 4907//5 4925//5 4926//5 4908//5
f 4908//5 4926//5 4927//5 4909//5
f 4909//5 4927//5 4928//5 4910//5
f 4910//5 4928//5 4929//5 4911//5
f 4622//5 4629//5 4930//5 4912//5
f 4912//5 4930//5 4931//5 4913//5
f 4913//5 4931//5 4932//5 4914//5
f 4914//5 4932//5 4933//5 4915//5
f 4915//5 4933//5 4934//5 4916//5
f 4916//5 4934//5 4935//5 4917//5
f 4917//5 4935//5 4936//5 4918//5
f 4918//5 4936//5 4937//5 4919//5
f 4919//5 4937//5 4938//5 4920//5
f 4920//5 4938//5 4939//5 4921//5
f 4921//5 4939//5 4940//5 4922//5
f 4922//5 4940//5 4941//5 4923//5
f 4923//5 4941//5 4942//5 4924//5
f 4924//5 4942//5 4943//5 4925//5
f 4925//5 4943//5 4944//5 4926//5
f 4926//5 4944//5 4945//5 4927//5
f 4927//5 4945//5 4946//5 4928//5
f 4928//5 4946//5 4947//5 4929//5
f 4629//5 4636//5 4948//5 4930//5
f 4930//5 4948//5 4949//5 4931//5
f 4931//5 4949//5 4950//5 4932//5
f 4932//5 4950//5 4951//5 4933//5
f 4933//5 4951//5 4952//5 4934//5
f 4934//5 4952//5 4953//5 4935//5
f 4935//5 4953//5 4954//5 4936//5
f 4936//5 4954//5 4955//5 4937//5
f 4937//5 4955//5 4956//5 4938//5
f 4938//5 4956//5 4957//5 4939//5
f 4939//5 4957//5 4958//5 4940//5
f 4940//5 4958//5 4959//5 4941//5
f 4941//5 4959//5 4960//5 4942//5
f 4942//5 4960//5 4961//5 4943//5
f 4943//5 4961//5 4962//5 4944//5
f 4944//5 4962//5 4963//5 4945//5
f 4945//5 4963//5 4964//5 4946//5
f 4946//5 4964//5 4965//5 4947//5
f 4636//5 4643//5 4966//5 4948//5
f 4948//5 4966//5 4967//5 4949//5
f 4949//5 4967//5 4968//5 4950//5
f 4950//5 4968//5 4969//5 4951//5
f 4951//5 4969//5 4970//5 4952//5
f 4952//5 4970//5 4971//5 4953//5
f 4953//5 4971//5 4972//5 4954//5
f 4954//5 4972//5 4973//5 4955//5
f 4955//5 4973//5 4974//5 4956//5
f 4956//5 4974//5 4975//5 4957//5
f 4957//5 4975//5 4976//5 4958//5
f 4958//5 4976//5 4977//5 4959//5
f 4959//5 4977//5 4978//5 4960//5
f 4960//5 4978//5 4979//5 4961//5
f 4961//5 4979//5 4980//5 4962//5
f 4962//5 4980//5 4981//5 4963//5
f 4963//5 4981//5 4982//5 4964//5
f 4964//5 4982//5 4983//5 4965//5
f 4643//5 4650//5 4984//5 4966//5
f 4966//5 4984//5 4985//5 4967//5
f 4967//5 4985//5 4986//5 4968//5
f 4968//5 4986//5 4987//5 4969//5
f 4969//5 4987//5 4988//5 4970//5
f 4970//5 4988//5 4989//5 4971//5
f 4971//5 4989//5 4990//5 4972//5
f 4972//5 4990//5 4991//5 4973//5
f 4973//5 4991//5 4992//5 4974//5
f 4974//5 4992//5 4993//5 4975//5
f 4975//5 4993//5 4994//5 4976//5
f 4976//5 4994//5 4995//5 4977//5
f 4977//5 4995//5 4996//5 4978//5
f 4978//5 4996//5 4997//5 4979//5
f 4979//5 4997//5 4998//5 4980//5
f 4980//5 4998//5 4999//5 4981//5
f 4981//5 4999//5 5000//5 4982//5
f 4982//5 5000//5 5001//5 4983//5
f 4650//5 4657//5 5002//5 4984//5
f 4984//5 5002//5 5003//5 4985//5
f 4985//5 5003//5 5004//5 4986//5
f 4986//5 5004//5 5005//5 4987//5
f 4987//5 5005//5 5006//5 4988//5
f 4988//5 5006//5 5007//5 4989//5
f 4989//5 5007//5 5008//5 4990//5
f 4990//5 5008//5 5009//5 4991//5
f 4991//5 5009//5 5010//5 4992//5
f 4992//5 5010//5 5011//5 4993//5
f 4993//5 5011//5 5012//5 4994//5
f 4994//5 5012//5 5013//5 4995//5
f 4995//5 5013//5 5014//5 4996//5
f 4996//5 5014//5 5015//5 4997//5
f 4997//5 5015//5 5016//5 4998//5
f 4998//5 5016//5 5017//5 4999//5
f 4999//5 5017//5 5018//5 5000//5
f 5000//5 5018//5 5019//5 5001//5
f 4657//5 4664//5 5020//5 5002//5
f 5002//5 5020//5 5021//5 5003//5
f 5003//5 5021//5 5022//5 5004//5
f 5004//5 5022//5 5023//5 5005//5
f 5005//5 5023//5 5024//5 5006//5
f 5006//5 5024//5 5025//5 5007//5
f 5007//5 5025//5 5026//5 5008//5
f 5008//5 5026//5 5027//5 5009//5
f 5009//5 5027//5 5028//5 5010//5
f 5010//5 5028//5 5029//5 5011//5
f 5011//5 5029//5 5030//5 5012//5
f 5012//5 5030//5 5031//5 5013//5
f 5013//5 5031//5 5032//5 5014//5
f 5014//5 5032//5 5033//5 5015//5
f 5015//5 5033//5 5034//5 5016//5
f 5016//5 5034//5 5035//5 5017//5
f 5017//5 5035//5 5036//5 5018//5
f 5018//5 5036//5 5037//5 5019//5
f 4664//5 4671//5 5038//5 5020//5
f 5020//5 5038//5 5039//5 5021//5
f 5021//5 5039//5 5040//5 5022//5
f 5022//5 5040//5 5041//5 5023//5
f 5023//5 5041//5 5042//5 5024//5
f 5024//5 5042//5 5043//5 5025//5
f 5025//5 5043//5 5044//5 5026//5
f 5026//5 5044//5 5045//5 5027//5
f 5027//5 5045//5 5046//5 5028//5
f 5028//5 5046//5 5047//5 5029//5
f 5029//5 5047//5 5048//5 5030//5
f 5030//5 5048//5 5049//5 5031//5
f 5031//5 5049//5 5050//5 5032//5
f 5032//5 5050//5 5051//5 5033//5
f 5033//5 5051//5 5052//5 5034//5
f 5034//5 5052//5 5053//5 5035//5
f 5035//5 5053//5 5054//5 5036//5
f 5036//5 5054//5 5055//5 5037//5
f 4671//5 4678//5 5056//5 5038//5
f 5038//5 5056//5 5057//5 5039//5
f 5039//5 5057//5 5058//5 5040//5
f 5040//5 5058//5 5059//5 5041//5
f 5041//5 5059//5 5060//5 5042//5
f 5042//5 5060//5 5061//5 5043//5
f 5043//5 5061//5 5062//5 5044//5
f 5044//5 5062//5 5063//5 5045//5
f 5045//5 5063//5 5064//5 5046//5
f 5046//5 5064//5 5065//5 5047//5
f 5047//5 5065//5 5066//5 5048//5
f 5048//5 5066//5 5067//5 5049//5
f 5049//5 5067//5 5068//5 5050//5
f 5050//5 5068//5 5069//5 5051//5
f 5051//5 5069//5 5070//5 5052//5
f 5052//5 5070//5 5071//5 5053//5
f 5053//5 5071//5 5072//5 5054//5
f 5054//5 5072//5 5073//5 5055//5
f 4678//5 4685//5 5074//5 5056//5
f 5056//5 5074//5 5075//5 5057//5
f 5057//5 5075//5 5076//5 5058//5
f 5058//5 5076//5 5077//5 5059//5
f 5059//5 5077//5 5078//5 5060//5
f 5060//5 5078//5 5079//5 5061//5
f 5061//5 5079//5 5080//5 5062//5
f 5062//5 5080//5 5081//5 5063//5
f 5063//5 5081//5 5082//5 5064//5
f 5064//5 5082//5 5083//5 5065//5
f 5065//5 5083//5 5084//5 5066//5
f 5066//5 5084//5 5085//5 5067//5
f 5067//5 5085//5 5086//5 5068//5
f 5068//5 5086//5 5087//5 5069//5
f 5069//5 5087//5 5088//5 5070//5
f 5070//5 5088//5 5089//5 5071//5
f 5071//5 5089//5 5090//5 5072//5
f 5072//5 5090//5 5091//5 5073//5
f 4685//5 4692//5 5092//5 5074//5
f 5074//5 5092//5 5093//5 5075//5
f 5075//5 5093//5 5094//5 5076//5
f 5076//5 5094//5 5095//5 5077//5
f 5077//5 5095//5 5096//5 5078//5
f 5078//5 5096//5 5097//5 5079//5
f 5079//5 5097//5 5098//5 5080//5
f 5080//5 5098//5 5099//5 5081//5
f 5081//5 5099//5 5100//5 5082//5
f 5082//5 5100//5 5101//5 5083//5
f 5083//5 5101//5 5102//5 5084//5
f 5084//5 5102//5 5103//5 5085//5
f 5085//5 5103//5 5104//5 5086//5
f 5086//5 5104//5 5105//5 5087//5
f 5087//5 5105//5 5106//5 5088//5
f 5088//5 5106//5 5107//5 5089//5
f 5089//5 5107//5 5108//5 5090//5
f 5090//5 5108//5 5109//5 5091//5
f 4692//5 4699//5 5110//5 5092//5
f 5092//5 5110//5 5111//5 5093//5
f 5093//5 5111//5 5112//5 5094//5
f 5094//5 5112//5 5113//5 5095//5
f 5095//5 5113//5 5114//5 5096//5
f 5096//5 5114//5 5115//5 5097//5
f 5097//5 5115//5 5116//5 5098//5
f 5098//5 5116//5 5117//5 5099//5
f 5099//5 5117//5 5118//5 5100//5
f 5100//5 5118//5 5119//5 5101//5
f 5101//5 5119//5 5120//5 5102//5
f 5102//5 5120//5 5121//5 5103//5
f 5103//5 5121//5 5122//5 5104//5
f 5104//5 5122//5 5123//5 5105//5
f 5105//5 5123//5 5124//5 5106//5
f 5106//5 5124//5 5125//5 5107//5
f 5107//5 5125//5 5126//5 5108//5
f 5108//5 5126//5 5127//5 5109//5
f 4699//5 4706//5 5128//5 5110//5
f 5110//5 5128//5 5129//5 5111//5
f 5111//5 5129//5 5130//5 5112//5
f 5112//5 5130//5 5131//5 5113//5
f 5113//5 5131//5 5132//5 5114//5
f 5114//5 5132//5 5133//5 5115//5
f 5115//5 5133//5 5134//5 5116//5
f 5116//5 5134//5 5135//5 5117//5
f 5117//5 5135//5 5136//5 5118//5
f 5118//5 5136//5 5137//5 5119//5
f 5119//5 5137//5 5138//5 5120//5
f 5120//5 5138//5 5139//5 5121//5
f 5121//5 5139//5 5140//5 5122//5
f 5122//5 5140//5 5141//5 5123//5
f 5123//5 5141//5 5142//5 5124//5
f 5124//5 5142//5 5143//5 5125//5
f 5125//5 5143//5 5144//5 5126//5
f 5126//5 5144//5 5145//5 5127//5
f 4706//5 4713//5 5146//5 5128//5
f 5128//5 5146//5 5147//5 5129//5
f 5129//5 5147//5 5148//5 5130//5
f 5130//5 5148//5 5149//5 5131//5
f 5131//5 5149//5 5150//5 5132//5
f 5132//5 5150//5 5151//5 5133//5
f 5133//5 5151//5 5152//5 5134//5
f 5134//5 5152//5 5153//5 5135//5
f 5135//5 5153//5 5154//5 5136//5
f 5136//5 5154//5 5155//5 5137//5
f 5137//5 5155//5 5156//5 5138//5
f 5138//5 5156//5 5157//5 5139//5
f 5139//5 5157//5 5158//5 5140//5
f 5140//5 5158//5 5159//5 5141//5
f 5141//5 5159//5 5160//5 5142//5
f 5142//5 5160//5 5161//5 5143//5
f 5143//5 5161//5 5162//5 5144//5
f 5144//5 5162//5 5163//5 5145//5
f 5164//1 5165//1 5166//1 5167//1
f 5167//1 5166//1 5168//1 5169//1
f 5169//1 5168//1 5170//1 5171//1
f 5171//1 5170//1 5172//1 5173//1
f 5173//1 5172//1 5174//1 5175//1
f 5175//1 5174//1 5176//1 5177//1
f 5177//1 5176//1 5178//1 5179//1
f 5179//1 5178//1 5180//1 5181//1
f 5181//1 5180//1 5182//1 5183//1
f 5183//1 5182//1 5184//1 5185//1
f 5185//1 5184//1 5186//1 5187//1
f 5187//1 5186//1 5188//1 5189//1
f 5189//1 5188//1 5190//1 5191//1
f 5191//1 5190//1 5192//1 5193//1
f 5193//1 5192//1 5194//1 5195//1
f 5195//1 5194//1 5196//1 5197//1
f 5197//1 5196//1 5198//1 5199//1
f 5199//1 5198//1 5200//1 5201//1
f 5165//1 5202//1 5203//1 5166//1
f 5166//1 5203//1 5204//1 5168//1
f 5168//1 5204//1 5205//1 5170//1
f 5170//1 5205//1 5206//1 5172//1
f 5172//1 5206//1 5207//1 5174//1
f 5174//1 5207//1 5208//1 5176//1
f 5176//1 5208//1 5209//1 5178//1
f 5178//1 5209//1 5210//1 5180//1
f 5180//1 5210//1 5211//1 5182//1
f 5182//1 5211//1 5212//1 5184//1
f 5184//1 5212//1 5213//1 5186//1
f 5186//1 5213//1 5214//1 5188//1
f 5188//1 5214//1 5215//1 5190//1
f 5190//1 5215//1 5216//1 5192//1
f 5192//1 5216//1 5217//1 5194//1
f 5194//1 5217//1 5218//1 5196//1
f 5196//1 5218//1 5219//1 5198//1
f 5198//1 5219//1 5220//1 5200//1
f 5202//1 5221//1 5222//1 5203//1
f 5203//1 5222//1 5223//1 5204//1
f 5204//1 5223//1 5224//1 5205//1
f 5205//1 5224//1 5225//1 5206//1
f 5206//1 5225//1 5226//1 5207//1
f 5207//1 5226//1 5227//1 5208//1
f 5208//1 5227//1 5228//1 5209//1
f 5209//1 5228//1 5229//1 5210//1
f 5210//1 5229//1 5230//1 5211//1
f 5211//1 5230//1 5231//1 5212//1
f 5212//1 5231//1 5232//1 5213//1
f 5213//1 5232//1 5233//1 5214//1
f 5214//1 5233//1 5234//1 5215//1
f 5215//1 5234//1 5235//1 5216//1
f 5216//1 5235//1 5236//1 5217//1
f 5217//1 5236//1 5237//1 5218//1
f 5218//1 5237//1 5238//1 5219//1
f 5219//1 5238//1 5239//1 5220//1
f 5221//1 5240//1 5241//1 5222//1
f 5222//1 5241//1 5242//1 5223//1
f 5223//1 5242//1 5243//1 5224//1
f 5224//1 5243//1 5244//1 5225//1
f 5225//1 5244//1 5245//1 5226//1
f 5226//1 5245//1 5246//1 5227//1
f 5227//1 5246//1 5247//1 5228//1
f 5228//1 5247//1 5248//1 5229//1
f 5229//1 5248//1 5249//1 5230//1
f 5230//1 5249//1 5250//1 5231//1
f 5231//1 5250//1 5251//1 5232//1
f 5232//1 5251//1 5252//1 5233//1
f 5233//1 5252//1 5253//1 5234//1
f 5234//1 5253//1 5254//1 5235//1
f 5235//1 5254//1 5255//1 5236//1
f 5236//1 5255//1 5256//1 5237//1
f 5237//1 5256//1 5257//1 5238//1
f 5238//1 5257//1 5258//1 5239//1
f 5240//1 5259//1 5260//1 5241//1
f 5241//1 5260//1 5261//1 5242//1
f 5242//1 5261//1 5262//1 5243//1
f 5243//1 5262//1 5263//1 5244//1
f 5244//1 5263//1 5264//1 5245//1
f 5245//1 5264//1 5265//1 5246//1
f 5246//1 5265//1 5266//1 5247//1
f 5247//1 5266//1 5267//1 5248//1
f 5248//1 5267//1 5268//1 5249//1
f 5249//1 5268//1 5269//1 5250//1
f 5250//1 5269//1 5270//1 5251//1
f 5251//1 5270//1 5271//1 5252//1
f 5252//1 5271//1 5272//1 5253//1
f 5253//1 5272//1 5273//1 5254//1
f 5254//1 5273//1 5274//1 5255//1
f 5255//1 5274//1 5275//1 5256//1
f 5256//1 5275//1 5276//1 5257//1
f 5257//1 5276//1 5277//1 5258//1
f 5259//1 5278//1 5279//1 5260//1
f 5260//1 5279//1 5280//1 5261//1
f 5261//1 5280//1 5281//1 5262//1
f 5262//1 5281//1 5282//1 5263//1
f 5263//1 5282//1 5283//1 5264//1
f 5264//1 5283//1 5284//1 5265//1
f 5265//1 5284//1 5285//1 5266//1
f 5266//1 5285//1 5286//1 5267//1
f 5267//1 5286//1 5287//1 5268//1
f 5268//1 5287//1 5288//1 5269//1
f 5269//1 5288//1 5289//1 5270//1
f 5270//1 5289//1 5290//1 5271//1
f 5271//1 5290//1 5291//1 5272//1
f 5272//1 5291//1 5292//1 5273//1
f 5273//1 5292//1 5293//1 5274//1
f 5274//1 5293//1 5294//1 5275//1
f 5275//1 5294//1 5295//1 5276//1
f 5276//1 5295//1 5296//1 5277//1
f 5278//1 5297//1 5298//1 5279//1
f 5279//1 5298//1 5299//1 5280//1
f 5280//1 5299//1 5300//1 5281//1
f 5281//1 5300//1 5301//1 5282//1
f 5282//1 5301//1 5302//1 5283//1
f 5283//1 5302//1 5303//1 5284//1
f 5284//1 5303//1 5304//1 5285//1
f 5285//1 5304//1 5305//1 5286//1
f 5286//1 5305//1 5306//1 5287//1
f 5287//1 5306//1 5307//1 5288//1
f 5288//1 5307//1 5308//1 5289//1
f 5289//1 5308//1 5309//1 5290//1
f 5290//1 5309//1 5310//1 5291//1
f 5291//1 5310//1 5311//1 5292//1
f 5292//1 5311//1 5312//1 5293//1
f 5293//1 5312//1 5313//1 5294//1
f 5294//1 5313//1 5314//1 5295//1
f 5295//1 5314//1 5315//1 5296//1
f 5297//1 5316//1 5317//1 5298//1
f 5298//1 5317//1 5318//1 5299//1
f 5299//1 5318//1 5319//1 5300//1
f 5300//1 5319//1 5320//1 5301//1
f 5301//1 5320//1 5321//1 5302//1
f 5302//1 5321//1 5322//1 5303//1
f 5303//1 5322//1 5323//1 5304//1
f 5304//1 5323//1 5324//1 5305//1
f 5305//1 5324//1 5325//1 5306//1
f 5306//1 5325//1 5326//1 5307//1
f 5307//1 5326//1 5327//1 5308//1
f 5308//1 5327//1 5328//1 5309//1
f 5309//1 5328//1 5329//1 5310//1
f 5310//1 5329//1 5330//1 5311//1
f 5311//1 5330//1 5331//1 5312//1
f 5312//1 5331//1 5332//1 5313//1
f 5313//1 5332//1 5333//1 5314//1
f 5314//1 5333//1 5334//1 5315//1
f 5316//1 5335//1 5336//1 5317//1
f 5317//1 5336//1 5337//1 5318//1
f 5318//1 5337//1 5338//1 5319//1
f 5319//1 5338//1 5339//1 5320//1
f 5320//1 5339//1 5340//1 5321//1
f 5321//1 5340//1 5341//1 5322//1
f 5322//1 5341//1 5342//1 5323//1
f 5323//1 5342//1 5343//1 5324//1
f 5324//1 5343//1 5344//1 5325//1
f 5325//1 5344//1 5345//1 5326//1
f 5326//1 5345//1 5346//1 5327//1
f 5327//1 5346//1 5347//1 5328//1
f 5328//1 5347//1 5348//1 5329//1
f 5329//1 5348//1 5349//1 5330//1
f 5330//1 5349//1 5350//1 5331//1
f 5331//1 5350//1 5351//1 5332//1
f 5332//1 5351//1 5352//1 5333//1
f 5333//1 5352//1 5353//1 5334//1
f 5335//1 5354//1 5355//1 5336//1
f 5336//1 5355//1 5356//1 5337//1
f 5337//1 5356//1 5357//1 5338//1
f 5338//1 5357//1 5358//1 5339//1
f 5339//1 5358//1 5359//1 5340//1
f 5340//1 5359//1 5360//1 5341//1
f 5341//1 5360//1 5361//1 5342//1
f 5342//1 5361//1 5362//1 5343//1
f 5343//1 5362//1 5363//1 5344//1
f 5344//1 5363//1 5364//1 5345//1
f 5345//1 5364//1 5365//1 5346//1
f 5346//1 5365//1 5366//1 5347//1
f 5347//1 5366//1 5367//1 5348//1
f 5348//1 5367//1 5368//1 5349//1
f 5349//1 5368//1 5369//1 5350//1
f 5350//1 5369//1 5370//1 5351//1
f 5351//1 5370//1 5371//1 5352//1
f 5352//1 5371//1 5372//1 5353//1
f 5354//1 5373//1 5374//1 5355//1
f 5355//1 5374//1 5375//1 5356//1
f 5356//1 5375//1 5376//1 5357//1
f 5357//1 5376//1 5377//1 5358//1
f 5358//1 5377//1 5378//1 5359//1
f 5359//1 5378//1 5379//1 5360//1
f 5360//1 5379//1 5380//1 5361//1
f 5361//1 5380//1 5381//1 5362//1
f 5362//1 5381//1 5382//1 5363//1
f 5363//1 5382//1 5383//1 5364//1
f 5364//1 5383//1 5384//1 5365//1
f 5365//1 5384//1 5385//1 5366//1
f 5366//1 5385//1 5386//1 5367//1
f 5367//1 5386//1 5387//1 5368//1
f 5368//1 5387//1 5388//1 5369//1
f 5369//1 5388//1 5389//1 5370//1
f 5370//1 5389//1 5390//1 5371//1
f 5371//1 5390//1 5391//1 5372//1
f 5373//1 5392//1 5393//1 5374//1
f 5374//1 5393//1 5394//1 5375//1
f 5375//1 5394//1 5395//1 5376//1
f 5376//1 5395//1 5396//1 5377//1
f 5377//1 5396//1 5397//1 5378//1
f 5378//1 5397//1 5398//1 5379//1
f 5379//1 5398//1 5399//1 5380//1
f 5380//1 5399//1 5400//1 5381//1
f 5381//1 5400//1 5401//1 5382//1
f 5382//1 5401//1 5402//1 5383//1
f 5383//1 5402//1 5403//1 5384//1
f 5384//1 5403//1 5404//1 5385//1
f 5385//1 5404//1 5405//1 5386//1
f 5386//1 5405//1 5406//1 5387//1
f 5387//1 5406//1 5407//1 5388//1
f 5388//1 5407//1 5408//1 5389//1
f 5389//1 5408//1 5409//1 5390//1
f 5390//1 5409//1 5410//1 5391//1
f 5392//1 5411//1 5412//1 5393//1
f 5393//1 5412//1 5413//1 5394//1
f 5394//1 5413//1 5414//1 5395//1
f 5395//1 5414//1 5415//1 5396//1
f 5396//1 5415//1 5416//1 5397//1
f 5397//1 5416//1 5417//1 5398//1
f 5398//1 5417//1 5418//1 5399//1
f 5399//1 5418//1 5419//1 5400//1
f 5400//1 5419//1 5420//1 5401//1
f 5401//1 5420//1 5421//1 5402//1
f 5402//1 5421//1 5422//1 5403//1
f 5403//1 5422//1 5423//1 5404//1
f 5404//1 5423//1 5424//1 5405//1
f 5405//1 5424//1 5425//1 5406//1
f 5406//1 5425//1 5426//1 5407//1
f 5407//1 5426//1 5427//1 5408//1
f 5408//1 5427//1 5428//1 5409//1
f 5409//1 5428//1 5429//1 5410//1
f 5411//1 5430//1 5431//1 5412//1
f 5412//1 5431//1 5432//1 5413//1
f 5413//1 5432//1 5433//1 5414//1
f 5414//1 5433//1 5434//1 5415//1
f 5415//1 5434//1 5435//1 5416//1
f 5416//1 5435//1 5436//1 5417//1
f 5417//1 5436//1 5437//1 5418//1
f 5418//1 5437//1 5438//1 5419//1
f 5419//1 5438//1 5439//1 5420//1
f 5420//1 5439//1 5440//1 5421//1
f 5421//1 5440//1 5441//1 5422//1
f 5422//1 5441//1 5442//1 5423//1
f 5423//1 5442//1 5443//1 5424//1
f 5424//1 5443//1 5444//1 5425//1
f 5425//1 5444//1 5445//1 5426//1
f 5426//1 5445//1 5446//1 5427//1
f 5427//1 5446//1 5447//1 5428//1
f 5428//1 5447//1 5448//1 5429//1
f 5430//1 5449//1 5450//1 5431//1
f 5431//1 5450//1 5451//1 5432//1
f 5432//1 5451//1 5452//1 5433//1
f 5433//1 5452//1 5453//1 5434//1
f 5434//1 5453//1 5454//1 5435//1
f 5435//1 5454//1 5455//1 5436//1
f 5436//1 5455//1 5456//1 5437//1
f 5437//1 5456//1 5457//1 5438//1
f 5438//1 5457//1 5458//1 5439//1
f 5439//1 5458//1 5459//1 5440//1
f 5440//1 5459//1 5460//1 5441//1
f 5441//1 5460//1 5461//1 5442//1
f 5442//1 5461//1 5462//1 5443//1
f 5443//1 5462//1 5463//1 5444//1
f 5444//1 5463//1 5464//1 5445//1
f 5445//1 5464//1 5465//1 5446//1
f 5446//1 5465//1 5466//1 5447//1
f 5447//1 5466//1 5467//1 5448//1
f 5468//30 5469//30 5470//30 5471//30
f 5471//30 5470//30 5472//30 5473//30
f 5473//30 5472//30 5474//30 5475//30
f 5475//30 5474//30 5476//30 5477//30
f 5469//30 5478//30 5479//30 5470//30
f 5470//30 5479//30 5480//30 5472//30
f 5472//30 5480//30 5481//30 5474//30
f 5474//30 5481//30 5482//30 5476//30
f 5478//30 5483//30 5484//30 5479//30
f 5479//30 5484//30 5485//30 5480//30
f 5480//30 5485//30 5486//30 5481//30
f 5481//30 5486//30 5487//30 5482//30
f 5483//30 5488//30 5489//30 5484//30
f 5484//30 5489//30 5490//30 5485//30
f 5485//30 5490//30 5491//30 5486//30
f 5486//30 5491//30 5492//30 5487//30
f 5488//30 5493//30 5494//30 5489//30
f 5489//30 5494//30 5495//30 5490//30
f 5490//30 5495//30 5496//30 5491//30
f 5491//30 5496//30 5497//30 5492//30
f 5493//30 5498//30 5499//30 5494//30
f 5494//30 5499//30 5500//30 5495//30
f 5495//30 5500//30 5501//30 5496//30
f 5496//30 5501//30 5502//30 5497//30
f 5498//30 5503//30 5504//30 5499//30
f 5499//30 5504//30 5505//30 5500//30
f 5500//30 5505//30 5506//30 5501//30
f 5501//30 5506//30 5507//30 5502//30
f 5503//30 5508//30 5509//30 5504//30
f 5504//30 5509//30 5510//30 5505//30
f 5505//30 5510//30 5511//30 5506//30
f 5506//30 5511//30 5512//30 5507//30
f 5508//30 5513//30 5514//30 5509//30
f 5509//30 5514//30 5515//30 5510//30
f 5510//30 5515//30 5516//30 5511//30
f 5511//30 5516//30 5517//30 5512//30
f 5513//30 5518//30 5519//30 5514//30
f 5514//30 5519//30 5520//30 5515//30
f 5515//30 5520//30 5521//30 5516//30
f 5516//30 5521//30 5522//30 5517//30
f 5518//30 5523//30 5524//30 5519//30
f 5519//30 5524//30 5525//30 5520//30
f 5520//30 5525//30 5526//30 5521//30
f 5521//30 5526//30 5527//30 5522//30
f 5523//30 5528//30 5529//30 5524//30
f 5524//30 5529//30 5530//30 5525//30
f 5525//30 5530//30 5531//30 5526//30
f 5526//30 5531//30 5532//30 5527//30
f 5528//30 5533//30 5534//30 5529//30
f 5529//30 5534//30 5535//30 5530//30
f 5530//30 5535//30 5536//30 5531//30
f 5531//30 5536//30 5537//30 5532//30
f 5533//30 5538//30 5539//30 5534//30
f 5534//30 5539//30 5540//30 5535//30
f 5535//30 5540//30 5541//30 5536//30
f 5536//30 5541//30 5542//30 5537//30
f 5538//30 5543//30 5544//30 5539//30
f 5539//30 5544//30 5545//30 5540//30
f 5540//30 5545//30 5546//30 5541//30
f 5541//30 5546//30 5547//30 5542//30
f 5543//30 5548//30 5549//30 5544//30
f 5544//30 5549//30 5550//30 5545//30
f 5545//30 5550//30 5551//30 5546//30
f 5546//30 5551//30 5552//30 5547//30
f 5553//3 5554//3 5555//3 5556//3
f 5556//3 5555//3 5557//3 5558//3
f 5558//3 5557//3 5559//3 5560//3
f 5560//3 5559//3 5561//3 5562//3
f 5562//3 5561//3 5563//3 5564//3
f 5564//3 5563//3 5565//3 5566//3
f 5566//3 5565//3 5567//3 5568//3
f 5568//3 5567//3 5569//3 5570//3
f 5570//3 5569//3 5571//3 5572//3
f 5572//3 5571//3 5573//3 5574//3
f 5574//3 5573//3 5575//3 5576//3
f 5576//3 5575//3 5577//3 5578//3
f 5578//3 5577//3 5579//3 5580//3
f 5580//3 5579//3 5581//3 5582//3
f 5582//3 5581//3 5583//3 5584//3
f 5584//3 5583//3 5585//3 5586//3
f 5586//3 5585//3 5587//3 5588//3
f 5588//3 5587//3 5589//3 5590//3
f 5554//3 5591//3 5592//3 5555//3
f 5555//3 5592//3 5593//3 5557//3
f 5557//3 5593//3 5594//3 5559//3
f 5559//3 5594//3 5595//3 5561//3
f 5561//3 5595//3 5596//3 5563//3
f 5563//3 5596//3 5597//3 5565//3
f 5565//3 5597//3 5598//3 5567//3
f 5567//3 5598//3 5599//3 5569//3
f 5569//3 5599//3 5600//3 5571//3
f 5571//3 5600//3 5601//3 5573//3
f 5573//3 5601//3 5602//3 5575//3
f 5575//3 5602//3 5603//3 5577//3
f 5577//3 5603//3 5604//3 5579//3
f 5579//3 5604//3 5605//3 5581//3
f 5581//3 5605//3 5606//3 5583//3
f 5583//3 5606//3 5607//3 5585//3
f 5585//3 5607//3 5608//3 5587//3
f 5587//3 5608//3 5609//3 5589//3
f 5591//3 5610//3 5611//3 5592//3
f 5592//3 5611//3 5612//3 5593//3
f 5593//3 5612//3 5613//3 5594//3
f 5594//3 5613//3 5614//3 5595//3
f 5595//3 5614//3 5615//3 5596//3
f 5596//3 5615//3 5616//3 5597//3
f 5597//3 5616//3 5617//3 5598//3
f 5598//3 5617//3 5618//3 5599//3
f 5599//3 5618//3 5619//3 5600//3
f 5600//3 5619//3 5620//3 5601//3
f 5601//3 5620//3 5621//3 5602//3
f 5602//3 5621//3 5622//3 5603//3
f 5603//3 5622//3 5623//3 5604//3
f 5604//3 5623//3 5624//3 5605//3
f 5605//3 5624//3 5625//3 5606//3
f 5606//3 5625//3 5626//3 5607//3
f 5607//3 5626//3 5627//3 5608//3
f 5608//3 5627//3 5628//3 5609//3
f 5610//3 5629//3 5630//3 5611//3
f 5611//3 5630//3 5631//3 5612//3
f 5612//3 5631//3 5632//3 5613//3
f 5613//3 5632//3 5633//3 5614//3
f 5614//3 5633//3 5634//3 5615//3
f 5615//3 5634//3 5635//3 5616//3
f 5616//3 5635//3 5636//3 5617//3
f 5617//3 5636//3 5637//3 5618//3
f 5618//3 5637//3 5638//3 5619//3
f 5619//3 5638//3 5639//3 5620//3
f 5620//3 5639//3 5640//3 5621//3
f 5621//3 5640//3 5641//3 5622//3
f 5622//3 5641//3 5642//3 5623//3
f 5623//3 5642//3 5643//3 5624//3
f 5624//3 5643//3 5644//3 5625//3
f 5625//3 5644//3 5645//3 5626//3
f 5626//3 5645//3 5646//3 5627//3
f 5627//3 5646//3 5647//3 5628//3
f 5629//3 5648//3 5649//3 5630//3
f 5630//3 5649//3 5650//3 5631//3
f 5631//3 5650//3 5651//3 5632//3
f 5632//3 5651//3 5652//3 5633//3
f 5633//3 5652//3 5653//3 5634//3
f 5634//3 5653//3 5654//3 5635//3
f 5635//3 5654//3 5655//3 5636//3
f 5636//3 5655//3 5656//3 5637//3
f 5637//3 5656//3 5657//3 5638//3
f 5638//3 5657//3 5658//3 5639//3
f 5639//3 5658//3 5659//3 5640//3
f 5640//3 5659//3 5660//3 5641//3
f 5641//3 5660//3 5661//3 5642//3
f 5642//3 5661//3 5662//3 5643//3
f 5643//3 5662//3 5663//3 5644//3
f 5644//3 5663//3 5664//3 5645//3
f 5645//3 5664//3 5665//3 5646//3
f 5646//3 5665//3 5666//3 5647//3
f 5648//3 5667//3 5668//3 5649//3
f 5649//3 5668//3 5669//3 5650//3
f 5650//3 5669//3 5670//3 5651//3
f 5651//3 5670//3 5671//3 5652//3
f 5652//3 5671//3 5672//3 5653//3
f 5653//3 5672//3 5673//3 5654//3
f 5654//3 5673//3 5674//3 5655//3
f 5655//3 5674//3 5675//3 5656//3
f 5656//3 5675//3 5676//3 5657//3
f 5657//3 5676//3 5677//3 5658//3
f 5658//3 5677//3 5678//3 5659//3
f 5659//3 5678//3 5679//3 5660//3
f 5660//3 5679//3 5680//3 5661//3
f 5661//3 5680//3 5681//3 5662//3
f 5662//3 5681//3 5682//3 5663//3
f 5663//3 5682//3 5683//3 5664//3
f 5664//3 5683//3 5684//3 5665//3
f 5665//3 5684//3 5685//3 5666//3
f 5667//3 5686//3 5687//3 5668//3
f 5668//3 5687//3 5688//3 5669//3
f 5669//3 5688//3 5689//3 5670//3
f 5670//3 5689//3 5690//3 5671//3
f 5671//3 5690//3 5691//3 5672//3
f 5672//3 5691//3 5692//3 5673//3
f 5673//3 5692//3 5693//3 5674//3
f 5674//3 5693//3 5694//3 5675//3
f 5675//3 5694//3 5695//3 5676//3
f 5676//3 5695//3 5696//3 5677//3
f 5677//3 5696//3 5697//3 5678//3
f 5678//3 5697//3 5698//3 5679//3
f 5679//3 5698//3 5699//3 5680//3
f 5680//3 5699//3 5700//3 5681//3
f 5681//3 5700//3 5701//3 5682//3
f 5682//3 5701//3 5702//3 5683//3
f 5683//3 5702//3 5703//3 5684//3
f 5684//3 5703//3 5704//3 5685//3
f 5686//3 5705//3 5706//3 5687//3
f 5687//3 5706//3 5707//3 5688//3
f 5688//3 5707//3 5708//3 5689//3
f 5689//3 5708//3 5709//3 5690//3
f 5690//3 5709//3 5710//3 5691//3
f 5691//3 5710//3 5711//3 5692//3
f 5692//3 5711//3 5712//3 5693//3
f 5693//3 5712//3 5713//3 5694//3
f 5694//3 5713//3 5714//3 5695//3
f 5695//3 5714//3 5715//3 5696//3
f 5696//3 5715//3 5716//3 5697//3
f 5697//3 5716//3 5717//3 5698//3
f 5698//3 5717//3 5718//3 5699//3
f 5699//3 5718//3 5719//3 5700//3
f 5700//3 5719//3 5720//3 5701//3
f 5701//3 5720//3 5721//3 5702//3
f 5702//3 5721//3 5722//3 5703//3
f 5703//3 5722//3 5723//3 5704//3
f 5705//3 5724//3 5725//3 5706//3
f 5706//3 5725//3 5726//3 5707//3
f 5707//3 5726//3 5727//3 5708//3
f 5708//3 5727//3 5728//3 5709//3
f 5709//3 5728//3 5729//3 5710//3
f 5710//3 5729//3 5730//3 5711//3
f 5711//3 5730//3 5731//3 5712//3
f 5712//3 5731//3 5732//3 5713//3
f 5713//3 5732//3 5733//3 5714//3
f 5714//3 5733//3 5734//3 5715//3
f 5715//3 5734//3 5735//3 5716//3
f 5716//3 5735//3 5736//3 5717//3
f 5717//3 5736//3 5737//3 5718//3
f 5718//3 5737//3 5738//3 5719//3
f 5719//3 5738//3 5739//3 5720//3
f 5720//3 5739//3 5740//3 5721//3
f 5721//3 5740//3 5741//3 5722//3
f 5722//3 5741//3 5742//3 5723//3
f 5724//3 5743//3 5744//3 5725//3
f 5725//3 5744//3 5745//3 5726//3
f 5726//3 5745//3 5746//3 5727//3
f 5727//3 5746//3 5747//3 5728//3
f 5728//3 5747//3 5748//3 5729//3
f 5729//3 5748//3 5749//3 5730//3
f 5730//3 5749//3 5750//3 5731//3
f 5731//3 5750//3 5751//3 5732//3
f 5732//3 5751//3 5752//3 5733//3
f 5733//3 5752//3 5753//3 5734//3
f 5734//3 5753//3 5754//3 5735//3
f 5735//3 5754//3 5755//3 5736//3
f 5736//3 5755//3 5756//3 5737//3
f 5737//3 5756//3 5757//3 5738//3
f 5738//3 5757//3 5758//3 5739//3
f 5739//3 5758//3 5759//3 5740//3
f 5740//3 5759//3 5760//3 5741//3
f 5741//3 5760//3 5761//3 5742//3
f 5743//3 5762//3 5763//3 5744//3
f 5744//3 5763//3 5764//3 5745//3
f 5745//3 5764//3 5765//3 5746//3
f 5746//3 5765//3 5766//3 5747//3
f 5747//3 5766//3 5767//3 5748//3
f 5748//3 5767//3 5768//3 5749//3
f 5749//3 5768//3 5769//3 5750//3
f 5750//3 5769//3 5770//3 5751//3
f 5751//3 5770//3 5771//3 5752//3
f 5752//3 5771//3 5772//3 5753//3
f 5753//3 5772//3 5773//3 5754//3
f 5754//3 5773//3 5774//3 5755//3
f 5755//3 5774//3 5775//3 5756//3
f 5756//3 5775//3 5776//3 5757//3
f 5757//3 5776//3 5777//3 5758//3
f 5758//3 5777//3 5778//3 5759//3
f 5759//3 5778//3 5779//3 5760//3
f 5760//3 5779//3 5780//3 5761//3
f 5762//3 5781//3 5782//3 5763//3
f 5763//3 5782//3 5783//3 5764//3
f 5764//3 5783//3 5784//3 5765//3
f 5765//3 5784//3 5785//3 5766//3
f 5766//3 5785//3 5786//3 5767//3
f 5767//3 5786//3 5787//3 5768//3
f 5768//3 5787//3 5788//3 5769//3
f 5769//3 5788//3 5789//3 5770//3
f 5770//3 5789//3 5790//3 5771//3
f 5771//3 5790//3 5791//3 5772//3
f 5772//3 5791//3 5792//3 5773//3
f 5773//3 5792//3 5793//3 5774//3
f 5774//3 5793//3 5794//3 5775//3
f 5775//3 5794//3 5795//3 5776//3
f 5776//3 5795//3 5796//3 5777//3
f 5777//3 5796//3 5797//3 5778//3
f 5778//3 5797//3 5798//3 5779//3
f 5779//3 5798//3 5799//3 5780//3
f 5781//3 5800//3 5801//3 5782//3
f 5782//3 5801//3 5802//3 5783//3
f 5783//3 5802//3 5803//3 5784//3
f 5784//3 5803//3 5804//3 5785//3
f 5785//3 5804//3 5805//3 5786//3
f 5786//3 5805//3 5806//3 5787//3
f 5787//3 5806//3 5807//3 5788//3
f 5788//3 5807//3 5808//3 5789//3
f 5789//3 5808//3 5809//3 5790//3
f 5790//3 5809//3 5810//3 5791//3
f 5791//3 5810//3 5811//3 5792//3
f 5792//3 5811//3 5812//3 5793//3
f 5793//3 5812//3 5813//3 5794//3
f 5794//3 5813//3 5814//3 5795//3
f 5795//3 5814//3 5815//3 5796//3
f 5796//3 5815//3 5816//3 5797//3
f 5797//3 5816//3 5817//3 5798//3
f 5798//3 5817//3 5818//3 5799//3
f 5800//3 5819//3 5820//3 5801//3
f 5801//3 5820//3 5821//3 5802//3
f 5802//3 5821//3 5822//3 5803//3
f 5803//3 5822//3 5823//3 5804//3
f 5804//3 5823//3 5824//3 5805//3
f 5805//3 5824//3 5825//3 5806//3
f 5806//3 5825//3 5826//3 5807//3
f 5807//3 5826//3 5827//3 5808//3
f 5808//3 5827//3 5828//3 5809//3
f 5809//3 5828//3 5829//3 5810//3
f 5810//3 5829//3 5830//3 5811//3
f 5811//3 5830//3 5831//3 5812//3
f 5812//3 5831//3 5832//3 5813//3
f 5813//3 5832//3 5833//3 5814//3
f 5814//3 5833//3 5834//3 5815//3
f 5815//3 5834//3 5835//3 5816//3
f 5816//3 5835//3 5836//3 5817//3
f 5817//3 5836//3 5837//3 5818//3
f 5819//3 5838//3 5839//3 5820//3
f 5820//3 5839//3 5840//3 5821//3
f 5821//3 5840//3 5841//3 5822//3
f 5822//3 5841//3 5842//3 5823//3
f 5823//3 5842//3 5843//3 5824//3
f 5824//3 5843//3 5844//3 5825//3
f 5825//3 5844//3 5845//3 5826//3
f 5826//3 5845//3 5846//3 5827//3
f 5827//3 5846//3 5847//3 5828//3
f 5828//3 5847//3 5848//3 5829//3
f 5829//3 5848//3 5849//3 5830//3
f 5830//3 5849//3 5850//3 5831//3
f 5831//3 5850//3 5851//3 5832//3
f 5832//3 5851//3 5852//3 5833//3
f 5833//3 5852//3 5853//3 5834//3
f 5834//3 5853//3 5854//3 5835//3
f 5835//3 5854//3 5855//3 5836//3
f 5836//3 5855//3 5856//3 5837//3
f 5857//25 5858//25 5859//25 5860//25
f 5860//25 5859//25 5861//25 5862//25
f 5862//25 5861//25 5863//25 5864//25
f 5864//25 5863//25 5865//25 5866//25
f 5866//25 5865//25 5867//25 5868//25
f 5868//25 5867//25 5869//25 5870//25
f 5870//25 5869//25 5871//25 5872//25
f 5872//25 5871//25 5873//25 5874//25
f 5874//25 5873//25 5875//25 5876//25
f 5876//25 5875//25 5877//25 5878//25
f 5878//25 5877//25 5879//25 5880//25
f 5880//25 5879//25 5881//25 5882//25
f 5882//25 5881//25 5883//25 5884//25
f 5884//25 5883//25 5885//25 5886//25
f 5886//25 5885//25 5887//25 5888//25
f 5888//25 5887//25 5889//25 5890//25
f 5858//25 5891//25 5892//25 5859//25
f 5859//25 5892//25 5893//25 5861//25
f 5861//25 5893//25 5894//25 5863//25
f 5863//25 5894//25 5895//25 5865//25
f 5865//25 5895//25 5896//25 5867//25
f 5867//25 5896//25 5897//25 5869//25
f 5869//25 5897//25 5898//25 5871//25
f 5871//25 5898//25 5899//25 5873//25
f 5873//25 5899//25 5900//25 5875//25
f 5875//25 5900//25 5901//25 5877//25
f 5877//25 5901//25 5902//25 5879//25
f 5879//25 5902//25 5903//25 5881//25
f 5881//25 5903//25 5904//25 5883//25
f 5883//25 5904//25 5905//25 5885//25
f 5885//25 5905//25 5906//25 5887//25
f 5887//25 5906//25 5907//25 5889//25
f 5891//25 5908//25 5909//25 5892//25
f 5892//25 5909//25 5910//25 5893//25
f 5893//25 5910//25 5911//25 5894//25
f 5894//25 5911//25 5912//25 5895//25
f 5895//25 5912//25 5913//25 5896//25
f 5896//25 5913//25 5914//25 5897//25
f 5897//25 5914//25 5915//25 5898//25
f 5898//25 5915//25 5916//25 5899//25
f 5899//25 5916//25 5917//25 5900//25
f 5900//25 5917//25 5918//25 5901//25
f 5901//25 5918//25 5919//25 5902//25
f 5902//25 5919//25 5920//25 5903//25
f 5903//25 5920//25 5921//25 5904//25
f 5904//25 5921//25 5922//25 5905//25
f 5905//25 5922//25 5923//25 5906//25
f 5906//25 5923//25 5924//25 5907//25
f 5908//25 5925//25 5926//25 5909//25
f 5909//25 5926//25 5927//25 5910//25
f 5910//25 5927//25 5928//25 5911//25
f 5911//25 5928//25 5929//25 5912//25
f 5912//25 5929//25 5930//25 5913//25
f 5913//25 5930//25 5931//25 5914//25
f 5914//25 5931//25 5932//25 5915//25
f 5915//25 5932//25 5933//25 5916//25
f 5916//25 5933//25 5934//25 5917//25
f 5917//25 5934//25 5935//25 5918//25
f 5918//25 5935//25 5936//25 5919//25
f 5919//25 5936//25 5937//25 5920//25
f 5920//25 5937//25 5938//25 5921//25
f 5921//25 5938//25 5939//25 5922//25
f 5922//25 5939//25 5940//25 5923//25
f 5923//25 5940//25 5941//25 5924//25
f 5925//25 5942//25 5943//25 5926//25
f 5926//25 5943//25 5944//25 5927//25
f 5927//25 5944//25 5945//25 5928//25
f 5928//25 5945//25 5946//25 5929//25
f 5929//25 5946//25 5947//25 5930//25
f 5930//25 5947//25 5948//25 5931//25
f 5931//25 5948//25 5949//25 5932//25
f 5932//25 5949//25 5950//25 5933//25
f 5933//25 5950//25 5951//25 5934//25
f 5934//25 5951//25 5952//25 5935//25
f 5935//25 5952//25 5953//25 5936//25
f 5936//25 5953//25 5954//25 5937//25
f 5937//25 5954//25 5955//25 5938//25
f 5938//25 5955//25 5956//25 5939//25
f 5939//25 5956//25 5957//25 5940//25
f 5940//25 5957//25 5958//25 5941//25
f 5942//25 5959//25 5960//25 5943//25
f 5943//25 5960//25 5961//25 5944//25
f 5944//25 5961//25 5962//25 5945//25
f 5945//25 5962//25 5963//25 5946//25
f 5946//25 5963//25 5964//25 5947//25
f 5947//25 5964//25 5965//25 5948//25
f 5948//25 5965//25 5966//25 5949//25
f 5949//25 5966//25 5967//25 5950//25
f 5950//25 5967//25 5968//25 5951//25
f 5951//25 5968//25 5969//25 5952//25
f 5952//25 5969//25 5970//25 5953//25
f 5953//25 5970//25 5971//25 5954//25
f 5954//25 5971//25 5972//25 5955//25
f 5955//25 5972//25 5973//25 5956//25
f 5956//25 5973//25 5974//25 5957//25
f 5957//25 5974//25 5975//25 5958//25
f 5959//25 5976//25 5977//25 5960//25
f 5960//25 5977//25 5978//25 5961//25
f 5961//25 5978//25 5979//25 5962//25
f 5962//25 5979//25 5980//25 5963//25
f 5963//25 5980//25 5981//25 5964//25
f 5964//25 5981//25 5982//25 5965//25
f 5965//25 5982//25 5983//25 5966//25
f 5966//25 5983//25 5984//25 5967//25
f 5967//25 5984//25 5985//25 5968//25
f 5968//25 5985//25 5986//25 5969//25
f 5969//25 5986//25 5987//25 5970//25
f 5970//25 5987//25 5988//25 5971//25
f 5971//25 5988//25 5989//25 5972//25
f 5972//25 5989//25 5990//25 5973//25
f 5973//25 5990//25 5991//25 5974//25
f 5974//25 5991//25 5992//25 5975//25
f 5976//25 5993//25 5994//25 5977//25
f 5977//25 5994//25 5995//25 5978//25
f 5978//25 5995//25 5996//25 5979//25
f 5979//25 5996//25 5997//25 5980//25
f 5980//25 5997//25 5998//25 5981//25
f 5981//25 5998//25 5999//25 5982//25
f 5982//25 5999//25 6000//25 5983//25
f 5983//25 6000//25 6001//25 5984//25
f 5984//25 6001//25 6002//25 5985//25
f 5985//25 6002//25 6003//25 5986//25
f 5986//25 6003//25 6004//25 5987//25
f 5987//25 6004//25 6005//25 5988//25
f 5988//25 6005//25 6006//25 5989//25
f 5989//25 6006//25 6007//25 5990//25
f 5990//25 6007//25 6008//25 5991//25
f 5991//25 6008//25 6009//25 5992//25
f 5993//25 6010//25 6011//25 5994//25
f 5994//25 6011//25 6012//25 5995//25
f 5995//25 6012//25 6013//25 5996//25
f 5996//25 6013//25 6014//25 5997//25
f 5997//25 6014//25 6015//25 5998//25
f 5998//25 6015//25 6016//25 5999//25
f 5999//25 6016//25 6017//25 6000//25
f 6000//25 6017//25 6018//25 6001//25
f 6001//25 6018//25 6019//25 6002//25
f 6002//25 6019//25 6020//25 6003//25
f 6003//25 6020//25 6021//25 6004//25
f 6004//25 6021//25 6022//25 6005//25
f 6005//25 6022//25 6023//25 6006//25
f 6006//25 6023//25 6024//25 6007//25
f 6007//25 6024//25 6025//25 6008//25
f 6008//25 6025//25 6026//25 6009//25
f 6010//25 6027//25 6028//25 6011//25
f 6011//25 6028//25 6029//25 6012//25
f 6012//25 6029//25 6030//25 6013//25
f 6013//25 6030//25 6031//25 6014//25
f 6014//25 6031//25 6032//25 6015//25
f 6015//25 6032//25 6033//25 6016//25
f 6016//25 6033//25 6034//25 6017//25
f 6017//25 6034//25 6035//25 6018//25
f 6018//25 6035//25 6036//25 6019//25
f 6019//25 6036//25 6037//25 6020//25
f 6020//25 6037//25 6038//25 6021//25
f 6021//25 6038//25 6039//25 6022//25
f 6022//25 6039//25 6040//25 6023//25
f 6023//25 6040//25 6041//25 6024//25
f 6024//25 6041//25 6042//25 6025//25
f 6025//25 6042//25 6043//25 6026//25
f 6027//25 6044//25 6045//25 6028//25
f 6028//25 6045//25 6046//25 6029//25
f 6029//25 6046//25 6047//25 6030//25
f 6030//25 6047//25 6048//25 6031//25
f 6031//25 6048//25 6049//25 6032//25
f 6032//25 6049//25 6050//25 6033//25
f 6033//25 6050//25 6051//25 6034//25
f 6034//25 6051//25 6052//25 6035//25
f 6035//25 6052//25 6053//25 6036//25
f 6036//25 6053//25 6054//25 6037//25
f 6037//25 6054//25 6055//25 6038//25
f 6038//25 6055//25 6056//25 6039//25
f 6039//25 6056//25 6057//25 6040//25
f 6040//25 6057//25 6058//25 6041//25
f 6041//25 6058//25 6059//25 6042//25
f 6042//25 6059//25 6060//25 6043//25
f 6044//25 6061//25 6062//25 6045//25
f 6045//25 6062//25 6063//25 6046//25
f 6046//25 6063//25 6064//25 6047//25
f 6047//25 6064//25 6065//25 6048//25
f 6048//25 6065//25 6066//25 6049//25
f 6049//25 6066//25 6067//25 6050//25
f 6050//25 6067//25 6068//25 6051//25
f 6051//25 6068//25 6069//25 6052//25
f 6052//25 6069//25 6070//25 6053//25
f 6053//25 6070//25 6071//25 6054//25
f 6054//25 6071//25 6072//25 6055//25
f 6055//25 6072//25 6073//25 6056//25
f 6056//25 6073//25 6074//25 6057//25
f 6057//25 6074//25 6075//25 6058//25
f 6058//25 6075//25 6076//25 6059//25
f 6059//25 6076//25 6077//25 6060//25
f 6061//25 6078//25 6079//25 6062//25
f 6062//25 6079//25 6080//25 6063//25
f 6063//25 6080//25 6081//25 6064//25
f 6064//25 6081//25 6082//25 6065//25
f 6065//25 6082//25 6083//25 6066//25
f 6066//25 6083//25 6084//25 6067//25
f 6067//25 6084//25 6085//25 6068//25
f 6068//25 6085//25 6086//25 6069//25
f 6069//25 6086//25 6087//25 6070//25
f 6070//25 6087//25 6088//25 6071//25
f 6071//25 6088//25 6089//25 6072//25
f 6072//25 6089//25 6090//25 6073//25
f 6073//25 6090//25 6091//25 6074//25
f 6074//25 6091//25 6092//25 6075//25
f 6075//25 6092//25 6093//25 6076//25
f 6076//25 6093//25 6094//25 6077//25
f 6078//25 6095//25 6096//25 6079//25
f 6079//25 6096//25 6097//25 6080//25
f 6080//25 6097//25 6098//25 6081//25
f 6081//25 6098//25 6099//25 6082//25
f 6082//25 6099//25 6100//25 6083//25
f 6083//25 6100//25 6101//25 6084//25
f 6084//25 6101//25 6102//25 6085//25
f 6085//25 6102//25 6103//25 6086//25
f 6086//25 6103//25 6104//25 6087//25
f 6087//25 6104//25 6105//25 6088//25
f 6088//25 6105//25 6106//25 6089//25
f 6089//25 6106//25 6107//25 6090//25
f 6090//25 6107//25 6108//25 6091//25
f 6091//25 6108//25 6109//25 6092//25
f 6092//25 6109//25 6110//25 6093//25
f 6093//25 6110//25 6111//25 6094//25
f 6095//25 6112//25 6113//25 6096//25
f 6096//25 6113//25 6114//25 6097//25
f 6097//25 6114//25 6115//25 6098//25
f 6098//25 6115//25 6116//25 6099//25
f 6099//25 6116//25 6117//25 6100//25
f 6100//25 6117//25 6118//25 6101//25
f 6101//25 6118//25 6119//25 6102//25
f 6102//25 6119//25 6120//25 6103//25
f 6103//25 6120//25 6121//25 6104//25
f 6104//25 6121//25 6122//25 6105//25
f 6105//25 6122//25 6123//25 6106//25
f 6106//25 6123//25 6124//25 6107//25
f 6107//25 6124//25 6125//25 6108//25
f 6108//25 6125//25 6126//25 6109//25
f 6109//25 6126//25 6127//25 6110//25
f 6110//25 6127//25 6128//25 6111//25
f 6129//1 6130//1 6131//1 6132//1
f 6132//1 6131//1 6133//1 6134//1
f 6130//1 6135//1 6136//1 6131//1
f 6131//1 6136//1 6137//1 6133//1
f 6135//1 6138//1 6139//1 6136//1
f 6136//1 6139//1 6140//1 6137//1
f 6138//1 6141//1 6142//1 6139//1
f 6139//1 6142//1 6143//1 6140//1
f 6141//1 6144//1 6145//1 6142//1
f 6142//1 6145//1 6146//1 6143//1
f 6144//1 6147//1 6148//1 6145//1
f 6145//1 6148//1 6149//1 6146//1
f 6147//1 6150//1 6151//1 6148//1
f 6148//1 6151//1 6152//1 6149//1
f 6150//1 6153//1 6154//1 6151//1
f 6151//1 6154//1 6155//1 6152//1
f 6153//1 6156//1 6157//1 6154//1
f 6154//1 6157//1 6158//1 6155//1
f 6156//1 6159//1 6160//1 6157//1
f 6157//1 6160//1 6161//1 6158//1
f 6159//1 6162//1 6163//1 6160//1
f 6160//1 6163//1 6164//1 6161//1
f 6162//1 6165//1 6166//1 6163//1
f 6163//1 6166//1 6167//1 6164//1
f 6165//1 6168//1 6169//1 6166//1
f 6166//1 6169//1 6170//1 6167//1
f 6171//31 6172//31 6173//31 6174//31
f 6174//31 6173//31 6175//31 6176//31
f 6176//31 6175//31 6177//31 6178//31
f 6178//31 6177//31 6179//31 6180//31
f 6172//31 6181//31 6182//31 6173//31
f 6173//31 6182//31 6183//31 6175//31
f 6175//31 6183//31 6184//31 6177//31
f 6177//31 6184//31 6185//31 6179//31
f 6181//31 6186//31 6187//31 6182//31
f 6182//31 6187//31 6188//31 6183//31
f 6183//31 6188//31 6189//31 6184//31
f 6184//31 6189//31 6190//31 6185//31
f 6186//31 6191//31 6192//31 6187//31
f 6187//31 6192//31 6193//31 6188//31
f 6188//31 6193//31 6194//31 6189//31
f 6189//31 6194//31 6195//31 6190//31
f 6191//31 6196//31 6197//31 6192//31
f 6192//31 6197//31 6198//31 6193//31
f 6193//31 6198//31 6199//31 6194//31
f 6194//31 6199//31 6200//31 6195//31
f 6196//31 6201//31 6202//31 6197//31
f 6197//31 6202//31 6203//31 6198//31
f 6198//31 6203//31 6204//31 6199//31
f 6199//31 6204//31 6205//31 6200//31
f 6201//31 6206//31 6207//31 6202//31
f 6202//31 6207//31 6208//31 6203//31
f 6203//31 6208//31 6209//31 6204//31
f 6204//31 6209//31 6210//31 6205//31
f 6206//31 6211//31 6212//31 6207//31
f 6207//31 6212//31 6213//31 6208//31
f 6208//31 6213//31 6214//31 6209//31
f 6209//31 6214//31 6215//31 6210//31
f 6211//31 6216//31 6217//31 6212//31
f 6212//31 6217//31 6218//31 6213//31
f 6213//31 6218//31 6219//31 6214//31
f 6214//31 6219//31 6220//31 6215//31
f 6216//31 6221//31 6222//31 6217//31
f 6217//31 6222//31 6223//31 6218//31
f 6218//31 6223//31 6224//31 6219//31
f 6219//31 6224//31 6225//31 6220//31
f 6221//31 6226//31 6227//31 6222//31
f 6222//31 6227//31 6228//31 6223//31
f 6223//31 6228//31 6229//31 6224//31
f 6224//31 6229//31 6230//31 6225//31
f 6226//31 6231//31 6232//31 6227//31
f 6227//31 6232//31 6233//31 6228//31
f 6228//31 6233//31 6234//31 6229//31
f 6229//31 6234//31 6235//31 6230//31
f 6231//31 6236//31 6237//31 6232//31
f 6232//31 6237//31 6238//31 6233//31
f 6233//31 6238//31 6239//31 6234//31
f 6234//31 6239//31 6240//31 6235//31
f 6236//31 6241//31 6242//31 6237//31
f 6237//31 6242//31 6243//31 6238//31
f 6238//31 6243//31 6244//31 6239//31
f 6239//31 6244//31 6245//31 6240//31
f 6241//31 6246//31 6247//31 6242//31
f 6242//31 6247//31 6248//31 6243//31
f 6243//31 6248//31 6249//31 6244//31
f 6244//31 6249//31 6250//31 6245//31
f 6246//31 6251//31 6252//31 6247//31
f 6247//31 6252//31 6253//31 6248//31
f 6248//31 6253//31 6254//31 6249//31
f 6249//31 6254//31 6255//31 6250//31
f 6251//31 6256//31 6257//31 6252//31
f 6252//31 6257//31 6258//31 6253//31
f 6253//31 6258//31 6259//31 6254//31
f 6254//31 6259//31 6260//31 6255//31
f 6256//31 6261//31 6262//31 6257//31
f 6257//31 6262//31 6263//31 6258//31
f 6258//31 6263//31 6264//31 6259//31
f 6259//31 6264//31 6265//31 6260//31
f 6266//32 6267//32 6268//32 6269//32
f 6269//32 6268//32 6270//32 6271//32
f 6271//32 6270//32 6272//32 6273//32
f 6273//32 6272//32 6274//32 6275//32
f 6267//32 6276//32 6277//32 6268//32
f 6268//32 6277//32 6278//32 6270//32
f 6270//32 6278//32 6279//32 6272//32
f 6272//32 6279//32 6280//32 6274//32
f 6276//32 6281//32 6282//32 6277//32
f 6277//32 6282//32 6283//32 6278//32
f 6278//32 6283//32 6284//32 6279//32
f 6279//32 6284//32 6285//32 6280//32
f 6281//32 6286//32 6287//32 6282//32
f 6282//32 6287//32 6288//32 6283//32
f 6283//32 6288//32 6289//32 6284//32
f 6284//32 6289//32 6290//32 6285//32
f 6286//32 6291//32 6292//32 6287//32
f 6287//32 6292//32 6293//32 6288//32
f 6288//32 6293//32 6294//32 6289//32
f 6289//32 6294//32 6295//32 6290//32
f 6291//32 6296//32 6297//32 6292//32
f 6292//32 6297//32 6298//32 6293//32
f 6293//32 6298//32 6299//32 6294//32
f 6294//32 6299//32 6300//32 6295//32
f 6296//32 6301//32 6302//32 6297//32
f 6297//32 6302//32 6303//32 6298//32
f 6298//32 6303//32 6304//32 6299//32
f 6299//32 6304//32 6305//32 6300//32
f 6301//32 6306//32 6307//32 6302//32
f 6302//32 6307//32 6308//32 6303//32
f 6303//32 6308//32 6309//32 6304//32
f 6304//32 6309//32 6310//32 6305//32
f 6306//32 6311//32 6312//32 6307//32
f 6307//32 6312//32 6313//32 6308//32
f 6308//32 6313//32 6314//32 6309//32
f 6309//32 6314//32 6315//32 6310//32
f 6311//32 6316//32 6317//32 6312//32
f 6312//32 6317//32 6318//32 6313//32
f 6313//32 6318//32 6319//32 6314//32
f 6314//32 6319//32 6320//32 6315//32
f 6316//32 6321//32 6322//32 6317//32
f 6317//32 6322//32 6323//32 6318//32
f 6318//32 6323//32 6324//32 6319//32
f 6319//32 6324//32 6325//32 6320//32
f 6321//32 6326//32 6327//32 6322//32
f 6322//32 6327//32 6328//32 6323//32
f 6323//32 6328//32 6329//32 6324//32
f 6324//32 6329//32 6330//32 6325//32
f 6326//32 6331//32 6332//32 6327//32
f 6327//32 6332//32 6333//32 6328//32
f 6328//32 6333//32 6334//32 6329//32
f 6329//32 6334//32 6335//32 6330//32
f 6331//32 6336//32 6337//32 6332//32
f 6332//32 6337//32 6338//32 6333//32
f 6333//32 6338//32 6339//32 6334//32
f 6334//32 6339//32 6340//32 6335//32
f 6336//32 6341//32 6342//32 6337//32
f 6337//32 6342//32 6343//32 6338//32
f 6338//32 6343//32 6344//32 6339//32
f 6339//32 6344//32 6345//32 6340//32
f 6341//32 6346//32 6347//32 6342//32
f 6342//32 6347//32 6348//32 6343//32
f 6343//32 6348//32 6349//32 6344//32
f 6344//32 6349//32 6350//32 6345//32
f 6346//32 6351//32 6352//32 6347//32
f 6347//32 6352//32 6353//32 6348//32
f 6348//32 6353//32 6354//32 6349//32
f 6349//32 6354//32 6355//32 6350//32
f 6351//32 6356//32 6357//32 6352//32
f 6352//32 6357//32 6358//32 6353//32
f 6353//32 6358//32 6359//32 6354//32
f 6354//32 6359//32 6360//32 6355//32
f 6361//33 6362//33 6363//33 6364//33
f 6364//33 6363//33 6365//33 6366//33
f 6366//33 6365//33 6367//33 6368//33
f 6368//33 6367//33 6369//33 6370//33
f 6362//33 6371//33 6372//33 6363//33
f 6363//33 6372//33 6373//33 6365//33
f 6365//33 6373//33 6374//33 6367//33
f 6367//33 6374//33 6375//33 6369//33
f 6371//33 6376//33 6377//33 6372//33
f 6372//33 6377//33 6378//33 6373//33
f 6373//33 6378//33 6379//33 6374//33
f 6374//33 6379//33 6380//33 6375//33
f 6376//33 6381//33 6382//33 6377//33
f 6377//33 6382//33 6383//33 6378//33
f 6378//33 6383//33 6384//33 6379//33
f 6379//33 6384//33 6385//33 6380//33
f 6381//33 6386//33 6387//33 6382//33
f 6382//33 6387//33 6388//33 6383//33
f 6383//33 6388//33 6389//33 6384//33
f 6384//33 6389//33 6390//33 6385//33
f 6386//33 6391//33 6392//33 6387//33
f 6387//33 6392//33 6393//33 6388//33
f 6388//33 6393//33 6394//33 6389//33
f 6389//33 6394//33 6395//33 6390//33
f 6391//33 6396//33 6397//33 6392//33
f 6392//33 6397//33 6398//33 6393//33
f 6393//33 6398//33 6399//33 6394//33
f 6394//33 6399//33 6400//33 6395//33
f 6396//33 6401//33 6402//33 6397//33
f 6397//33 6402//33 6403//33 6398//33
f 6398//33 6403//33 6404//33 6399//33
f 6399//33 6404//33 6405//33 6400//33
f 6401//33 6406//33 6407//33 6402//33
f 6402//33 6407//33 6408//33 6403//33
f 6403//33 6408//33 6409//33 6404//33
f 6404//33 6409//33 6410//33 6405//33
f 6406//33 6411//33 6412//33 6407//33
f 6407//33 6412//33 6413//33 6408//33
f 6408//33 6413//33 6414//33 6409//33
f 6409//33 6414//33 6415//33 6410//33
f 6411//33 6416//33 6417//33 6412//33
f 6412//33 6417//33 6418//33 6413//33
f 6413//33 6418//33 6419//33 6414//33
f 6414//33 6419//33 6420//33 6415//33
f 6416//33 6421//33 6422//33 6417//33
f 6417//33 6422//33 6423//33 6418//33
f 6418//33 6423//33 6424//33 6419//33
f 6419//33 6424//33 6425//33 6420//33
f 6421//33 6426//33 6427//33 6422//33
f 6422//33 6427//33 6428//33 6423//33
f 6423//33 6428//33 6429//33 6424//33
f 6424//33 6429//33 6430//33 6425//33
f 6426//33 6431//33 6432//33 6427//33
f 6427//33 6432//33 6433//33 6428//33
f 6428//33 6433//33 6434//33 6429//33
f 6429//33 6434//33 6435//33 6430//33
f 6431//33 6436//33 6437//33 6432//33
f 6432//33 6437//33 6438//33 6433//33
f 6433//33 6438//33 6439//33 6434//33
f 6434//33 6439//33 6440//33 6435//33
f 6436//33 6441//33 6442//33 6437//33
f 6437//33 6442//33 6443//33 6438//33
f 6438//33 6443//33 6444//33 6439//33
f 6439//33 6444//33 6445//33 6440//33
f 6446//34 6447//34 6448//34 6449//34
f 6449//34 6448//34 6450//34 6451//34
f 6447//34 6452//34 6453//34 6448//34
f 6448//34 6453//34 6454//34 6450//34
f 6452//34 6455//34 6456//34 6453//34
f 6453//34 6456//34 6457//34 6454//34
f 6455//34 6458//34 6459//34 6456//34
f 6456//34 6459//34 6460//34 6457//34
f 6458//34 6461//34 6462//34 6459//34
f 6459//34 6462//34 6463//34 6460//34
f 6461//34 6464//34 6465//34 6462//34
f 6462//34 6465//34 6466//34 6463//34
f 6464//34 6467//34 6468//34 6465//34
f 6465//34 6468//34 6469//34 6466//34
f 6467//34 6470//34 6471//34 6468//34
f 6468//34 6471//34 6472//34 6469//34
f 6470//34 6473//34 6474//34 6471//34
f 6471//34 6474//34 6475//34 6472//34
f 6473//34 6476//34 6477//34 6474//34
f 6474//34 6477//34 6478//34 6475//34
f 6476//34 6479//34 6480//34 6477//34
f 6477//34 6480//34 6481//34 6478//34
f 6479//34 6482//34 6483//34 6480//34
f 6480//34 6483//34 6484//34 6481//34
f 6482//34 6485//34 6486//34 6483//34
f 6483//34 6486//34 6487//34 6484//34
f 6488//2 6489//2 6490//2 6491//2
f 6491//2 6490//2 6492//2 6493//2
f 6489//2 6494//2 6495//2 6490//2
f 6490//2 6495//2 6496//2 6492//2
f 6494//2 6497//2 6498//2 6495//2
f 6495//2 6498//2 6499//2 6496//2
f 6497//2 6500//2 6501//2 6498//2
f 6498//2 6501//2 6502//2 6499//2
f 6500//2 6503//2 6504//2 6501//2
f 6501//2 6504//2 6505//2 6502//2
f 6503//2 6506//2 6507//2 6504//2
f 6504//2 6507//2 6508//2 6505//2
f 6506//2 6509//2 6510//2 6507//2
f 6507//2 6510//2 6511//2 6508//2
f 6509//2 6512//2 6513//2 6510//2
f 6510//2 6513//2 6514//2 6511//2
f 6512//2 6515//2 6516//2 6513//2
f 6513//2 6516//2 6517//2 6514//2
f 6515//2 6518//2 6519//2 6516//2
f 6516//2 6519//2 6520//2 6517//2
f 6518//2 6521//2 6522//2 6519//2
f 6519//2 6522//2 6523//2 6520//2
f 6521//2 6524//2 6525//2 6522//2
f 6522//2 6525//2 6526//2 6523//2
f 6527//3 6528//3 6529//3 6530//3
f 6530//3 6529//3 6531//3 6532//3
f 6528//3 6533//3 6534//3 6529//3
f 6529//3 6534//3 6535//3 6531//3
f 6533//3 6536//3 6537//3 6534//3
f 6534//3 6537//3 6538//3 6535//3
f 6536//3 6539//3 6540//3 6537//3
f 6537//3 6540//3 6541//3 6538//3
f 6539//3 6542//3 6543//3 6540//3
f 6540//3 6543//3 6544//3 6541//3
f 6542//3 6545//3 6546//3 6543//3
f 6543//3 6546//3 6547//3 6544//3
f 6545//3 6548//3 6549//3 6546//3
f 6546//3 6549//3 6550//3 6547//3
f 6548//3 6551//3 6552//3 6549//3
f 6549//3 6552//3 6553//3 6550//3
f 6551//3 6554//3 6555//3 6552//3
f 6552//3 6555//3 6556//3 6553//3
f 6554//3 6557//3 6558//3 6555//3
f 6555//3 6558//3 6559//3 6556//3
f 6557//3 6560//3 6561//3 6558//3
f 6558//3 6561//3 6562//3 6559//3
f 6560//3 6563//3 6564//3 6561//3
f 6561//3 6564//3 6565//3 6562//3
f 6563//3 6566//3 6567//3 6564//3
f 6564//3 6567//3 6568//3 6565//3
f 6569//25 6570//25 6571//25 6572//25
f 6572//25 6571//25 6573//25 6574//25
f 6570//25 6575//25 6576//25 6571//25
f 6571//25 6576//25 6577//25 6573//25
f 6575//25 6578//25 6579//25 6576//25
f 6576//25 6579//25 6580//25 6577//25
f 6578//25 6581//25 6582//25 6579//25
f 6579//25 6582//25 6583//25 6580//25
f 6581//25 6584//25 6585//25 6582//25
f 6582//25 6585//25 6586//25 6583//25
f 6584//25 6587//25 6588//25 6585//25
f 6585//25 6588//25 6589//25 6586//25
f 6587//25 6590//25 6591//25 6588//25
f 6588//25 6591//25 6592//25 6589//25
f 6590//25 6593//25 6594//25 6591//25
f 6591//25 6594//25 6595//25 6592//25
f 6593//25 6596//25 6597//25 6594//25
f 6594//25 6597//25 6598//25 6595//25
f 6596//25 6599//25 6600//25 6597//25
f 6597//25 6600//25 6601//25 6598//25
f 6599//25 6602//25 6603//25 6600//25
f 6600//25 6603//25 6604//25 6601//25
f 6602//25 6605//25 6606//25 6603//25
f 6603//25 6606//25 6607//25 6604//25
f 6608//3 6609//3 6610//3 6611//3
f 6611//3 6610//3 6612//3 6613//3
f 6609//3 6614//3 6615//3 6610//3
f 6610//3 6615//3 6616//3 6612//3
f 6614//3 6617//3 6618//3 6615//3
f 6615//3 6618//3 6619//3 6616//3
f 6617//3 6620//3 6621//3 6618//3
f 6618//3 6621//3 6622//3 6619//3
f 6620//3 6623//3 6624//3 6621//3
f 6621//3 6624//3 6625//3 6622//3
f 6623//3 6626//3 6627//3 6624//3
f 6624//3 6627//3 6628//3 6625//3
f 6626//3 6629//3 6630//3 6627//3
f 6627//3 6630//3 6631//3 6628//3
f 6629//3 6632//3 6633//3 6630//3
f 6630//3 6633//3 6634//3 6631//3
f 6632//3 6635//3 6636//3 6633//3
f 6633//3 6636//3 6637//3 6634//3
f 6635//3 6638//3 6639//3 6636//3
f 6636//3 6639//3 6640//3 6637//3
f 6638//3 6641//3 6642//3 6639//3
f 6639//3 6642//3 6643//3 6640//3
f 6644//35 6645//35 6646//35 6647//35
f 6647//35 6646//35 6648//35 6649//35
f 6645//35 6650//35 6651//35 6646//35
f 6646//35 6651//35 6652//35 6648//35
f 6650//35 6653//35 6654//35 6651//35
f 6651//35 6654//35 6655//35 6652//35
f 6653//35 6656//35 6657//35 6654//35
f 6654//35 6657//35 6658//35 6655//35
f 6656//35 6659//35 6660//35 6657//35
f 6657//35 6660//35 6661//35 6658//35
f 6659//35 6662//35 6663//35 6660//35
f 6660//35 6663//35 6664//35 6661//35
f 6662//35 6665//35 6666//35 6663//35
f 6663//35 6666//35 6667//35 6664//35
f 6665//35 6668//35 6669//35 6666//35
f 6666//35 6669//35 6670//35 6667//35
f 6668//35 6671//35 6672//35 6669//35
f 6669//35 6672//35 6673//35 6670//35
f 6671//35 6674//35 6675//35 6672//35
f 6672//35 6675//35 6676//35 6673//35
f 6674//35 6677//35 6678//35 6675//35
f 6675//35 6678//35 6679//35 6676//35
f 6677//35 6680//35 6681//35 6678//35
f 6678//35 6681//35 6682//35 6679//35
f 6683//36 6684//36 6685//36 6686//36
f 6686//36 6685//36 6687//36 6688//36
f 6684//36 6689//36 6690//36 6685//36
f 6685//36 6690//36 6691//36 6687//36
f 6689//36 6692//36 6693//36 6690//36
f 6690//36 6693//36 6694//36 6691//36
f 6692//36 6695//36 6696//36 6693//36
f 6693//36 6696//36 6697//36 6694//36
f 6695//36 6698//36 6699//36 6696//36
f 6696//36 6699//36 6700//36 6697//36
f 6698//36 6701//36 6702//36 6699//36
f 6699//36 6702//36 6703//36 6700//36
f 6701//36 6704//36 6705//36 6702//36
f 6702//36 6705//36 6706//36 6703//36
f 6704//36 6707//36 6708//36 6705//36
f 6705//36 6708//36 6709//36 6706//36
f 6707//36 6710//36 6711//36 6708//36
f 6708//36 6711//36 6712//36 6709//36
f 6710//36 6713//36 6714//36 6711//36
f 6711//36 6714//36 6715//36 6712//36
f 6713//36 6716//36 6717//36 6714//36
f 6714//36 6717//36 6718//36 6715//36
f 6716//36 6719//36 6720//36 6717//36
f 6717//36 6720//36 6721//36 6718//36
f 6719//36 6722//36 6723//36 6720//36
f 6720//36 6723//36 6724//36 6721//36
f 6725//37 6726//37 6727//37 6728//37
f 6728//37 6727//37 6729//37 6730//37
f 6726//37 6731//37 6732//37 6727//37
f 6727//37 6732//37 6733//37 6729//37
f 6731//37 6734//37 6735//37 6732//37
f 6732//37 6735//37 6736//37 6733//37
f 6734//37 6737//37 6738//37 6735//37
f 6735//37 6738//37 6739//37 6736//37
f 6737//37 6740//37 6741//37 6738//37
f 6738//37 6741//37 6742//37 6739//37
f 6740//37 6743//37 6744//37 6741//37
f 6741//37 6744//37 6745//37 6742//37
f 6743//37 6746//37 6747//37 6744//37
f 6744//37 6747//37 6748//37 6745//37
f 6746//37 6749//37 6750//37 6747//37
f 6747//37 6750//37 6751//37 6748//37
f 6749//37 6752//37 6753//37 6750//37
f 6750//37 6753//37 6754//37 6751//37
f 6752//37 6755//37 6756//37 6753//37
f 6753//37 6756//37 6757//37 6754//37
f 6755//37 6758//37 6759//37 6756//37
f 6756//37 6759//37 6760//37 6757//37
f 6758//37 6761//37 6762//37 6759//37
f 6759//37 6762//37 6763//37 6760//37
f 6764//6 6765//6 6766//6 6767//6
f 6767//6 6766//6 6768//6 6769//6
f 6769//6 6768//6 6770//6 6771//6
f 6771//6 6770//6 6772//6 6773//6
f 6773//6 6772//6 6774//6 6775//6
f 6775//6 6774//6 6776//6 6777//6
f 6777//6 6776//6 6778//6 6779//6
f 6779//6 6778//6 6780//6 6781//6
f 6781//6 6780//6 6782//6 6783//6
f 6783//6 6782//6 6784//6 6785//6
f 6785//6 6784//6 6786//6 6787//6
f 6765//6 6788//6 6789//6 6766//6
f 6766//6 6789//6 6790//6 6768//6
f 6768//6 6790//6 6791//6 6770//6
f 6770//6 6791//6 6792//6 6772//6
f 6772//6 6792//6 6793//6 6774//6
f 6774//6 6793//6 6794//6 6776//6
f 6776//6 6794//6 6795//6 6778//6
f 6778//6 6795//6 6796//6 6780//6
f 6780//6 6796//6 6797//6 6782//6
f 6782//6 6797//6 6798//6 6784//6
f 6784//6 6798//6 6799//6 6786//6
f 6788//6 6800//6 6801//6 6789//6
f 6789//6 6801//6 6802//6 6790//6
f 6790//6 6802//6 6803//6 6791//6
f 6791//6 6803//6 6804//6 6792//6
f 6792//6 6804//6 6805//6 6793//6
f 6793//6 6805//6 6806//6 6794//6
f 6794//6 6806//6 6807//6 6795//6
f 6795//6 6807//6 6808//6 6796//6
f 6796//6 6808//6 6809//6 6797//6
f 6797//6 6809//6 6810//6 6798//6
f 6798//6 6810//6 6811//6 6799//6
f 6800//6 6812//6 6813//6 6801//6
f 6801//6 6813//6 6814//6 6802//6
f 6802//6 6814//6 6815//6 6803//6
f 6803//6 6815//6 6816//6 6804//6
f 6804//6 6816//6 6817//6 6805//6
f 6805//6 6817//6 6818//6 6806//6
f 6806//6 6818//6 6819//6 6807//6
f 6807//6 6819//6 6820//6 6808//6
f 6808//6 6820//6 6821//6 6809//6
f 6809//6 6821//6 6822//6 6810//6
f 6810//6 6822//6 6823//6 6811//6
f 6812//6 6824//6 6825//6 6813//6
f 6813//6 6825//6 6826//6 6814//6
f 6814//6 6826//6 6827//6 6815//6
f 6815//6 6827//6 6828//6 6816//6
f 6816//6 6828//6 6829//6 6817//6
f 6817//6 6829//6 6830//6 6818//6
f 6818//6 6830//6 6831//6 6819//6
f 6819//6 6831//6 6832//6 6820//6
f 6820//6 6832//6 6833//6 6821//6
f 6821//6 6833//6 6834//6 6822//6
f 6822//6 6834//6 6835//6 6823//6
f 6824//6 6836//6 6837//6 6825//6
f 6825//6 6837//6 6838//6 6826//6
f 6826//6 6838//6 6839//6 6827//6
f 6827//6 6839//6 6840//6 6828//6
f 6828//6 6840//6 6841//6 6829//6
f 6829//6 6841//6 6842//6 6830//6
f 6830//6 6842//6 6843//6 6831//6
f 6831//6 6843//6 6844//6 6832//6
f 6832//6 6844//6 6845//6 6833//6
f 6833//6 6845//6 6846//6 6834//6
f 6834//6 6846//6 6847//6 6835//6
f 6836//6 6848//6 6849//6 6837//6
f 6837//6 6849//6 6850//6 6838//6
f 6838//6 6850//6 6851//6 6839//6
f 6839//6 6851//6 6852//6 6840//6
f 6840//6 6852//6 6853//6 6841//6
f 6841//6 6853//6 6854//6 6842//6
f 6842//6 6854//6 6855//6 6843//6
f 6843//6 6855//6 6856//6 6844//6
f 6844//6 6856//6 6857//6 6845//6
f 6845//6 6857//6 6858//6 6846//6
f 6846//6 6858//6 6859//6 6847//6
f 6848//6 6860//6 6861//6 6849//6
f 6849//6 6861//6 6862//6 6850//6
f 6850//6 6862//6 6863//6 6851//6
f 6851//6 6863//6 6864//6 6852//6
f 6852//6 6864//6 6865//6 6853//6
f 6853//6 6865//6 6866//6 6854//6
f 6854//6 6866//6 6867//6 6855//6
f 6855//6 6867//6 6868//6 6856//6
f 6856//6 6868//6 6869//6 6857//6
f 6857//6 6869//6 6870//6 6858//6
f 6858//6 6870//6 6871//6 6859//6
f 6860//6 6872//6 6873//6 6861//6
f 6861//6 6873//6 6874//6 6862//6
f 6862//6 6874//6 6875//6 6863//6
f 6863//6 6875//6 6876//6 6864//6
f 6864//6 6876//6 6877//6 6865//6
f 6865//6 6877//6 6878//6 6866//6
f 6866//6 6878//6 6879//6 6867//6
f 6867//6 6879//6 6880//6 6868//6
f 6868//6 6880//6 6881//6 6869//6
f 6869//6 6881//6 6882//6 6870//6
f 6870//6 6882//6 6883//6 6871//6
f 6872//6 6884//6 6885//6 6873//6
f 6873//6 6885//6 6886//6 6874//6
f 6874//6 6886//6 6887//6 6875//6
f 6875//6 6887//6 6888//6 6876//6
f 6876//6 6888//6 6889//6 6877//6
f 6877//6 6889//6 6890//6 6878//6
f 6878//6 6890//6 6891//6 6879//6
f 6879//6 6891//6 6892//6 6880//6
f 6880//6 6892//6 6893//6 6881//6
f 6881//6 6893//6 6894//6 6882//6
f 6882//6 6894//6 6895//6 6883//6
f 6896//25 6897//25 6898//25 6899//25
f 6899//25 6898//25 6900//25 6901//25
f 6897//25 6902//25 6903//25 6898//25
f 6898//25 6903//25 6904//25 6900//25
f 6902//25 6905//25 6906//25 6903//25
f 6903//25 6906//25 6907//25 6904//25
f 6905//25 6908//25 6909//25 6906//25
f 6906//25 6909//25 6910//25 6907//25
f 6908//25 6911//25 6912//25 6909//25
f 6909//25 6912//25 6913//25 6910//25
f 6911//25 6914//25 6915//25 6912//25
f 6912//25 6915//25 6916//25 6913//25
f 6914//25 6917//25 6918//25 6915//25
f 6915//25 6918//25 6919//25 6916//25
f 6917//25 6920//25 6921//25 6918//25
f 6918//25 6921//25 6922//25 6919//25
f 6920//25 6923//25 6924//25 6921//25
f 6921//25 6924//25 6925//25 6922//25
f 6923//25 6926//25 6927//25 6924//25
f 6924//25 6927//25 6928//25 6925//25
f 6929//1 6930//1 6931//1 6932//1
f 6932//1 6931//1 6933//1 6934//1
f 6930//1 6935//1 6936//1 6931//1
f 6931//1 6936//1 6937//1 6933//1
f 6935//1 6938//1 6939//1 6936//1
f 6936//1 6939//1 6940//1 6937//1
f 6938//1 6941//1 6942//1 6939//1
f 6939//1 6942//1 6943//1 6940//1
f 6941//1 6944//1 6945//1 6942//1
f 6942//1 6945//1 6946//1 6943//1
f 6944//1 6947//1 6948//1 6945//1
f 6945//1 6948//1 6949//1 6946//1
f 6947//1 6950//1 6951//1 6948//1
f 6948//1 6951//1 6952//1 6949//1
f 6950//1 6953//1 6954//1 6951//1
f 6951//1 6954//1 6955//1 6952//1
f 6953//1 6956//1 6957//1 6954//1
f 6954//1 6957//1 6958//1 6955//1
f 6956//1 6959//1 6960//1 6957//1
f 6957//1 6960//1 6961//1 6958//1
f 6959//1 6962//1 6963//1 6960//1
f 6960//1 6963//1 6964//1 6961//1
f 6965//2 6966//2 6967//2 6968//2
f 6968//2 6967//2 6969//2 6970//2
f 6966//2 6971//2 6972//2 6967//2
f 6967//2 6972//2 6973//2 6969//2
f 6971//2 6974//2 6975//2 6972//2
f 6972//2 6975//2 6976//2 6973//2
f 6974//2 6977//2 6978//2 6975//2
f 6975//2 6978//2 6979//2 6976//2
f 6977//2 6980//2 6981//2 6978//2
f 6978//2 6981//2 6982//2 6979//2
f 6980//2 6983//2 6984//2 6981//2
f 6981//2 6984//2 6985//2 6982//2
f 6983//2 6986//2 6987//2 6984//2
f 6984//2 6987//2 6988//2 6985//2
f 6986//2 6989//2 6990//2 6987//2
f 6987//2 6990//2 6991//2 6988//2
f 6989//2 6992//2 6993//2 6990//2
f 6990//2 6993//2 6994//2 6991//2
f 6992//2 6995//2 6996//2 6993//2
f 6993//2 6996//2 6997//2 6994//2
f 6998//3 6999//3 7000//3 7001//3
f 7001//3 7000//3 7002//3 7003//3
f 6999//3 7004//3 7005//3 7000//3
f 7000//3 7005//3 7006//3 7002//3
f 7004//3 7007//3 7008//3 7005//3
f 7005//3 7008//3 7009//3 7006//3
f 7007//3 7010//3 7011//3 7008//3
f 7008//3 7011//3 7012//3 7009//3
f 7010//3 7013//3 7014//3 7011//3
f 7011//3 7014//3 7015//3 7012//3
f 7013//3 7016//3 7017//3 7014//3
f 7014//3 7017//3 7018//3 7015//3
f 7016//3 7019//3 7020//3 7017//3
f 7017//3 7020//3 7021//3 7018//3
f 7019//3 7022//3 7023//3 7020//3
f 7020//3 7023//3 7024//3 7021//3
f 7022//3 7025//3 7026//3 7023//3
f 7023//3 7026//3 7027//3 7024//3
f 7025//3 7028//3 7029//3 7026//3
f 7026//3 7029//3 7030//3 7027//3
f 7028//3 7031//3 7032//3 7029//3
f 7029//3 7032//3 7033//3 7030//3
f 7031//3 7034//3 7035//3 7032//3
f 7032//3 7035//3 7036//3 7033//3
f 7034//3 7037//3 7038//3 7035//3
f 7035//3 7038//3 7039//3 7036//3
f 7037//3 7040//3 7041//3 7038//3
f 7038//3 7041//3 7042//3 7039//3
f 7040//3 7043//3 7044//3 7041//3
f 7041//3 7044//3 7045//3 7042//3
f 7043//3 7046//3 7047//3 7044//3
f 7044//3 7047//3 7048//3 7045//3
f 7046//3 7049//3 7050//3 7047//3
f 7047//3 7050//3 7051//3 7048//3
f 7052//6 7053//6 7054//6 7055//6
f 7055//6 7054//6 7056//6 7057//6
f 7057//6 7056//6 7058//6 7059//6
f 7053//6 7060//6 7061//6 7054//6
f 7054//6 7061//6 7062//6 7056//6
f 7056//6 7062//6 7063//6 7058//6
f 7060//6 7064//6 7065//6 7061//6
f 7061//6 7065//6 7066//6 7062//6
f 7062//6 7066//6 7067//6 7063//6
f 7064//6 7068//6 7069//6 7065//6
f 7065//6 7069//6 7070//6 7066//6
f 7066//6 7070//6 7071//6 7067//6
f 7068//6 7072//6 7073//6 7069//6
f 7069//6 7073//6 7074//6 7070//6
f 7070//6 7074//6 7075//6 7071//6
f 7072//6 7076//6 7077//6 7073//6
f 7073//6 7077//6 7078//6 7074//6
f 7074//6 7078//6 7079//6 7075//6
f 7076//6 7080//6 7081//6 7077//6
f 7077//6 7081//6 7082//6 7078//6
f 7078//6 7082//6 7083//6 7079//6
f 7080//6 7084//6 7085//6 7081//6
f 7081//6 7085//6 7086//6 7082//6
f 7082//6 7086//6 7087//6 7083//6
f 7084//6 7088//6 7089//6 7085//6
f 7085//6 7089//6 7090//6 7086//6
f 7086//6 7090//6 7091//6 7087//6
f 7088//6 7092//6 7093//6 7089//6
f 7089//6 7093//6 7094//6 7090//6
f 7090//6 7094//6 7095//6 7091//6
f 7092//6 7096//6 7097//6 7093//6
f 7093//6 7097//6 7098//6 7094//6
f 7094//6 7098//6 7099//6 7095//6
f 7096//6 7100//6 7101//6 7097//6
f 7097//6 7101//6 7102//6 7098//6
f 7098//6 7102//6 7103//6 7099//6
f 7100//6 7104//6 7105//6 7101//6
f 7101//6 7105//6 7106//6 7102//6
f 7102//6 7106//6 7107//6 7103//6
f 7104//6 7108//6 7109//6 7105//6
f 7105//6 7109//6 7110//6 7106//6
f 7106//6 7110//6 7111//6 7107//6
f 7108//6 7112//6 7113//6 7109//6
f 7109//6 7113//6 7114//6 7110//6
f 7110//6 7114//6 7115//6 7111//6
f 7112//6 7116//6 7117//6 7113//6
f 7113//6 7117//6 7118//6 7114//6
f 7114//6 7118//6 7119//6 7115//6
f 7116//6 7120//6 7121//6 7117//6
f 7117//6 7121//6 7122//6 7118//6
f 7118//6 7122//6 7123//6 7119//6
f 7120//6 7124//6 7125//6 7121//6
f 7121//6 7125//6 7126//6 7122//6
f 7122//6 7126//6 7127//6 7123//6
f 7124//6 7128//6 7129//6 7125//6
f 7125//6 7129//6 7130//6 7126//6
f 7126//6 7130//6 7131//6 7127//6
f 7128//6 7132//6 7133//6 7129//6
f 7129//6 7133//6 7134//6 7130//6
f 7130//6 7134//6 7135//6 7131//6
f 2181//6 7136//6 7137//6 2182//6
f 2182//6 7137//6 7138//6 2183//6
f 2183//6 7138//6 7139//6 2184//6
f 7136//6 7140//6 7141//6 7137//6
f 7137//6 7141//6 7142//6 7138//6
f 7138//6 7142//6 7143//6 7139//6
f 7140//6 7144//6 7145//6 7141//6
f 7141//6 7145//6 7146//6 7142//6
f 7142//6 7146//6 7147//6 7143//6
f 7144//6 7148//6 7149//6 7145//6
f 7145//6 7149//6 7150//6 7146//6
f 7146//6 7150//6 7151//6 7147//6
f 7148//6 7152//6 7153//6 7149//6
f 7149//6 7153//6 7154//6 7150//6
f 7150//6 7154//6 7155//6 7151//6
f 7152//6 7156//6 7157//6 7153//6
f 7153//6 7157//6 7158//6 7154//6
f 7154//6 7158//6 7159//6 7155//6
f 7156//6 7160//6 7161//6 7157//6
f 7157//6 7161//6 7162//6 7158//6
f 7158//6 7162//6 7163//6 7159//6
f 7160//6 7164//6 7165//6 7161//6
f 7161//6 7165//6 7166//6 7162//6
f 7162//6 7166//6 7167//6 7163//6
f 7164//6 7168//6 7169//6 7165//6
f 7165//6 7169//6 7170//6 7166//6
f 7166//6 7170//6 7171//6 7167//6
f 7168//6 7172//6 7173//6 7169//6
f 7169//6 7173//6 7174//6 7170//6
f 7170//6 7174//6 7175//6 7171//6
f 7172//6 7176//6 7177//6 7173//6
f 7173//6 7177//6 7178//6 7174//6
f 7174//6 7178//6 7179//6 7175//6
f 7176//6 7180//6 7181//6 7177//6
f 7177//6 7181//6 7182//6 7178//6
f 7178//6 7182//6 7183//6 7179//6
f 7180//6 7184//6 7185//6 7181//6
f 7181//6 7185//6 7186//6 7182//6
f 7182//6 7186//6 7187//6 7183//6
f 7184//6 7188//6 7189//6 7185//6
f 7185//6 7189//6 7190//6 7186//6
f 7186//6 7190//6 7191//6 7187//6
f 7188//6 7192//6 7193//6 7189//6
f 7189//6 7193//6 7194//6 7190//6
f 7190//6 7194//6 7195//6 7191//6
f 7192//6 7196//6 7197//6 7193//6
f 7193//6 7197//6 7198//6 7194//6
f 7194//6 7198//6 7199//6 7195//6
f 7196//6 7200//6 7201//6 7197//6
f 7197//6 7201//6 7202//6 7198//6
f 7198//6 7202//6 7203//6 7199//6
f 7200//6 7204//6 7205//6 7201//6
f 7201//6 7205//6 7206//6 7202//6
f 7202//6 7206//6 7207//6 7203//6
f 7204//6 7208//6 7209//6 7205//6
f 7205//6 7209//6 7210//6 7206//6
f 7206//6 7210//6 7211//6 7207//6
f 7208//6 7212//6 7213//6 7209//6
f 7209//6 7213//6 7214//6 7210//6
f 7210//6 7214//6 7215//6 7211//6
f 7132//6 7216//6 7217//6 7133//6
f 7133//6 7217//6 7218//6 7134//6
f 7134//6 7218//6 7219//6 7135//6
f 7216//6 7220//6 7221//6 7217//6
f 7217//6 7221//6 7222//6 7218//6
f 7218//6 7222//6 7223//6 7219//6
f 7220//6 7224//6 7225//6 7221//6
f 7221//6 7225//6 7226//6 7222//6
f 7222//6 7226//6 7227//6 7223//6
f 7224//6 7228//6 7229//6 7225//6
f 7225//6 7229//6 7230//6 7226//6
f 7226//6 7230//6 7231//6 7227//6
f 7228//6 7232//6 7233//6 7229//6
f 7229//6 7233//6 7234//6 7230//6
f 7230//6 7234//6 7235//6 7231//6
f 7232//6 7236//6 7237//6 7233//6
f 7233//6 7237//6 7238//6 7234//6
f 7234//6 7238//6 7239//6 7235//6
f 7236//6 7240//6 7241//6 7237//6
f 7237//6 7241//6 7242//6 7238//6
f 7238//6 7242//6 7243//6 7239//6
f 7240//6 7244//6 7245//6 7241//6
f 7241//6 7245//6 7246//6 7242//6
f 7242//6 7246//6 7247//6 7243//6
f 7244//6 7248//6 7249//6 7245//6
f 7245//6 7249//6 7250//6 7246//6
f 7246//6 7250//6 7251//6 7247//6
f 7248//6 7252//6 7253//6 7249//6
f 7249//6 7253//6 7254//6 7250//6
f 7250//6 7254//6 7255//6 7251//6
f 7252//6 7256//6 7257//6 7253//6
f 7253//6 7257//6 7258//6 7254//6
f 7254//6 7258//6 7259//6 7255//6
f 7256//6 7260//6 7261//6 7257//6
f 7257//6 7261//6 7262//6 7258//6
f 7258//6 7262//6 7263//6 7259//6
f 7260//6 7264//6 7265//6 7261//6
f 7261//6 7265//6 7266//6 7262//6
f 7262//6 7266//6 7267//6 7263//6
f 7264//6 7268//6 7269//6 7265//6
f 7265//6 7269//6 7270//6 7266//6
f 7266//6 7270//6 7271//6 7267//6
f 7268//6 7272//6 7273//6 7269//6
f 7269//6 7273//6 7274//6 7270//6
f 7270//6 7274//6 7275//6 7271//6
f 7272//6 7276//6 7277//6 7273//6
f 7273//6 7277//6 7278//6 7274//6
f 7274//6 7278//6 7279//6 7275//6
f 7276//6 7280//6 7281//6 7277//6
f 7277//6 7281//6 7282//6 7278//6
f 7278//6 7282//6 7283//6 7279//6
f 7280//6 7284//6 7285//6 7281//6
f 7281//6 7285//6 7286//6 7282//6
f 7282//6 7286//6 7287//6 7283//6
f 7284//6 7288//6 7289//6 7285//6
f 7285//6 7289//6 7290//6 7286//6
f 7286//6 7290//6 7291//6 7287//6
f 7288//6 2101//6 2104//6 7289//6
f 7289//6 2104//6 2106//6 7290//6
f 7290//6 2106//6 2108//6 7291//6
f 7292//38 7293//38 7294//38 7295//38
f 7295//38 7294//38 7296//38 7297//38
f 7293//38 7298//38 7299//38 7294//38
f 7294//38 7299//38 7300//38 7296//38
f 7298//38 7301//38 7302//38 7299//38
f 7299//38 7302//38 7303//38 7300//38
f 7301//38 7304//38 7305//38 7302//38
f 7302//38 7305//38 7306//38 7303//38
f 7304//38 7307//38 7308//38 7305//38
f 7305//38 7308//38 7309//38 7306//38
f 7307//38 7310//38 7311//38 7308//38
f 7308//38 7311//38 7312//38 7309//38
f 7310//38 7313//38 7314//38 7311//38
f 7311//38 7314//38 7315//38 7312//38
f 7313//38 7316//38 7317//38 7314//38
f 7314//38 7317//38 7318//38 7315//38
f 7316//38 7319//38 7320//38 7317//38
f 7317//38 7320//38 7321//38 7318//38
f 7319//38 7322//38 7323//38 7320//38
f 7320//38 7323//38 7324//38 7321//38
f 7322//38 7325//38 7326//38 7323//38
f 7323//38 7326//38 7327//38 7324//38
f 7325//38 7328//38 7329//38 7326//38
f 7326//38 7329//38 7330//38 7327//38
f 7328//38 7331//38 7332//38 7329//38
f 7329//38 7332//38 7333//38 7330//38
f 7331//38 7334//38 7335//38 7332//38
f 7332//38 7335//38 7336//38 7333//38
f 7334//38 7337//38 7338//38 7335//38
f 7335//38 7338//38 7339//38 7336//38
f 7337//38 7340//38 7341//38 7338//38
f 7338//38 7341//38 7342//38 7339//38
f 7340//38 7343//38 7344//38 7341//38
f 7341//38 7344//38 7345//38 7342//38
f 7346//1 7347//1 7348//1 7349//1
f 7349//1 7348//1 7350//1 7351//1
f 7347//1 7352//1 7353//1 7348//1
f 7348//1 7353//1 7354//1 7350//1
f 7352//1 7355//1 7356//1 7353//1
f 7353//1 7356//1 7357//1 7354//1
f 7355//1 7358//1 7359//1 7356//1
f 7356//1 7359//1 7360//1 7357//1
f 7358//1 7361//1 7362//1 7359//1
f 7359//1 7362//1 7363//1 7360//1
f 7361//1 7364//1 7365//1 7362//1
f 7362//1 7365//1 7366//1 7363//1
f 7364//1 7367//1 7368//1 7365//1
f 7365//1 7368//1 7369//1 7366//1
f 7367//1 7370//1 7371//1 7368//1
f 7368//1 7371//1 7372//1 7369//1
f 7370//1 7373//1 7374//1 7371//1
f 7371//1 7374//1 7375//1 7372//1
f 7373//1 7376//1 7377//1 7374//1
f 7374//1 7377//1 7378//1 7375//1
f 7376//1 7379//1 7380//1 7377//1
f 7377//1 7380//1 7381//1 7378//1
f 7379//1 7382//1 7383//1 7380//1
f 7380//1 7383//1 7384//1 7381//1
f 7382//1 7385//1 7386//1 7383//1
f 7383//1 7386//1 7387//1 7384//1
f 7385//1 7388//1 7389//1 7386//1
f 7386//1 7389//1 7390//1 7387//1
f 7388//1 7391//1 7392//1 7389//1
f 7389//1 7392//1 7393//1 7390//1
f 7391//1 7394//1 7395//1 7392//1
f 7392//1 7395//1 7396//1 7393//1
f 7394//1 7397//1 7398//1 7395//1
f 7395//1 7398//1 7399//1 7396//1
f 7400//25 7401//25 7402//25 7403//25
f 7403//25 7402//25 7404//25 7405//25
f 7401//25 7406//25 7407//25 7402//25
f 7402//25 7407//25 7408//25 7404//25
f 7406//25 7409//25 7410//25 7407//25
f 7407//25 7410//25 7411//25 7408//25
f 7409//25 7412//25 7413//25 7410//25
f 7410//25 7413//25 7414//25 7411//25
f 7412//25 7415//25 7416//25 7413//25
f 7413//25 7416//25 7417//25 7414//25
f 7415//25 7418//25 7419//25 7416//25
f 7416//25 7419//25 7420//25 7417//25
f 7418//25 7421//25 7422//25 7419//25
f 7419//25 7422//25 7423//25 7420//25
f 7421//25 7424//25 7425//25 7422//25
f 7422//25 7425//25 7426//25 7423//25
f 7424//25 7427//25 7428//25 7425//25
f 7425//25 7428//25 7429//25 7426//25
f 7427//25 7430//25 7431//25 7428//25
f 7428//25 7431//25 7432//25 7429//25
f 7430//25 7433//25 7434//25 7431//25
f 7431//25 7434//25 7435//25 7432//25
f 7433//25 7436//25 7437//25 7434//25
f 7434//25 7437//25 7438//25 7435//25
f 7436//25 7439//25 7440//25 7437//25
f 7437//25 7440//25 7441//25 7438//25
f 7439//25 7442//25 7443//25 7440//25
f 7440//25 7443//25 7444//25 7441//25
f 7442//25 7445//25 7446//25 7443//25
f 7443//25 7446//25 7447//25 7444//25
f 7445//25 7448//25 7449//25 7446//25
f 7446//25 7449//25 7450//25 7447//25
f 7448//25 7451//25 7452//25 7449//25
f 7449//25 7452//25 7453//25 7450//25
f 7454//2 7455//2 7456//2 7457//2
f 7457//2 7456//2 7458//2 7459//2
f 7455//2 7460//2 7461//2 7456//2
f 7456//2 7461//2 7462//2 7458//2
f 7460//2 7463//2 7464//2 7461//2
f 7461//2 7464//2 7465//2 7462//2
f 7463//2 7466//2 7467//2 7464//2
f 7464//2 7467//2 7468//2 7465//2
f 7466//2 7469//2 7470//2 7467//2
f 7467//2 7470//2 7471//2 7468//2
f 7469//2 7472//2 7473//2 7470//2
f 7470//2 7473//2 7474//2 7471//2
f 7472//2 7475//2 7476//2 7473//2
f 7473//2 7476//2 7477//2 7474//2
f 7475//2 7478//2 7479//2 7476//2
f 7476//2 7479//2 7480//2 7477//2
f 7478//2 7481//2 7482//2 7479//2
f 7479//2 7482//2 7483//2 7480//2
f 7481//2 7484//2 7485//2 7482//2
f 7482//2 7485//2 7486//2 7483//2
f 7484//2 7487//2 7488//2 7485//2
f 7485//2 7488//2 7489//2 7486//2
f 7487//2 7490//2 7491//2 7488//2
f 7488//2 7491//2 7492//2 7489//2
f 7490//2 7493//2 7494//2 7491//2
f 7491//2 7494//2 7495//2 7492//2
f 7493//2 7496//2 7497//2 7494//2
f 7494//2 7497//2 7498//2 7495//2
f 7496//2 7499//2 7500//2 7497//2
f 7497//2 7500//2 7501//2 7498//2
f 7499//2 7502//2 7503//2 7500//2
f 7500//2 7503//2 7504//2 7501//2
f 7502//2 7505//2 7506//2 7503//2
f 7503//2 7506//2 7507//2 7504//2
f 7508//1 7509//1 7510//1 7511//1
f 7511//1 7510//1 7512//1 7513//1
f 7509//1 7514//1 7515//1 7510//1
f 7510//1 7515//1 7516//1 7512//1
f 7514//1 7517//1 7518//1 7515//1
f 7515//1 7518//1 7519//1 7516//1
f 7517//1 7520//1 7521//1 7518//1
f 7518//1 7521//1 7522//1 7519//1
f 7520//1 7523//1 7524//1 7521//1
f 7521//1 7524//1 7525//1 7522//1
f 7523//1 7526//1 7527//1 7524//1
f 7524//1 7527//1 7528//1 7525//1
f 7526//1 7529//1 7530//1 7527//1
f 7527//1 7530//1 7531//1 7528//1
f 7529//1 7532//1 7533//1 7530//1
f 7530//1 7533//1 7534//1 7531//1
f 7532//1 7535//1 7536//1 7533//1
f 7533//1 7536//1 7537//1 7534//1
f 7535//1 7538//1 7539//1 7536//1
f 7536//1 7539//1 7540//1 7537//1
f 7538//1 7541//1 7542//1 7539//1
f 7539//1 7542//1 7543//1 7540//1
f 7541//1 7544//1 7545//1 7542//1
f 7542//1 7545//1 7546//1 7543//1
f 7544//1 7547//1 7548//1 7545//1
f 7545//1 7548//1 7549//1 7546//1
f 7547//1 7550//1 7551//1 7548//1
f 7548//1 7551//1 7552//1 7549//1
f 7550//1 7553//1 7554//1 7551//1
f 7551//1 7554//1 7555//1 7552//1
f 7556//39 7557//39 7558//39 7559//39
f 7559//39 7558//39 7560//39 7561//39
f 7557//39 7562//39 7563//39 7558//39
f 7558//39 7563//39 7564//39 7560//39
f 7562//39 7565//39 7566//39 7563//39
f 7563//39 7566//39 7567//39 7564//39
f 7565//39 7568//39 7569//39 7566//39
f 7566//39 7569//39 7570//39 7567//39
f 7568//39 7571//39 7572//39 7569//39
f 7569//39 7572//39 7573//39 7570//39
f 7571//39 7574//39 7575//39 7572//39
f 7572//39 7575//39 7576//39 7573//39
f 7574//39 7577//39 7578//39 7575//39
f 7575//39 7578//39 7579//39 7576//39
f 7577//39 7580//39 7581//39 7578//39
f 7578//39 7581//39 7582//39 7579//39
f 7580//39 7583//39 7584//39 7581//39
f 7581//39 7584//39 7585//39 7582//39
f 7583//39 7586//39 7587//39 7584//39
f 7584//39 7587//39 7588//39 7585//39
f 7586//39 7589//39 7590//39 7587//39
f 7587//39 7590//39 7591//39 7588//39
f 7589//39 7592//39 7593//39 7590//39
f 7590//39 7593//39 7594//39 7591//39
f 7592//39 7595//39 7596//39 7593//39
f 7593//39 7596//39 7597//39 7594//39
f 7595//39 7598//39 7599//39 7596//39
f 7596//39 7599//39 7600//39 7597//39
f 7598//39 7601//39 7602//39 7599//39
f 7599//39 7602//39 7603//39 7600//39
f 7601//39 7604//39 7605//39 7602//39
f 7602//39 7605//39 7606//39 7603//39
f 7604//39 7607//39 7608//39 7605//39
f 7605//39 7608//39 7609//39 7606//39
f 7610//40 7611//40 7612//40 7613//40
f 7613//40 7612//40 7614//40 7615//40
f 7611//40 7616//40 7617//40 7612//40
f 7612//40 7617//40 7618//40 7614//40
f 7616//40 7619//40 7620//40 7617//40
f 7617//40 7620//40 7621//40 7618//40
f 7619//40 7622//40 7623//40 7620//40
f 7620//40 7623//40 7624//40 7621//40
f 7622//40 7625//40 7626//40 7623//40
f 7623//40 7626//40 7627//40 7624//40
f 7625//40 7628//40 7629//40 7626//40
f 7626//40 7629//40 7630//40 7627//40
f 7628//40 7631//40 7632//40 7629//40
f 7629//40 7632//40 7633//40 7630//40
f 7631//40 7634//40 7635//40 7632//40
f 7632//40 7635//40 7636//40 7633//40
f 7634//40 7637//40 7638//40 7635//40
f 7635//40 7638//40 7639//40 7636//40
f 7637//40 7640//40 7641//40 7638//40
f 7638//40 7641//40 7642//40 7639//40
f 7640//40 7643//40 7644//40 7641//40
f 7641//40 7644//40 7645//40 7642//40
f 7643//40 7646//40 7647//40 7644//40
f 7644//40 7647//40 7648//40 7645//40
f 7646//40 7649//40 7650//40 7647//40
f 7647//40 7650//40 7651//40 7648//40
f 7649//40 7652//40 7653//40 7650//40
f 7650//40 7653//40 7654//40 7651//40
f 7652//40 7655//40 7656//40 7653//40
f 7653//40 7656//40 7657//40 7654//40
f 7655//40 7658//40 7659//40 7656//40
f 7656//40 7659//40 7660//40 7657//40
f 7658//40 7661//40 7662//40 7659//40
f 7659//40 7662//40 7663//40 7660//40
f 7664//41 7665//41 7666//41 7667//41
f 7667//41 7666//41 7668//41 7669//41
f 7665//41 7670//41 7671//41 7666//41
f 7666//41 7671//41 7672//41 7668//41
f 7670//41 7673//41 7674//41 7671//41
f 7671//41 7674//41 7675//41 7672//41
f 7673//41 7676//41 7677//41 7674//41
f 7674//41 7677//41 7678//41 7675//41
f 7676//41 7679//41 7680//41 7677//41
f 7677//41 7680//41 7681//41 7678//41
f 7679//41 7682//41 7683//41 7680//41
f 7680//41 7683//41 7684//41 7681//41
f 7682//41 7685//41 7686//41 7683//41
f 7683//41 7686//41 7687//41 7684//41
f 7685//41 7688//41 7689//41 7686//41
f 7686//41 7689//41 7690//41 7687//41
f 7688//41 7691//41 7692//41 7689//41
f 7689//41 7692//41 7693//41 7690//41
f 7691//41 7694//41 7695//41 7692//41
f 7692//41 7695//41 7696//41 7693//41
f 7694//41 7697//41 7698//41 7695//41
f 7695//41 7698//41 7699//41 7696//41
f 7697//41 7700//41 7701//41 7698//41
f 7698//41 7701//41 7702//41 7699//41
f 7700//41 7703//41 7704//41 7701//41
f 7701//41 7704//41 7705//41 7702//41
f 7703//41 7706//41 7707//41 7704//41
f 7704//41 7707//41 7708//41 7705//41
f 7706//41 7709//41 7710//41 7707//41
f 7707//41 7710//41 7711//41 7708//41
f 7709//41 7712//41 7713//41 7710//41
f 7710//41 7713//41 7714//41 7711//41
f 7712//41 7715//41 7716//41 7713//41
f 7713//41 7716//41 7717//41 7714//41
f 7718//6 7719//6 7720//6 7721//6
f 7721//6 7720//6 7722//6 7723//6
f 7723//6 7722//6 7724//6 7725//6
f 7725//6 7724//6 7726//6 7727//6
f 7727//6 7726//6 7728//6 7729//6
f 7729//6 7728//6 7730//6 7731//6
f 7731//6 7730//6 7732//6 7733//6
f 7733//6 7732//6 7734//6 7735//6
f 7735//6 7734//6 7736//6 7737//6
f 7737//6 7736//6 7738//6 7739//6
f 7739//6 7738//6 7740//6 7741//6
f 7741//6 7740//6 7742//6 7743//6
f 7743//6 7742//6 7744//6 7745//6
f 7745//6 7744//6 7746//6 7747//6
f 7747//6 7746//6 7748//6 7749//6
f 7719//6 7750//6 7751//6 7720//6
f 7720//6 7751//6 7752//6 7722//6
f 7722//6 7752//6 7753//6 7724//6
f 7724//6 7753//6 7754//6 7726//6
f 7726//6 7754//6 7755//6 7728//6
f 7728//6 7755//6 7756//6 7730//6
f 7730//6 7756//6 7757//6 7732//6
f 7732//6 7757//6 7758//6 7734//6
f 7734//6 7758//6 7759//6 7736//6
f 7736//6 7759//6 7760//6 7738//6
f 7738//6 7760//6 7761//6 7740//6
f 7740//6 7761//6 7762//6 7742//6
f 7742//6 7762//6 7763//6 7744//6
f 7744//6 7763//6 7764//6 7746//6
f 7746//6 7764//6 7765//6 7748//6
f 7750//6 7766//6 7767//6 7751//6
f 7751//6 7767//6 7768//6 7752//6
f 7752//6 7768//6 7769//6 7753//6
f 7753//6 7769//6 7770//6 7754//6
f 7754//6 7770//6 7771//6 7755//6
f 7755//6 7771//6 7772//6 7756//6
f 7756//6 7772//6 7773//6 7757//6
f 7757//6 7773//6 7774//6 7758//6
f 7758//6 7774//6 7775//6 7759//6
f 7759//6 7775//6 7776//6 7760//6
f 7760//6 7776//6 7777//6 7761//6
f 7761//6 7777//6 7778//6 7762//6
f 7762//6 7778//6 7779//6 7763//6
f 7763//6 7779//6 7780//6 7764//6
f 7764//6 7780//6 7781//6 7765//6
f 7766//6 7782//6 7783//6 7767//6
f 7767//6 7783//6 7784//6 7768//6
f 7768//6 7784//6 7785//6 7769//6
f 7769//6 7785//6 7786//6 7770//6
f 7770//6 7786//6 7787//6 7771//6
f 7771//6 7787//6 7788//6 7772//6
f 7772//6 7788//6 7789//6 7773//6
f 7773//6 7789//6 7790//6 7774//6
f 7774//6 7790//6 7791//6 7775//6
f 7775//6 7791//6 7792//6 7776//6
f 7776//6 7792//6 7793//6 7777//6
f 7777//6 7793//6 7794//6 7778//6
f 7778//6 7794//6 7795//6 7779//6
f 7779//6 7795//6 7796//6 7780//6
f 7780//6 7796//6 7797//6 7781//6
f 7782//6 7798//6 7799//6 7783//6
f 7783//6 7799//6 7800//6 7784//6
f 7784//6 7800//6 7801//6 7785//6
f 7785//6 7801//6 7802//6 7786//6
f 7786//6 7802//6 7803//6 7787//6
f 7787//6 7803//6 7804//6 7788//6
f 7788//6 7804//6 7805//6 7789//6
f 7789//6 7805//6 7806//6 7790//6
f 7790//6 7806//6 7807//6 7791//6
f 7791//6 7807//6 7808//6 7792//6
f 7792//6 7808//6 7809//6 7793//6
f 7793//6 7809//6 7810//6 7794//6
f 7794//6 7810//6 7811//6 7795//6
f 7795//6 7811//6 7812//6 7796//6
f 7796//6 7812//6 7813//6 7797//6
f 7798//6 7814//6 7815//6 7799//6
f 7799//6 7815//6 7816//6 7800//6
f 7800//6 7816//6 7817//6 7801//6
f 7801//6 7817//6 7818//6 7802//6
f 7802//6 7818//6 7819//6 7803//6
f 7803//6 7819//6 7820//6 7804//6
f 7804//6 7820//6 7821//6 7805//6
f 7805//6 7821//6 7822//6 7806//6
f 7806//6 7822//6 7823//6 7807//6
f 7807//6 7823//6 7824//6 7808//6
f 7808//6 7824//6 7825//6 7809//6
f 7809//6 7825//6 7826//6 7810//6
f 7810//6 7826//6 7827//6 7811//6
f 7811//6 7827//6 7828//6 7812//6
f 7812//6 7828//6 7829//6 7813//6
f 7814//6 7830//6 7831//6 7815//6
f 7815//6 7831//6 7832//6 7816//6
f 7816//6 7832//6 7833//6 7817//6
f 7817//6 7833//6 7834//6 7818//6
f 7818//6 7834//6 7835//6 7819//6
f 7819//6 7835//6 7836//6 7820//6
f 7820//6 7836//6 7837//6 7821//6
f 7821//6 7837//6 7838//6 7822//6
f 7822//6 7838//6 7839//6 7823//6
f 7823//6 7839//6 7840//6 7824//6
f 7824//6 7840//6 7841//6 7825//6
f 7825//6 7841//6 7842//6 7826//6
f 7826//6 7842//6 7843//6 7827//6
f 7827//6 7843//6 7844//6 7828//6
f 7828//6 7844//6 7845//6 7829//6
f 7830//6 7846//6 7847//6 7831//6
f 7831//6 7847//6 7848//6 7832//6
f 7832//6 7848//6 7849//6 7833//6
f 7833//6 7849//6 7850//6 7834//6
f 7834//6 7850//6 7851//6 7835//6
f 7835//6 7851//6 7852//6 7836//6
f 7836//6 7852//6 7853//6 7837//6
f 7837//6 7853//6 7854//6 7838//6
f 7838//6 7854//6 7855//6 7839//6
f 7839//6 7855//6 7856//6 7840//6
f 7840//6 7856//6 7857//6 7841//6
f 7841//6 7857//6 7858//6 7842//6
f 7842//6 7858//6 7859//6 7843//6
f 7843//6 7859//6 7860//6 7844//6
f 7844//6 7860//6 7861//6 7845//6
f 7846//6 7862//6 7863//6 7847//6
f 7847//6 7863//6 7864//6 7848//6
f 7848//6 7864//6 7865//6 7849//6
f 7849//6 7865//6 7866//6 7850//6
f 7850//6 7866//6 7867//6 7851//6
f 7851//6 7867//6 7868//6 7852//6
f 7852//6 7868//6 7869//6 7853//6
f 7853//6 7869//6 7870//6 7854//6
f 7854//6 7870//6 7871//6 7855//6
f 7855//6 7871//6 7872//6 7856//6
f 7856//6 7872//6 7873//6 7857//6
f 7857//6 7873//6 7874//6 7858//6
f 7858//6 7874//6 7875//6 7859//6
f 7859//6 7875//6 7876//6 7860//6
f 7860//6 7876//6 7877//6 7861//6
f 7862//6 7878//6 7879//6 7863//6
f 7863//6 7879//6 7880//6 7864//6
f 7864//6 7880//6 7881//6 7865//6
f 7865//6 7881//6 7882//6 7866//6
f 7866//6 7882//6 7883//6 7867//6
f 7867//6 7883//6 7884//6 7868//6
f 7868//6 7884//6 7885//6 7869//6
f 7869//6 7885//6 7886//6 7870//6
f 7870//6 7886//6 7887//6 7871//6
f 7871//6 7887//6 7888//6 7872//6
f 7872//6 7888//6 7889//6 7873//6
f 7873//6 7889//6 7890//6 7874//6
f 7874//6 7890//6 7891//6 7875//6
f 7875//6 7891//6 7892//6 7876//6
f 7876//6 7892//6 7893//6 7877//6
f 7878//6 7894//6 7895//6 7879//6
f 7879//6 7895//6 7896//6 7880//6
f 7880//6 7896//6 7897//6 7881//6
f 7881//6 7897//6 7898//6 7882//6
f 7882//6 7898//6 7899//6 7883//6
f 7883//6 7899//6 7900//6 7884//6
f 7884//6 7900//6 7901//6 7885//6
f 7885//6 7901//6 7902//6 7886//6
f 7886//6 7902//6 7903//6 7887//6
f 7887//6 7903//6 7904//6 7888//6
f 7888//6 7904//6 7905//6 7889//6
f 7889//6 7905//6 7906//6 7890//6
f 7890//6 7906//6 7907//6 7891//6
f 7891//6 7907//6 7908//6 7892//6
f 7892//6 7908//6 7909//6 7893//6
f 7894//6 7910//6 7911//6 7895//6
f 7895//6 7911//6 7912//6 7896//6
f 7896//6 7912//6 7913//6 7897//6
f 7897//6 7913//6 7914//6 7898//6
f 7898//6 7914//6 7915//6 7899//6
f 7899//6 7915//6 7916//6 7900//6
f 7900//6 7916//6 7917//6 7901//6
f 7901//6 7917//6 7918//6 7902//6
f 7902//6 7918//6 7919//6 7903//6
f 7903//6 7919//6 7920//6 7904//6
f 7904//6 7920//6 7921//6 7905//6
f 7905//6 7921//6 7922//6 7906//6
f 7906//6 7922//6 7923//6 7907//6
f 7907//6 7923//6 7924//6 7908//6
f 7908//6 7924//6 7925//6 7909//6
f 7910//6 7926//6 7927//6 7911//6
f 7911//6 7927//6 7928//6 7912//6
f 7912//6 7928//6 7929//6 7913//6
f 7913//6 7929//6 7930//6 7914//6
f 7914//6 7930//6 7931//6 7915//6
f 7915//6 7931//6 7932//6 7916//6
f 7916//6 7932//6 7933//6 7917//6
f 7917//6 7933//6 7934//6 7918//6
f 7918//6 7934//6 7935//6 7919//6
f 7919//6 7935//6 7936//6 7920//6
f 7920//6 7936//6 7937//6 7921//6
f 7921//6 7937//6 7938//6 7922//6
f 7922//6 7938//6 7939//6 7923//6
f 7923//6 7939//6 7940//6 7924//6
f 7924//6 7940//6 7941//6 7925//6
f 7926//6 7942//6 7943//6 7927//6
f 7927//6 7943//6 7944//6 7928//6
f 7928//6 7944//6 7945//6 7929//6
f 7929//6 7945//6 7946//6 7930//6
f 7930//6 7946//6 7947//6 7931//6
f 7931//6 7947//6 7948//6 7932//6
f 7932//6 7948//6 7949//6 7933//6
f 7933//6 7949//6 7950//6 7934//6
f 7934//6 7950//6 7951//6 7935//6
f 7935//6 7951//6 7952//6 7936//6
f 7936//6 7952//6 7953//6 7937//6
f 7937//6 7953//6 7954//6 7938//6
f 7938//6 7954//6 7955//6 7939//6
f 7939//6 7955//6 7956//6 7940//6
f 7940//6 7956//6 7957//6 7941//6
f 7942//6 7958//6 7959//6 7943//6
f 7943//6 7959//6 7960//6 7944//6
f 7944//6 7960//6 7961//6 7945//6
f 7945//6 7961//6 7962//6 7946//6
f 7946//6 7962//6 7963//6 7947//6
f 7947//6 7963//6 7964//6 7948//6
f 7948//6 7964//6 7965//6 7949//6
f 7949//6 7965//6 7966//6 7950//6
f 7950//6 7966//6 7967//6 7951//6
f 7951//6 7967//6 7968//6 7952//6
f 7952//6 7968//6 7969//6 7953//6
f 7953//6 7969//6 7970//6 7954//6
f 7954//6 7970//6 7971//6 7955//6
f 7955//6 7971//6 7972//6 7956//6
f 7956//6 7972//6 7973//6 7957//6
f 7974//3 7975//3 7976//3 7977//3
f 7977//3 7976//3 7978//3 7979//3
f 7975//3 7980//3 7981//3 7976//3
f 7976//3 7981//3 7982//3 7978//3
f 7980//3 7983//3 7984//3 7981//3
f 7981//3 7984//3 7985//3 7982//3
f 7983//3 7986//3 7987//3 7984//3
f 7984//3 7987//3 7988//3 7985//3
f 7986//3 7989//3 7990//3 7987//3
f 7987//3 7990//3 7991//3 7988//3
f 7989//3 7992//3 7993//3 7990//3
f 7990//3 7993//3 7994//3 7991//3
f 7992//3 7995//3 7996//3 7993//3
f 7993//3 7996//3 7997//3 7994//3
f 7995//3 7998//3 7999//3 7996//3
f 7996//3 7999//3 8000//3 7997//3
f 7998//3 8001//3 8002//3 7999//3
f 7999//3 8002//3 8003//3 8000//3
f 8001//3 8004//3 8005//3 8002//3
f 8002//3 8005//3 8006//3 8003//3
f 8004//3 8007//3 8008//3 8005//3
f 8005//3 8008//3 8009//3 8006//3
f 8007//3 8010//3 8011//3 8008//3
f 8008//3 8011//3 8012//3 8009//3
f 8010//3 8013//3 8014//3 8011//3
f 8011//3 8014//3 8015//3 8012//3
f 8013//3 8016//3 8017//3 8014//3
f 8014//3 8017//3 8018//3 8015//3
f 8016//3 8019//3 8020//3 8017//3
f 8017//3 8020//3 8021//3 8018//3
f 8022//2 8023//2 8024//2 8025//2
f 8025//2 8024//2 8026//2 8027//2
f 8023//2 8028//2 8029//2 8024//2
f 8024//2 8029//2 8030//2 8026//2
f 8028//2 8031//2 8032//2 8029//2
f 8029//2 8032//2 8033//2 8030//2
f 8031//2 8034//2 8035//2 8032//2
f 8032//2 8035//2 8036//2 8033//2
f 8034//2 8037//2 8038//2 8035//2
f 8035//2 8038//2 8039//2 8036//2
f 8037//2 8040//2 8041//2 8038//2
f 8038//2 8041//2 8042//2 8039//2
f 8040//2 8043//2 8044//2 8041//2
f 8041//2 8044//2 8045//2 8042//2
f 8043//2 8046//2 8047//2 8044//2
f 8044//2 8047//2 8048//2 8045//2
f 8046//2 8049//2 8050//2 8047//2
f 8047//2 8050//2 8051//2 8048//2
f 8049//2 8052//2 8053//2 8050//2
f 8050//2 8053//2 8054//2 8051//2
f 8052//2 8055//2 8056//2 8053//2
f 8053//2 8056//2 8057//2 8054//2
f 8055//2 8058//2 8059//2 8056//2
f 8056//2 8059//2 8060//2 8057//2
f 8058//2 8061//2 8062//2 8059//2
f 8059//2 8062//2 8063//2 8060//2
f 8061//2 8064//2 8065//2 8062//2
f 8062//2 8065//2 8066//2 8063//2
f 8064//2 8067//2 8068//2 8065//2
f 8065//2 8068//2 8069//2 8066//2
f 8070//25 8071//25 8072//25 8073//25
f 8073//25 8072//25 8074//25 8075//25
f 8071//25 8076//25 8077//25 8072//25
f 8072//25 8077//25 8078//25 8074//25
f 8076//25 8079//25 8080//25 8077//25
f 8077//25 8080//25 8081//25 8078//25
f 8079//25 8082//25 8083//25 8080//25
f 8080//25 8083//25 8084//25 8081//25
f 8082//25 8085//25 8086//25 8083//25
f 8083//25 8086//25 8087//25 8084//25
f 8085//25 8088//25 8089//25 8086//25
f 8086//25 8089//25 8090//25 8087//25
f 8088//25 8091//25 8092//25 8089//25
f 8089//25 8092//25 8093//25 8090//25
f 8091//25 8094//25 8095//25 8092//25
f 8092//25 8095//25 8096//25 8093//25
f 8094//25 8097//25 8098//25 8095//25
f 8095//25 8098//25 8099//25 8096//25
f 8097//25 8100//25 8101//25 8098//25
f 8098//25 8101//25 8102//25 8099//25
f 8100//25 8103//25 8104//25 8101//25
f 8101//25 8104//25 8105//25 8102//25
f 8103//25 8106//25 8107//25 8104//25
f 8104//25 8107//25 8108//25 8105//25
f 8106//25 8109//25 8110//25 8107//25
f 8107//25 8110//25 8111//25 8108//25
f 8109//25 8112//25 8113//25 8110//25
f 8110//25 8113//25 8114//25 8111//25
f 8112//25 8115//25 8116//25 8113//25
f 8113//25 8116//25 8117//25 8114//25
s 0
f 4000//5 4002//5 4003//26 4001//2
f 3988//5 3990//5 3991//14 3989//1
f 3976//5 3978//5 3979//42 3977//25
s 1
f 4290//5 8131//25 8132//5
f 4294//14 8133//1 8134//5
f 4298//5 8144//43 8145//5
s 0
f 3985//5 3987//5 3988//14 3986//1
f 3997//5 3999//5 4000//26 3998//2
s 1
f 8123//23 2312//22 4024//1
f 8125//2 2298//17 4028//2
f 4026//2 8135//6 8136//5
f 8127//2 2277//15 4032//25
f 4030//3 8137//44 8138//24
f 4246//5 4248//5 4249//14 4247//1
f 4258//5 4260//5 4261//14 4259//1
f 8132//6 8119//5 4291//5
f 4289//5 8118//45 8141//5
f 8134//6 8120//6 4295//5
s 0
f 4293//14 8142//1 8143//5
s 1
f 4297//5 8121//5 8122//2
s 0
f 3972//5 3970//5 3971//26 3974//2
f 3982//5 3984//5 3985//26 3983//2
f 3994//5 3996//5 3997//14 3995//1
s 1
f 8136//26 8124//17 4027//2
f 4025//25 8146//25 8148//5
f 8138//1 8126//15 4031//3
f 4029//3 8149//15 8151//16
f 4033//3 8152//15 8154//16
s 0
f 4233//5 4231//5 4232//14 4235//1
f 4243//5 4245//5 4246//26 4244//2
f 4255//5 4257//5 4258//14 4256//1
s 1
f 8141//42 8131//25 4290//5
f 8129//6 8118//45 4289//5
s 0
f 8143//6 8133//5 4294//5
s 1
f 4292//42 8155//25 8157//5
f 8144//43 4297//5 8122//2 8145//5
f 4296//5 8158//6 8160//5
s 0
f 3971//5 3975//5 3976//14 3973//1
f 3979//5 3981//5 3982//14 3980//1
f 3991//5 3993//5 3994//14 3992//1
s 1
f 8148//26 8135//6 4026//2
f 8147//6 8146//25 4025//25
f 8151//1 8137//44 4030//3
f 8150//1 8149//15 4029//3
f 8154//1 8139//16 4035//3
f 8153//1 8152//15 4033//3
s 0
f 4232//5 4236//5 4237//14 4234//1
f 4240//5 4242//5 4243//14 4241//1
s 1
f 4252//5 4254//5 4255//6 4253//6
f 4287//5 8129//5 8130//14
f 8157//6 8142//5 4293//5
s 0
f 8156//6 8155//5 4292//5
s 1
f 8160//6 8144//43 4298//5
f 8159//6 8158//6 4296//5
l 4140 8121
l 4003 4004
l 4264 4265
l 3969 3972
l 4230 4233
l 4034 8128
l 4288 8140
l 8130 8140
l 8139 8128
